seed,dimension,time,fw_time,primal,dual_gap,smallest_dual_gap,iterations
1,1000,1939.717390479,1939.313834253,0.16817323281976967,1.0025465260049549e-7,9.850389751445143e-8,1664
