seed,dimension,time,fw_time,primal,dual_gap,smallest_dual_gap,iterations
1,1000,3604.745723867,3604.284079808,0.16817324081564264,9.242709173646474e-6,9.627896455172147e-6,1394
