seed,dimension,time,fw_time,primal,dual_gap,smallest_dual_gap,iterations
2,500,754.836419189,754.794014651,0.2226146889158208,1.0082056423055263e-7,9.4031044603482e-8,1426
