seed,dimension,time,fw_time,primal,dual_gap,smallest_dual_gap,iterations
4,5000,3636.752557054,3634.451872634,0.0951055405441623,0.024609165954824718,0.02508243103073595,129
