seed,dimension,time,fw_time,primal,dual_gap,smallest_dual_gap,iterations
3,3000,3611.630092396,3610.487514542,0.11212185640099341,0.010869546494246502,0.011271835162307044,396
