seed,dimension,time,fw_time,primal,dual_gap,smallest_dual_gap,iterations
5,3000,3608.049887795,3607.154681058,0.11115312113603411,0.007492613146388053,0.007684799988386837,361
