seed,dimension,time,fw_time,primal,dual_gap,smallest_dual_gap,iterations
2,2500,3606.229537289,3605.428798001,0.12252419187646546,0.00769010708087502,0.007665016508634822,385
