seed,dimension,time,fw_time,primal,dual_gap,smallest_dual_gap,iterations
4,3000,3606.195876505,3605.299599458,0.1098588037632483,0.002299270252807163,0.0022829202246184253,809
