seed,dimension,time,fw_time,primal,dual_gap,smallest_dual_gap,iterations
1,2000,3611.800436237,3610.940952346,0.1294210215914385,0.00433189456957505,0.004334173241613275,476
