seed,dimension,time,fw_time,primal,dual_gap,smallest_dual_gap,iterations
1,3000,3606.220344901,3605.265983539,0.11126243433252696,0.007123365672578957,0.0071185453697829824,396
