seed,dimension,time,fw_time,primal,dual_gap,smallest_dual_gap,iterations
1,4000,3608.263687458,3606.555183939,0.09950645341622164,0.0033912414447355675,0.00337343007132037,1171
