seed,dimension,time,fw_time,primal,dual_gap,smallest_dual_gap,iterations
1,3000,3611.849565617,3610.8256806,0.11130022863283237,0.0072729225810557185,0.007341555809408044,392
