seed,dimension,time,fw_time,primal,dual_gap,smallest_dual_gap,iterations
2,300,83.559513976,83.523019842,0.2667530702666143,9.174571591330505e-8,9.468391579114943e-8,720
