seed,dimension,time,fw_time,primal,dual_gap,smallest_dual_gap,iterations
2,4000,3619.068253414,3617.992287244,0.10190173011382893,0.010700074417125668,0.010861003109584946,279
