seed,dimension,time,fw_time,primal,dual_gap,smallest_dual_gap,iterations,average_iter,std_iter
4,1500,3603.980556871,3603.353074241,0.14408966294571324,0.0008333569597554283,0.0008324455733580843,935,NaN,NaN
