seed,dimension,time,fw_time,primal,dual_gap,smallest_dual_gap,iterations
5,40000,3814.428997555,3777.733150386,Inf,2.563201929386996,2.6504055914665883,11
