seed,dimension,time,fw_time,primal,dual_gap,smallest_dual_gap,iterations
2,500,967.082856222,966.99806782,0.22261468891578012,1.1140964628619798e-7,9.770442053330664e-8,1857
