seed,dimension,time,fw_time,primal,dual_gap,smallest_dual_gap,iterations
2,1500,3606.052411334,3605.224668265,0.14440127887983828,0.00402685265270478,0.004005980989370619,487
