seed,dimension,time,fw_time,primal,dual_gap,smallest_dual_gap,iterations,average_iter,std_iter
1,2500,3608.580393985,3607.756240818,0.12114094495807215,0.002624813078608578,0.002621109863847077,719,0.1349095966620306,0.3418648047703139
