seed,dimension,time,fw_time,primal,dual_gap,smallest_dual_gap,iterations
1,5000,3625.479106247,3622.787864207,0.09327623537406976,0.013833983974061846,0.013794694007800215,300
