seed,dimension,time,fw_time,primal,dual_gap,smallest_dual_gap,iterations,average_iter,std_iter
5,1000,3576.180652525,3575.76223702,0.16827882742886077,1.0134509681111736e-7,9.932389762740135e-8,2565,0.14307992202729045,0.35022261062831717
