seed,dimension,time,fw_time,primal,dual_gap,smallest_dual_gap,iterations
5,2500,3605.012614058,3604.207199442,0.12240634032550515,0.008202481142517284,0.008663612042122997,412
