seed,dimension,time,fw_time,primal,dual_gap,smallest_dual_gap,iterations
5,500,536.588506772,536.530090205,0.22162919018782043,9.627145650809021e-8,9.764248307814194e-8,1153
