seed,dimension,time,fw_time,primal,dual_gap,smallest_dual_gap,iterations,average_iter,std_iter
5,1500,3604.44452241,3603.76720559,0.14392925910905838,0.0009560486017646218,0.000952029275684458,946,NaN,NaN
