seed,dimension,time,fw_time,primal,dual_gap,smallest_dual_gap,iterations
2,200,3600.104425602,3600.068433698,0.31715082967992464,2.498596181760293e-7,2.4148986736693967e-7,4026244
