seed,dimension,time,fw_time,primal,dual_gap,smallest_dual_gap,iterations
3,5000,3617.312405262,3615.399212055,0.09791600702026548,0.046259178866747006,0.047722696045606944,146
