seed,dimension,time,fw_time,primal,dual_gap,smallest_dual_gap,iterations
1,1500,3605.564466379,3604.819009306,0.1446291695327834,0.004747017487800303,0.0047465266629602015,512
