seed,dimension,time,fw_time,primal,dual_gap,smallest_dual_gap,iterations
1,500,517.362962263,517.274203395,0.22024087367498746,1.1484328429900437e-7,9.749675436432348e-8,1241
