seed,dimension,time,fw_time,primal,dual_gap,smallest_dual_gap,iterations
1,10000,3642.884784189,3639.091363709,0.07256393902675068,0.019331023862568797,0.0193618650540002,143
