seed,dimension,time,fw_time,primal,dual_gap,smallest_dual_gap,iterations
5,3500,3614.265447439,3613.302244093,0.10689347991540375,0.008743040888812888,0.00901233901746764,369
