seed,dimension,time,fw_time,primal,dual_gap,smallest_dual_gap,iterations
1,4500,3624.889358712,3622.989632424,0.10506893415680306,0.06646487541198859,0.0738784391584007,162
