seed,dimension,time,fw_time,primal,dual_gap,smallest_dual_gap,iterations
2,4500,3617.912394888,3615.779930331,0.10021536515236709,0.02158223425080351,0.0218337434475383,143
