seed,dimension,time,fw_time,primal,dual_gap,smallest_dual_gap,iterations
1,2500,3607.289930514,3606.279097694,0.12183982962936928,0.005990168014955156,0.005975513794652661,419
