seed,dimension,time,fw_time,primal,dual_gap,smallest_dual_gap,iterations
1,500,655.440500082,655.246102227,0.22024087367487766,1.0776650363752971e-7,9.20909748666765e-8,1151
