seed,dimension,time,fw_time,primal,dual_gap,smallest_dual_gap,iterations
3,2500,3604.818365976,3603.940896114,0.12113060877703008,0.0024721838982515384,0.0024599112360384756,1560
