seed,dimension,time,fw_time,primal,dual_gap,smallest_dual_gap,iterations
1,2000,3606.011556617,3605.262617905,0.1289719722561321,0.0008256241212610538,0.0008253736949494841,1019
