seed,dimension,time,fw_time,primal,dual_gap,smallest_dual_gap,iterations,average_iter,std_iter
2,2500,3608.464718575,3607.60769718,0.12135712231572884,0.0025395401629920086,0.0026044361426328204,721,0.13314840499306518,0.33997089973642075
