seed,dimension,time,fw_time,primal,dual_gap,smallest_dual_gap,iterations
5,500,3600.33458291,3600.24556789,0.22162922177667696,6.83619177657066e-5,7.254474345687323e-5,25974
