seed,dimension,time,fw_time,primal,dual_gap,smallest_dual_gap,iterations
5,900,1857.822696729,1857.499551005,0.18154701097422749,1.0311364845999593e-7,9.928975463341372e-8,1796
