seed,dimension,time,fw_time,primal,dual_gap,smallest_dual_gap,iterations
4,2500,3607.702241091,3606.864193387,0.12217722062929393,0.008937206212643073,0.00892459039841969,413
