seed,dimension,time,fw_time,primal,dual_gap,smallest_dual_gap,iterations
4,10000,3634.808413089,3630.470956333,Inf,4.577516587619637,4.601322490257242,76
