seed,dimension,time,fw_time,primal,dual_gap,smallest_dual_gap,iterations,average_iter,std_iter
3,1500,3606.452279798,3605.700839173,0.14362569059439606,0.0006241864835322165,0.0006850750059279737,924,0.1396103896103896,0.3467700518225559
