seed,dimension,time,fw_time,primal,dual_gap,smallest_dual_gap,iterations
4,3000,3614.004692802,3613.090470383,0.11101532887765705,0.007703850316408179,0.007788267522135583,363
