seed,dimension,time,fw_time,primal,dual_gap,smallest_dual_gap,iterations
1,4500,3613.63151922,3611.456934012,0.10246911260967202,0.0396354043385119,0.040439591323698745,144
