seed,dimension,time,fw_time,primal,dual_gap,smallest_dual_gap,iterations
2,1000,3604.380277923,3604.136223147,0.16825933633076218,9.632732281626699e-6,9.212384237733406e-6,1236
