seed,dimension,time,fw_time,primal,dual_gap,smallest_dual_gap,iterations
4,1000,2105.814583148,2105.391445022,0.1688473858803549,9.564040128265394e-8,9.855524521137915e-8,1770
