seed,dimension,time,fw_time,primal,dual_gap,smallest_dual_gap,iterations
4,5000,3612.667185143,3610.41379555,0.09363521184540596,0.01627245778957788,0.01624781408495791,302
