seed,dimension,time,fw_time,primal,dual_gap,smallest_dual_gap,iterations
4,2000,3606.336759636,3605.171980138,0.13099634087881015,0.012691603129925656,0.012731863934663877,305
