seed,dimension,time,fw_time,primal,dual_gap,smallest_dual_gap,iterations
5,100,2993.814166138,2993.811684867,0.41639129581898726,9.97255073797998e-8,9.814465420920904e-8,10381541
