seed,dimension,time,fw_time,primal,dual_gap,smallest_dual_gap,iterations
4,4500,3616.831500369,3614.613182104,0.09812878241082726,0.012770937169057755,0.012743802058307276,335
