seed,dimension,time,fw_time,primal,dual_gap,smallest_dual_gap,iterations
4,2500,3618.760606272,3617.903773904,0.12215261386712924,0.008881779426227695,0.00893720615051197,415
