seed,dimension,time,fw_time,primal,dual_gap,smallest_dual_gap,iterations
2,4500,3611.66309907,3609.648513824,0.09827389079416042,0.01279388406904239,0.013230482950748386,335
