seed,dimension,time,fw_time,primal,dual_gap,smallest_dual_gap,iterations
2,300,3600.131435489,3600.102816291,0.2667530749461834,2.386605466330599e-5,2.4454441053978204e-5,45093
