seed,dimension,time,fw_time,primal,dual_gap,smallest_dual_gap,iterations,average_iter,std_iter
5,5000,3615.440627125,3613.292641162,0.09237474374755675,0.011631829614849173,0.011422978608862927,261,NaN,NaN
