seed,dimension,time,fw_time,primal,dual_gap,smallest_dual_gap,iterations
3,2000,3608.655984544,3607.778677984,0.12938698662981798,0.004708420664818878,0.0047150480776431,494
