seed,dimension,time,fw_time,primal,dual_gap,smallest_dual_gap,iterations
3,200,0.765948988,0.75366341,0.30783322459462104,9.782519372336651e-8,9.203644039945669e-8,513
