seed,dimension,time,fw_time,primal,dual_gap,smallest_dual_gap,iterations
1,5000,3617.816406394,3615.196994798,0.09535051959861642,0.02436684262102577,0.024927923255938296,129
