seed,dimension,time,fw_time,primal,dual_gap,smallest_dual_gap,iterations
3,4500,3635.700352807,3633.560012276,0.10206771922119078,0.03394581438608442,0.03428792090417633,161
