seed,dimension,time,fw_time,primal,dual_gap,smallest_dual_gap,iterations,average_iter,std_iter
5,1000,2871.956475136,2871.71191963,0.16827882742886072,1.0134509683540349e-7,9.93238975129096e-8,2556,NaN,NaN
