seed,dimension,time,fw_time,primal,dual_gap,smallest_dual_gap,iterations
1,2500,3607.490843593,3606.52144369,0.12214297826753609,0.007129098863390561,0.007148574834397486,385
