seed,dimension,time,fw_time,primal,dual_gap,smallest_dual_gap,iterations
3,1500,3611.264499994,3610.305499627,0.14458042848367683,0.008670143410210832,0.00796167789887256,320
