seed,dimension,time,fw_time,primal,dual_gap,smallest_dual_gap,iterations
4,1000,3601.724471883,3601.457048428,0.16884738589238937,3.2482430191091427e-7,3.652570648438047e-7,1703
