seed,dimension,time,fw_time,primal,dual_gap,smallest_dual_gap,iterations
2,3500,3609.168081914,3608.093025963,0.10706397334451447,0.009089416598355212,0.009059659237684477,333
