seed,dimension,time,fw_time,primal,dual_gap,smallest_dual_gap,iterations
4,5000,3633.763287509,3631.36548637,0.10323664605450729,0.231089343751613,0.23187361380298943,146
