seed,dimension,time,fw_time,primal,dual_gap,smallest_dual_gap,iterations
3,1000,3601.857356813,3601.570282342,0.1686719182322228,1.3223397823600158e-6,1.3094829920887174e-6,1482
