seed,dimension,time,fw_time,primal,dual_gap,smallest_dual_gap,iterations
2,5000,3634.480417726,3631.972174742,0.09790484103754048,0.0481184761813064,0.052900422433166616,147
