seed,dimension,time,fw_time,primal,dual_gap,smallest_dual_gap,iterations
3,3000,3606.206011083,3605.365035203,0.11216593984339132,0.011119218230468624,0.011094490642268928,392
