seed,dimension,time,fw_time,primal,dual_gap,smallest_dual_gap,iterations
1,300,3600.239226133,3600.154943024,0.2658558834202532,1.6325698851585302e-5,1.7240553069945708e-5,60078
