seed,dimension,time,fw_time,primal,dual_gap,smallest_dual_gap,iterations
2,4000,3605.811967997,3604.64145188,0.09986043755848983,0.004174280547164448,0.004242068739914548,631
