seed,dimension,time,fw_time,primal,dual_gap,smallest_dual_gap,iterations
1,2500,3608.865200493,3607.979078236,0.12204402166534624,0.006426910349074805,0.006432718448595318,414
