seed,dimension,time,fw_time,primal,dual_gap,smallest_dual_gap,iterations
2,1500,3606.443017377,3605.768394409,0.1443487733904965,0.0034668095101973405,0.003489162916170442,513
