seed,dimension,time,fw_time,primal,dual_gap,smallest_dual_gap,iterations
2,4000,3614.217170531,3612.961370053,0.10222882735487111,0.012198578972266779,0.011988311775968229,316
