seed,dimension,time,fw_time,primal,dual_gap,smallest_dual_gap,iterations
2,400,3600.238893034,3600.170298619,0.2489726217795015,0.0001027366877244737,9.088631488403387e-5,32520
