seed,dimension,time,fw_time,primal,dual_gap,smallest_dual_gap,iterations
5,700,453.866026988,453.636729901,0.1942078277452856,9.48030395436783e-8,9.943633604708735e-8,1400
