seed,dimension,time,fw_time,primal,dual_gap,smallest_dual_gap,iterations
3,4000,3616.388342517,3615.271046718,0.10173953578553274,0.011486707520061989,0.011808499383085373,317
