seed,dimension,time,fw_time,primal,dual_gap,smallest_dual_gap,iterations,average_iter,std_iter
4,2500,3604.652229911,3603.761487311,0.120823989252971,0.002650255839350975,0.002650305040739407,719,0.13212795549374132,0.33886555831619264
