seed,dimension,time,fw_time,primal,dual_gap,smallest_dual_gap,iterations
2,1000,3601.616336353,3601.419683105,0.1682593348149937,5.533679288856341e-7,4.881253268182451e-7,1439
