seed,dimension,time,fw_time,primal,dual_gap,smallest_dual_gap,iterations,average_iter,std_iter
4,3500,3608.884955891,3607.767002936,0.10538255557482606,0.00421456271585216,0.004333170620477823,625,NaN,NaN
