seed,dimension,time,fw_time,primal,dual_gap,smallest_dual_gap,iterations
1,2000,3608.638683694,3607.877878663,0.12960853672436848,0.005664649226771196,0.0056472574903769016,452
