seed,dimension,time,fw_time,primal,dual_gap,smallest_dual_gap,iterations
2,2500,3606.171333787,3605.363574481,0.12297121602560168,0.00969948040308153,0.009629152286518002,383
