seed,dimension,time,fw_time,primal,dual_gap,smallest_dual_gap,iterations
1,4500,3618.808382597,3616.713988257,0.10029024155716046,0.02289295067841876,0.022890169850739894,144
