seed,dimension,time,fw_time,primal,dual_gap,smallest_dual_gap,iterations
5,4000,3608.285750658,3607.128398396,0.09946990017606763,0.0031329236447002334,0.003237251364113347,1200
