seed,dimension,time,fw_time,primal,dual_gap,smallest_dual_gap,iterations
5,500,332.694912104,332.609984885,0.22162919018784438,9.32315779231252e-8,9.627144561402678e-8,1122
