seed,dimension,time,fw_time,primal,dual_gap,smallest_dual_gap,iterations,average_iter,std_iter
5,5000,3618.140365364,3615.601362928,0.09220529392863949,0.010681547530732603,0.010677894822300594,249,0.10040160642570281,0.3011400370805795
