seed,dimension,time,fw_time,primal,dual_gap,smallest_dual_gap,iterations
4,1000,3603.208913426,3602.73952256,0.16884738590941137,5.445706322028399e-7,6.130728627401494e-7,1627
