seed,dimension,time,fw_time,primal,dual_gap,smallest_dual_gap,iterations
4,3500,3608.351163207,3607.048296289,0.10539269057907745,0.004564530130449804,0.004656128159916822,877
