seed,dimension,time,fw_time,primal,dual_gap,smallest_dual_gap,iterations,average_iter,std_iter
4,4500,3619.612541968,3617.438810921,0.09768267189168929,0.011281645246440163,0.011308453292498667,288,NaN,NaN
