seed,dimension,time,fw_time,primal,dual_gap,smallest_dual_gap,iterations
5,2000,3607.316235345,3606.353736417,0.12962775625307948,0.005730940891457918,0.005731541927454502,466
