seed,dimension,time,fw_time,primal,dual_gap,smallest_dual_gap,iterations
4,2000,3606.076124377,3605.26471318,0.12954045498296876,0.005459146721681605,0.005571115332707086,466
