seed,dimension,time,fw_time,primal,dual_gap,smallest_dual_gap,iterations
1,5000,3634.992287481,3632.498405939,0.09908239886580018,0.059460656640764394,0.05991338142049084,146
