seed,dimension,time,fw_time,primal,dual_gap,smallest_dual_gap,iterations
2,4500,3619.280772092,3617.058540136,0.1023829306317336,0.0390336643902483,0.039030763604404786,147
