seed,dimension,time,fw_time,primal,dual_gap,smallest_dual_gap,iterations
2,2000,3606.11116583,3605.415504311,0.12982041025372412,0.0059358162755328014,0.005910395361532712,457
