seed,dimension,time,fw_time,primal,dual_gap,smallest_dual_gap,iterations
4,40000,3819.197349446,3784.506230146,Inf,1.62480451541288,1.6262312817449953,11
