seed,dimension,time,fw_time,primal,dual_gap,smallest_dual_gap,iterations
2,4000,3607.307109694,3606.275156983,0.09960164038402658,0.003604780460609903,0.0035851369187500683,1170
