seed,dimension,time,fw_time,primal,dual_gap,smallest_dual_gap,iterations
4,500,626.900427129,626.830059004,0.22020051067841226,1.1021834529778562e-7,9.948274074661478e-8,1258
