seed,dimension,time,fw_time,primal,dual_gap,smallest_dual_gap,iterations
1,700,429.658334222,429.45676904,0.19398134634988828,1.0311933276718754e-7,9.986541531920023e-8,1404
