seed,dimension,time,fw_time,primal,dual_gap,smallest_dual_gap,iterations
5,4000,3613.137781249,3612.003349018,0.10202891012586363,0.01278521649003847,0.012785270337831514,313
