seed,dimension,time,fw_time,primal,dual_gap,smallest_dual_gap,iterations,average_iter,std_iter
4,1500,3603.264388202,3602.570265721,0.14408760690318861,0.0008048319913913013,0.0008110194183441229,913,0.13910186199342825,0.3462424606925636
