seed,dimension,time,fw_time,primal,dual_gap,smallest_dual_gap,iterations
1,300,109.611270749,109.550993343,0.2658558800629716,1.1586241566163835e-7,9.753138514867477e-8,984
