seed,dimension,time,fw_time,primal,dual_gap,smallest_dual_gap,iterations
3,800,592.137358328,591.77497735,0.185762989062448,9.694161176576621e-8,9.738198634978712e-8,1494
