seed,dimension,time,fw_time,primal,dual_gap,smallest_dual_gap,iterations
3,4500,3619.250211255,3617.306424725,0.10084283605610513,0.026889708881901772,0.02685826805659309,146
