seed,dimension,time,fw_time,primal,dual_gap,smallest_dual_gap,iterations
1,1000,3604.20901549,3603.817509308,0.16817323461181413,4.476108300704995e-6,4.402842697127929e-6,1243
