seed,dimension,time,fw_time,primal,dual_gap,smallest_dual_gap,iterations
2,500,328.04819637,327.888121828,0.22261468891570507,1.1182996434433434e-7,9.927889274563562e-8,1282
