seed,dimension,time,fw_time,primal,dual_gap,smallest_dual_gap,iterations
1,3500,3613.600016968,3612.519507629,0.10670600991146639,0.008791967537762842,0.00935570601680082,331
