seed,dimension,time,fw_time,primal,dual_gap,smallest_dual_gap,iterations
3,4000,3634.132427712,3631.88673203,0.10461473510165915,0.02425081062798065,0.02425367351918165,150
