seed,dimension,time,fw_time,primal,dual_gap,smallest_dual_gap,iterations
2,200,0.526981887,0.524824235,0.3171508296796219,1.0225888762149804e-7,9.820046682762484e-8,500
