seed,dimension,time,fw_time,primal,dual_gap,smallest_dual_gap,iterations,average_iter,std_iter
2,4500,3612.375057203,3610.190655559,0.0978936206671388,0.011376814217115326,0.011597175872270559,288,NaN,NaN
