seed,dimension,time,fw_time,primal,dual_gap,smallest_dual_gap,iterations
5,3000,3604.269735606,3603.382101687,0.11158973530872741,0.00968323406447497,0.009447006207886154,389
