seed,dimension,time,fw_time,primal,dual_gap,smallest_dual_gap,iterations
2,1000,1847.475393184,1847.022486577,0.16825933480045493,9.868536910567771e-8,9.984610840896302e-8,1444
