seed,dimension,time,fw_time,primal,dual_gap,smallest_dual_gap,iterations
5,500,843.820500533,843.757981553,0.22162919018803753,1.0490302919385908e-7,9.986409648526928e-8,1485
