seed,dimension,time,fw_time,primal,dual_gap,smallest_dual_gap,iterations
5,900,3601.153070133,3600.771075989,0.18154814819207765,0.0004670059001079599,0.00046506467644165383,6558
