seed,dimension,time,fw_time,primal,dual_gap,smallest_dual_gap,iterations
1,2000,3607.058176163,3606.300220248,0.12957723631711723,0.004900361954860641,0.004908511881621672,471
