seed,dimension,time,fw_time,primal,dual_gap,smallest_dual_gap,iterations
5,2000,3605.180992613,3604.459563755,0.12964338635560366,0.0059288952613802785,0.005928931422835907,426
