seed,dimension,time,fw_time,primal,dual_gap,smallest_dual_gap,iterations,average_iter,std_iter
3,1000,2984.088374419,2983.758610033,0.16867191808383816,9.967317811040988e-8,9.93888478600935e-8,2461,NaN,NaN
