seed,dimension,time,fw_time,primal,dual_gap,smallest_dual_gap,iterations
4,4000,3610.476298721,3608.587618272,0.10345918019422441,0.01739849183439825,0.017369027500751127,179
