seed,dimension,time,fw_time,primal,dual_gap,smallest_dual_gap,iterations
4,2000,3604.324247807,3603.493942303,0.1294172636208487,0.004954413468271319,0.0049412186948269606,434
