seed,dimension,time,fw_time,primal,dual_gap,smallest_dual_gap,iterations,average_iter,std_iter
2,1500,3606.720554435,3605.976874392,0.14409317363694576,0.0010036795333695503,0.0010012692252772543,937,0.13874066168623267,0.34586030784635974
