seed,dimension,time,fw_time,primal,dual_gap,smallest_dual_gap,iterations
1,2500,3606.076267374,3605.094743433,0.12108278262210186,0.002578346594081654,0.002651972902075358,1551
