seed,dimension,time,fw_time,primal,dual_gap,smallest_dual_gap,iterations,average_iter,std_iter
2,3000,3606.412085127,3605.38716833,0.11036543738801258,0.0030608019178423145,0.0030608084329489145,673,0.1352154531946508,0.342207891073868
