seed,dimension,time,fw_time,primal,dual_gap,smallest_dual_gap,iterations,average_iter,std_iter
5,4500,3622.809724167,3620.604723635,0.09800598481443017,0.012585523709925049,0.012592287832462593,287,NaN,NaN
