seed,dimension,time,fw_time,primal,dual_gap,smallest_dual_gap,iterations
1,4500,3637.46125698,3635.189306643,0.10221047882862776,0.03586709353724664,0.03760177344476872,148
