seed,dimension,time,fw_time,primal,dual_gap,smallest_dual_gap,iterations
4,2000,3610.155708502,3609.420312073,0.12958554472039369,0.005790107391161654,0.006408114944399343,437
