seed,dimension,time,fw_time,primal,dual_gap,smallest_dual_gap,iterations
5,800,643.437502048,643.130846328,0.18644865388175882,9.017813629164095e-8,9.549607935671611e-8,1381
