seed,dimension,time,fw_time,primal,dual_gap,smallest_dual_gap,iterations,average_iter,std_iter
5,1500,3605.880310823,3605.232658931,0.14392907541079406,0.000929785476831764,0.0009348292242021584,915,0.1366120218579235,0.3467944757190252
