seed,dimension,time,fw_time,primal,dual_gap,smallest_dual_gap,iterations
1,1000,3606.790675975,3606.269155924,0.16817332077055663,9.265014039064323e-5,9.268122647276139e-5,1110
