seed,dimension,time,fw_time,primal,dual_gap,smallest_dual_gap,iterations,average_iter,std_iter
5,4500,3612.944420106,3610.957730896,0.09744891207110415,0.010031308065776718,0.010019018922599128,281,0.09608540925266904,0.2952341319685224
