seed,dimension,time,fw_time,primal,dual_gap,smallest_dual_gap,iterations
2,4000,3619.588445722,3617.1207762,0.10603389038212056,0.0329816356950068,0.03306259864548075,142
