seed,dimension,time,fw_time,primal,dual_gap,smallest_dual_gap,iterations
3,1500,3609.069784607,3608.366280128,0.14375785030659183,0.0027321482850014706,0.0026346996540326066,526
