seed,dimension,time,fw_time,primal,dual_gap,smallest_dual_gap,iterations
4,3500,3605.968420634,3604.985402518,0.1066374973069933,0.008641560368048206,0.008641802807325065,330
