seed,dimension,time,fw_time,primal,dual_gap,smallest_dual_gap,iterations
2,5000,3645.148764202,3642.75304626,0.09633092523980867,0.032665597229825954,0.03282363419404831,145
