seed,dimension,time,fw_time,primal,dual_gap,smallest_dual_gap,iterations
2,2000,3607.168659452,3606.08947703,0.13203213930464694,0.013536002265225104,0.013354386609338655,257
