seed,dimension,time,fw_time,primal,dual_gap,smallest_dual_gap,iterations
1,500,574.548332848,574.461897683,0.22024087367491518,1.0281950776208637e-7,9.791007347936809e-8,1184
