seed,dimension,time,fw_time,primal,dual_gap,smallest_dual_gap,iterations
3,4000,3618.455257043,3617.450752348,0.10144425241748749,0.009754963451444568,0.010299891017351306,279
