seed,dimension,time,fw_time,primal,dual_gap,smallest_dual_gap,iterations,average_iter,std_iter
5,2000,3607.296340691,3606.58188194,0.12888453815986134,0.0016828970279766861,0.0016622423608680069,836,0.13636363636363635,0.3433797246124248
