seed,dimension,time,fw_time,primal,dual_gap,smallest_dual_gap,iterations
1,1000,3603.100543789,3602.74458803,0.16817323285205577,5.960257138150349e-7,6.464255263016749e-7,1517
