seed,dimension,time,fw_time,primal,dual_gap,smallest_dual_gap,iterations
2,700,3600.769802463,3600.547393997,0.1944198419652847,0.0002124430636500918,0.0002100607386640238,16026
