seed,dimension,time,fw_time,primal,dual_gap,smallest_dual_gap,iterations
1,5000,3615.700100061,3612.763673692,0.09120615323679583,0.007386851804543392,0.007454460832230057,528
