seed,dimension,time,fw_time,primal,dual_gap,smallest_dual_gap,iterations,average_iter,std_iter
4,5000,3623.712468494,3621.455715856,0.09279079813783532,0.012648651762867287,0.012713126555405319,263,NaN,NaN
