seed,dimension,time,fw_time,primal,dual_gap,smallest_dual_gap,iterations
5,3000,3611.666823918,3610.80735066,0.1114994684748868,0.008976230715923541,0.008940944740377928,359
