seed,dimension,time,fw_time,primal,dual_gap,smallest_dual_gap,iterations
3,700,504.642195842,504.324439495,0.19289932712599142,1.0473084448292536e-7,9.779474986065795e-8,1452
