seed,dimension,time,fw_time,primal,dual_gap,smallest_dual_gap,iterations
4,3000,3604.485810992,3603.420753628,0.10985216460385132,0.002509615101583283,0.0024339461407289105,1471
