seed,dimension,time,fw_time,primal,dual_gap,smallest_dual_gap,iterations
3,500,890.426749476,890.322100476,0.2214987923636159,9.933897603814357e-8,9.83383965855178e-8,1424
