seed,dimension,time,fw_time,primal,dual_gap,smallest_dual_gap,iterations
4,5000,3635.991753098,3633.758897425,0.09907349004346194,0.06943022615555858,0.06914178086248304,131
