seed,dimension,time,fw_time,primal,dual_gap,smallest_dual_gap,iterations
3,3500,3614.977494968,3613.883496666,0.10673398793241544,0.008305679598392048,0.008787808128318222,365
