seed,dimension,time,fw_time,primal,dual_gap,smallest_dual_gap,iterations,average_iter,std_iter
4,2000,3606.232614883,3605.438053853,0.12889269246834442,0.00132498650207084,0.0013288402641950282,830,0.13614457831325302,0.3431488028617194
