seed,dimension,time,fw_time,primal,dual_gap,smallest_dual_gap,iterations
1,2000,3607.064569113,3606.184540846,0.12951033533724585,0.004822549537214182,0.0049679292839093225,440
