seed,dimension,time,fw_time,primal,dual_gap,smallest_dual_gap,iterations
5,1500,3605.608333902,3605.010895761,0.1444289835438902,0.005116084410688171,0.0051058057383504135,487
