seed,dimension,time,fw_time,primal,dual_gap,smallest_dual_gap,iterations
5,4000,3615.430751617,3614.189703051,0.10246481760368503,0.0136523992228323,0.013751258723892119,319
