seed,dimension,time,fw_time,primal,dual_gap,smallest_dual_gap,iterations
4,500,1016.848463838,1016.77794891,0.22020051067875349,1.0772975159861753e-7,9.354186272098053e-8,1585
