seed,dimension,time,fw_time,primal,dual_gap,smallest_dual_gap,iterations
1,400,192.546933291,192.474177899,0.24646930198675704,9.624221764675811e-8,9.605490944308848e-8,1034
