seed,dimension,time,fw_time,primal,dual_gap,smallest_dual_gap,iterations,average_iter,std_iter
5,2500,3605.907061343,3605.062612271,0.12114797897013227,0.0024553726392466703,0.0024542694421355385,729,0.13443072702331962,0.341348708204696
