seed,dimension,time,fw_time,primal,dual_gap,smallest_dual_gap,iterations
5,1000,3601.721339908,3601.324689326,0.16828085891853703,0.0005893245557190875,0.0006005036698829222,5868
