seed,dimension,time,fw_time,primal,dual_gap,smallest_dual_gap,iterations
3,2500,3610.37036041,3609.436945594,0.12247846727626531,0.008509745002016109,0.008467479197945604,417
