seed,dimension,time,fw_time,primal,dual_gap,smallest_dual_gap,iterations,average_iter,std_iter
3,4500,3617.72471166,3615.703080923,0.0972623633742424,0.010096796472383382,0.01000224312085742,280,0.10357142857142858,0.3052493461720331
