seed,dimension,time,fw_time,primal,dual_gap,smallest_dual_gap,iterations
3,800,3604.126391793,3603.529162326,0.18578134427016113,0.0013862475755473114,0.0014002170086451146,2420
