seed,dimension,time,fw_time,primal,dual_gap,smallest_dual_gap,iterations
4,500,3600.346586252,3600.261339396,0.2202005404641792,3.839592076290699e-5,3.760196469837496e-5,24087
