seed,dimension,time,fw_time,primal,dual_gap,smallest_dual_gap,iterations
5,2000,3604.812272469,3604.016482049,0.12891170394309395,0.002156332724460714,0.0022115704172692985,1739
