seed,dimension,time,fw_time,primal,dual_gap,smallest_dual_gap,iterations
4,300,3600.143313743,3600.07496063,0.26438842195394574,1.839769941930358e-5,1.746702694740282e-5,51976
