seed,dimension,time,fw_time,primal,dual_gap,smallest_dual_gap,iterations
1,2500,3614.064430061,3613.245384079,0.12202759645008933,0.006850254902980017,0.00694292637947766,400
