seed,dimension,time,fw_time,primal,dual_gap,smallest_dual_gap,iterations
4,10000,3663.848616312,3659.354104089,Inf,4.724975181910298,4.750672526894817,70
