seed,dimension,time,fw_time,primal,dual_gap,smallest_dual_gap,iterations
2,10000,3650.194049197,3646.530518132,Inf,4.455151506324529,4.455563259529492,84
