seed,dimension,time,fw_time,primal,dual_gap,smallest_dual_gap,iterations,average_iter,std_iter
4,500,497.098413155,496.961770041,0.22020051067856222,1.0097993269342354e-7,9.993297492988384e-8,1595,0.14043887147335424,0.34755075344047864
