seed,dimension,time,fw_time,primal,dual_gap,smallest_dual_gap,iterations
2,3000,3610.654118447,3609.791525666,0.11134312283041012,0.0071955791811448636,0.007192528870618678,392
