seed,dimension,time,fw_time,primal,dual_gap,smallest_dual_gap,iterations
4,5000,3637.145633998,3634.796970825,0.09924090281699643,0.0664869434660307,0.06968582794497898,146
