seed,dimension,time,fw_time,primal,dual_gap,smallest_dual_gap,iterations
3,2500,3605.237940117,3604.454263361,0.12290919952071151,0.010175210818749336,0.010110970336921099,413
