seed,dimension,time,fw_time,primal,dual_gap,smallest_dual_gap,iterations
1,500,573.376484445,573.110104393,0.22024087367494707,9.380678167580925e-8,9.82234872395904e-8,1232
