seed,dimension,time,fw_time,primal,dual_gap,smallest_dual_gap,iterations
5,1000,3602.581718995,3602.250484796,0.1682788275460401,1.161911328075027e-6,1.2098841591437481e-6,1551
