seed,dimension,time,fw_time,primal,dual_gap,smallest_dual_gap,iterations,average_iter,std_iter
4,500,412.628480476,412.578219551,0.22020051067855942,9.804670631635704e-8,9.533272158496198e-8,1528,0.14463350785340315,0.35184609472171474
