seed,dimension,time,fw_time,primal,dual_gap,smallest_dual_gap,iterations
3,600,3600.51030665,3600.341307604,0.20464397752255284,0.00010394406569223802,0.00010046313386678773,26132
