seed,dimension,time,fw_time,primal,dual_gap,smallest_dual_gap,iterations
2,1000,3442.421755366,3442.206836467,0.1682593348005436,1.0045685235396395e-7,9.96162769530129e-8,1666
