seed,dimension,time,fw_time,primal,dual_gap,smallest_dual_gap,iterations
4,4500,3620.186162524,3618.013859765,0.10522641176287813,0.07217086280791246,0.07483507783704543,163
