seed,dimension,time,fw_time,primal,dual_gap,smallest_dual_gap,iterations
5,500,732.994872509,732.925917315,0.2216291901878411,9.14803958765309e-8,9.657781777777652e-8,1178
