seed,dimension,time,fw_time,primal,dual_gap,smallest_dual_gap,iterations,average_iter,std_iter
3,4000,3608.370661692,3607.298409964,0.09979491504450609,0.004582408778810724,0.0045815124662330585,556,NaN,NaN
