seed,dimension,time,fw_time,primal,dual_gap,smallest_dual_gap,iterations
5,3000,3607.932095596,3607.060648095,0.11125550590447576,0.008016998686158662,0.007992147227249287,390
