seed,dimension,time,fw_time,primal,dual_gap,smallest_dual_gap,iterations
1,500,909.2950504,909.169937627,0.22024087367502518,1.0278993772816492e-7,9.996849446164413e-8,1470
