seed,dimension,time,fw_time,primal,dual_gap,smallest_dual_gap,iterations
1,3000,3606.360141562,3605.330872266,0.11154158502526203,0.00783922916806878,0.007798902730105677,359
