seed,dimension,time,fw_time,primal,dual_gap,smallest_dual_gap,iterations
2,2500,3604.952098996,3604.158651482,0.12130107174437015,0.0025047580602149816,0.0024359756432778025,1551
