seed,dimension,time,fw_time,primal,dual_gap,smallest_dual_gap,iterations
3,500,505.012455875,504.891056977,0.22149879236337597,1.072258509343671e-7,9.675903168970823e-8,1030
