seed,dimension,time,fw_time,primal,dual_gap,smallest_dual_gap,iterations
5,2500,3606.418165103,3605.684949057,0.12105286959978041,0.001687331490158886,0.0017841517603064821,857
