seed,dimension,time,fw_time,primal,dual_gap,smallest_dual_gap,iterations
4,2000,3604.971953363,3604.171924719,0.12959395979400024,0.005665701690416476,0.005664747044599579,476
