seed,dimension,time,fw_time,primal,dual_gap,smallest_dual_gap,iterations
3,1000,3602.946174589,3602.527447455,0.16867191858094144,2.6464004635740057e-6,2.9562923461526336e-6,1428
