seed,dimension,time,fw_time,primal,dual_gap,smallest_dual_gap,iterations
4,2500,3604.139334496,3603.254981913,0.12234228612681058,0.008860976481735585,0.009276395750191648,384
