seed,dimension,time,fw_time,primal,dual_gap,smallest_dual_gap,iterations,average_iter,std_iter
2,5000,3621.00735181,3618.949747791,0.09241758613082904,0.010777114409097757,0.010785013146485684,254,0.09448818897637795,0.29308420908484484
