seed,dimension,time,fw_time,primal,dual_gap,smallest_dual_gap,iterations
4,900,3601.114396496,3600.731027977,0.18112681989176724,0.0005928822706820491,0.0005918873196003524,6044
