seed,dimension,time,fw_time,primal,dual_gap,smallest_dual_gap,iterations
5,5000,3626.587240123,3624.226950907,0.09721446136694828,0.03877257234984133,0.040053693824379295,144
