seed,dimension,time,fw_time,primal,dual_gap,smallest_dual_gap,iterations
1,3000,3612.491697731,3611.442140141,0.11138807968198991,0.007670366225140512,0.007716507628339073,396
