seed,dimension,time,fw_time,primal,dual_gap,smallest_dual_gap,iterations
2,2000,3604.069474721,3603.424353472,0.1291112810525385,0.0008038731623034347,0.0007846509743627099,1005
