seed,dimension,time,fw_time,primal,dual_gap,smallest_dual_gap,iterations
5,3500,3608.94285154,3608.079754525,0.10688148907166718,0.0088796517012318,0.008857987242339885,337
