seed,dimension,time,fw_time,primal,dual_gap,smallest_dual_gap,iterations
1,1500,3606.109037142,3605.331722554,0.1441537700680154,0.0004680205431549893,0.00046708387521337755,1097
