seed,dimension,time,fw_time,primal,dual_gap,smallest_dual_gap,iterations
4,4000,3619.439173076,3618.399703523,0.10162117704374386,0.01095942066816006,0.01092250866442918,318
