seed,dimension,time,fw_time,primal,dual_gap,smallest_dual_gap,iterations,average_iter,std_iter
3,1500,3604.840591708,3604.250755083,0.1436261910652547,0.0006120565893573959,0.0006246638603652731,926,NaN,NaN
