seed,dimension,time,fw_time,primal,dual_gap,smallest_dual_gap,iterations
1,3500,3609.676073187,3608.691905668,0.10673329777556485,0.009139021015876759,0.009122292915147188,328
