seed,dimension,time,fw_time,primal,dual_gap,smallest_dual_gap,iterations
5,3000,3606.963041305,3606.044878814,0.10986231256964686,0.0020686068510183814,0.002065364644080178,807
