seed,dimension,time,fw_time,primal,dual_gap,smallest_dual_gap,iterations
5,5000,3614.921326974,3612.900610505,0.09264300768622961,0.012588229189645351,0.012519389223626798,299
