seed,dimension,time,fw_time,primal,dual_gap,smallest_dual_gap,iterations
3,5000,3628.616429895,3626.284882483,0.09598316573339963,0.030701410811408765,0.030762753599043527,130
