seed,dimension,time,fw_time,primal,dual_gap,smallest_dual_gap,iterations
3,4500,3616.70585942,3614.555018555,0.09745644049203588,0.011029414191330845,0.010993806787544769,332
