seed,dimension,time,fw_time,primal,dual_gap,smallest_dual_gap,iterations
1,3000,3611.236300428,3610.244714026,0.1113495362265021,0.0073544113791278315,0.007338193474584826,364
