seed,dimension,time,fw_time,primal,dual_gap,smallest_dual_gap,iterations
1,500,827.768410795,827.530071742,0.22024087367514167,1.1716649794824008e-7,9.578919574204647e-8,1433
