seed,dimension,time,fw_time,primal,dual_gap,smallest_dual_gap,iterations,average_iter,std_iter
5,500,492.824412102,492.777938838,0.22162919018813285,1.0032571848977989e-7,9.946479977152034e-8,1388,0.14553314121037464,0.3527646556692957
