seed,dimension,time,fw_time,primal,dual_gap,smallest_dual_gap,iterations
2,1000,3601.822973011,3601.57696759,0.1682593361912971,9.829365774316479e-6,9.79362534431899e-6,1404
