seed,dimension,time,fw_time,primal,dual_gap,smallest_dual_gap,iterations
3,3500,3604.932543731,3603.87549199,0.10663899717013545,0.008225690910045061,0.008332993420945452,375
