seed,dimension,time,fw_time,primal,dual_gap,smallest_dual_gap,iterations
4,4500,3611.408406212,3609.437762031,0.10281402484992533,0.03707974638897308,0.03730866291748962,161
