seed,dimension,time,fw_time,primal,dual_gap,smallest_dual_gap,iterations
4,1500,3609.588341157,3608.858255454,0.14433170873398624,0.0034498870801760867,0.0035392668348533905,478
