seed,dimension,time,fw_time,primal,dual_gap,smallest_dual_gap,iterations
4,500,902.58840373,902.5356338,0.22020051067862606,9.466334267849152e-8,9.596872532768863e-8,1568
