seed,dimension,time,fw_time,primal,dual_gap,smallest_dual_gap,iterations,average_iter,std_iter
4,5000,3616.376412341,3614.127804485,0.09228661123459257,0.011294364184682161,0.011301745079042207,251,0.09561752988047809,0.29465355441853086
