seed,dimension,time,fw_time,primal,dual_gap,smallest_dual_gap,iterations,average_iter,std_iter
4,1000,2816.424350941,2816.146563485,0.1688473858809478,9.938349018051573e-8,9.976723495952466e-8,2541,NaN,NaN
