seed,dimension,time,fw_time,primal,dual_gap,smallest_dual_gap,iterations
1,5000,3614.522516151,3611.821762413,0.09911211405807709,0.05991338142049143,0.060975730859801944,146
