seed,dimension,time,fw_time,primal,dual_gap,smallest_dual_gap,iterations,average_iter,std_iter
1,1000,3603.576454224,3603.087929241,0.16817323283288463,3.547307745807582e-7,3.62641769672406e-7,2165,0.1464203233256351,0.35360877683454645
