seed,dimension,time,fw_time,primal,dual_gap,smallest_dual_gap,iterations
4,4500,3632.684240539,3630.635490253,0.10194209508306953,0.035323599711261235,0.03509602808790716,145
