seed,dimension,time,fw_time,primal,dual_gap,smallest_dual_gap,iterations
5,500,564.116596273,564.042241285,0.2216291901879965,1.0339346494248058e-7,9.74945625273338e-8,1147
