seed,dimension,time,fw_time,primal,dual_gap,smallest_dual_gap,iterations
3,5000,3616.21650987,3614.206167283,0.09779273965213056,0.049435496106318574,0.050917509923073354,130
