seed,dimension,time,fw_time,primal,dual_gap,smallest_dual_gap,iterations
2,500,1095.792387579,1095.665973661,0.2226146889158307,1.0332256280415342e-7,9.66692630804955e-8,1839
