seed,dimension,time,fw_time,primal,dual_gap,smallest_dual_gap,iterations
1,5000,3633.083544003,3630.820614997,0.09736100983518194,0.04309221592741872,0.043050169406445675,129
