seed,dimension,time,fw_time,primal,dual_gap,smallest_dual_gap,iterations,average_iter,std_iter
4,3000,3607.817910405,3606.877570473,0.1099442845542384,0.003034866806178236,0.0030030537067175338,702,NaN,NaN
