seed,dimension,time,fw_time,primal,dual_gap,smallest_dual_gap,iterations
3,3000,3606.420658084,3605.595478156,0.11174110488346975,0.009339086191679585,0.009340878334807099,394
