seed,dimension,time,fw_time,primal,dual_gap,smallest_dual_gap,iterations
4,2000,3605.325959543,3604.522611873,0.12893493827705266,0.002111194987067345,0.002101712849851285,1737
