seed,dimension,time,fw_time,primal,dual_gap,smallest_dual_gap,iterations
2,3000,3612.414489459,3611.5798204,0.11166587372090724,0.00845169512660765,0.008667511251943604,361
