seed,dimension,time,fw_time,primal,dual_gap,smallest_dual_gap,iterations,average_iter,std_iter
2,1000,2960.140293485,2959.752845711,0.16825933480071942,1.0276427388211662e-7,9.786338641543102e-8,2109,0.1427216690374585,0.3498717423035021
