seed,dimension,time,fw_time,primal,dual_gap,smallest_dual_gap,iterations
1,2500,3608.466723351,3607.596675399,0.12185844112167583,0.006132402828985025,0.006130376753261935,415
