seed,dimension,time,fw_time,primal,dual_gap,smallest_dual_gap,iterations
3,3500,3614.062708447,3613.162321119,0.10682373396434425,0.008524769303469716,0.00853546073620745,359
