seed,dimension,time,fw_time,primal,dual_gap,smallest_dual_gap,iterations
5,2000,3608.338816559,3607.589603783,0.12971831681820953,0.006242549360947872,0.006242710001327933,473
