seed,dimension,time,fw_time,primal,dual_gap,smallest_dual_gap,iterations
1,1000,3603.565146955,3603.081718323,0.16817632408339514,0.0006541179386524432,0.0006512469454703559,5282
