seed,dimension,time,fw_time,primal,dual_gap,smallest_dual_gap,iterations
1,1000,3604.108418699,3603.695419743,0.16817323283395896,4.4330212326318397e-7,4.4921290363875155e-7,1548
