seed,dimension,time,fw_time,primal,dual_gap,smallest_dual_gap,iterations
3,2000,3604.220014507,3603.474048391,0.12899905628257824,0.002114332542383933,0.002174797417185348,1738
