seed,dimension,time,fw_time,primal,dual_gap,smallest_dual_gap,iterations
4,2500,3609.052558288,3608.236697553,0.12218013181119414,0.008738515894052449,0.008824542043177976,400
