seed,dimension,time,fw_time,primal,dual_gap,smallest_dual_gap,iterations
4,10000,3633.308233414,3629.589429994,Inf,0.061727294413733286,0.06281170444633984,149
