seed,dimension,time,fw_time,primal,dual_gap,smallest_dual_gap,iterations
3,1000,3602.304433913,3601.978757829,0.16867192274356044,6.6028994586408984e-6,6.729316693241533e-6,1445
