seed,dimension,time,fw_time,primal,dual_gap,smallest_dual_gap,iterations
5,3000,3606.125692674,3605.172535691,0.10991524279577555,0.0025742166633033435,0.002561518058437101,1475
