seed,dimension,time,fw_time,primal,dual_gap,smallest_dual_gap,iterations
5,500,824.306858092,824.205954406,0.22162919018804147,1.066160320584153e-7,9.7134462057058e-8,1501
