seed,dimension,time,fw_time,primal,dual_gap,smallest_dual_gap,iterations
3,3000,3604.192862748,3603.302468061,0.1099860207245733,0.002442540215748003,0.0024416961835924712,810
