seed,dimension,time,fw_time,primal,dual_gap,smallest_dual_gap,iterations
2,3500,3605.662742976,3604.712288538,0.10709508562181533,0.009268719606601823,0.009262377128066879,332
