seed,dimension,time,fw_time,primal,dual_gap,smallest_dual_gap,iterations
1,400,3600.214874868,3600.158289794,0.24646931823245619,3.706120360696258e-5,3.0116471433083714e-5,31337
