seed,dimension,time,fw_time,primal,dual_gap,smallest_dual_gap,iterations
1,4000,3613.905712455,3612.521918802,0.10138439278851591,0.009918611394227662,0.010112513094354594,278
