seed,dimension,time,fw_time,primal,dual_gap,smallest_dual_gap,iterations
5,1500,3604.841946657,3604.013118816,0.1439155358176164,0.0003514518739113695,0.0003509156870819749,1097
