seed,dimension,time,fw_time,primal,dual_gap,smallest_dual_gap,iterations
4,500,937.782930281,937.645808009,0.22020051067856222,1.0097405317432973e-7,9.992668384417591e-8,1595
