seed,dimension,time,fw_time,primal,dual_gap,smallest_dual_gap,iterations
4,500,276.110323265,275.998121474,0.22020051067842156,1.059279810811109e-7,9.969170326057375e-8,1184
