seed,dimension,time,fw_time,primal,dual_gap,smallest_dual_gap,iterations
2,5000,3616.012486814,3613.737752404,0.09790484103754048,0.048118476181306755,0.052900422433166935,146
