seed,dimension,time,fw_time,primal,dual_gap,smallest_dual_gap,iterations
5,1000,3603.58755095,3603.271902954,0.1682788593183928,1.887724261858889e-5,1.89961687555619e-5,1308
