seed,dimension,time,fw_time,primal,dual_gap,smallest_dual_gap,iterations
1,3500,3609.388753716,3608.440946524,0.10667640181820315,0.008572309613457195,0.008538504365937304,366
