seed,dimension,time,fw_time,primal,dual_gap,smallest_dual_gap,iterations
1,900,1330.497075825,1330.112240618,0.18143370285531202,1.0060179365944943e-7,9.761526890278427e-8,1558
