seed,dimension,time,fw_time,primal,dual_gap,smallest_dual_gap,iterations
5,4500,3628.53380764,3626.802169334,0.10147609023203231,0.030623728744062266,0.03229504707110255,159
