seed,dimension,time,fw_time,primal,dual_gap,smallest_dual_gap,iterations
4,600,302.556100996,302.429109017,0.20422779833952998,1.0869132024970973e-7,9.899512463940052e-8,1178
