seed,dimension,time,fw_time,primal,dual_gap,smallest_dual_gap,iterations
3,500,245.602973751,245.470119006,0.22149879236340855,1.0193933797780774e-7,9.860531053479393e-8,961
