seed,dimension,time,fw_time,primal,dual_gap,smallest_dual_gap,iterations
1,4500,3626.253650765,3624.006575348,0.10499858624798984,0.06622949113046608,0.0665030055071401,163
