seed,dimension,time,fw_time,primal,dual_gap,smallest_dual_gap,iterations
3,2500,3608.872196374,3608.051507557,0.12287408617669648,0.00987316678790795,0.009873088167481638,416
