seed,dimension,time,fw_time,primal,dual_gap,smallest_dual_gap,iterations
4,3000,3611.346757743,3610.479328663,0.11164260274554506,0.009650518552704084,0.009630851529884823,398
