seed,dimension,time,fw_time,primal,dual_gap,smallest_dual_gap,iterations
2,3500,3605.33238294,3604.343409747,0.10688211244400352,0.008731116199025307,0.00862258906302537,360
