seed,dimension,time,fw_time,primal,dual_gap,smallest_dual_gap,iterations,average_iter,std_iter
4,3000,3606.805300021,3605.971490571,0.10995018953226347,0.002821601689895599,0.0029166121535624465,672,0.13095238095238096,0.33759955307398326
