seed,dimension,time,fw_time,primal,dual_gap,smallest_dual_gap,iterations
5,5000,3613.864455534,3611.753654552,0.09708358783120173,0.03723354386391244,0.03869430282213937,145
