seed,dimension,time,fw_time,primal,dual_gap,smallest_dual_gap,iterations
5,400,3600.311039873,3600.241915757,0.24655843899705376,3.259342614103655e-5,3.058155296784687e-5,32982
