seed,dimension,time,fw_time,primal,dual_gap,smallest_dual_gap,iterations
2,1500,3604.480740189,3603.782821445,0.14408101381979743,0.00022149583808167908,0.00021580667775630835,1089
