seed,dimension,time,fw_time,primal,dual_gap,smallest_dual_gap,iterations
3,10000,3638.841020833,3634.462208693,0.07363335574051261,0.028698322925442145,0.029044769453905016,148
