seed,dimension,time,fw_time,primal,dual_gap,smallest_dual_gap,iterations
4,1000,3602.252374786,3601.998760046,0.16884738594916746,9.524527742610367e-7,9.73339140401125e-7,1493
