seed,dimension,time,fw_time,primal,dual_gap,smallest_dual_gap,iterations
2,4000,3616.976832468,3615.785315986,0.10186434658984751,0.010619300034382242,0.010307003454285535,309
