seed,dimension,time,fw_time,primal,dual_gap,smallest_dual_gap,iterations
4,500,817.738877984,817.637874241,0.2202005106784884,9.620725893028093e-8,9.722062359329708e-8,1303
