seed,dimension,time,fw_time,primal,dual_gap,smallest_dual_gap,iterations
4,3500,3605.717367773,3604.720290086,0.10710928344645991,0.010114074839663593,0.010459974188859317,338
