seed,dimension,time,fw_time,primal,dual_gap,smallest_dual_gap,iterations
2,4500,3626.968449503,3625.034996504,0.10241283055006131,0.03903076360440472,0.0406095287127233,145
