seed,dimension,time,fw_time,primal,dual_gap,smallest_dual_gap,iterations,average_iter,std_iter
4,4000,3612.125904963,3611.128820374,0.09990336288849797,0.00424142622922187,0.004249953636304062,557,NaN,NaN
