seed,dimension,time,fw_time,primal,dual_gap,smallest_dual_gap,iterations
5,1000,2103.948674591,2103.550239513,0.1682788274282542,9.769688370450669e-8,9.918488073565324e-8,1833
