seed,dimension,time,fw_time,primal,dual_gap,smallest_dual_gap,iterations
5,3500,3611.704331621,3610.722352663,0.1068592573418475,0.008758606027323947,0.008770923707103143,357
