seed,dimension,time,fw_time,primal,dual_gap,smallest_dual_gap,iterations
4,1500,3611.595131319,3610.436084469,0.1449252984100211,0.0072550746882265454,0.007711407606295299,350
