seed,dimension,time,fw_time,primal,dual_gap,smallest_dual_gap,iterations
4,800,626.537872444,626.267588529,0.1865367091190266,9.694387991671105e-8,9.540022569837214e-8,1488
