seed,dimension,time,fw_time,primal,dual_gap,smallest_dual_gap,iterations
5,5000,3633.47260713,3631.088643517,0.09588793877722596,0.03214754563927226,0.032352262272601656,127
