seed,dimension,time,fw_time,primal,dual_gap,smallest_dual_gap,iterations
4,1000,3601.50926781,3601.154268743,0.16884890276282674,0.0004639135365464078,0.00047381832415124836,6012
