seed,dimension,time,fw_time,primal,dual_gap,smallest_dual_gap,iterations
3,1500,3605.802121961,3605.014551462,0.14362193422926842,8.790960797367547e-5,8.789158300592445e-5,1092
