seed,dimension,time,fw_time,primal,dual_gap,smallest_dual_gap,iterations
3,3000,3606.308782625,3605.479071389,0.10997087625098002,0.0025580820429646003,0.002541490728112848,1462
