seed,dimension,time,fw_time,primal,dual_gap,smallest_dual_gap,iterations
5,1500,3603.524321663,3602.799711187,0.14423980818505022,0.004394408681009484,0.00438038394664737,501
