seed,dimension,time,fw_time,primal,dual_gap,smallest_dual_gap,iterations
2,600,3600.410291788,3600.261274914,0.20484040352018848,3.563998610773417e-5,3.622306065265146e-5,26092
