seed,dimension,time,fw_time,primal,dual_gap,smallest_dual_gap,iterations
4,1500,3604.09097786,3603.418719754,0.14427212382941043,0.002965621174322395,0.002933151067008713,504
