seed,dimension,time,fw_time,primal,dual_gap,smallest_dual_gap,iterations
4,200,0.901732849,0.89944988,0.30838989145906065,9.398835723595234e-8,9.45720027151209e-8,879
