seed,dimension,time,fw_time,primal,dual_gap,smallest_dual_gap,iterations,average_iter,std_iter
1,1500,3605.204336593,3604.527068773,0.14416807784656469,0.0010111370743739537,0.0010127714397917785,936,NaN,NaN
