seed,dimension,time,fw_time,primal,dual_gap,smallest_dual_gap,iterations
5,3500,3612.220438228,3611.324828268,0.10679624507873443,0.008216709924075027,0.008241435511615297,378
