seed,dimension,time,fw_time,primal,dual_gap,smallest_dual_gap,iterations
1,2000,3619.333817717,3618.319164376,0.13132792044925012,0.012734321172175909,0.0125807787666119,273
