seed,dimension,time,fw_time,primal,dual_gap,smallest_dual_gap,iterations
4,4000,3612.965043883,3610.952413084,0.10464986007942892,0.023151496295591597,0.023158977414307926,180
