seed,dimension,time,fw_time,primal,dual_gap,smallest_dual_gap,iterations
1,1500,3610.0738362,3608.942221368,0.14771542071501656,0.01586879815725905,0.01592401103301705,316
