seed,dimension,time,fw_time,primal,dual_gap,smallest_dual_gap,iterations
3,500,3600.418666339,3600.293460897,0.2214988452903877,0.0001418173564184111,0.0001459442430693375,22976
