seed,dimension,time,fw_time,primal,dual_gap,smallest_dual_gap,iterations
4,3500,3609.104699843,3608.134254892,0.10714940430757615,0.010421820427382746,0.010480045328940493,333
