seed,dimension,time,fw_time,primal,dual_gap,smallest_dual_gap,iterations
1,100,2423.345101222,2423.343752786,0.40266864541065034,1.0047503101739963e-7,9.999995351228641e-8,8340610
