seed,dimension,time,fw_time,primal,dual_gap,smallest_dual_gap,iterations
4,300,59.311325759,59.24696909,0.2643884171439852,1.0247407918051454e-7,9.947903507889766e-8,736
