seed,dimension,time,fw_time,primal,dual_gap,smallest_dual_gap,iterations
5,5000,3626.49638098,3624.156308269,0.0959424740187835,0.02843931379980502,0.02842227808791234,144
