seed,dimension,time,fw_time,primal,dual_gap,smallest_dual_gap,iterations
1,3000,3608.602647863,3607.669095973,0.11013109743101766,0.0017919034527736945,0.001804745189315022,801
