seed,dimension,time,fw_time,primal,dual_gap,smallest_dual_gap,iterations,average_iter,std_iter
2,3500,3606.732243417,3605.796474666,0.10561165569648487,0.0038788197136269548,0.003875598376320788,624,0.125,0.3309842319473132
