seed,dimension,time,fw_time,primal,dual_gap,smallest_dual_gap,iterations
1,700,3600.734018828,3600.472238282,0.19398143731607823,5.903414867532847e-5,5.581846065593615e-5,15142
