seed,dimension,time,fw_time,primal,dual_gap,smallest_dual_gap,iterations
4,5000,3616.522226342,3614.169354143,0.09101799015187707,0.007119031044191787,0.007094345913581834,526
