seed,dimension,time,fw_time,primal,dual_gap,smallest_dual_gap,iterations
1,4000,3619.092522808,3617.88878844,0.10192641222809787,0.011533552945595785,0.01199899091696676,281
