seed,dimension,time,fw_time,primal,dual_gap,smallest_dual_gap,iterations
1,1500,3607.196460757,3606.455444601,0.14453540647207794,0.004456236269297871,0.0044166882736884835,474
