seed,dimension,time,fw_time,primal,dual_gap,smallest_dual_gap,iterations
5,1000,3601.763026716,3601.344940313,0.16828236148912684,0.0007136633466788694,0.000712422064607636,4554
