seed,dimension,time,fw_time,primal,dual_gap,smallest_dual_gap,iterations
4,500,3600.287016195,3600.178052333,0.22020053735222586,4.33141138003329e-5,3.865686304150434e-5,24586
