seed,dimension,time,fw_time,primal,dual_gap,smallest_dual_gap,iterations
3,400,199.042975834,198.930449617,0.24800209638769782,9.008657077952398e-8,9.354166188857427e-8,1041
