seed,dimension,time,fw_time,primal,dual_gap,smallest_dual_gap,iterations
3,1000,3601.188455306,3600.940259948,0.1686719181011232,4.6832379913333555e-7,4.875114517563506e-7,1731
