seed,dimension,time,fw_time,primal,dual_gap,smallest_dual_gap,iterations
3,3500,3613.708570624,3612.768796514,0.10677345116782282,0.008846490781606438,0.008857873829477562,335
