seed,dimension,time,fw_time,primal,dual_gap,smallest_dual_gap,iterations
2,800,3604.12566972,3603.517193171,0.18665322627993158,0.0010307591773022692,0.0010503329280756313,2399
