seed,dimension,time,fw_time,primal,dual_gap,smallest_dual_gap,iterations
1,1000,3604.492472283,3603.874667216,0.16817323282063487,1.4448217001278296e-7,1.4371059936860164e-7,1840
