seed,dimension,time,fw_time,primal,dual_gap,smallest_dual_gap,iterations
2,4500,3617.111139606,3615.12193133,0.10536014433001567,0.07240686162957431,0.07479254421164833,161
