seed,dimension,time,fw_time,primal,dual_gap,smallest_dual_gap,iterations
1,4000,3616.060421319,3614.240122901,0.10793680309558235,0.04558189958475044,0.04615756237833915,161
