seed,dimension,time,fw_time,primal,dual_gap,smallest_dual_gap,iterations,average_iter,std_iter
2,3500,3608.396586652,3607.394925463,0.1056265391472931,0.00383023181059388,0.0039369194844513025,615,NaN,NaN
