seed,dimension,time,fw_time,primal,dual_gap,smallest_dual_gap,iterations
1,5000,3612.983894399,3610.684377036,0.09535051959861642,0.02436684262102577,0.024927923255938296,129
