seed,dimension,time,fw_time,primal,dual_gap,smallest_dual_gap,iterations
4,3000,3613.692428416,3612.847895151,0.11128493519447628,0.008508597307124326,0.008480312616439497,395
