seed,dimension,time,fw_time,primal,dual_gap,smallest_dual_gap,iterations,average_iter,std_iter
2,3500,3608.756808605,3607.652770191,0.10555886516342722,0.003573246488794181,0.003559599692932656,616,0.12987012987012986,0.3364336864565548
