seed,dimension,time,fw_time,primal,dual_gap,smallest_dual_gap,iterations
2,4000,3613.794485689,3612.704091971,0.10143132698240623,0.009517306676097511,0.009508912537302856,283
