seed,dimension,time,fw_time,primal,dual_gap,smallest_dual_gap,iterations,average_iter,std_iter
2,1000,2856.308442773,2856.048383461,0.16825933480053437,9.760869964028918e-8,9.800591318359642e-8,1913,0.1447987454260324,0.35198982155086905
