seed,dimension,time,fw_time,primal,dual_gap,smallest_dual_gap,iterations
3,3500,3606.14209835,3605.250644192,0.10521204095372547,0.0026537834911067697,0.002653689173325261,724
