seed,dimension,time,fw_time,primal,dual_gap,smallest_dual_gap,iterations,average_iter,std_iter
4,2000,3603.624442148,3602.971435709,0.1288840253523214,0.0011148980945668782,0.0011204289809402003,880,NaN,NaN
