seed,dimension,time,fw_time,primal,dual_gap,smallest_dual_gap,iterations
4,2500,3604.920434197,3604.009957201,0.12077185015006485,0.002560477679797876,0.002558373161824362,1550
