seed,dimension,time,fw_time,primal,dual_gap,smallest_dual_gap,iterations,average_iter,std_iter
5,3000,3609.536436734,3608.687889439,0.11000622252273469,0.0029737657079983125,0.002949299063236991,683,0.13323572474377746,0.34007836997492785
