seed,dimension,time,fw_time,primal,dual_gap,smallest_dual_gap,iterations,average_iter,std_iter
5,4000,3610.804185159,3609.782789501,0.09995040863490319,0.004887770401002273,0.00489057382286277,526,0.12547528517110265,0.3372681035522452
