seed,dimension,time,fw_time,primal,dual_gap,smallest_dual_gap,iterations,average_iter,std_iter
1,4500,3613.500401455,3611.150883142,0.09742704187848979,0.010569371001525005,0.010532535934716383,280,0.1,0.3122355511893598
