seed,dimension,time,fw_time,primal,dual_gap,smallest_dual_gap,iterations,average_iter,std_iter
3,4500,3612.132484638,3609.758191655,0.09751126810557778,0.01082038011298409,0.01075501821270103,284,NaN,NaN
