seed,dimension,time,fw_time,primal,dual_gap,smallest_dual_gap,iterations
5,5000,3626.578550994,3624.494238611,0.09588793877722596,0.032147545639272086,0.032352262272601816,128
