seed,dimension,time,fw_time,primal,dual_gap,smallest_dual_gap,iterations
1,3500,3605.984724075,3604.953953898,0.10855645796271636,0.014272309735515385,0.014230028591742199,333
