seed,dimension,time,fw_time,primal,dual_gap,smallest_dual_gap,iterations
3,200,3600.069739794,3600.001587721,0.30783322459500684,2.3186101477667975e-7,2.1843862541004455e-7,4344685
