seed,dimension,time,fw_time,primal,dual_gap,smallest_dual_gap,iterations
3,400,3600.386905127,3600.242427429,0.24800210947239318,3.220208897108251e-5,3.346526305104264e-5,31825
