seed,dimension,time,fw_time,primal,dual_gap,smallest_dual_gap,iterations,average_iter,std_iter
3,500,421.017512542,420.957999237,0.22149879236348377,9.509254276368617e-8,9.648345219992471e-8,1297,0.14803392444101773,0.3552705959956557
