seed,dimension,time,fw_time,primal,dual_gap,smallest_dual_gap,iterations
1,3500,3606.560389345,3605.611755068,0.10674165526200417,0.008909520982084647,0.008911781628321503,359
