seed,dimension,time,fw_time,primal,dual_gap,smallest_dual_gap,iterations,average_iter,std_iter
4,1000,3602.068709463,3601.639522978,0.1688473858811142,1.059135982320325e-7,1.0557434168903534e-7,2535,0.1467455621301775,0.3550351822265174
