seed,dimension,time,fw_time,primal,dual_gap,smallest_dual_gap,iterations
4,3500,3612.595169069,3611.697522383,0.10760028818925693,0.011332013775973815,0.011341139146913117,368
