seed,dimension,time,fw_time,primal,dual_gap,smallest_dual_gap,iterations
3,4500,3626.200447776,3624.134818625,0.10085857963499197,0.02685826805659327,0.027870863348530173,144
