seed,dimension,time,fw_time,primal,dual_gap,smallest_dual_gap,iterations
2,1500,3603.672240229,3602.970613281,0.14436530118847962,0.0038563701798423992,0.0037315100652444803,478
