seed,dimension,time,fw_time,primal,dual_gap,smallest_dual_gap,iterations
4,4500,3615.658631189,3613.40505138,0.09606283270813769,0.007105671823865688,0.0068456238283674704,587
