seed,dimension,time,fw_time,primal,dual_gap,smallest_dual_gap,iterations
2,2500,3611.182407025,3610.387260221,0.12359925940940414,0.01132109384942985,0.012089693462187197,418
