seed,dimension,time,fw_time,primal,dual_gap,smallest_dual_gap,iterations
2,1000,3602.070391232,3601.690554703,0.16826257065075384,0.0006707159874942935,0.000641260683974066,5501
