seed,dimension,time,fw_time,primal,dual_gap,smallest_dual_gap,iterations
3,4500,3612.526967736,3610.406362814,0.10215614671611167,0.03428792090417654,0.03441429498402966,161
