seed,dimension,time,fw_time,primal,dual_gap,smallest_dual_gap,iterations
1,800,709.045302517,708.718813216,0.1860291414801939,1.0234740928372066e-7,9.517325244567942e-8,1640
