seed,dimension,time,fw_time,primal,dual_gap,smallest_dual_gap,iterations,average_iter,std_iter
4,3500,3606.082850272,3605.112785914,0.10528287072027068,0.003782812600786469,0.003787187379387588,613,0.12887438825448613,0.33533449140226007
