seed,dimension,time,fw_time,primal,dual_gap,smallest_dual_gap,iterations,average_iter,std_iter
3,500,371.844417463,371.754186631,0.22149879236356737,1.0926498055646716e-7,9.982867577723598e-8,1397,NaN,NaN
