seed,dimension,time,fw_time,primal,dual_gap,smallest_dual_gap,iterations,average_iter,std_iter
2,1000,2460.180435915,2459.920089979,0.16825933480071945,1.027642737398693e-7,9.786338633216429e-8,2101,NaN,NaN
