seed,dimension,time,fw_time,primal,dual_gap,smallest_dual_gap,iterations
2,2500,3610.848090164,3610.034265377,0.12277620252499245,0.00883345371336404,0.009143930761482823,401
