seed,dimension,time,fw_time,primal,dual_gap,smallest_dual_gap,iterations
2,2000,3609.58039538,3609.005308731,0.12963050351002944,0.0049350687313587036,0.0049049694333093,480
