seed,dimension,time,fw_time,primal,dual_gap,smallest_dual_gap,iterations
1,1000,3603.360845612,3602.740258024,0.16819909145915474,0.0015927052725929966,0.0016012759002178543,2185
