seed,dimension,time,fw_time,primal,dual_gap,smallest_dual_gap,iterations,average_iter,std_iter
2,4500,3617.132470711,3615.216395473,0.09752103471687176,0.010186110315302484,0.010438806512356567,282,0.10283687943262411,0.3042857016746074
