seed,dimension,time,fw_time,primal,dual_gap,smallest_dual_gap,iterations
2,500,1037.600391783,1037.518171713,0.2226146889158172,9.983962127174673e-8,9.840180682785249e-8,1767
