seed,dimension,time,fw_time,primal,dual_gap,smallest_dual_gap,iterations
4,4000,3615.545950723,3614.420279818,0.10165405953339605,0.010376661915457306,0.010519629258153078,281
