seed,dimension,time,fw_time,primal,dual_gap,smallest_dual_gap,iterations,average_iter,std_iter
3,2500,3609.680683822,3608.796559226,0.12116905429501146,0.0026064717721813353,0.002676528403916207,722,0.13573407202216067,0.3427434007450318
