seed,dimension,time,fw_time,primal,dual_gap,smallest_dual_gap,iterations
4,400,3600.271241517,3600.202757922,0.24643448665105186,2.9182705527971975e-5,3.242376380982459e-5,33099
