seed,dimension,time,fw_time,primal,dual_gap,smallest_dual_gap,iterations
5,10000,3674.784386859,3670.726816984,Inf,0.8504979747706343,0.8538595191504176,65
