seed,dimension,time,fw_time,primal,dual_gap,smallest_dual_gap,iterations
2,1000,3603.436802744,3602.951371494,0.16825933483781963,7.948220385294025e-7,7.471424925062364e-7,1391
