seed,dimension,time,fw_time,primal,dual_gap,smallest_dual_gap,iterations
3,4000,3612.387778264,3611.395620682,0.10155851195698284,0.010735295913868539,0.010904490248134651,307
