seed,dimension,time,fw_time,primal,dual_gap,smallest_dual_gap,iterations
3,3500,3609.062157361,3608.044944157,0.10673559965318015,0.009066928516130435,0.008993509635605433,342
