seed,dimension,time,fw_time,primal,dual_gap,smallest_dual_gap,iterations
2,1500,3619.756462184,3618.758900377,0.14599381471916195,0.013167573146579306,0.01296247404021027,316
