seed,dimension,time,fw_time,primal,dual_gap,smallest_dual_gap,iterations,average_iter,std_iter
1,3500,3607.506233481,3606.50058572,0.10539877737107452,0.003339097156411057,0.0033401557226753822,616,0.1331168831168831,0.33997708096931417
