seed,dimension,time,fw_time,primal,dual_gap,smallest_dual_gap,iterations
2,1500,3604.33065764,3603.641715441,0.14413059383752086,0.001963633142977036,0.00208966980887082,1925
