seed,dimension,time,fw_time,primal,dual_gap,smallest_dual_gap,iterations
5,1000,3602.035300318,3601.740442346,0.1682788279961942,3.002061219829766e-6,2.7005754408039595e-6,1416
