seed,dimension,time,fw_time,primal,dual_gap,smallest_dual_gap,iterations
2,3000,3608.634304025,3607.762523315,0.11018727102729806,0.0022884091453778434,0.0022918153211336258,803
