seed,dimension,time,fw_time,primal,dual_gap,smallest_dual_gap,iterations
1,1500,3608.85485145,3608.169530037,0.14474311331864767,0.005470126621065555,0.0054375970120779035,480
