seed,dimension,time,fw_time,primal,dual_gap,smallest_dual_gap,iterations
4,1500,3605.837936462,3605.162517161,0.14439598313522659,0.0036877733703355904,0.0037185383965288796,486
