seed,dimension,time,fw_time,primal,dual_gap,smallest_dual_gap,iterations
2,2500,3609.244397945,3608.404735405,0.12292530678552917,0.010403565739950788,0.010312198446353265,418
