seed,dimension,time,fw_time,primal,dual_gap,smallest_dual_gap,iterations,average_iter,std_iter
1,5000,3614.152339377,3611.824323674,0.0925708207440337,0.011168290824477189,0.011488776241154814,258,NaN,NaN
