seed,dimension,time,fw_time,primal,dual_gap,smallest_dual_gap,iterations
2,3000,3612.69661078,3611.925399981,0.11163562925282156,0.008493545850417502,0.008498074460972165,362
