seed,dimension,time,fw_time,primal,dual_gap,smallest_dual_gap,iterations,average_iter,std_iter
3,4000,3606.096252086,3605.044433482,0.0999096745862155,0.00482271505024361,0.005001601202366271,520,0.12692307692307692,0.3332073275992764
