seed,dimension,time,fw_time,primal,dual_gap,smallest_dual_gap,iterations
3,3000,3607.25898205,3606.520638352,0.11167746645663512,0.009173731463270426,0.009607426344720706,363
