seed,dimension,time,fw_time,primal,dual_gap,smallest_dual_gap,iterations
5,2000,3605.380794666,3604.62709892,0.12962980075614547,0.005903798695179582,0.005903981680575331,430
