seed,dimension,time,fw_time,primal,dual_gap,smallest_dual_gap,iterations
1,1000,3604.452388459,3604.037379104,0.1681732414804843,9.78488789356996e-6,1.0183643974970985e-5,1328
