seed,dimension,time,fw_time,primal,dual_gap,smallest_dual_gap,iterations
3,2000,3604.627394184,3603.898611014,0.1294761993523816,0.005143818453880945,0.004978545065774404,474
