seed,dimension,time,fw_time,primal,dual_gap,smallest_dual_gap,iterations,average_iter,std_iter
4,1000,3482.560757217,3482.251926934,0.16884738588084386,9.630813319408404e-8,9.668766793452521e-8,2508,0.14792663476874005,0.35509804625967484
