seed,dimension,time,fw_time,primal,dual_gap,smallest_dual_gap,iterations
1,800,3600.809454402,3600.612260388,0.18602927753027995,0.00019289264297171066,0.00019292965236163834,14724
