seed,dimension,time,fw_time,primal,dual_gap,smallest_dual_gap,iterations,average_iter,std_iter
2,2500,3608.336721062,3607.515545388,0.12135609433730997,0.0027493921178515374,0.002754492094509238,752,NaN,NaN
