seed,dimension,time,fw_time,primal,dual_gap,smallest_dual_gap,iterations
4,1000,3604.324389698,3603.999087009,0.1688473898855205,7.141806345704188e-6,7.068062717149881e-6,1318
