seed,dimension,time,fw_time,primal,dual_gap,smallest_dual_gap,iterations
5,3000,3612.757358981,3611.761545856,0.11150448551318905,0.009273594159934142,0.009552872553621913,396
