seed,dimension,time,fw_time,primal,dual_gap,smallest_dual_gap,iterations
1,2500,3612.146092576,3611.317543522,0.12204149411958154,0.006428384891932395,0.006426910349074808,413
