seed,dimension,time,fw_time,primal,dual_gap,smallest_dual_gap,iterations
2,1500,3605.345884714,3604.576659662,0.1443169853078405,0.0034669454455914968,0.0034643467631869894,532
