seed,dimension,time,fw_time,primal,dual_gap,smallest_dual_gap,iterations,average_iter,std_iter
5,3500,3608.718700747,3607.622765184,0.1054693189484901,0.0038165202191346656,0.0038054459750532996,608,0.13157894736842105,0.3383107668640704
