seed,dimension,time,fw_time,primal,dual_gap,smallest_dual_gap,iterations
1,600,266.546527163,266.42494543,0.20496248457007601,9.751388829748464e-8,9.979454702185864e-8,896
