seed,dimension,time,fw_time,primal,dual_gap,smallest_dual_gap,iterations
3,1000,2160.354430319,2159.955908053,0.16867191808360918,9.805792675066094e-8,9.974096511211616e-8,1828
