seed,dimension,time,fw_time,primal,dual_gap,smallest_dual_gap,iterations
5,1500,3610.156339934,3609.467107642,0.1442850256182445,0.0044179884371988234,0.004491039236502275,478
