seed,dimension,time,fw_time,primal,dual_gap,smallest_dual_gap,iterations
1,3000,3607.273042977,3606.295121455,0.1114137530001569,0.007598207813441272,0.00760442137361227,391
