seed,dimension,time,fw_time,primal,dual_gap,smallest_dual_gap,iterations,average_iter,std_iter
2,2500,3606.760620933,3605.971970135,0.12137907444369057,0.0030474697860303525,0.0030088371955226817,738,0.12059620596205962,0.32587828860099777
