seed,dimension,time,fw_time,primal,dual_gap,smallest_dual_gap,iterations
2,1500,3609.932538995,3609.197084504,0.14441136156692766,0.003973181745516887,0.003978908787363622,481
