seed,dimension,time,fw_time,primal,dual_gap,smallest_dual_gap,iterations
1,200,3600.121656924,3600.057534006,0.30981549278341736,2.3514041989913803e-7,2.1782264367220527e-7,4340829
