seed,dimension,time,fw_time,primal,dual_gap,smallest_dual_gap,iterations
2,5000,3615.725340826,3613.444798456,0.09615660690031591,0.03220253897211137,0.03177723112350311,131
