seed,dimension,time,fw_time,primal,dual_gap,smallest_dual_gap,iterations
2,3000,3613.290944509,3612.385903647,0.11165089529258088,0.007901465632706373,0.00817487892775845,401
