seed,dimension,time,fw_time,primal,dual_gap,smallest_dual_gap,iterations
1,2000,3608.244457196,3607.489168408,0.12949181135638368,0.004541491749420718,0.004530657470437613,490
