seed,dimension,time,fw_time,primal,dual_gap,smallest_dual_gap,iterations
2,10000,3623.988926796,3619.841048369,Inf,4.459272458382197,4.459684971988123,74
