seed,dimension,time,fw_time,primal,dual_gap,smallest_dual_gap,iterations
3,4000,3610.475208715,3609.417219969,0.09959024007552583,0.0037321623290107984,0.0037847675583316392,633
