seed,dimension,time,fw_time,primal,dual_gap,smallest_dual_gap,iterations
2,800,652.237579368,651.951961432,0.18664422840588776,9.923410210221917e-8,9.845695154303558e-8,1435
