seed,dimension,time,fw_time,primal,dual_gap,smallest_dual_gap,iterations,average_iter,std_iter
3,5000,3612.664416363,3610.273252507,0.09256328783049758,0.011307392141566772,0.011378093325191262,252,0.09126984126984126,0.2885655804600915
