seed,dimension,time,fw_time,primal,dual_gap,smallest_dual_gap,iterations
2,500,3600.346560368,3600.221279482,0.22261472434072208,8.898151588173503e-5,9.858061230336862e-5,26371
