seed,dimension,time,fw_time,primal,dual_gap,smallest_dual_gap,iterations
2,700,395.395494177,395.172719806,0.19441968828377726,1.0245602741904003e-7,9.792931514318592e-8,1191
