seed,dimension,time,fw_time,primal,dual_gap,smallest_dual_gap,iterations
1,5000,3620.872369151,3618.403169462,0.09689546220912082,0.035472392040805864,0.03544124843197817,145
