seed,dimension,time,fw_time,primal,dual_gap,smallest_dual_gap,iterations
5,500,304.818538025,304.733270731,0.22162919018784438,9.32315779231252e-8,9.627144561402678e-8,1122
