seed,dimension,time,fw_time,primal,dual_gap,smallest_dual_gap,iterations
4,500,352.030754023,351.941414477,0.22020051067842156,1.059279810811109e-7,9.969170326057375e-8,1184
