seed,dimension,time,fw_time,primal,dual_gap,smallest_dual_gap,iterations
3,5000,3626.09861251,3623.888745516,0.0934338152400234,0.015089013595266584,0.0153061364168917,302
