seed,dimension,time,fw_time,primal,dual_gap,smallest_dual_gap,iterations
5,3500,3612.588705781,3611.587535484,0.10673477201720322,0.007960696470728792,0.008140710923549385,331
