seed,dimension,time,fw_time,primal,dual_gap,smallest_dual_gap,iterations
3,1500,3604.772494801,3604.129245623,0.1438778856352441,0.0037049282428489212,0.0036561471385844965,488
