seed,dimension,time,fw_time,primal,dual_gap,smallest_dual_gap,iterations
2,500,779.008434353,778.950011246,0.22261468891587372,1.012852173382095e-7,9.707696257965637e-8,1411
