seed,dimension,time,fw_time,primal,dual_gap,smallest_dual_gap,iterations
4,3000,3604.156271196,3603.316007232,0.11130923836745825,0.007861566018362302,0.007893645222368129,361
