seed,dimension,time,fw_time,primal,dual_gap,smallest_dual_gap,iterations
1,4500,3617.166853262,3614.705758981,0.09620662981908819,0.006905398342471412,0.006749366807791457,587
