seed,dimension,time,fw_time,primal,dual_gap,smallest_dual_gap,iterations
3,500,498.097672821,498.054124203,0.2214987923632986,9.608494862256567e-8,9.590040529749988e-8,1005
