seed,dimension,time,fw_time,primal,dual_gap,smallest_dual_gap,iterations
5,4500,3617.120573329,3614.914118068,0.10436304781921038,0.06416964177609541,0.0644840014457431,150
