seed,dimension,time,fw_time,primal,dual_gap,smallest_dual_gap,iterations,average_iter,std_iter
2,2000,3603.956290773,3603.342755032,0.12914755854720614,0.0013730685364767986,0.0013882103256256835,886,NaN,NaN
