seed,dimension,time,fw_time,primal,dual_gap,smallest_dual_gap,iterations
3,4500,3617.960408789,3615.855962558,0.10070275960619068,0.02468764064311156,0.02478694342149467,158
