seed,dimension,time,fw_time,primal,dual_gap,smallest_dual_gap,iterations
5,600,3600.538357967,3600.372791039,0.20475436481997417,0.00013837568977861925,0.00013934972504490994,23922
