seed,dimension,time,fw_time,primal,dual_gap,smallest_dual_gap,iterations,average_iter,std_iter
1,500,355.504428854,355.262195844,0.22024087367502507,1.0281925864885633e-7,9.998100245628416e-8,1429,NaN,NaN
