seed,dimension,time,fw_time,primal,dual_gap,smallest_dual_gap,iterations
3,2000,3607.707717073,3606.919258281,0.12951415694615068,0.005347797353101678,0.005324002821293073,445
