seed,dimension,time,fw_time,primal,dual_gap,smallest_dual_gap,iterations
5,4500,3625.283359444,3623.411320808,0.10462016146452217,0.06875303320675262,0.06952104416900765,149
