seed,dimension,time,fw_time,primal,dual_gap,smallest_dual_gap,iterations
5,1500,3610.411309466,3609.383858796,0.14511788491674824,0.00938848677201138,0.009500534910470707,404
