seed,dimension,time,fw_time,primal,dual_gap,smallest_dual_gap,iterations
4,4500,3635.219096462,3633.154273206,0.09960489662957664,0.01937033495738788,0.019239058952376896,141
