seed,dimension,time,fw_time,primal,dual_gap,smallest_dual_gap,iterations
4,4500,3619.555050133,3617.445265939,0.1051807999110769,0.07217323690773517,0.07217086280791246,163
