seed,dimension,time,fw_time,primal,dual_gap,smallest_dual_gap,iterations
1,4000,3620.26296412,3618.985895467,0.1049949278784625,0.02498220443823332,0.024859359650005262,160
