seed,dimension,time,fw_time,primal,dual_gap,smallest_dual_gap,iterations
3,4000,3606.973697104,3606.012386224,0.0994607077615306,0.0032963429755706666,0.00329385273421149,1171
