seed,dimension,time,fw_time,primal,dual_gap,smallest_dual_gap,iterations
3,1500,3604.128664791,3603.397219983,0.14378038691922349,0.003102342555357053,0.003176004389945357,500
