seed,dimension,time,fw_time,primal,dual_gap,smallest_dual_gap,iterations
3,900,1024.037314024,1023.682171522,0.18113521134400978,1.0214110243711438e-7,9.804553159631357e-8,1724
