seed,dimension,time,fw_time,primal,dual_gap,smallest_dual_gap,iterations
4,4500,3624.482209546,3621.873581762,0.10194209508306953,0.035323599711260326,0.035096028087906316,146
