seed,dimension,time,fw_time,primal,dual_gap,smallest_dual_gap,iterations
5,3500,3606.643634752,3605.795609879,0.1052599015922164,0.0029561247677619,0.0029598630759826543,724
