seed,dimension,time,fw_time,primal,dual_gap,smallest_dual_gap,iterations
2,600,317.127828167,316.989216577,0.20484037187189416,1.0532767577564606e-7,9.915839404434079e-8,1383
