seed,dimension,time,fw_time,primal,dual_gap,smallest_dual_gap,iterations
1,500,325.686597871,325.589847759,0.22024087367489678,9.682353003387378e-8,9.756094000029636e-8,1160
