seed,dimension,time,fw_time,primal,dual_gap,smallest_dual_gap,iterations
1,2000,3606.479283224,3605.672301835,0.12906456785731976,0.002179043666275693,0.0021790856417535816,1769
