seed,dimension,time,fw_time,primal,dual_gap,smallest_dual_gap,iterations
3,3000,3610.944149451,3610.045083417,0.11119727917911763,0.007870122766060528,0.007958356746844926,362
