seed,dimension,time,fw_time,primal,dual_gap,smallest_dual_gap,iterations,average_iter,std_iter
2,4000,3608.002263336,3606.805399425,0.10005749922367206,0.004728808739600878,0.004694582784864568,520,0.12692307692307692,0.33320732759927635
