seed,dimension,time,fw_time,primal,dual_gap,smallest_dual_gap,iterations
2,3500,3609.105637078,3607.379721334,0.10564281712848261,0.004472477652749721,0.004493702342580074,892
