seed,dimension,time,fw_time,primal,dual_gap,smallest_dual_gap,iterations
2,500,3600.271039514,3600.19004829,0.2226147239168041,9.842467108593655e-5,8.913655316893088e-5,27254
