seed,dimension,time,fw_time,primal,dual_gap,smallest_dual_gap,iterations,average_iter,std_iter
1,500,403.480501991,403.203787058,0.22024087367501066,1.0109552966985902e-7,9.913865725574844e-8,1418,0.14386459802538787,0.35107619803436874
