seed,dimension,time,fw_time,primal,dual_gap,smallest_dual_gap,iterations
4,3000,3607.781765934,3606.778018078,0.11132549177736066,0.007890518953665902,0.007888767295899834,359
