seed,dimension,time,fw_time,primal,dual_gap,smallest_dual_gap,iterations
4,600,3600.442420031,3600.265271227,0.20422783040594997,3.9068820394748405e-5,3.6168540348532896e-5,25060
