seed,dimension,time,fw_time,primal,dual_gap,smallest_dual_gap,iterations
5,2500,3604.558083965,3603.786725233,0.12112018948222282,0.002545031502580137,0.0025683582606140093,1543
