seed,dimension,time,fw_time,primal,dual_gap,smallest_dual_gap,iterations
3,5000,3639.466626335,3636.867008054,0.1010109408980001,0.10257637290481866,0.10983833943137118,147
