seed,dimension,time,fw_time,primal,dual_gap,smallest_dual_gap,iterations
1,1500,3605.013551266,3604.352273237,0.14476708349967918,0.005924413912445511,0.0059391888958806455,515
