seed,dimension,time,fw_time,primal,dual_gap,smallest_dual_gap,iterations
1,4000,3611.728335743,3610.702813052,0.10185458388604059,0.011808227753641796,0.011806578698853761,307
