seed,dimension,time,fw_time,primal,dual_gap,smallest_dual_gap,iterations
4,400,192.927156658,192.822688504,0.24643447303152186,9.445489430187637e-8,9.70380797174486e-8,1012
