seed,dimension,time,fw_time,primal,dual_gap,smallest_dual_gap,iterations
2,5000,3636.039260301,3633.995291937,0.09628301738475473,0.032847979468663524,0.03385355464147274,130
