seed,dimension,time,fw_time,primal,dual_gap,smallest_dual_gap,iterations
5,4000,3613.004396592,3612.065852928,0.10164245021007952,0.010778953980474914,0.010643392414578134,278
