seed,dimension,time,fw_time,primal,dual_gap,smallest_dual_gap,iterations
4,500,794.800427641,794.734022004,0.22020051067849647,9.368754570054927e-8,9.293661371034823e-8,1258
