seed,dimension,time,fw_time,primal,dual_gap,smallest_dual_gap,iterations
4,900,1486.95330825,1486.50717703,0.18112472418822387,9.443956889426675e-8,9.733300389280775e-8,1428
