seed,dimension,time,fw_time,primal,dual_gap,smallest_dual_gap,iterations
3,700,3602.826656567,3602.389756801,0.1929065284966267,0.0010043433778278293,0.0010099855359523777,3402
