seed,dimension,time,fw_time,primal,dual_gap,smallest_dual_gap,iterations,average_iter,std_iter
5,3500,3608.471530576,3607.432653559,0.1055253798713637,0.004198622635069552,0.004163910316835797,607,NaN,NaN
