seed,dimension,time,fw_time,primal,dual_gap,smallest_dual_gap,iterations
5,300,3600.227391942,3600.162909271,0.26873878149460306,1.575236849697681e-5,1.7286969895904947e-5,60824
