seed,dimension,time,fw_time,primal,dual_gap,smallest_dual_gap,iterations
1,5000,3612.744401777,3610.424342556,0.09691869205190806,0.03544124843197756,0.03547873209837094,144
