seed,dimension,time,fw_time,primal,dual_gap,smallest_dual_gap,iterations
4,3500,3612.101719398,3611.146120428,0.10739906356535173,0.010481115291259266,0.010772480795373365,381
