seed,dimension,time,fw_time,primal,dual_gap,smallest_dual_gap,iterations
5,4500,3627.846564261,3625.909503616,0.10378540479745217,0.05240772342082658,0.054557037965384365,162
