seed,dimension,time,fw_time,primal,dual_gap,smallest_dual_gap,iterations
4,1500,3604.341566829,3603.688628367,0.14412357253459118,0.0017517896346497981,0.001797326516254253,1915
