seed,dimension,time,fw_time,primal,dual_gap,smallest_dual_gap,iterations
5,5000,3615.459530786,3612.936134091,0.09085658110478922,0.0072696365330791515,0.007238338301347912,527
