seed,dimension,time,fw_time,primal,dual_gap,smallest_dual_gap,iterations
1,600,3600.498278666,3600.305388451,0.20496252790986177,8.429597095507141e-5,8.135021607778153e-5,22798
