seed,dimension,time,fw_time,primal,dual_gap,smallest_dual_gap,iterations
1,1500,3609.588582443,3608.819564679,0.1445280679199565,0.004377422997911162,0.004456236269297871,475
