seed,dimension,time,fw_time,primal,dual_gap,smallest_dual_gap,iterations
2,400,266.758983706,266.654285526,0.24897259539564806,9.280557754925978e-8,9.388761999795658e-8,1366
