seed,dimension,time,fw_time,primal,dual_gap,smallest_dual_gap,iterations
4,1500,3606.783215001,3606.163331314,0.14439103818852286,0.0037307127431451606,0.0037358596582502263,489
