seed,dimension,time,fw_time,primal,dual_gap,smallest_dual_gap,iterations
1,2500,3612.512261913,3611.671618206,0.1220491161405825,0.006646909989429482,0.006600573138832038,384
