seed,dimension,time,fw_time,primal,dual_gap,smallest_dual_gap,iterations
3,4500,3613.163236927,3610.921482166,0.09621662639342975,0.006718194031046301,0.0066088902728578276,589
