seed,dimension,time,fw_time,primal,dual_gap,smallest_dual_gap,iterations
4,2000,3603.676962565,3603.013669005,0.12948961508446166,0.005337208614041904,0.005685529141009119,492
