seed,dimension,time,fw_time,primal,dual_gap,smallest_dual_gap,iterations
5,5000,3652.452316962,3650.10091057,0.09374164658092557,0.018762231782313062,0.019122031234387677,70
