seed,dimension,time,fw_time,primal,dual_gap,smallest_dual_gap,iterations
5,2500,3604.060599851,3603.05585129,0.12168298339954522,0.005409424538839063,0.005410484382804472,256
