seed,dimension,time,fw_time,primal,dual_gap,smallest_dual_gap,iterations
5,300,121.703420523,121.678780543,0.2687387783454676,6.599758140685141e-8,9.429929685028648e-8,474
