seed,dimension,time,fw_time,primal,dual_gap,smallest_dual_gap,iterations
5,3000,3610.916785748,3610.085699592,0.11060898557603491,0.0058033497930026455,0.0064131144693177836,240
