seed,dimension,time,fw_time,primal,dual_gap,smallest_dual_gap,iterations
1,2500,3622.540390422,3620.664431779,0.12369885692456951,0.014053983468944532,0.014289171053180196,99
