seed,dimension,time,fw_time,primal,dual_gap,smallest_dual_gap,iterations
2,500,524.418829026,524.309493778,0.2226146889151832,9.324700871865543e-8,9.80307206174813e-8,857
