seed,dimension,time,fw_time,primal,dual_gap,smallest_dual_gap,iterations
2,500,900.782958406,900.638125866,0.22261468891540637,9.500373069487589e-8,9.478828074532819e-8,987
