seed,dimension,time,fw_time,primal,dual_gap,smallest_dual_gap,iterations
5,5000,3648.025730629,3645.467572757,0.09385677494604854,0.01930446572698308,0.02002432222716455,68
