seed,dimension,time,fw_time,primal,dual_gap,smallest_dual_gap,iterations
3,2000,3609.996792706,3609.24263191,0.12921216828849505,0.0037824218275382578,0.0037052761674533814,301
