seed,dimension,time,fw_time,primal,dual_gap,smallest_dual_gap,iterations
5,2000,3611.716250798,3611.053260368,0.1292199728907996,0.003971817483032415,0.003958687650511678,318
