seed,dimension,time,fw_time,primal,dual_gap,smallest_dual_gap,iterations
3,500,634.736259933,634.59410577,0.22149879236326941,9.643999113878587e-8,9.872618422779311e-8,679
