seed,dimension,time,fw_time,primal,dual_gap,smallest_dual_gap,iterations
4,2500,3613.913909964,3612.922723347,0.12138720912937877,0.0056530424147669955,0.0056902294818187114,250
