seed,dimension,time,fw_time,primal,dual_gap,smallest_dual_gap,iterations
1,4000,3620.393217872,3619.350193342,0.10074595311731377,0.008892823474969721,0.008985312992628263,178
