seed,dimension,time,fw_time,primal,dual_gap,smallest_dual_gap,iterations
2,800,1124.441439461,1124.071238095,0.18664422840536074,1.2358413880447783e-7,9.747518562447377e-8,1006
