seed,dimension,time,fw_time,primal,dual_gap,smallest_dual_gap,iterations
1,2000,3605.131961206,3604.306147539,0.12903719303665173,0.0020739577582544917,0.0020676546446178126,674
