seed,dimension,time,fw_time,primal,dual_gap,smallest_dual_gap,iterations
5,1500,3606.338380096,3605.694355212,0.14393094521917174,0.0011047296122310667,0.0011148094363832468,755
