seed,dimension,time,fw_time,primal,dual_gap,smallest_dual_gap,iterations
2,400,290.031001244,289.922418727,0.24897259539518402,9.362008637076036e-8,9.980690544864057e-8,718
