seed,dimension,time,fw_time,primal,dual_gap,smallest_dual_gap,iterations
4,3000,3619.424190799,3618.58353892,0.11052547018335292,0.005531357616345732,0.005665522191237105,243
