seed,dimension,time,fw_time,primal,dual_gap,smallest_dual_gap,iterations
1,2000,3616.392216935,3615.045400046,0.1304501596923885,0.009833232159840988,0.010138145815158227,149
