seed,dimension,time,fw_time,primal,dual_gap,smallest_dual_gap,iterations
2,1500,3605.440334707,3604.812288854,0.14430028908473197,0.003197739316772214,0.003238231327781397,343
