seed,dimension,time,fw_time,primal,dual_gap,smallest_dual_gap,iterations
2,1500,3605.825470254,3605.112335873,0.1441020236888084,0.001289652698939523,0.0013076941370058354,716
