seed,dimension,time,fw_time,primal,dual_gap,smallest_dual_gap,iterations
4,600,444.366287301,444.188825509,0.20422779833904753,1.3210049589623685e-7,9.121117696547776e-8,812
