seed,dimension,time,fw_time,primal,dual_gap,smallest_dual_gap,iterations
4,4000,3613.731388102,3612.697890826,0.10073814278859244,0.007774263596351149,0.00815809020660289,175
