seed,dimension,time,fw_time,primal,dual_gap,smallest_dual_gap,iterations
1,4000,3652.320363075,3649.367991925,0.10445194561486201,0.025948231325566076,0.025905918278328586,56
