seed,dimension,time,fw_time,primal,dual_gap,smallest_dual_gap,iterations
1,1500,3607.433846444,3606.746202005,0.14417029349067478,0.001148031452459921,0.001255007921750033,715
