seed,dimension,time,fw_time,primal,dual_gap,smallest_dual_gap,iterations
2,4000,3608.743251896,3607.352903806,0.10076171906793169,0.0074423919675540885,0.007827509581521206,187
