seed,dimension,time,fw_time,primal,dual_gap,smallest_dual_gap,iterations
5,4500,3610.922956967,3608.909426295,0.09877299503515202,0.018092223502692094,0.017793388800755823,79
