seed,dimension,time,fw_time,primal,dual_gap,smallest_dual_gap,iterations
3,2000,3608.26279816,3607.491233302,0.1292050895145928,0.0038810753792160382,0.0038990618577008675,302
