seed,dimension,time,fw_time,primal,dual_gap,smallest_dual_gap,iterations
3,1000,3602.632029749,3602.272372204,0.16867191811297322,1.560411703939446e-6,1.5691157500656583e-6,1129
