seed,dimension,time,fw_time,primal,dual_gap,smallest_dual_gap,iterations
5,800,914.842802782,914.52294409,0.18644865388136364,1.0893424005203878e-7,9.74124614999683e-8,991
