seed,dimension,time,fw_time,primal,dual_gap,smallest_dual_gap,iterations
3,1000,2188.657165399,2188.268261376,0.16867191808288065,9.687710225345092e-8,9.907034751593935e-8,1266
