seed,dimension,time,fw_time,primal,dual_gap,smallest_dual_gap,iterations
2,3500,3605.562842155,3604.507086981,0.1062706560869139,0.006684649189831835,0.006699694415961289,216
