seed,dimension,time,fw_time,primal,dual_gap,smallest_dual_gap,iterations
2,1500,3615.429846809,3614.712296471,0.14428236293807778,0.0031095285652185667,0.0030562477682268656,345
