seed,dimension,time,fw_time,primal,dual_gap,smallest_dual_gap,iterations
2,500,979.756472501,979.705964066,0.22261468891552913,1.1753719249968375e-7,9.870119980354142e-8,970
