seed,dimension,time,fw_time,primal,dual_gap,smallest_dual_gap,iterations
3,5000,3618.276379953,3615.932102919,0.09413173628363734,0.019798453888104212,0.020679131892491397,70
