seed,dimension,time,fw_time,primal,dual_gap,smallest_dual_gap,iterations
4,1500,3610.256318121,3609.637878004,0.14423415217307298,0.002848671539540708,0.002842376999857496,341
