seed,dimension,time,fw_time,primal,dual_gap,smallest_dual_gap,iterations
4,3500,3615.504071049,3614.520550618,0.10606660684706477,0.007104887510532752,0.007257770954725459,216
