seed,dimension,time,fw_time,primal,dual_gap,smallest_dual_gap,iterations
4,3500,3611.533307202,3610.655481481,0.10611756617841163,0.007355021598749081,0.007395983252878543,210
