seed,dimension,time,fw_time,primal,dual_gap,smallest_dual_gap,iterations
5,1000,2339.96647907,2339.606086187,0.16827882742773387,1.1158267472499706e-7,9.428754200319078e-8,1241
