seed,dimension,time,fw_time,primal,dual_gap,smallest_dual_gap,iterations
3,400,244.60295675,244.550369981,0.24800209638746726,1.0682607820555745e-7,8.425543241569189e-8,660
