seed,dimension,time,fw_time,primal,dual_gap,smallest_dual_gap,iterations
2,4000,3641.612670228,3638.8544566,0.10452867466579506,0.02549806538739602,0.026804824438443297,54
