seed,dimension,time,fw_time,primal,dual_gap,smallest_dual_gap,iterations
1,1000,3605.194374151,3604.761632595,0.16817323302423678,1.6673446187227825e-6,1.7373344863222395e-6,973
