seed,dimension,time,fw_time,primal,dual_gap,smallest_dual_gap,iterations
1,500,836.072492793,835.849815844,0.22024087367484146,9.703686291301361e-8,9.671330215843543e-8,785
