seed,dimension,time,fw_time,primal,dual_gap,smallest_dual_gap,iterations
1,1000,2396.44900248,2396.143936982,0.16817323281910992,1.19202752967007e-7,9.555860824156381e-8,1225
