seed,dimension,time,fw_time,primal,dual_gap,smallest_dual_gap,iterations
3,1500,3605.40042052,3604.805864609,0.14370516426935373,0.002181914569184998,0.0024595302978690087,344
