seed,dimension,time,fw_time,primal,dual_gap,smallest_dual_gap,iterations
1,3000,3613.188846601,3612.216480847,0.11085095832465695,0.00566681957610839,0.005601451083030871,243
