seed,dimension,time,fw_time,primal,dual_gap,smallest_dual_gap,iterations
4,2000,3606.2842838,3605.445165865,0.1291859112832131,0.004058239356638155,0.004058374892384045,302
