seed,dimension,time,fw_time,primal,dual_gap,smallest_dual_gap,iterations
5,5000,3618.988529097,3616.392543421,0.09403814079923872,0.02159838074975154,0.021404530309929087,66
