seed,dimension,time,fw_time,primal,dual_gap,smallest_dual_gap,iterations
2,2000,3609.791986858,3609.122559336,0.12944776532091753,0.0040740649842525845,0.004062556589273122,302
