seed,dimension,time,fw_time,primal,dual_gap,smallest_dual_gap,iterations
5,4500,3629.025860075,3627.085729045,0.09879686053402771,0.017793388800755875,0.01829504290740365,78
