seed,dimension,time,fw_time,primal,dual_gap,smallest_dual_gap,iterations
1,900,1447.992994088,1447.666780497,0.18143370285484933,9.808769281527407e-8,9.974615565455647e-8,1134
