seed,dimension,time,fw_time,primal,dual_gap,smallest_dual_gap,iterations
1,3500,3611.802697817,3610.781816232,0.10611613805242993,0.007059089825875109,0.007091114151409242,221
