seed,dimension,time,fw_time,primal,dual_gap,smallest_dual_gap,iterations
5,3500,3606.101097583,3605.192677034,0.10627589391280585,0.007187609478504914,0.007195241814858852,213
