seed,dimension,time,fw_time,primal,dual_gap,smallest_dual_gap,iterations
1,3000,3606.524394219,3605.529484225,0.11089508246796216,0.00599637362723315,0.005847376868942149,237
