seed,dimension,time,fw_time,primal,dual_gap,smallest_dual_gap,iterations
1,1500,3632.773956401,3631.544576884,0.1452297179202264,0.008340390480316286,0.008263177130007234,173
