seed,dimension,time,fw_time,primal,dual_gap,smallest_dual_gap,iterations
3,2500,3609.89489506,3609.094158327,0.12176120471585121,0.0057106553020530686,0.00569138627581342,252
