seed,dimension,time,fw_time,primal,dual_gap,smallest_dual_gap,iterations
4,1000,1540.757362111,1540.354931508,0.16884738587991235,9.74647570289866e-8,9.69380701577871e-8,1141
