seed,dimension,time,fw_time,primal,dual_gap,smallest_dual_gap,iterations
1,800,876.220960711,875.882094495,0.18602914147957209,8.987277896194135e-8,9.250692134532557e-8,1026
