seed,dimension,time,fw_time,primal,dual_gap,smallest_dual_gap,iterations
1,3000,3607.594473811,3606.476557303,0.11095661354773,0.006229047332726629,0.006137713701713933,232
