seed,dimension,time,fw_time,primal,dual_gap,smallest_dual_gap,iterations
2,1000,3603.516294874,3603.227504411,0.1682593348048622,2.848641742318747e-7,2.940131581113947e-7,996
