seed,dimension,time,fw_time,primal,dual_gap,smallest_dual_gap,iterations
5,1000,3437.28447725,3437.088516058,0.16827882742815398,1.0957947882764274e-7,9.890923225591708e-8,1371
