seed,dimension,time,fw_time,primal,dual_gap,smallest_dual_gap,iterations
3,3500,3615.03350953,3614.07983644,0.10612221685514357,0.0064638272881986925,0.0067036557833201615,224
