seed,dimension,time,fw_time,primal,dual_gap,smallest_dual_gap,iterations
3,3500,3608.724777842,3607.831234047,0.10618887976967344,0.0065862624135663884,0.006609963225872803,217
