seed,dimension,time,fw_time,primal,dual_gap,smallest_dual_gap,iterations
4,400,259.12716804,259.082636901,0.2464344730312598,9.492298051055892e-8,9.92928951004668e-8,642
