seed,dimension,time,fw_time,primal,dual_gap,smallest_dual_gap,iterations
4,1500,3603.854080082,3603.200743229,0.14409560040859942,0.0011084964902222834,0.0011749795677741398,742
