seed,dimension,time,fw_time,primal,dual_gap,smallest_dual_gap,iterations
3,900,1403.488180898,1403.075982982,0.18113521134340246,9.784693909969944e-8,9.52106071899772e-8,1174
