seed,dimension,time,fw_time,primal,dual_gap,smallest_dual_gap,iterations
2,700,625.113578216,624.631863102,0.19441968828340067,9.958174639057571e-8,9.926722962377843e-8,880
