seed,dimension,time,fw_time,primal,dual_gap,smallest_dual_gap,iterations
5,2500,3617.572424035,3616.758083872,0.12161597044627973,0.004925107431698918,0.005058451668486744,269
