seed,dimension,time,fw_time,primal,dual_gap,smallest_dual_gap,iterations
5,700,722.507449554,722.243942664,0.19420782774482842,9.285509226797384e-8,9.412614893067328e-8,938
