seed,dimension,time,fw_time,primal,dual_gap,smallest_dual_gap,iterations
1,700,651.823100392,651.449423577,0.1939813463493913,9.658305872434214e-8,9.660161400665279e-8,971
