seed,dimension,time,fw_time,primal,dual_gap,smallest_dual_gap,iterations
1,1000,3604.256465581,3603.913526855,0.16817323314740162,2.1654270645661555e-6,2.064955833373794e-6,1011
