seed,dimension,time,fw_time,primal,dual_gap,smallest_dual_gap,iterations
2,4500,3640.419028782,3638.424841401,0.09905169576215839,0.018988709665539276,0.01898873867945803,77
