seed,dimension,time,fw_time,primal,dual_gap,smallest_dual_gap,iterations
5,700,582.886055968,582.640465692,0.19420782774482842,9.285509226797384e-8,9.412614893067328e-8,938
