seed,dimension,time,fw_time,primal,dual_gap,smallest_dual_gap,iterations
3,1000,3602.980585462,3602.747767976,0.16867191816475852,1.5453002777908453e-6,1.544521481794403e-6,1058
