seed,dimension,time,fw_time,primal,dual_gap,smallest_dual_gap,iterations
3,4000,3662.290408151,3659.556325319,0.10451640354464932,0.02634348622358332,0.02689882978186651,55
