seed,dimension,time,fw_time,primal,dual_gap,smallest_dual_gap,iterations
1,3500,3631.269023928,3628.848881603,0.10947165018059203,0.0220713294508092,0.021923169614184522,70
