seed,dimension,time,fw_time,primal,dual_gap,smallest_dual_gap,iterations
1,500,665.724580963,665.513915767,0.22024087367484324,1.1065539870513952e-7,9.787883090833782e-8,787
