seed,dimension,time,fw_time,primal,dual_gap,smallest_dual_gap,iterations
2,2500,3613.460391005,3612.701209454,0.12182762632999308,0.005112445978387774,0.005127319819096119,268
