seed,dimension,time,fw_time,primal,dual_gap,smallest_dual_gap,iterations
5,1000,3602.189606019,3601.802104445,0.168278827454858,5.979215353738021e-7,6.04526664487598e-7,1129
