seed,dimension,time,fw_time,primal,dual_gap,smallest_dual_gap,iterations
2,5000,3616.330491003,3613.905500312,0.09417498609512391,0.020978098202329466,0.021590376070562134,67
