seed,dimension,time,fw_time,primal,dual_gap,smallest_dual_gap,iterations
4,3000,3608.440771273,3607.489883312,0.11059461772747087,0.006023546122229679,0.005913291131214055,235
