seed,dimension,time,fw_time,primal,dual_gap,smallest_dual_gap,iterations
2,500,810.864443895,810.81397829,0.22261468891552913,1.1753719249968375e-7,9.870119980354142e-8,970
