seed,dimension,time,fw_time,primal,dual_gap,smallest_dual_gap,iterations
2,5000,3652.085676893,3649.608184386,0.09384009222719226,0.017960671398314053,0.019717086802279245,72
