seed,dimension,time,fw_time,primal,dual_gap,smallest_dual_gap,iterations
3,4500,3637.821410627,3635.631120718,0.09868671704378437,0.016418663950757553,0.017183369512568,82
