seed,dimension,time,fw_time,primal,dual_gap,smallest_dual_gap,iterations
1,2000,3612.440054011,3611.702809572,0.12926305470726673,0.0035759145648559774,0.0035848195653209146,308
