seed,dimension,time,fw_time,primal,dual_gap,smallest_dual_gap,iterations
2,4500,3644.744400369,3642.745513175,0.09889309322652429,0.017630979063871552,0.018053717794783958,80
