seed,dimension,time,fw_time,primal,dual_gap,smallest_dual_gap,iterations
2,3000,3606.528150932,3605.536360648,0.11090849599944493,0.005770494151999577,0.005872664242371525,239
