seed,dimension,time,fw_time,primal,dual_gap,smallest_dual_gap,iterations
2,5000,3634.42449238,3632.191126657,0.0938994184795147,0.019717086802279345,0.019544936666475096,71
