seed,dimension,time,fw_time,primal,dual_gap,smallest_dual_gap,iterations
1,600,364.926555343,364.713148331,0.20496248457000418,9.469850743848429e-8,9.678326508277824e-8,736
