seed,dimension,time,fw_time,primal,dual_gap,smallest_dual_gap,iterations
5,1000,3602.016915284,3601.710549117,0.16827882743247827,2.818216395146511e-7,2.850640589378839e-7,1235
