seed,dimension,time,fw_time,primal,dual_gap,smallest_dual_gap,iterations
1,400,252.834969112,252.810152724,0.24646930198636913,7.657429895724377e-8,8.959751272852312e-8,620
