seed,dimension,time,fw_time,primal,dual_gap,smallest_dual_gap,iterations
5,1500,3609.804465819,3609.152332475,0.14406398852999946,0.0027942378057609282,0.0027676213136212553,335
