seed,dimension,time,fw_time,primal,dual_gap,smallest_dual_gap,iterations
5,500,761.894954294,761.774187057,0.2216291901877312,9.544153166396452e-8,9.781592720525811e-8,738
