seed,dimension,time,fw_time,primal,dual_gap,smallest_dual_gap,iterations
1,1500,3606.548275603,3605.76838624,0.14433011964110193,0.0029546469879710435,0.003022797233282519,329
