seed,dimension,time,fw_time,primal,dual_gap,smallest_dual_gap,iterations
2,100,0.12336429,0.121928051,0.42480324566747185,1.0115512151520623e-7,9.353381867638344e-8,299
