seed,dimension,time,fw_time,primal,dual_gap,smallest_dual_gap,iterations
2,3000,3613.112312781,3612.204195953,0.11094818957318854,0.005953125474263916,0.005969067800264134,236
