seed,dimension,time,fw_time,primal,dual_gap,smallest_dual_gap,iterations
5,2500,3613.659550481,3612.834692492,0.121693999692129,0.005211698175488895,0.005277485906252384,253
