seed,dimension,time,fw_time,primal,dual_gap,smallest_dual_gap,iterations
5,4500,3646.377052373,3644.211312059,0.09899225153369201,0.01919836505541403,0.019522573213249877,75
