seed,dimension,time,fw_time,primal,dual_gap,smallest_dual_gap,iterations
1,3000,3611.544328481,3609.500855813,0.11332187838716483,0.014399119308998922,0.01626065589987244,89
