seed,dimension,time,fw_time,primal,dual_gap,smallest_dual_gap,iterations
5,4000,3657.642193828,3654.572238141,0.10572246265985769,0.03396933305797145,0.03404212214428807,50
