seed,dimension,time,fw_time,primal,dual_gap,smallest_dual_gap,iterations
4,500,779.999023794,779.88206015,0.22020051067833096,9.887831177446404e-8,9.96840207947991e-8,826
