seed,dimension,time,fw_time,primal,dual_gap,smallest_dual_gap,iterations
1,2000,3605.704384563,3604.918929305,0.1292960219460612,0.003638088187339801,0.00370859157597277,298
