seed,dimension,time,fw_time,primal,dual_gap,smallest_dual_gap,iterations
2,1000,1558.210702046,1557.846955644,0.16825933480010535,9.472051660380787e-8,9.911269747628348e-8,1124
