seed,dimension,time,fw_time,primal,dual_gap,smallest_dual_gap,iterations
1,5000,3619.39647403,3617.274787912,0.0940075067718482,0.019404637963849426,0.020028577652902002,69
