seed,dimension,time,fw_time,primal,dual_gap,smallest_dual_gap,iterations
3,2000,3608.574604903,3607.654096842,0.12896716633347374,0.00168473681927701,0.0017078299125824134,681
