seed,dimension,time,fw_time,primal,dual_gap,smallest_dual_gap,iterations
2,400,262.829802234,262.749235418,0.24897259539518402,9.362008637076036e-8,9.980690544864057e-8,718
