seed,dimension,time,fw_time,primal,dual_gap,smallest_dual_gap,iterations
4,4500,3632.267751845,3630.236976183,0.09871029147812005,0.017231357640597078,0.017449311142753422,79
