seed,dimension,time,fw_time,primal,dual_gap,smallest_dual_gap,iterations
5,2000,3603.730416454,3602.971541381,0.12929260833035783,0.0041985072142980626,0.00429474581440711,299
