seed,dimension,time,fw_time,primal,dual_gap,smallest_dual_gap,iterations
2,1000,3520.617108433,3520.310360552,0.1682593348003717,1.0034983485146531e-7,9.952343619015758e-8,1099
