seed,dimension,time,fw_time,primal,dual_gap,smallest_dual_gap,iterations
2,900,1648.472810057,1648.013444789,0.1816502492756145,9.505621356709071e-8,9.792982809397888e-8,1108
