seed,dimension,time,fw_time,primal,dual_gap,smallest_dual_gap,iterations
4,2500,3608.662982397,3607.787306414,0.1213033877121246,0.0054747484386508324,0.005301137173876782,263
