seed,dimension,time,fw_time,primal,dual_gap,smallest_dual_gap,iterations
3,1000,3325.584438565,3325.348462175,0.16867191808333543,9.850759839433176e-8,9.970751442198167e-8,1367
