seed,dimension,time,fw_time,primal,dual_gap,smallest_dual_gap,iterations
4,1500,3603.372719693,3602.778941056,0.14422588521871818,0.0026017466116820265,0.0026112508321084853,345
