seed,dimension,time,fw_time,primal,dual_gap,smallest_dual_gap,iterations
2,3500,3608.559866424,3607.645105961,0.10621303201986104,0.006281949196729496,0.0062670673698189405,224
