seed,dimension,time,fw_time,primal,dual_gap,smallest_dual_gap,iterations
5,300,121.083390903,121.038844368,0.2687387783454676,6.599758140685141e-8,9.429929685028648e-8,474
