seed,dimension,time,fw_time,primal,dual_gap,smallest_dual_gap,iterations
1,500,2250.272458343,2250.022928015,0.22024087367480694,9.973901825277576e-8,9.816849738664146e-8,793
