seed,dimension,time,fw_time,primal,dual_gap,smallest_dual_gap,iterations
3,5000,3637.555000228,3635.360605543,0.09410351211254679,0.019829538807577977,0.019798453888104313,71
