seed,dimension,time,fw_time,primal,dual_gap,smallest_dual_gap,iterations
2,2500,3609.985191292,3609.253961224,0.12190969888098471,0.005783504630448775,0.005788840176585194,255
