seed,dimension,time,fw_time,primal,dual_gap,smallest_dual_gap,iterations
4,2000,3615.158166513,3614.388288406,0.12917721811947816,0.004202734390496007,0.00417593860971948,305
