seed,dimension,time,fw_time,primal,dual_gap,smallest_dual_gap,iterations
2,4000,3613.029969539,3611.91804013,0.10085103218106523,0.008059383190544264,0.00823253328021311,180
