seed,dimension,time,fw_time,primal,dual_gap,smallest_dual_gap,iterations
1,4000,3616.362376436,3613.412635619,0.10514815035970623,0.030619683528467587,0.032014910468868965,49
