seed,dimension,time,fw_time,primal,dual_gap,smallest_dual_gap,iterations
3,500,546.652493701,546.61000238,0.22149879236330097,1.0481942899071006e-7,9.709709001409772e-8,674
