seed,dimension,time,fw_time,primal,dual_gap,smallest_dual_gap,iterations
3,2500,3619.625673111,3618.81337189,0.1217566213420771,0.005705337602490729,0.005868253420646754,251
