seed,dimension,time,fw_time,primal,dual_gap,smallest_dual_gap,iterations
4,2000,3617.232367906,3616.470302832,0.12910548140110062,0.003604450970085663,0.003849869891538956,323
