seed,dimension,time,fw_time,primal,dual_gap,smallest_dual_gap,iterations
1,2000,3611.917252637,3611.24771138,0.12929933240484917,0.0038028456477028523,0.0037712915736564344,303
