seed,dimension,time,fw_time,primal,dual_gap,smallest_dual_gap,iterations
1,2500,3621.828100507,3620.969981405,0.12161534304903598,0.0052230671508556,0.005162399435427293,251
