seed,dimension,time,fw_time,primal,dual_gap,smallest_dual_gap,iterations
2,300,72.891554751,72.835006345,0.2667530702665017,8.251426374117354e-8,8.49268598848707e-8,422
