seed,dimension,time,fw_time,primal,dual_gap,smallest_dual_gap,iterations
4,4500,3654.536958784,3652.298805406,0.09850851379545099,0.017327078631252345,0.017351883780283555,83
