seed,dimension,time,fw_time,primal,dual_gap,smallest_dual_gap,iterations
1,500,343.578706981,343.44961155,0.22024087367458764,9.233683086196098e-8,9.061327196913105e-8,679
