seed,dimension,time,fw_time,primal,dual_gap,smallest_dual_gap,iterations
5,100,0.085350727,0.084032239,0.4163912958189676,8.215542512957086e-8,8.56227797135789e-8,175
