seed,dimension,time,fw_time,primal,dual_gap,smallest_dual_gap,iterations
4,1000,3602.094390467,3601.729716979,0.16884738588928422,3.6864746271597637e-7,3.5818920698579837e-7,1256
