seed,dimension,time,fw_time,primal,dual_gap,smallest_dual_gap,iterations
2,1500,3604.409867097,3603.842242612,0.14429937075381288,0.0031964118083265824,0.0031977393167722384,344
