seed,dimension,time,fw_time,primal,dual_gap,smallest_dual_gap,iterations
5,3000,3620.160142195,3619.20385785,0.11067599395981453,0.006303363828580166,0.0064013259687815925,232
