seed,dimension,time,fw_time,primal,dual_gap,smallest_dual_gap,iterations
1,5000,3618.648731898,3616.146511367,0.09435848737870219,0.021619596137086576,0.022897231088949414,64
