seed,dimension,time,fw_time,primal,dual_gap,smallest_dual_gap,iterations
2,200,0.665856311,0.653589509,0.3171508296795072,9.33898392091459e-8,8.566522624597894e-8,363
