seed,dimension,time,fw_time,primal,dual_gap,smallest_dual_gap,iterations
1,4500,3640.119605564,3637.879535318,0.09888394930201311,0.017797269425083258,0.01833951988415585,77
