seed,dimension,time,fw_time,primal,dual_gap,smallest_dual_gap,iterations
1,4000,3610.763658676,3609.60425939,0.10063705029213289,0.008478570020492019,0.008629826085109527,186
