seed,dimension,time,fw_time,primal,dual_gap,smallest_dual_gap,iterations
5,400,238.630898509,238.5582863,0.2465584246227153,9.081757679219038e-8,9.565548626105924e-8,602
