seed,dimension,time,fw_time,primal,dual_gap,smallest_dual_gap,iterations
5,500,390.950715057,390.853541717,0.22162919018749552,9.515535032145195e-8,8.943620984774858e-8,669
