seed,dimension,time,fw_time,primal,dual_gap,smallest_dual_gap,iterations
2,2000,3604.281789455,3603.546811393,0.12917656100490554,0.001945432605924894,0.0019593453891524476,674
