seed,dimension,time,fw_time,primal,dual_gap,smallest_dual_gap,iterations
2,2000,3610.336468607,3609.630535291,0.12942019806067348,0.00382000794056013,0.0038499120701669456,313
