seed,dimension,time,fw_time,primal,dual_gap,smallest_dual_gap,iterations
5,1500,3603.907345069,3603.237859203,0.14405898495960648,0.002657385924834891,0.002647481643782767,339
