seed,dimension,time,fw_time,primal,dual_gap,smallest_dual_gap,iterations
5,900,1364.376875926,1364.010731735,0.18154701097382017,9.284725752123357e-8,9.416480171303698e-8,1202
