seed,dimension,time,fw_time,primal,dual_gap,smallest_dual_gap,iterations
5,600,390.230330338,390.068755448,0.20475431977141204,8.518896268960852e-8,9.532076450380345e-8,840
