seed,dimension,time,fw_time,primal,dual_gap,smallest_dual_gap,iterations
2,2500,3609.019116065,3608.279996136,0.12189233401982576,0.005445449206128914,0.005457349078977547,257
