seed,dimension,time,fw_time,primal,dual_gap,smallest_dual_gap,iterations
3,3000,3620.204721945,3619.278833743,0.11073696381104871,0.006325426598459985,0.006335530152578227,239
