seed,dimension,time,fw_time,primal,dual_gap,smallest_dual_gap,iterations
3,500,584.376532815,584.310052511,0.22149879236326878,1.1836996811898093e-7,9.616456952965535e-8,677
