seed,dimension,time,fw_time,primal,dual_gap,smallest_dual_gap,iterations
5,4000,3608.996031788,3608.027443376,0.10072392046879086,0.00837581402306473,0.00872795693704722,187
