seed,dimension,time,fw_time,primal,dual_gap,smallest_dual_gap,iterations
4,500,401.458767043,401.341420866,0.2202005106779074,7.918186362143587e-8,7.884908382466138e-8,703
