seed,dimension,time,fw_time,primal,dual_gap,smallest_dual_gap,iterations
3,600,367.206217129,367.068466282,0.20464393541309636,1.0697544178955853e-7,9.951975151606396e-8,784
