seed,dimension,time,fw_time,primal,dual_gap,smallest_dual_gap,iterations
2,2000,3604.816448536,3603.981922332,0.12945880144695002,0.003769266464383629,0.003936672096040424,298
