seed,dimension,time,fw_time,primal,dual_gap,smallest_dual_gap,iterations
3,1500,3605.722382156,3605.082904982,0.14372671557267963,0.0025004780941088635,0.002516254529229125,350
