seed,dimension,time,fw_time,primal,dual_gap,smallest_dual_gap,iterations
2,900,1349.304203215,1348.907703444,0.1816502492756145,9.505621356709071e-8,9.792982809397888e-8,1108
