seed,dimension,time,fw_time,primal,dual_gap,smallest_dual_gap,iterations
1,2500,3609.072269037,3608.169269057,0.12157178868803675,0.0047330191122465365,0.004783318409131616,263
