seed,dimension,time,fw_time,primal,dual_gap,smallest_dual_gap,iterations
3,300,79.927394396,79.858854081,0.26508781300119577,9.193692879910786e-8,9.562925661760202e-8,451
