seed,dimension,time,fw_time,primal,dual_gap,smallest_dual_gap,iterations
2,500,463.7426046,463.593409285,0.2226146889151832,9.324700871865543e-8,9.80307206174813e-8,857
