seed,dimension,time,fw_time,primal,dual_gap,smallest_dual_gap,iterations
3,3500,3613.542186314,3612.499765841,0.10624475716873825,0.006754577054722741,0.0067378897029788665,211
