seed,dimension,time,fw_time,primal,dual_gap,smallest_dual_gap,iterations
2,1000,1723.377565669,1723.014179823,0.16825933480010535,9.472051660380787e-8,9.911269747628348e-8,1124
