seed,dimension,time,fw_time,primal,dual_gap,smallest_dual_gap,iterations
2,3000,3603.992474153,3603.171343525,0.11087264314070988,0.005598748690730081,0.005634832710959204,246
