seed,dimension,time,fw_time,primal,dual_gap,smallest_dual_gap,iterations
3,700,553.683150264,553.440611068,0.19289932712561098,1.0722877295116229e-7,9.921269594759252e-8,883
