seed,dimension,time,fw_time,primal,dual_gap,smallest_dual_gap,iterations
1,4500,3615.664388168,3613.510701944,0.09894020752475513,0.018339519884155914,0.018402982509323443,76
