seed,dimension,time,fw_time,primal,dual_gap,smallest_dual_gap,iterations
3,400,243.778971168,243.622344019,0.24800209638746726,1.0682607820555745e-7,8.425543241569189e-8,660
