seed,dimension,time,fw_time,primal,dual_gap,smallest_dual_gap,iterations
3,5000,3638.087421206,3635.358895712,0.09435836642708927,0.02115406941721603,0.021523237336463347,67
