seed,dimension,time,fw_time,primal,dual_gap,smallest_dual_gap,iterations
1,3500,3613.643012046,3612.699172714,0.10607714260918572,0.007112954861992416,0.006850066225482353,225
