seed,dimension,time,fw_time,primal,dual_gap,smallest_dual_gap,iterations
1,1500,3606.776274728,3606.034931904,0.1443123495747105,0.002915730712450812,0.0028537613101645536,340
