seed,dimension,time,fw_time,primal,dual_gap,smallest_dual_gap,iterations
1,1000,3604.649161935,3603.850654725,0.1681976814496527,0.0015406570789917688,0.0015494739676140505,387
