seed,dimension,time,fw_time,primal,dual_gap,smallest_dual_gap,iterations
1,500,377.954840857,377.849493806,0.22024087367458764,9.233683086196098e-8,9.061327196913105e-8,679
