seed,dimension,time,fw_time,primal,dual_gap,smallest_dual_gap,iterations
2,500,2740.352416463,2740.202518481,0.22261468891547018,9.167689504069321e-8,9.216557846081219e-8,977
