seed,dimension,time,fw_time,primal,dual_gap,smallest_dual_gap,iterations
1,2500,3610.257471483,3609.34493526,0.12165209333534778,0.005237377887275869,0.005234928491326216,253
