seed,dimension,time,fw_time,primal,dual_gap,smallest_dual_gap,iterations
4,700,652.909867591,652.692220618,0.19333584477423552,1.0060972706338323e-7,8.869409448553078e-8,890
