seed,dimension,time,fw_time,primal,dual_gap,smallest_dual_gap,iterations
1,3500,3608.294806843,3607.25256858,0.1061503496718943,0.006658818401794102,0.006860567254366828,214
