seed,dimension,time,fw_time,primal,dual_gap,smallest_dual_gap,iterations
3,2500,3612.874073265,3611.981295017,0.12168502443445536,0.005333739253404534,0.0054812947681764194,263
