seed,dimension,time,fw_time,primal,dual_gap,smallest_dual_gap,iterations
2,3500,3607.987161589,3606.634602961,0.10632267489420964,0.006842759497092964,0.0068243526679052854,212
