seed,dimension,time,fw_time,primal,dual_gap,smallest_dual_gap,iterations
5,700,3601.901800301,3601.672173238,0.19420791285700237,0.0001477478766842913,0.00014733836793071747,1273
