seed,dimension,time,fw_time,primal,dual_gap,smallest_dual_gap,iterations
5,600,3601.874487801,3601.653083078,0.20475440748143017,0.00017265066795833783,0.00017268624898204854,1787
