seed,dimension,time,fw_time,primal,dual_gap,smallest_dual_gap,iterations
4,900,3601.000513075,3600.57617841,0.18112480277424853,9.456020854507058e-5,0.00011977804980504991,673
