seed,dimension,time,fw_time,primal,dual_gap,smallest_dual_gap,iterations
3,2000,3624.758207687,3623.811709434,0.1340749992987971,0.025660207985035145,0.025339870552386994,55
