seed,dimension,time,fw_time,primal,dual_gap,smallest_dual_gap,iterations
3,1500,3611.106163136,3610.386950044,0.14778121832953922,0.024872336146316554,0.02460427418331524,63
