seed,dimension,time,fw_time,primal,dual_gap,smallest_dual_gap,iterations
3,800,3601.006916059,3600.627567896,0.1857631488855592,0.00016909853191177104,0.0001743123408426625,1143
