seed,dimension,time,fw_time,primal,dual_gap,smallest_dual_gap,iterations
5,900,3606.080775734,3605.718902568,0.18155373045350173,0.0009046045202963787,0.0009043644425739822,454
