seed,dimension,time,fw_time,primal,dual_gap,smallest_dual_gap,iterations
2,400,3600.511311957,3600.452177751,0.2489726616034243,8.859864882110324e-5,6.957597059514126e-5,2030
