seed,dimension,time,fw_time,primal,dual_gap,smallest_dual_gap,iterations
1,1000,3606.013831226,3605.609628637,0.16817406667970974,0.00037724321179189585,0.00042334790050766943,579
