seed,dimension,time,fw_time,primal,dual_gap,smallest_dual_gap,iterations
5,800,3600.773815525,3600.495946932,0.18644877906738289,0.0001945418501606705,0.00019965595162194788,963
