seed,dimension,time,fw_time,primal,dual_gap,smallest_dual_gap,iterations
2,500,3602.154736404,3602.010015519,0.22261472215722886,5.7140601799628155e-5,8.963033628147515e-5,1528
