seed,dimension,time,fw_time,primal,dual_gap,smallest_dual_gap,iterations
2,2000,3608.390253188,3607.627039537,0.13460188036455353,0.023651670530824342,0.023699016223548128,53
