seed,dimension,time,fw_time,primal,dual_gap,smallest_dual_gap,iterations
2,900,3601.369518221,3600.982118857,0.1816503663772047,0.00014849961827873015,0.00013284876380502408,798
