seed,dimension,time,fw_time,primal,dual_gap,smallest_dual_gap,iterations
1,900,3601.033269985,3600.715257219,0.18143402688778437,0.00022613907461936644,0.0002266542572210567,585
