seed,dimension,time,fw_time,primal,dual_gap,smallest_dual_gap,iterations
2,200,3600.015935073,3600.012553482,0.3171508474047843,7.06762310985487e-5,8.382261895686915e-5,486808
