seed,dimension,time,fw_time,primal,dual_gap,smallest_dual_gap,iterations
3,500,3601.980163301,3601.845760818,0.22149885392740767,0.00015688838935516702,0.00014807559284993332,1895
