seed,dimension,time,fw_time,primal,dual_gap,smallest_dual_gap,iterations
1,1500,3629.042142964,3628.270418459,0.14865806681633517,0.021316497690193278,0.022155341318193633,63
