seed,dimension,time,fw_time,primal,dual_gap,smallest_dual_gap,iterations
3,1000,3604.659506568,3604.21544267,0.16869391849648122,0.0015538627403008758,0.0015857311453228023,384
