seed,dimension,time,fw_time,primal,dual_gap,smallest_dual_gap,iterations
4,1000,3608.162182929,3607.735705177,0.16885369776069262,0.0009048325136188987,0.0009001970129496051,448
