seed,dimension,time,fw_time,primal,dual_gap,smallest_dual_gap,iterations
2,1000,3605.919174306,3605.520178131,0.16826249006022348,0.0006840238129471321,0.0006842350291727771,442
