seed,dimension,time,fw_time,primal,dual_gap,smallest_dual_gap,iterations
3,400,3600.447051972,3600.274569504,0.24800218652070335,0.0001919837619019163,0.00013927643065105022,1935
