seed,dimension,time,fw_time,primal,dual_gap,smallest_dual_gap,iterations
3,100,3600.005027838,3600.00238494,0.4155900127442738,0.00010649114686060723,5.280037713897845e-5,1342958
