seed,dimension,time,fw_time,primal,dual_gap,smallest_dual_gap,iterations
4,2000,3646.854264468,3646.003886923,0.13376533369189747,0.02137731810169175,0.02129432137057691,54
