seed,dimension,time,fw_time,primal,dual_gap,smallest_dual_gap,iterations
4,600,3601.378261387,3601.241077522,0.20422785799838855,6.162515951903952e-5,5.808424038113852e-5,1338
