seed,dimension,time,fw_time,primal,dual_gap,smallest_dual_gap,iterations
1,800,3602.397166746,3602.09079506,0.18602927505866604,0.00023772995100607153,0.00022869233245546156,888
