seed,dimension,time,fw_time,primal,dual_gap,smallest_dual_gap,iterations
2,700,3602.173787593,3601.920495784,0.1944197694306355,0.0001342493524547489,0.00014384679513801402,1188
