seed,dimension,time,fw_time,primal,dual_gap,smallest_dual_gap,iterations
5,2000,3608.730265921,3607.960209426,0.1343584015317854,0.024163489506727892,0.024299159486628568,53
