seed,dimension,time,fw_time,primal,dual_gap,smallest_dual_gap,iterations
3,1000,3604.536907459,3604.147851344,0.16870364888438744,0.0018115193726735805,0.0017603082609969692,359
