seed,dimension,time,fw_time,primal,dual_gap,smallest_dual_gap,iterations
4,300,3601.067484978,3600.974883091,0.2643884422864727,5.335335019018145e-5,7.135124738731624e-5,2556
