seed,dimension,time,fw_time,primal,dual_gap,smallest_dual_gap,iterations
4,500,3602.115566558,3601.994012849,0.2202005709354871,8.06762154029611e-5,5.6506096270600437e-5,1409
