seed,dimension,time,fw_time,primal,dual_gap,smallest_dual_gap,iterations
2,1500,3633.563290114,3632.858156111,0.1489360616569865,0.023516318091075957,0.02495130073098803,60
