seed,dimension,time,fw_time,primal,dual_gap,smallest_dual_gap,iterations
1,2000,3647.82816626,3646.993717694,0.13384123977071138,0.025268080137978474,0.02592410846692301,54
