seed,dimension,time,fw_time,primal,dual_gap,smallest_dual_gap,iterations
3,900,3603.757190967,3603.417069722,0.1811353514559782,0.00016674883890804154,0.0001657222314019116,663
