seed,dimension,time,fw_time,primal,dual_gap,smallest_dual_gap,iterations
1,200,3600.05875628,3600.00806021,0.30981550172237193,3.465931410072398e-5,8.304917343450458e-5,498342
