seed,dimension,time,fw_time,primal,dual_gap,smallest_dual_gap,iterations
1,500,3600.894673904,3600.761749281,0.22024092639108342,7.756426218684387e-5,6.643701694068055e-5,1251
