seed,dimension,time,fw_time,primal,dual_gap,smallest_dual_gap,iterations
3,700,3601.450260845,3601.192788281,0.19289941757334134,0.0001592104811812059,0.00015749494183947554,1462
