seed,dimension,time,fw_time,primal,dual_gap,smallest_dual_gap,iterations
5,300,3601.02733536,3601.002859078,0.2687388125868913,7.050974619415146e-5,8.944828187771453e-5,1970
