seed,dimension,time,fw_time,primal,dual_gap,smallest_dual_gap,iterations
3,200,3600.031326075,3600.003153046,0.3078332461069035,6.108623357736764e-5,8.243133350548104e-5,424911
