seed,dimension,time,fw_time,primal,dual_gap,smallest_dual_gap,iterations
5,100,3600.004753583,3600.002203058,0.4163913049207955,6.902331537683715e-5,7.24187390807457e-5,1667795
