seed,dimension,time,fw_time,primal,dual_gap,smallest_dual_gap,iterations
2,1000,3608.605012818,3608.286436317,0.168280976667715,0.001722286857576888,0.0017194240933997504,339
