seed,dimension,time,fw_time,primal,dual_gap,smallest_dual_gap,iterations
5,1000,3607.293085414,3606.858990069,0.1682812541337565,0.0005561489521797372,0.0005520327265386288,548
