seed,dimension,time,fw_time,primal,dual_gap,smallest_dual_gap,iterations
5,200,3600.007274678,3600.004279049,0.3130442828223039,8.899363801245785e-5,8.31038607903567e-5,593353
