seed,dimension,time,fw_time,primal,dual_gap,smallest_dual_gap,iterations
1,700,3601.694131546,3601.372649939,0.1939814016379516,0.0001059539230135742,6.397382684922293e-5,1365
