seed,dimension,time,fw_time,primal,dual_gap,smallest_dual_gap,iterations
1,1000,3606.804331018,3606.155609707,0.16818946720313777,0.0012342031238407533,0.001233918762730074,397
