seed,dimension,time,fw_time,primal,dual_gap,smallest_dual_gap,iterations
5,400,3600.191011253,3600.142344984,0.2465584555385392,7.153252312400854e-5,6.641184092647662e-5,1360
