seed,dimension,time,fw_time,primal,dual_gap,smallest_dual_gap,iterations
2,600,3601.921998037,3601.796219801,0.2048404149084815,7.59860616555072e-5,6.533800337254342e-5,1442
