seed,dimension,time,fw_time,primal,dual_gap,smallest_dual_gap,iterations
4,1500,3621.409661132,3620.642286262,0.14791875546890268,0.021056206511370325,0.02062020197173504,62
