seed,dimension,time,fw_time,primal,dual_gap,smallest_dual_gap,iterations
3,500,3602.459000445,3602.37787018,0.22149885604552938,0.00014807559285000965,0.00015688838935516702,1844
