seed,dimension,time,fw_time,primal,dual_gap,smallest_dual_gap,iterations
5,500,3602.318572955,3602.123117942,0.2216292426273407,7.194995102879215e-5,6.887102859411826e-5,1603
