seed,dimension,time,fw_time,primal,dual_gap,smallest_dual_gap,iterations
2,800,3601.477263471,3601.174295949,0.18664432951751928,0.0001262930796263051,0.00013145745571807588,1007
