seed,dimension,time,fw_time,primal,dual_gap,smallest_dual_gap,iterations
4,1000,3606.584812493,3606.156101176,0.16887134111555716,0.0017481380460988155,0.001739512421701582,366
