seed,dimension,time,fw_time,primal,dual_gap,smallest_dual_gap,iterations
4,2000,3606.355353274,3605.555093766,0.12885994725206742,0.00042296921510925553,0.00041597993605209035,1058
