seed,dimension,time,fw_time,primal,dual_gap,smallest_dual_gap,iterations
4,700,349.38189342,349.05591782,0.19333584477424146,1.0803103130813119e-7,9.954685117885553e-8,847
