seed,dimension,time,fw_time,primal,dual_gap,smallest_dual_gap,iterations
5,1500,3606.173912895,3605.549457943,0.1439141420266504,0.00010170237173000307,0.00010161605524685105,1172
