seed,dimension,time,fw_time,primal,dual_gap,smallest_dual_gap,iterations
3,3500,3608.090545751,3607.098124472,0.10590386465769629,0.0053677210070644105,0.005369625051552758,776
