seed,dimension,time,fw_time,primal,dual_gap,smallest_dual_gap,iterations
1,3500,3610.747053677,3609.809206873,0.10582678555352022,0.005048611031782262,0.005054189850326109,792
