seed,dimension,time,fw_time,primal,dual_gap,smallest_dual_gap,iterations
1,4000,3610.482381582,3609.306890934,0.10015645618325221,0.005862409629709332,0.005853393288455952,666
