seed,dimension,time,fw_time,primal,dual_gap,smallest_dual_gap,iterations
5,200,0.536937113,0.53452778,0.31304425575219363,1.3239437915424368e-7,8.755520485015378e-8,458
