seed,dimension,time,fw_time,primal,dual_gap,smallest_dual_gap,iterations
2,900,1117.25864123,1116.912139228,0.18165024927565135,9.126847889950884e-8,9.907400742859007e-8,1057
