seed,dimension,time,fw_time,primal,dual_gap,smallest_dual_gap,iterations
2,500,220.150970279,220.033914234,0.22261468891512692,8.35792445183503e-8,8.167686667281959e-8,790
