seed,dimension,time,fw_time,primal,dual_gap,smallest_dual_gap,iterations
2,100,0.109653388,0.108090463,0.42480324566753636,1.3182101528397272e-7,9.765493418079085e-8,328
