seed,dimension,time,fw_time,primal,dual_gap,smallest_dual_gap,iterations
5,700,341.767467592,341.58074729,0.19420782774486584,1.0316753424471914e-7,9.436120796540992e-8,924
