seed,dimension,time,fw_time,primal,dual_gap,smallest_dual_gap,iterations
2,3000,3607.423498302,3606.556940001,0.11078296755296363,0.005056426916957613,0.005061789560855238,868
