seed,dimension,time,fw_time,primal,dual_gap,smallest_dual_gap,iterations
4,4000,3610.340090957,3609.244449609,0.10022403418446932,0.005392499683104537,0.005386372135537422,666
