seed,dimension,time,fw_time,primal,dual_gap,smallest_dual_gap,iterations
4,300,34.604902503,34.57892866,0.26438841714382494,7.21480320903245e-8,9.114259925946389e-8,433
