seed,dimension,time,fw_time,primal,dual_gap,smallest_dual_gap,iterations
5,500,122.078866519,121.946064546,0.22162919018749616,9.874636376638879e-8,9.996114053167915e-8,656
