seed,dimension,time,fw_time,primal,dual_gap,smallest_dual_gap,iterations
2,200,0.396500587,0.39456784,0.31715082967949265,7.255565080688253e-8,7.605242022257208e-8,340
