seed,dimension,time,fw_time,primal,dual_gap,smallest_dual_gap,iterations
3,2500,3605.782562424,3604.965510384,0.12101984465796926,0.0014709430675451142,0.0014783259805051588,885
