seed,dimension,time,fw_time,primal,dual_gap,smallest_dual_gap,iterations
1,1000,3368.517263835,3367.972677712,0.16817323281907193,9.772152979523052e-8,9.983250868692006e-8,1212
