seed,dimension,time,fw_time,primal,dual_gap,smallest_dual_gap,iterations
3,1000,856.174333927,855.838397143,0.16867191808292653,1.155162918063668e-7,9.651100318572303e-8,1213
