seed,dimension,time,fw_time,primal,dual_gap,smallest_dual_gap,iterations
4,600,139.722465484,139.573357502,0.20422779833903093,1.0725446816101103e-7,9.868368845006303e-8,753
