seed,dimension,time,fw_time,primal,dual_gap,smallest_dual_gap,iterations
3,400,115.658902694,115.598214719,0.24800209638747628,1.0244197543723965e-7,9.506831336048016e-8,624
