seed,dimension,time,fw_time,primal,dual_gap,smallest_dual_gap,iterations
2,2000,3606.432227139,3605.732130803,0.12910193860773028,0.0005589301072582223,0.0005375827669474413,1024
