seed,dimension,time,fw_time,primal,dual_gap,smallest_dual_gap,iterations
5,2500,3604.162887607,3603.220945142,0.12100299767925772,0.0011306565362133904,0.0011316961003611202,882
