seed,dimension,time,fw_time,primal,dual_gap,smallest_dual_gap,iterations
5,500,159.458616516,159.381616709,0.22162919018749616,9.874636376638879e-8,9.996114053167915e-8,656
