seed,dimension,time,fw_time,primal,dual_gap,smallest_dual_gap,iterations
1,5000,3624.442540753,3621.356679358,0.0916934598451064,0.008113310415558678,0.008115741626296696,309
