seed,dimension,time,fw_time,primal,dual_gap,smallest_dual_gap,iterations
5,4500,3617.945062952,3615.81079721,0.09578404478999199,0.0053613460412543276,0.0053798546187915994,341
