seed,dimension,time,fw_time,primal,dual_gap,smallest_dual_gap,iterations
3,2000,3607.014570849,3606.23817633,0.12890694674755046,0.00046952412770203886,0.000458776880835815,1053
