seed,dimension,time,fw_time,primal,dual_gap,smallest_dual_gap,iterations
2,1000,928.854047154,928.410114871,0.1682593348000547,1.0005621256872765e-7,9.761818317230442e-8,1114
