seed,dimension,time,fw_time,primal,dual_gap,smallest_dual_gap,iterations
1,500,196.359756286,196.229848821,0.2202408736746492,9.981264682129565e-8,9.737722475589017e-8,629
