seed,dimension,time,fw_time,primal,dual_gap,smallest_dual_gap,iterations
5,2000,3603.588507704,3602.782259571,0.12882994919025995,0.0006909974620332993,0.000689419242452239,1048
