seed,dimension,time,fw_time,primal,dual_gap,smallest_dual_gap,iterations
3,500,113.942565342,113.861561549,0.2214987923630545,1.08122101868946e-7,8.686115977180053e-8,665
