seed,dimension,time,fw_time,primal,dual_gap,smallest_dual_gap,iterations
4,800,425.561587981,425.143193833,0.1865367091187112,9.742567608217456e-8,9.937460142273036e-8,943
