seed,dimension,time,fw_time,primal,dual_gap,smallest_dual_gap,iterations
5,1000,1363.49661232,1363.147277224,0.16827882742772007,9.243612146200841e-8,9.242975869058756e-8,1204
