seed,dimension,time,fw_time,primal,dual_gap,smallest_dual_gap,iterations
1,4500,3614.136027802,3611.41631822,0.09687972665889992,0.008185572822482987,0.008174159905484098,345
