seed,dimension,time,fw_time,primal,dual_gap,smallest_dual_gap,iterations
4,5000,3615.109980633,3612.590365144,0.09170216656375206,0.008763258834277319,0.008793913062301205,308
