seed,dimension,time,fw_time,primal,dual_gap,smallest_dual_gap,iterations
3,900,1192.91276141,1192.555390079,0.18113521134337973,1.020996024114762e-7,9.879597125811435e-8,1107
