seed,dimension,time,fw_time,primal,dual_gap,smallest_dual_gap,iterations
3,1000,1511.80453391,1511.389141779,0.16867191808292653,1.155162918063668e-7,9.651100318572303e-8,1213
