seed,dimension,time,fw_time,primal,dual_gap,smallest_dual_gap,iterations
5,800,811.192107532,810.869572723,0.1864486538814156,9.747395802311987e-8,9.452089423656052e-8,951
