seed,dimension,time,fw_time,primal,dual_gap,smallest_dual_gap,iterations
4,1000,876.596822959,876.214589884,0.16884738587984918,1.0028693107205777e-7,9.993158299123617e-8,1130
