seed,dimension,time,fw_time,primal,dual_gap,smallest_dual_gap,iterations
4,500,203.058779251,202.934930489,0.22020051067789848,8.816285083229625e-8,9.029869024734793e-8,719
