seed,dimension,time,fw_time,primal,dual_gap,smallest_dual_gap,iterations
5,3500,3608.069576737,3607.133741983,0.10596752134440775,0.00542095203138631,0.005404495132645501,779
