seed,dimension,time,fw_time,primal,dual_gap,smallest_dual_gap,iterations
5,1000,1033.288757554,1032.786219977,0.16827882742772007,9.243612146200841e-8,9.242975869058756e-8,1204
