seed,dimension,time,fw_time,primal,dual_gap,smallest_dual_gap,iterations
2,4000,3609.167669547,3608.12160171,0.10036408233407963,0.005616695151600751,0.005618384051552131,663
