seed,dimension,time,fw_time,primal,dual_gap,smallest_dual_gap,iterations
4,900,1603.492368016,1602.881161144,0.1811247241878026,8.865014244907599e-8,9.075434200672694e-8,1014
