seed,dimension,time,fw_time,primal,dual_gap,smallest_dual_gap,iterations
5,4000,3605.597268259,3604.571753371,0.10030777862465433,0.006364519438859562,0.006363903270225634,667
