seed,dimension,time,fw_time,primal,dual_gap,smallest_dual_gap,iterations
1,700,315.087352879,314.840594495,0.19398134634941983,9.589449225660962e-8,9.701710256687646e-8,917
