seed,dimension,time,fw_time,primal,dual_gap,smallest_dual_gap,iterations
1,2000,3608.346591176,3607.449077747,0.12896232040926697,0.0005158566380783144,0.0005141930510130059,1032
