seed,dimension,time,fw_time,primal,dual_gap,smallest_dual_gap,iterations
4,1500,3603.828378958,3603.091133992,0.14407842361539983,5.046064921929508e-5,5.104817309583426e-5,1176
