seed,dimension,time,fw_time,primal,dual_gap,smallest_dual_gap,iterations
2,2500,3605.261882568,3604.363333286,0.12116923027958063,0.0013026840502811561,0.0012515079252020667,883
