seed,dimension,time,fw_time,primal,dual_gap,smallest_dual_gap,iterations
2,5000,3614.985224865,3612.656342833,0.09166723633186152,0.008022908383329985,0.008237491590205159,306
