seed,dimension,time,fw_time,primal,dual_gap,smallest_dual_gap,iterations
3,4500,3611.359188206,3608.903717905,0.09679164492915086,0.008260422794562934,0.008262352159251255,346
