seed,dimension,time,fw_time,primal,dual_gap,smallest_dual_gap,iterations
4,400,104.430913772,104.306427893,0.24643447303119909,8.064275760361062e-8,8.066151627184048e-8,613
