seed,dimension,time,fw_time,primal,dual_gap,smallest_dual_gap,iterations
3,4000,3605.684561427,3604.622658143,0.10018013319182704,0.005964765390224908,0.0060713440968299705,661
