seed,dimension,time,fw_time,primal,dual_gap,smallest_dual_gap,iterations
2,1500,3604.642048195,3603.921053234,0.14408065566970132,0.00010697806010044261,0.00010572565758072,1159
