seed,dimension,time,fw_time,primal,dual_gap,smallest_dual_gap,iterations
4,3500,3610.151455133,3609.102370449,0.10496244292295147,0.0017957838538894197,0.001835556288067853,750
