seed,dimension,time,fw_time,primal,dual_gap,smallest_dual_gap,iterations
1,1000,1170.188622086,1169.790213053,0.16817323281907195,9.772152979176107e-8,9.983250866957283e-8,1212
