seed,dimension,time,fw_time,primal,dual_gap,smallest_dual_gap,iterations
3,5000,3612.217413717,3610.027111327,0.09174877735154925,0.00877221664098835,0.008768345901905,309
