seed,dimension,time,fw_time,primal,dual_gap,smallest_dual_gap,iterations
4,4500,3615.753353922,3613.579487787,0.09675756681545335,0.008344398204974486,0.00834685828155084,346
