seed,dimension,time,fw_time,primal,dual_gap,smallest_dual_gap,iterations,iter_not_converging,fallback_helped,average_iter,std_iter,average_gap,std_gap
1,1500,3606.231130962,3605.434969028,0.1441900496568464,0.0017214095574314553,0.0017348946612635377,483,0,0,4.79296066252588,1.4151639248277916,Inf,Inf
