seed,dimension,time,fw_time,primal,dual_gap,smallest_dual_gap,iterations,iter_not_converging,fallback_helped,average_iter,std_iter,average_gap,std_gap
4,4000,3611.412481464,3610.471717134,0.10000885380180936,0.004748634587331182,0.0047323798265990515,280,0,0,5.153024911032029,1.6501297879968007,Inf,Inf
