seed,dimension,time,fw_time,primal,dual_gap,smallest_dual_gap,iterations,iter_not_converging,fallback_helped,average_iter,std_iter,average_gap,std_gap
1,4500,3624.224425601,3621.889467156,0.09715168235727491,0.010292753905927734,0.010011919521641825,139,0,0,5.335714285714285,1.3656142807627734,Inf,Inf
