seed,dimension,time,fw_time,primal,dual_gap,smallest_dual_gap,iterations,iter_not_converging,fallback_helped,average_iter,std_iter,average_gap,std_gap
2,1500,3608.082724156,3607.359161332,0.14412415304720363,0.0015858566447169882,0.001596238563018968,484,0,0,4.787190082644628,1.423756279385572,Inf,Inf
