seed,dimension,time,fw_time,primal,dual_gap,smallest_dual_gap,iterations,iter_not_converging,fallback_helped,average_iter,std_iter,average_gap,std_gap
3,3000,3611.224660414,3610.352839971,0.11014568831667723,0.003312374400278744,0.0034163135997479638,356,0,0,5.098039215686274,1.6193775918465292,Inf,Inf
