seed,dimension,time,fw_time,primal,dual_gap,smallest_dual_gap,iterations,iter_not_converging,fallback_helped,average_iter,std_iter,average_gap,std_gap
2,4500,3628.855421628,3626.306761787,0.09723870937604097,0.009996588138636485,0.01047305193100074,138,0,0,5.239130434782608,1.2988166867507867,Inf,Inf
