seed,dimension,time,fw_time,primal,dual_gap,smallest_dual_gap,iterations,iter_not_converging,fallback_helped,average_iter,std_iter,average_gap,std_gap
2,1000,2492.440411098,2492.170111862,0.16825933480039426,1.0678050588533439e-7,9.59879200568281e-8,1115,0,0,3.652057245080501,1.991398304035262,Inf,Inf
