seed,dimension,time,fw_time,primal,dual_gap,smallest_dual_gap,iterations,iter_not_converging,fallback_helped,average_iter,std_iter,average_gap,std_gap
5,5000,3615.315853448,3613.166441789,0.09205512537283089,0.010695630002793026,0.010774896901534358,121,0,0,5.586776859504132,3.3903525418644476,Inf,Inf
