seed,dimension,time,fw_time,primal,dual_gap,smallest_dual_gap,iterations,iter_not_converging,fallback_helped,average_iter,std_iter,average_gap,std_gap
3,2500,3605.180617907,3604.428963502,0.12122687429221489,0.0031397744853272312,0.0031682433318938087,376,0,0,5.0795755968169765,1.6321346908849568,Inf,Inf
