seed,dimension,time,fw_time,primal,dual_gap,smallest_dual_gap,iterations,iter_not_converging,fallback_helped,average_iter,std_iter,average_gap,std_gap
5,4000,3613.908690335,3612.85311438,0.10001655290743064,0.0053672982801941,0.005567540471533735,272,0,0,5.117647058823529,1.5322309592914656,Inf,Inf
