seed,dimension,time,fw_time,primal,dual_gap,smallest_dual_gap,iterations,iter_not_converging,fallback_helped,average_iter,std_iter,average_gap,std_gap
5,4000,3610.891855805,3609.776739974,0.09996763524802053,0.005276410331497037,0.005256508684166109,281,0,0,5.117021276595745,1.5523352834635655,Inf,Inf
