seed,dimension,time,fw_time,primal,dual_gap,smallest_dual_gap,iterations,iter_not_converging,fallback_helped,average_iter,std_iter,average_gap,std_gap
3,2000,3604.592398238,3603.79164936,0.12895974960065495,0.0015919971539403999,0.0015704056650962632,467,0,0,4.89957264957265,1.4279857443025452,Inf,Inf
