seed,dimension,time,fw_time,primal,dual_gap,smallest_dual_gap,iterations,iter_not_converging,fallback_helped,average_iter,std_iter,average_gap,std_gap
5,5000,3623.584889249,3621.588003555,0.09208257069691975,0.010774896901534358,0.010748253700853935,120,0,0,5.644628099173554,3.4226196208270827,Inf,Inf
