seed,dimension,time,fw_time,primal,dual_gap,smallest_dual_gap,iterations,iter_not_converging,fallback_helped,average_iter,std_iter,average_gap,std_gap
1,3000,3610.604175425,3609.654822849,0.11035373603446404,0.00341041144943173,0.003363581120345842,356,0,0,5.0700280112044815,1.6051613553600332,Inf,Inf
