seed,dimension,time,fw_time,primal,dual_gap,smallest_dual_gap,iterations,iter_not_converging,fallback_helped,average_iter,std_iter,average_gap,std_gap
4,1500,3606.671153971,3605.858846004,0.14411003704229636,0.0015874790007716702,0.0016089381937477304,448,0,0,4.935412026726058,2.1912605170348307,Inf,Inf
