seed,dimension,time,fw_time,primal,dual_gap,smallest_dual_gap,iterations,iter_not_converging,fallback_helped,average_iter,std_iter,average_gap,std_gap
3,1000,2874.588408921,2874.258770775,0.16867191808337156,1.0971250482411099e-7,9.635323247256244e-8,1461,0,0,3.485655737704918,1.4867146388220007,Inf,Inf
