seed,dimension,time,fw_time,primal,dual_gap,smallest_dual_gap,iterations,iter_not_converging,fallback_helped,average_iter,std_iter,average_gap,std_gap
4,1500,3609.074875487,3608.384528691,0.1440960964996628,0.0011903893247480826,0.0011878974209583969,494,0,0,4.817813765182186,2.1084218446946026,Inf,Inf
