seed,dimension,time,fw_time,primal,dual_gap,smallest_dual_gap,iterations,iter_not_converging,fallback_helped,average_iter,std_iter,average_gap,std_gap
4,3500,3605.447965737,3604.495265414,0.10532660952414624,0.004027144027416565,0.004058810399248415,318,0,0,5.110062893081761,1.591725249683478,Inf,Inf
