seed,dimension,time,fw_time,primal,dual_gap,smallest_dual_gap,iterations,iter_not_converging,fallback_helped,average_iter,std_iter,average_gap,std_gap
2,4000,3610.840493876,3609.792363719,0.10006558129933837,0.005056234405239654,0.005018465158975943,278,0,0,5.172043010752688,2.631944008585759,Inf,Inf
