seed,dimension,time,fw_time,primal,dual_gap,smallest_dual_gap,iterations,iter_not_converging,fallback_helped,average_iter,std_iter,average_gap,std_gap
1,1000,2806.966880003,2806.422405805,0.16817323281964625,9.94552509618607e-8,9.910126912496264e-8,1389,0,0,3.529157667386609,1.525024002851411,Inf,Inf
