seed,dimension,time,fw_time,primal,dual_gap,smallest_dual_gap,iterations,iter_not_converging,fallback_helped,average_iter,std_iter,average_gap,std_gap
2,4000,3609.397897318,3608.348762973,0.10006730711382761,0.005477815013489807,0.00551450117355283,271,0,0,5.118081180811808,1.493468994599389,Inf,Inf
