seed,dimension,time,fw_time,primal,dual_gap,smallest_dual_gap,iterations,iter_not_converging,fallback_helped,average_iter,std_iter,average_gap,std_gap
2,4000,3610.804278229,3609.689100483,0.1001205755037501,0.005333321505756852,0.005314907320758032,267,0,0,5.179775280898877,2.6552337212993153,Inf,Inf
