seed,dimension,time,fw_time,primal,dual_gap,smallest_dual_gap,iterations,iter_not_converging,fallback_helped,average_iter,std_iter,average_gap,std_gap
3,3500,3613.340418947,3612.429700125,0.10550972746445755,0.003998180565934487,0.004141206664719118,330,0,0,5.220543806646526,2.5255664243856764,Inf,Inf
