seed,dimension,time,fw_time,primal,dual_gap,smallest_dual_gap,iterations,iter_not_converging,fallback_helped,average_iter,std_iter,average_gap,std_gap
1,1000,3270.520407466,3270.023150658,0.16817323281964625,9.94552509618607e-8,9.910126912496264e-8,1389,0,0,3.535919540229885,1.534225878416147,Inf,Inf
