seed,dimension,time,fw_time,primal,dual_gap,smallest_dual_gap,iterations,iter_not_converging,fallback_helped,average_iter,std_iter,average_gap,std_gap
5,2000,3610.580265086,3609.794761592,0.12895394923953704,0.0023930156337960834,0.0023779844300851304,446,0,0,4.966367713004484,1.4568671295017337,Inf,Inf
