seed,dimension,time,fw_time,primal,dual_gap,smallest_dual_gap,iterations,iter_not_converging,fallback_helped,average_iter,std_iter,average_gap,std_gap
1,1500,3606.519228252,3605.676881792,0.14421823418513866,0.0021271774178416476,0.00217303513558547,439,0,0,4.8545454545454545,1.4018300023755224,Inf,Inf
