seed,dimension,time,fw_time,primal,dual_gap,smallest_dual_gap,iterations,iter_not_converging,fallback_helped,average_iter,std_iter,average_gap,std_gap
4,2000,3604.996465553,3604.177675245,0.128934305123549,0.0018935229311257858,0.0018652761425960764,434,0,0,4.951612903225806,1.4400922723257483,Inf,Inf
