seed,dimension,time,fw_time,primal,dual_gap,smallest_dual_gap,iterations,iter_not_converging,fallback_helped,average_iter,std_iter,average_gap,std_gap
2,4500,3611.368429139,3609.261437588,0.09722463244825982,0.010240197340588461,0.009976895820267602,139,0,0,5.266187050359712,1.4374672753343563,Inf,Inf
