seed,dimension,time,fw_time,primal,dual_gap,smallest_dual_gap,iterations,iter_not_converging,fallback_helped,average_iter,std_iter,average_gap,std_gap
4,3000,3609.708186038,3608.894795137,0.1100396099078658,0.00352765151229004,0.003510010088035448,349,0,0,5.106017191977077,1.5341677176601267,Inf,Inf
