seed,dimension,time,fw_time,primal,dual_gap,smallest_dual_gap,iterations,iter_not_converging,fallback_helped,average_iter,std_iter,average_gap,std_gap
1,2000,3613.02913448,3612.120630762,0.129089963160257,0.002359813973866323,0.002341014165168083,430,0,0,4.955813953488372,1.379301253047351,Inf,Inf
