seed,dimension,time,fw_time,primal,dual_gap,smallest_dual_gap,iterations,iter_not_converging,fallback_helped,average_iter,std_iter,average_gap,std_gap
1,3500,3606.344715182,3605.205453058,0.10553492437447477,0.00421449247662016,0.004259877305715937,319,0,0,5.169278996865204,2.545719637397338,Inf,Inf
