seed,dimension,time,fw_time,primal,dual_gap,smallest_dual_gap,iterations,iter_not_converging,fallback_helped,average_iter,std_iter,average_gap,std_gap
5,3000,3605.557037837,3604.803495048,0.11011117895138949,0.003783761627319488,0.0038646252276010526,352,0,0,5.0227272727272725,1.5669468578488726,Inf,Inf
