seed,dimension,time,fw_time,primal,dual_gap,smallest_dual_gap,iterations,iter_not_converging,fallback_helped,average_iter,std_iter,average_gap,std_gap
2,2500,3609.624943157,3608.888648909,0.12145160285460378,0.0034332929757508977,0.003436414129510394,375,0,0,5.037333333333334,1.4964104406123404,Inf,Inf
