seed,dimension,time,fw_time,primal,dual_gap,smallest_dual_gap,iterations,iter_not_converging,fallback_helped,average_iter,std_iter,average_gap,std_gap
3,4000,3606.223171414,3605.263864676,0.09994355664044917,0.0052377762384050695,0.005233300319795683,279,0,0,5.128571428571429,1.688429344329709,Inf,Inf
