seed,dimension,time,fw_time,primal,dual_gap,smallest_dual_gap,iterations,iter_not_converging,fallback_helped,average_iter,std_iter,average_gap,std_gap
4,2500,3606.256449147,3605.563590634,0.12087425373494325,0.0032023136729672566,0.0034498557242979774,375,0,0,5.077127659574468,1.463113846445168,Inf,Inf
