seed,dimension,time,fw_time,primal,dual_gap,smallest_dual_gap,iterations,iter_not_converging,fallback_helped,average_iter,std_iter,average_gap,std_gap
4,2000,3605.992499492,3605.279917922,0.12891234767585327,0.0016115715221672183,0.001591887015706745,468,0,0,4.925373134328358,1.4205362383587294,Inf,Inf
