seed,dimension,time,fw_time,primal,dual_gap,smallest_dual_gap,iterations,iter_not_converging,fallback_helped,average_iter,std_iter,average_gap,std_gap
2,1500,3609.384353776,3608.630775847,0.144136006838902,0.0018767688726897234,0.0018198771446781697,459,0,0,4.839130434782609,1.4657273077499464,Inf,Inf
