seed,dimension,time,fw_time,primal,dual_gap,smallest_dual_gap,iterations,iter_not_converging,fallback_helped,average_iter,std_iter,average_gap,std_gap
3,4500,3620.580020579,3618.441511501,0.09711049611290969,0.00997997539390404,0.010103453440775623,137,0,0,5.430656934306569,3.344872327726946,Inf,Inf
