seed,dimension,time,fw_time,primal,dual_gap,smallest_dual_gap,iterations,iter_not_converging,fallback_helped,average_iter,std_iter,average_gap,std_gap
3,4000,3606.136311786,3605.122294172,0.09998405454159133,0.00533709164824895,0.005343161368800191,270,0,0,5.111111111111111,1.668276793499024,Inf,Inf
