seed,dimension,time,fw_time,primal,dual_gap,smallest_dual_gap,iterations,iter_not_converging,fallback_helped,average_iter,std_iter,average_gap,std_gap
1,2500,3606.51248559,3605.634486976,0.12121392586983264,0.003445872215200159,0.0034305810241530704,371,0,0,5.169354838709677,1.5971087802527264,Inf,Inf
