seed,dimension,time,fw_time,primal,dual_gap,smallest_dual_gap,iterations,iter_not_converging,fallback_helped,average_iter,std_iter,average_gap,std_gap
1,4500,3621.172803667,3618.929053107,0.09715168235727491,0.010292753905927734,0.010011919521641825,139,0,0,5.316546762589928,1.3515207281409027,Inf,Inf
