seed,dimension,time,fw_time,primal,dual_gap,smallest_dual_gap,iterations,iter_not_converging,fallback_helped,average_iter,std_iter,average_gap,std_gap
5,4500,3621.881309177,3619.689841444,0.09694655084580599,0.009355439753496717,0.00936335956717721,143,0,0,5.2027972027972025,1.2867660115354402,Inf,Inf
