seed,dimension,time,fw_time,primal,dual_gap,smallest_dual_gap,iterations,iter_not_converging,fallback_helped,average_iter,std_iter,average_gap,std_gap
2,3000,3605.335003996,3604.478010535,0.11043944697391597,0.0037270098851644173,0.0037102660443245512,354,0,0,5.104225352112676,2.4188196110199884,Inf,Inf
