seed,dimension,time,fw_time,primal,dual_gap,smallest_dual_gap,iterations,iter_not_converging,fallback_helped,average_iter,std_iter,average_gap,std_gap
5,1000,2834.147078021,2833.79824558,0.1682788274281889,1.0451349799489584e-7,9.975498178188547e-8,1373,0,0,3.5440640932265115,1.5037814634336384,Inf,Inf
