seed,dimension,time,fw_time,primal,dual_gap,smallest_dual_gap,iterations,iter_not_converging,fallback_helped,average_iter,std_iter,average_gap,std_gap
2,3000,3605.733687831,3604.894930476,0.1104471889155315,0.003777872292537947,0.0037775439040039563,351,0,0,5.094017094017094,2.42245296926037,Inf,Inf
