seed,dimension,time,fw_time,primal,dual_gap,smallest_dual_gap,iterations,iter_not_converging,fallback_helped,average_iter,std_iter,average_gap,std_gap
1,2000,3604.960284309,3604.129337738,0.12908567052277287,0.0022522886677587457,0.0022518498760206868,434,0,0,4.967741935483871,1.4620277505610362,Inf,Inf
