seed,dimension,time,fw_time,primal,dual_gap,smallest_dual_gap,iterations,iter_not_converging,fallback_helped,average_iter,std_iter,average_gap,std_gap
3,2500,3612.422927941,3611.540790319,0.12123172236943376,0.003080584648513244,0.003188664214958732,374,0,0,5.06951871657754,1.6309609277680819,Inf,Inf
