seed,dimension,time,fw_time,primal,dual_gap,smallest_dual_gap,iterations
4,40000,5120.049726586,5086.323140762,Inf,8.703369446621029,6.27593365536688,2
