seed,dimension,time,fw_time,primal,dual_gap,smallest_dual_gap,iterations,iter_not_converging,fallback_helped,average_iter,std_iter,average_gap,std_gap
1,4000,3620.9497887,3619.788602537,0.0999319886473208,0.005348105638029125,0.005315738360168545,273,0,0,5.062271062271062,1.7041702655257707,Inf,Inf
