seed,dimension,time,fw_time,primal,dual_gap,smallest_dual_gap,iterations,iter_not_converging,fallback_helped,average_iter,std_iter,average_gap,std_gap
3,1500,3603.452617444,3602.783043721,0.1436368759522527,0.001142906253136438,0.0011529370902999062,504,0,0,4.688492063492063,1.803516144930882,Inf,Inf
