seed,dimension,time,fw_time,primal,dual_gap,smallest_dual_gap,iterations,iter_not_converging,fallback_helped,average_iter,std_iter,average_gap,std_gap
4,2500,3606.636339657,3605.732706686,0.12087986863209217,0.0033722135585947353,0.003384939880450407,373,0,0,5.072386058981233,1.4637607849317629,Inf,Inf
