seed,dimension,time,fw_time,primal,dual_gap,smallest_dual_gap,iterations,iter_not_converging,fallback_helped,average_iter,std_iter,average_gap,std_gap
2,1000,2419.355818871,2418.966540184,0.16825933480034558,9.608869052171731e-8,9.311913223841728e-8,1180,0,0,3.51271186440678,1.0695925686743721,Inf,Inf
