seed,dimension,time,fw_time,primal,dual_gap,smallest_dual_gap,iterations,iter_not_converging,fallback_helped,average_iter,std_iter,average_gap,std_gap
3,1500,3604.664563997,3603.996804552,0.14363662007227934,0.001088881096603666,0.0011161979968423753,501,0,0,4.69061876247505,1.3274380649835478,Inf,Inf
