seed,dimension,time,fw_time,primal,dual_gap,smallest_dual_gap,iterations,iter_not_converging,fallback_helped,average_iter,std_iter,average_gap,std_gap
3,4500,3623.201810533,3621.079904931,0.09693602100031455,0.008995338433973458,0.009370449769016473,148,0,0,4.926174496644295,1.091081534666924,Inf,Inf
