seed,dimension,time,fw_time,primal,dual_gap,smallest_dual_gap,iterations,iter_not_converging,fallback_helped,average_iter,std_iter,average_gap,std_gap
1,3000,3615.348407435,3614.259000508,0.11032959925807136,0.0032306247851305175,0.0032592311758336684,366,0,0,5.081743869209809,1.5235381633916072,Inf,Inf
