seed,dimension,time,fw_time,primal,dual_gap,smallest_dual_gap,iterations,iter_not_converging,fallback_helped,average_iter,std_iter,average_gap,std_gap
5,4500,3632.616367996,3630.255067921,0.09687447557000949,0.009600606829534574,0.009987528505838094,147,0,0,5.047297297297297,0.9060226263446338,Inf,Inf
