seed,dimension,time,fw_time,primal,dual_gap,smallest_dual_gap,iterations,iter_not_converging,fallback_helped,average_iter,std_iter,average_gap,std_gap
3,1000,3601.904275559,3601.421863761,0.1916909269429478,0.36931883177212854,0.3693188317721277,3140,0,0,1.0009554140127388,0.05353729576861888,Inf,Inf
