seed,dimension,time,fw_time,primal,dual_gap,smallest_dual_gap,iterations,iter_not_converging,fallback_helped,average_iter,std_iter,average_gap,std_gap
3,1500,3604.948387991,3604.271992173,0.1436371074448352,0.0010625338147464726,0.0010621897028697015,516,0,0,4.587209302325581,1.153361975864303,Inf,Inf
