seed,dimension,time,fw_time,primal,dual_gap,smallest_dual_gap,iterations,iter_not_converging,fallback_helped,average_iter,std_iter,average_gap,std_gap
5,2500,3614.440774463,3613.644857529,0.12126671125551272,0.0033346866911686916,0.0034943914438691354,381,0,0,5.002624671916011,1.548341536619513,Inf,Inf
