seed,dimension,time,fw_time,primal,dual_gap,smallest_dual_gap,iterations,iter_not_converging,fallback_helped,average_iter,std_iter,average_gap,std_gap
4,4500,3623.024290381,3620.772739859,0.09691592721220409,0.009396542813310834,0.00992348978535838,149,0,0,4.926174496644295,1.027289530831496,Inf,Inf
