seed,dimension,time,fw_time,primal,dual_gap,smallest_dual_gap,iterations,iter_not_converging,fallback_helped,average_iter,std_iter,average_gap,std_gap
5,3000,3610.315805069,3609.3871519,0.10993753149832751,0.002614361675765755,0.0026298298156697472,436,0,0,3.782110091743119,0.6145748155789494,Inf,Inf
