seed,dimension,time,fw_time,primal,dual_gap,smallest_dual_gap,iterations,iter_not_converging,fallback_helped,average_iter,std_iter,average_gap,std_gap
2,1500,3607.531311999,3606.948669457,0.14411515751028814,0.0013787096013120129,0.0013528681482494961,501,0,0,4.604790419161676,1.171109305738804,Inf,Inf
