seed,dimension,time,fw_time,primal,dual_gap,smallest_dual_gap,iterations,iter_not_converging,fallback_helped,average_iter,std_iter,average_gap,std_gap
5,1000,3601.564407546,3601.174464786,0.1934946856080552,0.2560448328263992,0.2560448328263992,3273,0,0,1.0021387106630002,0.12235593422879873,Inf,Inf
