seed,dimension,time,fw_time,primal,dual_gap,smallest_dual_gap,iterations,iter_not_converging,fallback_helped,average_iter,std_iter,average_gap,std_gap
2,500,3600.47237639,3600.43020752,0.23807585038903553,0.09723757862946633,0.09723757862946633,16377,0,0,1.0046974133723767,0.15077905578566228,Inf,Inf
