seed,dimension,time,fw_time,primal,dual_gap,smallest_dual_gap,iterations,iter_not_converging,fallback_helped,average_iter,std_iter,average_gap,std_gap
2,500,3601.812523087,3601.74210733,0.23923533995282323,0.11633289148744147,0.11633289148744147,15519,0,0,1.000322185707842,0.04013637426587003,Inf,Inf
