seed,dimension,time,fw_time,primal,dual_gap,smallest_dual_gap,iterations,iter_not_converging,fallback_helped,average_iter,std_iter,average_gap,std_gap
3,5000,3613.428414596,3611.141077329,0.09209327367132532,0.010703396755603879,0.01079180197039268,130,0,0,5.038461538461538,0.8481977807406883,Inf,Inf
