seed,dimension,time,fw_time,primal,dual_gap,smallest_dual_gap,iterations,iter_not_converging,fallback_helped,average_iter,std_iter,average_gap,std_gap
5,4500,3658.440628483,3654.623480727,0.09848831094385267,0.01552557607696943,0.01536076037511342,78,1,1,5.2784810126582276,1.0119378320415293,0.00012248525792434538,1.0
