seed,dimension,time,fw_time,primal,dual_gap,smallest_dual_gap,iterations,iter_not_converging,fallback_helped,average_iter,std_iter,average_gap,std_gap
1,5000,3616.689215163,3614.046088659,0.0916340609561836,0.008390090442920637,0.008713837139996745,159,0,0,3.842767295597484,0.5340861258352707,Inf,Inf
