seed,dimension,time,fw_time,primal,dual_gap,smallest_dual_gap,iterations,iter_not_converging,fallback_helped,average_iter,std_iter,average_gap,std_gap
4,4500,3621.480569805,3617.578640243,0.09885268702927975,0.01686217070755139,0.01678394595323171,73,2,1,5.675675675675675,4.294335574959079,0.008986209645287655,1.0951330588579264
