seed,dimension,time,fw_time,primal,dual_gap,smallest_dual_gap,iterations,iter_not_converging,fallback_helped,average_iter,std_iter,average_gap,std_gap
5,4000,3615.996604172,3614.886917528,0.09999188369954641,0.005468572034226165,0.005462079974360292,277,0,0,5.097472924187725,1.5184472320587412,Inf,Inf
