seed,dimension,time,fw_time,primal,dual_gap,smallest_dual_gap,iterations,iter_not_converging,fallback_helped,average_iter,std_iter,average_gap,std_gap
1,4000,3621.925934016,3620.870400464,0.0999319886473208,0.005348105638029125,0.005315738360168545,273,32,32,5.076642335766423,1.717599601698321,0.0009514183837966156,1.0202690851233502
