seed,dimension,time,fw_time,primal,dual_gap,smallest_dual_gap,iterations,iter_not_converging,fallback_helped,average_iter,std_iter,average_gap,std_gap
2,4000,3611.248399861,3610.205213372,0.10006435328959337,0.005088778157970344,0.005027763003177019,283,0,0,4.830388692579505,1.1697406168863567,Inf,Inf
