seed,dimension,time,fw_time,primal,dual_gap,smallest_dual_gap,iterations,iter_not_converging,fallback_helped,average_iter,std_iter,average_gap,std_gap
5,5000,3635.692570732,3633.519429992,0.09192223194928653,0.0104274650185889,0.010350892207024745,129,0,0,5.124031007751938,0.7181546658144105,Inf,Inf
