seed,dimension,time,fw_time,primal,dual_gap,smallest_dual_gap,iterations
5,40000,4200.733501055,4156.827712652,Inf,8.668458611215781,6.339961522084399,2
