seed,dimension,time,fw_time,primal,dual_gap,smallest_dual_gap,iterations,iter_not_converging,fallback_helped,average_iter,std_iter,average_gap,std_gap
3,5000,3614.440129811,3612.362509638,0.09158302260725429,0.008748238737247368,0.008755600191535403,162,0,0,3.8895705521472395,0.4582055036464702,Inf,Inf
