seed,dimension,time,fw_time,primal,dual_gap,smallest_dual_gap,iterations,iter_not_converging,fallback_helped,average_iter,std_iter,average_gap,std_gap
5,3500,3610.074721349,3609.150108241,0.10531978478895451,0.0031720524336360766,0.003144003293717626,419,0,0,3.7648456057007125,0.639418848800129,Inf,Inf
