seed,dimension,time,fw_time,primal,dual_gap,smallest_dual_gap,iterations,iter_not_converging,fallback_helped,average_iter,std_iter,average_gap,std_gap
5,3500,3606.415014526,3605.445545087,0.10536224737004828,0.0034037035413040165,0.003385616494499189,399,0,0,3.769423558897243,0.6355999963207843,Inf,Inf
