seed,dimension,time,fw_time,primal,dual_gap,smallest_dual_gap,iterations,iter_not_converging,fallback_helped,average_iter,std_iter,average_gap,std_gap
4,5000,3626.766983024,3624.085292289,0.09146435855874861,0.008470157038931697,0.008463017879767155,158,0,0,3.8860759493670884,0.46501398574000585,Inf,Inf
