seed,dimension,time,fw_time,primal,dual_gap,smallest_dual_gap,iterations,iter_not_converging,fallback_helped,average_iter,std_iter,average_gap,std_gap
4,3000,3615.08064173,3614.207680608,0.11000154148910421,0.003387090810262082,0.003586324708641002,365,0,0,4.8273972602739725,1.1745071767487125,Inf,Inf
