seed,dimension,time,fw_time,primal,dual_gap,smallest_dual_gap,iterations,iter_not_converging,fallback_helped,average_iter,std_iter,average_gap,std_gap
4,2000,3606.956403335,3606.166925168,0.12889401143278642,0.0014344962794725705,0.0014347923033886968,533,0,0,3.839252336448598,0.5159909213965223,Inf,Inf
