seed,dimension,time,fw_time,primal,dual_gap,smallest_dual_gap,iterations,iter_not_converging,fallback_helped,average_iter,std_iter,average_gap,std_gap
3,4000,3608.487398528,3607.229521786,0.09998196717128147,0.005325265380093539,0.00533709138451683,272,0,0,5.080882352941177,1.5273890466286686,Inf,Inf
