seed,dimension,time,fw_time,primal,dual_gap,smallest_dual_gap,iterations,iter_not_converging,fallback_helped,average_iter,std_iter,average_gap,std_gap
3,1500,3604.185942223,3603.569252843,0.14363317369675876,0.0011108208362867363,0.0011380938056633275,519,0,0,4.622350674373796,1.3137090733110341,Inf,Inf
