seed,dimension,time,fw_time,primal,dual_gap,smallest_dual_gap,iterations,iter_not_converging,fallback_helped,average_iter,std_iter,average_gap,std_gap
1,3500,3606.328493499,3605.32238134,0.10552423838365432,0.004021891801550322,0.004241664218936202,323,0,0,5.077399380804954,1.6142465652867248,Inf,Inf
