seed,dimension,time,fw_time,primal,dual_gap,smallest_dual_gap,iterations,iter_not_converging,fallback_helped,average_iter,std_iter,average_gap,std_gap
2,3000,3612.066657043,3611.158109116,0.11029482304980638,0.002790901711947961,0.002786254811419843,438,0,0,3.7899543378995433,0.6101277187200039,Inf,Inf
