seed,dimension,time,fw_time,primal,dual_gap,smallest_dual_gap,iterations,iter_not_converging,fallback_helped,average_iter,std_iter,average_gap,std_gap
4,500,3600.388555332,3600.338039463,0.23069346638767188,0.06334751397019855,0.06334751397019855,15260,0,0,1.0003276539973787,0.04047554801227329,Inf,Inf
