seed,dimension,time,fw_time,primal,dual_gap,smallest_dual_gap,iterations,iter_not_converging,fallback_helped,average_iter,std_iter,average_gap,std_gap
4,3000,3612.298144909,3611.449660258,0.11000060403446124,0.003388838586632005,0.0033870908102620403,366,0,0,4.831062670299728,1.172925311210901,Inf,Inf
