seed,dimension,time,fw_time,primal,dual_gap,smallest_dual_gap,iterations,iter_not_converging,fallback_helped,average_iter,std_iter,average_gap,std_gap
3,2000,3608.782700433,3608.053946976,0.12894172813077498,0.0013621508560439921,0.0013135209478089133,552,0,0,3.8115942028985508,0.5327833245931387,Inf,Inf
