seed,dimension,time,fw_time,primal,dual_gap,smallest_dual_gap,iterations,iter_not_converging,fallback_helped,average_iter,std_iter,average_gap,std_gap
1,4000,3611.876221674,3610.702002004,0.09985678738770687,0.0051333508679774174,0.005135573420554332,284,0,0,4.806338028169014,1.212928867069273,Inf,Inf
