seed,dimension,time,fw_time,primal,dual_gap,smallest_dual_gap,iterations
4,40000,6935.436729244,6893.799126597,Inf,8.703369446621029,6.27593365536688,2
