seed,dimension,time,fw_time,primal,dual_gap,smallest_dual_gap,iterations,iter_not_converging,fallback_helped,average_iter,std_iter,average_gap,std_gap
3,1500,3606.288424725,3605.489851699,0.14363918691481,0.0012190964382423793,0.0012256741474518593,495,33,33,4.723790322580645,1.8296984761217674,0.0019458557854289263,1.2162780395436315
