seed,dimension,time,fw_time,primal,dual_gap,smallest_dual_gap,iterations,iter_not_converging,fallback_helped,average_iter,std_iter,average_gap,std_gap
5,2500,3604.391862303,3603.585548595,0.12127405608438357,0.00335007596610783,0.003380668655369231,377,0,0,5.015873015873016,1.5586711012492005,Inf,Inf
