seed,dimension,time,fw_time,primal,dual_gap,smallest_dual_gap,iterations,iter_not_converging,fallback_helped,average_iter,std_iter,average_gap,std_gap
1,1500,3610.44681082,3609.615320873,0.14418604696969395,0.0016262676656371294,0.001627508138733691,490,0,0,4.783673469387755,1.4091937300542958,Inf,Inf
