seed,dimension,time,fw_time,primal,dual_gap,smallest_dual_gap,iterations,iter_not_converging,fallback_helped,average_iter,std_iter,average_gap,std_gap
1,3000,3615.080477614,3614.20292876,0.11033870048189248,0.0032120059949531203,0.0033517610950884145,364,0,0,4.824175824175824,1.1745079888330485,Inf,Inf
