seed,dimension,time,fw_time,primal,dual_gap,smallest_dual_gap,iterations,iter_not_converging,fallback_helped,average_iter,std_iter,average_gap,std_gap
3,4500,3624.957408224,3622.779552759,0.09644452909653603,0.007753460260102112,0.007884655060178504,186,0,0,3.807486631016043,0.5823087101873835,Inf,Inf
