seed,dimension,time,fw_time,primal,dual_gap,smallest_dual_gap,iterations,iter_not_converging,fallback_helped,average_iter,std_iter,average_gap,std_gap
4,4500,3623.404460941,3621.439643659,0.09724522455067446,0.010302736644737812,0.010261730078656524,135,1,0,5.474074074074074,3.38528340406167,0.013763421441194471,1.0
