seed,dimension,time,fw_time,primal,dual_gap,smallest_dual_gap,iterations,iter_not_converging,fallback_helped,average_iter,std_iter,average_gap,std_gap
3,500,301.016421133,300.927883142,0.22149879236326167,1.1094633466102177e-7,9.604629180176572e-8,675,0,0,3.5896296296296297,1.2817640196573399,Inf,Inf
