seed,dimension,time,fw_time,primal,dual_gap,smallest_dual_gap,iterations,iter_not_converging,fallback_helped,average_iter,std_iter,average_gap,std_gap
4,2000,3608.352673097,3607.566549598,0.12893457638693115,0.0018652761425960764,0.002012966451768579,433,0,0,4.953810623556582,1.441029252529642,Inf,Inf
