seed,dimension,time,fw_time,primal,dual_gap,smallest_dual_gap,iterations,iter_not_converging,fallback_helped,average_iter,std_iter,average_gap,std_gap
5,1500,3608.244414988,3607.531942096,0.1439264376066428,0.000983135318712386,0.0009742683699209345,602,0,0,3.740863787375415,0.561633508367695,Inf,Inf
