seed,dimension,time,fw_time,primal,dual_gap,smallest_dual_gap,iterations,iter_not_converging,fallback_helped,average_iter,std_iter,average_gap,std_gap
2,2500,3611.438085311,3610.542072927,0.12141134877857455,0.003307274176861868,0.003311071000461359,392,0,0,4.790816326530612,1.2082907743311564,Inf,Inf
