seed,dimension,time,fw_time,primal,dual_gap,smallest_dual_gap,iterations,iter_not_converging,fallback_helped,average_iter,std_iter,average_gap,std_gap
5,500,291.048440125,291.006138558,0.22162919018767877,1.0978243106252172e-7,9.68227325606752e-8,770,19,19,3.5806861499364677,1.229217271729601,0.002630419693558603,1.3188515792908235
