seed,dimension,time,fw_time,primal,dual_gap,smallest_dual_gap,iterations,iter_not_converging,fallback_helped,average_iter,std_iter,average_gap,std_gap
5,4500,3627.872392143,3625.743477781,0.09696581130141667,0.009675190239267887,0.009578597546157495,140,0,0,5.2214285714285715,1.292300704158737,Inf,Inf
