seed,dimension,time,fw_time,primal,dual_gap,smallest_dual_gap,iterations,iter_not_converging,fallback_helped,average_iter,std_iter,average_gap,std_gap
3,4500,3611.444464033,3609.420862184,0.0970541883023028,0.009614244549482053,0.00982701487765332,140,0,0,5.214285714285714,1.5210074013305668,Inf,Inf
