seed,dimension,time,fw_time,primal,dual_gap,smallest_dual_gap,iterations,iter_not_converging,fallback_helped,average_iter,std_iter,average_gap,std_gap
3,4500,3642.816446352,3638.586626256,0.09881828510188645,0.016536248019144453,0.016566090697924286,72,2,1,5.7534246575342465,4.306909248578925,0.0012426031492346564,9.774591859329973
