seed,dimension,time,fw_time,primal,dual_gap,smallest_dual_gap,iterations,iter_not_converging,fallback_helped,average_iter,std_iter,average_gap,std_gap
4,3000,3610.540474258,3609.631850692,0.10988353710628006,0.0024673568425524935,0.002461833828465137,433,0,0,3.810623556581986,0.57829397008156,Inf,Inf
