seed,dimension,time,fw_time,primal,dual_gap,smallest_dual_gap,iterations,iter_not_converging,fallback_helped,average_iter,std_iter,average_gap,std_gap
3,2000,3606.368111334,3605.521992884,0.1289476269588106,0.0013513254477655577,0.0013500305257343435,534,0,0,3.8134328358208953,0.5353717960133151,Inf,Inf
