seed,dimension,time,fw_time,primal,dual_gap,smallest_dual_gap,iterations,iter_not_converging,fallback_helped,average_iter,std_iter,average_gap,std_gap
4,2000,3605.328280067,3604.658782818,0.12891970013935844,0.0017223150743880013,0.0017251464950854,455,37,37,4.93859649122807,1.4298856495848749,0.0018744720804925047,1.1186310450464454
