seed,dimension,time,fw_time,primal,dual_gap,smallest_dual_gap,iterations,iter_not_converging,fallback_helped,average_iter,std_iter,average_gap,std_gap
1,4500,3620.68989576,3618.480556121,0.09716576558107433,0.009969235450898877,0.010159491697556483,137,0,0,5.36231884057971,1.3451292450615346,Inf,Inf
