seed,dimension,time,fw_time,primal,dual_gap,smallest_dual_gap,iterations,iter_not_converging,fallback_helped,average_iter,std_iter,average_gap,std_gap
3,3000,3615.060398365,3614.321932765,0.1101867120240682,0.0037792642013103166,0.0038084829192262075,342,42,42,5.1020408163265305,1.6449715789049912,0.0015739717603637086,1.0033065644507722
