seed,dimension,time,fw_time,primal,dual_gap,smallest_dual_gap,iterations,iter_not_converging,fallback_helped,average_iter,std_iter,average_gap,std_gap
2,3500,3609.080412236,3607.922552746,0.10568865450335552,0.0044374247106359795,0.0044090265918346715,327,0,0,5.097859327217125,1.5983777258156457,Inf,Inf
