seed,dimension,time,fw_time,primal,dual_gap,smallest_dual_gap,iterations,iter_not_converging,fallback_helped,average_iter,std_iter,average_gap,std_gap
5,1500,3607.305728937,3606.579350918,0.14393168515281782,0.0009712221748996476,0.0010121943969447315,518,0,0,4.519305019305019,1.17460800474471,Inf,Inf
