seed,dimension,time,fw_time,primal,dual_gap,smallest_dual_gap,iterations,iter_not_converging,fallback_helped,average_iter,std_iter,average_gap,std_gap
3,1000,3601.737899558,3601.403087468,0.1936677511274838,0.5367129201212428,0.5367129201212428,2924,0,0,1.0051229508196722,0.12388643826433687,Inf,Inf
