seed,dimension,time,fw_time,primal,dual_gap,smallest_dual_gap,iterations,iter_not_converging,fallback_helped,average_iter,std_iter,average_gap,std_gap
3,5000,3626.300447795,3623.69255545,0.09206300153808636,0.010527638177031938,0.01074709706929543,127,0,0,5.2047244094488185,1.0935495044510626,Inf,Inf
