seed,dimension,time,fw_time,primal,dual_gap,smallest_dual_gap,iterations,iter_not_converging,fallback_helped,average_iter,std_iter,average_gap,std_gap
4,1500,3604.73221768,3604.004318939,0.14409788303053256,0.0012702014336330204,0.0012936618807543668,511,0,0,4.612524461839531,1.119593626771039,Inf,Inf
