seed,dimension,time,fw_time,primal,dual_gap,smallest_dual_gap,iterations,iter_not_converging,fallback_helped,average_iter,std_iter,average_gap,std_gap
2,500,400.650871766,400.506214979,0.22261468891559683,1.0451562908880829e-7,9.836918463818067e-8,972,0,0,3.4516460905349793,0.9556204633020959,Inf,Inf
