seed,dimension,time,fw_time,primal,dual_gap,smallest_dual_gap,iterations,iter_not_converging,fallback_helped,average_iter,std_iter,average_gap,std_gap
3,4500,3623.577814912,3621.353323605,0.0970541883023028,0.009614244549482053,0.00982701487765332,140,0,0,5.24822695035461,1.5682384492926829,Inf,Inf
