seed,dimension,time,fw_time,primal,dual_gap,smallest_dual_gap,iterations,iter_not_converging,fallback_helped,average_iter,std_iter,average_gap,std_gap
1,2000,3607.92067772,3607.016688507,0.1290853156693061,0.0023430821775937173,0.0022522804471977187,435,0,0,4.958620689655173,1.4152357055755511,Inf,Inf
