seed,dimension,time,fw_time,primal,dual_gap,smallest_dual_gap,iterations,iter_not_converging,fallback_helped,average_iter,std_iter,average_gap,std_gap
5,3500,3605.720324325,3604.81403591,0.10555224623948446,0.0045842427956193504,0.004533560540448355,324,0,0,5.070987654320987,1.5907698974773745,Inf,Inf
