seed,dimension,time,fw_time,primal,dual_gap,smallest_dual_gap,iterations,iter_not_converging,fallback_helped,average_iter,std_iter,average_gap,std_gap
2,3500,3605.816754502,3604.748801902,0.1057212438401366,0.004535673842598082,0.004528783299808357,321,0,0,5.121495327102804,1.6415138613515714,Inf,Inf
