seed,dimension,time,fw_time,primal,dual_gap,smallest_dual_gap,iterations,iter_not_converging,fallback_helped,average_iter,std_iter,average_gap,std_gap
3,2500,3611.350145701,3610.534020721,0.12120940490872012,0.002882841320741323,0.0028922190265115513,392,0,0,4.803571428571429,1.2365646249231188,Inf,Inf
