seed,dimension,time,fw_time,primal,dual_gap,smallest_dual_gap,iterations,iter_not_converging,fallback_helped,average_iter,std_iter,average_gap,std_gap
2,1500,3605.275322817,3604.506105636,0.1441144066563796,0.0015204112852222305,0.0015242746899435979,514,0,0,4.733463035019455,1.4076402743264276,Inf,Inf
