seed,dimension,time,fw_time,primal,dual_gap,smallest_dual_gap,iterations,iter_not_converging,fallback_helped,average_iter,std_iter,average_gap,std_gap
3,3500,3607.716796833,3606.830377444,0.10559428707111236,0.004273342364892421,0.004261578763207593,318,0,0,5.128930817610063,1.539914615681618,Inf,Inf
