seed,dimension,time,fw_time,primal,dual_gap,smallest_dual_gap,iterations,iter_not_converging,fallback_helped,average_iter,std_iter,average_gap,std_gap
1,3500,3610.903953741,3609.957444151,0.10550819919087526,0.0038994113131686006,0.0038483173457277385,329,0,0,5.075757575757576,1.6027200099872585,Inf,Inf
