seed,dimension,time,fw_time,primal,dual_gap,smallest_dual_gap,iterations,iter_not_converging,fallback_helped,average_iter,std_iter,average_gap,std_gap
1,3500,3611.296733534,3610.216083402,0.10530250107417419,0.002648074461974643,0.0026543672675896877,403,0,0,3.7791563275434243,0.6216350474493257,Inf,Inf
