seed,dimension,time,fw_time,primal,dual_gap,smallest_dual_gap,iterations,iter_not_converging,fallback_helped,average_iter,std_iter,average_gap,std_gap
1,4500,3623.264440355,3621.143745556,0.09716576558107433,0.009969235450898877,0.010159491697556483,137,0,0,5.343065693430657,1.330844248877489,Inf,Inf
