seed,dimension,time,fw_time,primal,dual_gap,smallest_dual_gap,iterations,iter_not_converging,fallback_helped,average_iter,std_iter,average_gap,std_gap
4,1500,3606.920687566,3606.278883383,0.14409720105245455,0.0012517609227616008,0.0012580382661642464,491,1,0,4.822810590631365,2.1129264556316247,0.019294635969348675,1.0
