seed,dimension,time,fw_time,primal,dual_gap,smallest_dual_gap,iterations,iter_not_converging,fallback_helped,average_iter,std_iter,average_gap,std_gap
2,2500,3607.110199797,3606.246427937,0.12141821077471113,0.003327452724855663,0.0032960626270439157,392,0,0,4.808673469387755,1.199584870867639,Inf,Inf
