seed,dimension,time,fw_time,primal,dual_gap,smallest_dual_gap,iterations,iter_not_converging,fallback_helped,average_iter,std_iter,average_gap,std_gap
2,4500,3621.873786373,3619.737888879,0.0970899564231661,0.009013329728935298,0.008969923654545,146,0,0,4.993197278911564,1.0303384112204983,Inf,Inf
