seed,dimension,time,fw_time,primal,dual_gap,smallest_dual_gap,iterations,iter_not_converging,fallback_helped,average_iter,std_iter,average_gap,std_gap
1,1000,3245.867132158,3245.331200837,0.16817323281973615,9.339981708877954e-8,9.875579133969414e-8,1427,33,32,3.5296995108315863,1.518300432506495,0.0027286652900258015,1.8590284339941487
