seed,dimension,time,fw_time,primal,dual_gap,smallest_dual_gap,iterations,iter_not_converging,fallback_helped,average_iter,std_iter,average_gap,std_gap
5,2000,3608.628432788,3607.811677467,0.12897307927825732,0.0025947398722718992,0.0026520529352888587,438,0,0,4.945205479452055,1.413149210079043,Inf,Inf
