seed,dimension,time,fw_time,primal,dual_gap,smallest_dual_gap,iterations,iter_not_converging,fallback_helped,average_iter,std_iter,average_gap,std_gap
1,4000,3615.780337273,3613.841172848,0.10030917813089169,0.00659651054555754,0.006612435357500626,223,0,0,5.147321428571429,1.6513866884758033,Inf,Inf
