seed,dimension,time,fw_time,primal,dual_gap,smallest_dual_gap,iterations,iter_not_converging,fallback_helped,average_iter,std_iter,average_gap,std_gap
1,3500,3616.009633228,3614.975225003,0.10550452020157633,0.003974778311593194,0.0039502666044541265,323,0,0,5.04953560371517,1.571492377640788,Inf,Inf
