seed,dimension,time,fw_time,primal,dual_gap,smallest_dual_gap,iterations,iter_not_converging,fallback_helped,average_iter,std_iter,average_gap,std_gap
5,2000,3605.044114366,3604.380329422,0.12895947466094404,0.0024038120156192264,0.0023791502339879193,443,42,42,4.975225225225225,1.458784767045212,0.0019478949454312272,1.2011212010641272
