seed,dimension,time,fw_time,primal,dual_gap,smallest_dual_gap,iterations,iter_not_converging,fallback_helped,average_iter,std_iter,average_gap,std_gap
4,4000,3608.044614,3606.94037081,0.10000885380180936,0.004748634587331182,0.0047323798265990515,280,0,0,5.132142857142857,1.6154614888051635,Inf,Inf
