seed,dimension,time,fw_time,primal,dual_gap,smallest_dual_gap,iterations,iter_not_converging,fallback_helped,average_iter,std_iter,average_gap,std_gap
3,500,250.928465599,250.886235582,0.22149879236326728,9.60941987093733e-8,9.809588042558604e-8,668,18,18,3.6341107871720117,1.2974775120508364,0.004728038145138444,1.0149956274509713
