seed,dimension,time,fw_time,primal,dual_gap,smallest_dual_gap,iterations,iter_not_converging,fallback_helped,average_iter,std_iter,average_gap,std_gap
3,1500,3607.317748246,3606.479770852,0.14362538118420656,0.0006167336719399633,0.0006294306998438533,607,0,0,3.7199341021416803,0.5545919877513821,Inf,Inf
