seed,dimension,time,fw_time,primal,dual_gap,smallest_dual_gap,iterations,iter_not_converging,fallback_helped,average_iter,std_iter,average_gap,std_gap
3,4500,3618.165339733,3615.908646806,0.09693602100031455,0.008995338433973458,0.009370449769016473,148,0,0,4.918918918918919,1.0911737019388366,Inf,Inf
