seed,dimension,time,fw_time,primal,dual_gap,smallest_dual_gap,iterations,iter_not_converging,fallback_helped,average_iter,std_iter,average_gap,std_gap
5,1000,2557.271064929,2556.910648587,0.16827882742816347,9.453352974378437e-8,9.941633201740463e-8,1387,0,0,3.240086517664023,0.5537822134955588,Inf,Inf
