seed,dimension,time,fw_time,primal,dual_gap,smallest_dual_gap,iterations,iter_not_converging,fallback_helped,average_iter,std_iter,average_gap,std_gap
4,4000,3616.408193627,3615.533425278,0.10002105899896227,0.004890570577136551,0.004924362227546612,274,0,0,5.175182481751825,1.4943008225465901,Inf,Inf
