seed,dimension,time,fw_time,primal,dual_gap,smallest_dual_gap,iterations,iter_not_converging,fallback_helped,average_iter,std_iter,average_gap,std_gap
3,4000,3605.100084277,3603.918660476,0.09990730678253827,0.005061250061201332,0.005052402595720675,282,0,0,5.078014184397163,1.6098934426213554,Inf,Inf
