seed,dimension,time,fw_time,primal,dual_gap,smallest_dual_gap,iterations,iter_not_converging,fallback_helped,average_iter,std_iter,average_gap,std_gap
4,4000,3620.669601459,3619.790433094,0.09994562916162567,0.004662130254005414,0.004631606584334588,289,0,0,5.162068965517242,1.512786057619171,Inf,Inf
