seed,dimension,time,fw_time,primal,dual_gap,smallest_dual_gap,iterations,iter_not_converging,fallback_helped,average_iter,std_iter,average_gap,std_gap
3,3000,3616.362655241,3615.517404572,0.11011570998672267,0.0034460496177529665,0.003568635748763864,368,0,0,4.798913043478261,1.2320864265323301,Inf,Inf
