seed,dimension,time,fw_time,primal,dual_gap,smallest_dual_gap,iterations,iter_not_converging,fallback_helped,average_iter,std_iter,average_gap,std_gap
4,1000,3601.532401547,3601.279539263,0.1930542254317835,0.3734556471928359,0.3734556471928359,3018,0,0,1.0023194168323393,0.12742024103875765,Inf,Inf
