seed,dimension,time,fw_time,primal,dual_gap,smallest_dual_gap,iterations,iter_not_converging,fallback_helped,average_iter,std_iter,average_gap,std_gap
1,2000,3608.592429337,3607.757752823,0.1290633985520406,0.0021119741075647236,0.0021063239583557873,454,0,0,4.784140969162996,1.1439888147791908,Inf,Inf
