seed,dimension,time,fw_time,primal,dual_gap,smallest_dual_gap,iterations,iter_not_converging,fallback_helped,average_iter,std_iter,average_gap,std_gap
2,2000,3607.256796582,3606.374014532,0.1291539215256884,0.001674176184492917,0.0016704859721866014,541,0,0,3.7966728280961184,0.5799648953146708,Inf,Inf
