seed,dimension,time,fw_time,primal,dual_gap,smallest_dual_gap,iterations,iter_not_converging,fallback_helped,average_iter,std_iter,average_gap,std_gap
4,4500,3633.547903342,3631.273058963,0.09715282873788503,0.010194662094709536,0.010205459941387595,140,0,0,5.242857142857143,1.5907621293288594,Inf,Inf
