seed,dimension,time,fw_time,primal,dual_gap,smallest_dual_gap,iterations,iter_not_converging,fallback_helped,average_iter,std_iter,average_gap,std_gap
5,1000,3602.604465054,3602.282840189,0.1934946856080552,0.2560448328263992,0.2560448328263992,3213,0,0,1.003734827264239,0.21170244960998577,Inf,Inf
