seed,dimension,time,fw_time,primal,dual_gap,smallest_dual_gap,iterations,iter_not_converging,fallback_helped,average_iter,std_iter,average_gap,std_gap
3,500,247.852513932,247.802021748,0.22149879236319803,1.1094086638241407e-7,9.591961654120684e-8,728,0,0,3.4972527472527473,1.1249297734428299,Inf,Inf
