seed,dimension,time,fw_time,primal,dual_gap,smallest_dual_gap,iterations,iter_not_converging,fallback_helped,average_iter,std_iter,average_gap,std_gap
5,4000,3614.207095969,3613.066976535,0.10002706956151457,0.0055675406174065314,0.005568912254234545,272,0,0,5.099264705882353,1.4957749265110876,Inf,Inf
