seed,dimension,time,fw_time,primal,dual_gap,smallest_dual_gap,iterations,iter_not_converging,fallback_helped,average_iter,std_iter,average_gap,std_gap
2,2000,3607.404327157,3606.522920726,0.12915066973587586,0.0016102282557059547,0.0016790364420329884,536,0,0,3.8115671641791047,0.546814536691021,Inf,Inf
