seed,dimension,time,fw_time,primal,dual_gap,smallest_dual_gap,iterations,iter_not_converging,fallback_helped,average_iter,std_iter,average_gap,std_gap
3,3500,3615.732973904,3614.774292462,0.10558147685567663,0.00447123300047143,0.004517963946584765,319,0,0,5.047021943573668,1.5824257619142192,Inf,Inf
