seed,dimension,time,fw_time,primal,dual_gap,smallest_dual_gap,iterations,iter_not_converging,fallback_helped,average_iter,std_iter,average_gap,std_gap
5,4000,3606.693138852,3605.602947963,0.09996992004398784,0.005256508684166102,0.005323543887461105,280,0,0,5.107142857142857,1.5482510820956805,Inf,Inf
