seed,dimension,time,fw_time,primal,dual_gap,smallest_dual_gap,iterations,iter_not_converging,fallback_helped,average_iter,std_iter,average_gap,std_gap
5,3500,3612.65913113,3611.659256462,0.10564017119346512,0.004885661604619205,0.004836446815010227,321,0,0,5.149068322981367,1.5375312174192144,Inf,Inf
