seed,dimension,time,fw_time,primal,dual_gap,smallest_dual_gap,iterations,iter_not_converging,fallback_helped,average_iter,std_iter,average_gap,std_gap
3,4000,3613.820397803,3612.823223162,0.099922308424447,0.005182979132614542,0.005189951694963436,281,0,0,4.8362989323843415,1.2137158865143964,Inf,Inf
