seed,dimension,time,fw_time,primal,dual_gap,smallest_dual_gap,iterations,iter_not_converging,fallback_helped,average_iter,std_iter,average_gap,std_gap
5,2500,3606.385677201,3605.503179726,0.12129218801306733,0.0035146506455992557,0.0033801679789323864,377,0,0,5.026525198938992,1.4962139702292143,Inf,Inf
