seed,dimension,time,fw_time,primal,dual_gap,smallest_dual_gap,iterations,iter_not_converging,fallback_helped,average_iter,std_iter,average_gap,std_gap
4,2500,3618.673362374,3617.655243941,0.12147803021593076,0.0062547476086304565,0.0062675772406897805,222,0,0,5.251121076233184,1.5391837367139125,Inf,Inf
