seed,dimension,time,fw_time,primal,dual_gap,smallest_dual_gap,iterations,iter_not_converging,fallback_helped,average_iter,std_iter,average_gap,std_gap
2,3500,3613.852489419,3612.733187422,0.10571633446693801,0.004701805930446376,0.004638607457476421,319,0,0,5.153605015673981,1.5372455091645125,Inf,Inf
