seed,dimension,time,fw_time,primal,dual_gap,smallest_dual_gap,iterations,iter_not_converging,fallback_helped,average_iter,std_iter,average_gap,std_gap
1,5000,3621.596394185,3618.958609383,0.09204934352961135,0.010246475925220206,0.010270766182799419,132,0,0,4.962121212121212,0.9603220120745205,Inf,Inf
