seed,dimension,time,fw_time,primal,dual_gap,smallest_dual_gap,iterations,iter_not_converging,fallback_helped,average_iter,std_iter,average_gap,std_gap
1,2500,3610.509995232,3609.626313616,0.1212122066672452,0.0034309564949693734,0.003444240015937291,373,34,34,5.160427807486631,1.5978993679880558,0.0017546018272433846,1.0034178510769143
