seed,dimension,time,fw_time,primal,dual_gap,smallest_dual_gap,iterations,iter_not_converging,fallback_helped,average_iter,std_iter,average_gap,std_gap
2,1000,3603.056399194,3602.908858255,0.19359859901632825,0.5891034075379457,0.5891034075379457,4161,0,0,1.0067226890756302,0.19834313986154156,Inf,Inf
