seed,dimension,time,fw_time,primal,dual_gap,smallest_dual_gap,iterations,iter_not_converging,fallback_helped,average_iter,std_iter,average_gap,std_gap
5,1000,3602.196391231,3601.955037165,0.1934946856080552,0.2560448328263992,0.2560448328263992,3837,0,0,1.00859151262692,0.25755080409185716,Inf,Inf
