seed,dimension,time,fw_time,primal,dual_gap,smallest_dual_gap,iterations,iter_not_converging,fallback_helped,average_iter,std_iter,average_gap,std_gap
1,4000,3611.76148621,3610.480603422,0.09996002881429297,0.005078410310415674,0.005465896608448529,270,0,0,5.140740740740741,1.5695189657458368,Inf,Inf
