seed,dimension,time,fw_time,primal,dual_gap,smallest_dual_gap,iterations,iter_not_converging,fallback_helped,average_iter,std_iter,average_gap,std_gap
4,5000,3617.240406537,3614.926008072,0.09141108300318286,0.008575714077939493,0.008462937750711181,163,0,0,3.8536585365853657,0.5224282900745689,Inf,Inf
