seed,dimension,time,fw_time,primal,dual_gap,smallest_dual_gap,iterations,iter_not_converging,fallback_helped,average_iter,std_iter,average_gap,std_gap
4,1500,3605.646885133,3604.904352063,0.14408438292278494,0.0007706901738836931,0.0007706992110097892,604,0,0,3.7450331125827816,0.5594582479864312,Inf,Inf
