seed,dimension,time,fw_time,primal,dual_gap,smallest_dual_gap,iterations,iter_not_converging,fallback_helped,average_iter,std_iter,average_gap,std_gap
3,2000,3605.380481323,3604.808287581,0.1289638007702752,0.0016370298053909986,0.0016186871515139686,463,0,0,4.767741935483871,1.1660759137841126,Inf,Inf
