seed,dimension,time,fw_time,primal,dual_gap,smallest_dual_gap,iterations,iter_not_converging,fallback_helped,average_iter,std_iter,average_gap,std_gap
1,3500,3612.15487637,3611.268748686,0.10527119846025618,0.0025271290288203414,0.002536053335650844,423,0,0,3.7905882352941176,0.607271878399805,Inf,Inf
