seed,dimension,time,fw_time,primal,dual_gap,smallest_dual_gap,iterations,iter_not_converging,fallback_helped,average_iter,std_iter,average_gap,std_gap
3,2000,3609.812201619,3609.102926813,0.12897845763945065,0.001909915162204217,0.002059656303340221,433,0,0,4.935334872979214,1.407806752675339,Inf,Inf
