seed,dimension,time,fw_time,primal,dual_gap,smallest_dual_gap,iterations,iter_not_converging,fallback_helped,average_iter,std_iter,average_gap,std_gap
5,5000,3615.840411453,3613.635774848,0.0921099217327347,0.010748253700853977,0.010719571046331039,119,1,0,5.588235294117647,3.4133629838359902,0.00991403027421309,1.0
