seed,dimension,time,fw_time,primal,dual_gap,smallest_dual_gap,iterations,iter_not_converging,fallback_helped,average_iter,std_iter,average_gap,std_gap
5,3000,3613.490245986,3612.557870893,0.11012513022749491,0.0038343144366237356,0.0038181830478218395,348,38,38,5.037249283667622,1.5852369917028155,0.0017835494367779957,1.0038681174290454
