seed,dimension,time,fw_time,primal,dual_gap,smallest_dual_gap,iterations,iter_not_converging,fallback_helped,average_iter,std_iter,average_gap,std_gap
1,5000,3615.856326465,3613.390847354,0.09159996441845926,0.00838429466898521,0.00816330659964892,163,0,0,3.847560975609756,0.5265294659064714,Inf,Inf
