seed,dimension,time,fw_time,primal,dual_gap,smallest_dual_gap,iterations,iter_not_converging,fallback_helped,average_iter,std_iter,average_gap,std_gap
1,2500,3611.195462842,3610.301601565,0.1212258781462607,0.0035774041487534533,0.0035732942384279626,368,0,0,5.127717391304348,1.4418778274297386,Inf,Inf
