seed,dimension,time,fw_time,primal,dual_gap,smallest_dual_gap,iterations,iter_not_converging,fallback_helped,average_iter,std_iter,average_gap,std_gap
4,1500,3605.840363354,3605.202843389,0.144094807511373,0.0011779926724878528,0.001163712512650468,511,0,0,4.6120857699805065,1.140351052912717,Inf,Inf
