seed,dimension,time,fw_time,primal,dual_gap,smallest_dual_gap,iterations,iter_not_converging,fallback_helped,average_iter,std_iter,average_gap,std_gap
1,4500,3613.860386644,3611.626888157,0.09667601873281635,0.008359050992849545,0.008110460269033967,177,0,0,3.853107344632768,0.5232155331156342,Inf,Inf
