seed,dimension,time,fw_time,primal,dual_gap,smallest_dual_gap,iterations,iter_not_converging,fallback_helped,average_iter,std_iter,average_gap,std_gap
1,4000,3609.021645895,3607.803468705,0.09988615651755692,0.005072935476304694,0.005101898527981045,282,0,0,5.035460992907802,1.6995345710692409,Inf,Inf
