seed,dimension,time,fw_time,primal,dual_gap,smallest_dual_gap,iterations,iter_not_converging,fallback_helped,average_iter,std_iter,average_gap,std_gap
5,3000,3606.728138308,3605.803642547,0.11007157437137793,0.003624467126226709,0.0035460422219329227,368,0,0,4.779891304347826,1.20757283040884,Inf,Inf
