seed,dimension,time,fw_time,primal,dual_gap,smallest_dual_gap,iterations,iter_not_converging,fallback_helped,average_iter,std_iter,average_gap,std_gap
3,4000,3608.718051924,3607.770265899,0.09998196718240758,0.005325265640806057,0.005337091648248905,271,29,29,5.125,1.6897236613306084,0.0008885546066487126,1.002474956256354
