seed,dimension,time,fw_time,primal,dual_gap,smallest_dual_gap,iterations,iter_not_converging,fallback_helped,average_iter,std_iter,average_gap,std_gap
4,2500,3611.252474803,3610.456928111,0.1208732656846029,0.0032079562524069093,0.0032023136729672705,376,0,0,5.069148936170213,1.4607779914913601,Inf,Inf
