seed,dimension,time,fw_time,primal,dual_gap,smallest_dual_gap,iterations,iter_not_converging,fallback_helped,average_iter,std_iter,average_gap,std_gap
2,1500,3609.248450972,3608.572395113,0.14411390408614957,0.0013861215918391234,0.0013830831709476903,506,0,0,4.624015748031496,1.1471489466786384,Inf,Inf
