seed,dimension,time,fw_time,primal,dual_gap,smallest_dual_gap,iterations,iter_not_converging,fallback_helped,average_iter,std_iter,average_gap,std_gap
5,3500,3609.576444734,3608.473945872,0.10557515034422112,0.004245567732280513,0.0043132723722610865,333,0,0,4.816816816816817,1.1794242850025143,Inf,Inf
