seed,dimension,time,fw_time,primal,dual_gap,smallest_dual_gap,iterations,iter_not_converging,fallback_helped,average_iter,std_iter,average_gap,std_gap
3,1500,3607.681775932,3607.070781977,0.14363676026066083,0.0011349557167323818,0.0011366641210877916,502,0,0,4.723107569721115,1.3946804784997362,Inf,Inf
