seed,dimension,time,fw_time,primal,dual_gap,smallest_dual_gap,iterations,iter_not_converging,fallback_helped,average_iter,std_iter,average_gap,std_gap
4,4000,3613.385555329,3612.402134576,0.10003125274445243,0.004969741425325906,0.004882004020533164,274,28,28,5.156363636363636,1.6481313945081475,0.0012365706372032357,1.0004431870413248
