seed,dimension,time,fw_time,primal,dual_gap,smallest_dual_gap,iterations,iter_not_converging,fallback_helped,average_iter,std_iter,average_gap,std_gap
5,1500,3609.16048798,3608.484992195,0.14394571960128025,0.0013004558919753745,0.001383371223681082,513,0,0,4.621359223300971,1.1358716364971075,Inf,Inf
