seed,dimension,time,fw_time,primal,dual_gap,smallest_dual_gap,iterations,iter_not_converging,fallback_helped,average_iter,std_iter,average_gap,std_gap
4,2500,3604.015214668,3603.170063988,0.12087201408419213,0.003446881958043036,0.0033883124254312016,371,0,0,5.107816711590297,1.4385496933956148,Inf,Inf
