seed,dimension,time,fw_time,primal,dual_gap,smallest_dual_gap,iterations,iter_not_converging,fallback_helped,average_iter,std_iter,average_gap,std_gap
5,5000,3622.54444386,3620.451814789,0.09188903092205937,0.010333850982482894,0.010110333207399336,131,0,0,5.128787878787879,0.71414608198662,Inf,Inf
