seed,dimension,time,fw_time,primal,dual_gap,smallest_dual_gap,iterations,iter_not_converging,fallback_helped,average_iter,std_iter,average_gap,std_gap
4,2500,3604.868703764,3604.049215782,0.12085588413775804,0.0031269293769750975,0.003244774316549917,385,34,34,5.069948186528498,1.4514760950326562,0.0015538044883348166,1.0659319363818305
