seed,dimension,time,fw_time,primal,dual_gap,smallest_dual_gap,iterations,iter_not_converging,fallback_helped,average_iter,std_iter,average_gap,std_gap
1,3500,3613.884888852,3612.863291837,0.10556378601193589,0.00426998641913124,0.004365717539403388,314,41,40,5.174603174603175,2.5609741536988335,0.0013104099596532126,1.0000073711872068
