seed,dimension,time,fw_time,primal,dual_gap,smallest_dual_gap,iterations,iter_not_converging,fallback_helped,average_iter,std_iter,average_gap,std_gap
4,500,359.216462195,359.166164739,0.2202005106782837,1.3007136559495258e-7,9.688865761081633e-8,808,15,15,3.5382746051032807,1.0999581666117675,0.0014522854902589838,1.6116636494049423
