seed,dimension,time,fw_time,primal,dual_gap,smallest_dual_gap,iterations,iter_not_converging,fallback_helped,average_iter,std_iter,average_gap,std_gap
2,5000,3626.400405093,3624.232076446,0.09202913826614635,0.01034409045764361,0.010445246829531716,126,0,0,5.299212598425197,1.1290884132429064,Inf,Inf
