seed,dimension,time,fw_time,primal,dual_gap,smallest_dual_gap,iterations,iter_not_converging,fallback_helped,average_iter,std_iter,average_gap,std_gap
2,4000,3615.188201708,3614.126568687,0.1001205755037501,0.005333321505756852,0.005314907320758032,267,30,29,5.1940298507462686,2.6605105306594425,0.0012063589776606265,1.0102263384524774
