seed,dimension,time,fw_time,primal,dual_gap,smallest_dual_gap,iterations,iter_not_converging,fallback_helped,average_iter,std_iter,average_gap,std_gap
3,4000,3609.591461143,3608.434164935,0.09991125890013541,0.005203134602189033,0.005180646093438188,284,0,0,4.824561403508772,1.2322372733369331,Inf,Inf
