seed,dimension,time,fw_time,primal,dual_gap,smallest_dual_gap,iterations,iter_not_converging,fallback_helped,average_iter,std_iter,average_gap,std_gap
5,2500,3613.052204761,3612.28761603,0.12126132718050912,0.003408252978136895,0.0033868610897660884,383,0,0,5.010443864229765,1.591829781659364,Inf,Inf
