seed,dimension,time,fw_time,primal,dual_gap,smallest_dual_gap,iterations,iter_not_converging,fallback_helped,average_iter,std_iter,average_gap,std_gap
3,4000,3611.050252598,3610.025779524,0.09990903946052317,0.005107925079108011,0.005340930338530489,286,0,0,5.094405594405594,1.524594911916695,Inf,Inf
