seed,dimension,time,fw_time,primal,dual_gap,smallest_dual_gap,iterations,iter_not_converging,fallback_helped,average_iter,std_iter,average_gap,std_gap
1,5000,3633.536510869,3630.809178412,0.09209343090043134,0.009948029503280565,0.010274026401278611,126,0,0,5.322834645669292,1.3444883948437474,Inf,Inf
