seed,dimension,time,fw_time,primal,dual_gap,smallest_dual_gap,iterations,iter_not_converging,fallback_helped,average_iter,std_iter,average_gap,std_gap
3,4500,3618.19211731,3616.081117475,0.09703952239657272,0.010215592076599693,0.010268515827403261,143,0,0,5.13986013986014,1.366610892834557,Inf,Inf
