seed,dimension,time,fw_time,primal,dual_gap,smallest_dual_gap,iterations,iter_not_converging,fallback_helped,average_iter,std_iter,average_gap,std_gap
3,3000,3615.427254448,3614.447266515,0.11015693078090469,0.0036840022789927374,0.0037374229235005996,354,0,0,5.022598870056497,1.5202310926904685,Inf,Inf
