seed,dimension,time,fw_time,primal,dual_gap,smallest_dual_gap,iterations,iter_not_converging,fallback_helped,average_iter,std_iter,average_gap,std_gap
2,500,3601.752546491,3601.700257626,0.23425460106865326,0.06740906224409005,0.06740906224409005,14651,0,0,1.0002047641799194,0.02478492565569607,Inf,Inf
