seed,dimension,time,fw_time,primal,dual_gap,smallest_dual_gap,iterations,iter_not_converging,fallback_helped,average_iter,std_iter,average_gap,std_gap
3,3500,3608.047367951,3607.102995548,0.10557724991417201,0.004268467290975863,0.0042689220339615155,315,1,0,5.2063492063492065,2.553620697651764,0.009996465620219896,1.0
