seed,dimension,time,fw_time,primal,dual_gap,smallest_dual_gap,iterations,iter_not_converging,fallback_helped,average_iter,std_iter,average_gap,std_gap
3,2500,3612.596401747,3611.671442509,0.12124083697705616,0.0031693457055137347,0.0031479729076727136,371,0,0,5.070080862533692,1.635896231406523,Inf,Inf
