seed,dimension,time,fw_time,primal,dual_gap,smallest_dual_gap,iterations,iter_not_converging,fallback_helped,average_iter,std_iter,average_gap,std_gap
5,3000,3612.744064841,3611.837545264,0.11009718850843195,0.003706826249022889,0.0038045538296787237,357,0,0,5.002801120448179,1.4735468931428262,Inf,Inf
