seed,dimension,time,fw_time,primal,dual_gap,smallest_dual_gap,iterations,iter_not_converging,fallback_helped,average_iter,std_iter,average_gap,std_gap
3,3500,3608.434314441,3607.555961735,0.10530545761271928,0.003408270369035172,0.003394948679405478,398,0,0,3.78643216080402,0.612314298520086,Inf,Inf
