seed,dimension,time,fw_time,primal,dual_gap,smallest_dual_gap,iterations,iter_not_converging,fallback_helped,average_iter,std_iter,average_gap,std_gap
1,1000,2520.87117525,2520.395903864,0.16817323281959243,9.274600476852357e-8,9.423469786440375e-8,1319,0,0,3.506424792139078,1.0395708519276712,Inf,Inf
