seed,dimension,time,fw_time,primal,dual_gap,smallest_dual_gap,iterations,iter_not_converging,fallback_helped,average_iter,std_iter,average_gap,std_gap
4,1500,3605.404502659,3604.727260384,0.14409414649066699,0.0011232585671696847,0.0011211952192480036,501,0,0,4.750499001996008,1.3826151852554638,Inf,Inf
