seed,dimension,time,fw_time,primal,dual_gap,smallest_dual_gap,iterations,iter_not_converging,fallback_helped,average_iter,std_iter,average_gap,std_gap
1,3000,3608.772719783,3607.874758681,0.11016888079032074,0.002128047399592471,0.002150443022485085,457,0,0,3.816993464052288,0.5619434674910617,Inf,Inf
