seed,dimension,time,fw_time,primal,dual_gap,smallest_dual_gap,iterations,iter_not_converging,fallback_helped,average_iter,std_iter,average_gap,std_gap
3,4500,3626.346087318,3624.242721164,0.09652910723383389,0.007852322315079534,0.00787976806500548,179,0,0,3.798882681564246,0.5937870108455966,Inf,Inf
