seed,dimension,time,fw_time,primal,dual_gap,smallest_dual_gap,iterations,iter_not_converging,fallback_helped,average_iter,std_iter,average_gap,std_gap
2,1000,3604.193863489,3603.752101837,0.19359859910568225,0.5891033886063917,0.5891033886063917,3215,0,0,1.0015552099533438,0.08818191292276711,Inf,Inf
