seed,dimension,time,fw_time,primal,dual_gap,smallest_dual_gap,iterations,iter_not_converging,fallback_helped,average_iter,std_iter,average_gap,std_gap
2,3500,3613.553907769,3612.642180806,0.10570695554449691,0.004447600750652175,0.004408893111262451,321,0,0,5.167701863354037,1.5416785966151683,Inf,Inf
