seed,dimension,time,fw_time,primal,dual_gap,smallest_dual_gap,iterations,iter_not_converging,fallback_helped,average_iter,std_iter,average_gap,std_gap
4,1500,3608.664423955,3607.907695254,0.14409876104649244,0.0013210529510392435,0.0012974891206396083,484,31,30,4.85360824742268,2.1361731953643175,0.0019757418518485804,1.1355976288338598
