seed,dimension,time,fw_time,primal,dual_gap,smallest_dual_gap,iterations,iter_not_converging,fallback_helped,average_iter,std_iter,average_gap,std_gap
4,4500,3610.755086995,3608.367416086,0.09696146286405569,0.009443844855763514,0.00982917497012041,148,0,0,4.919463087248322,1.0559789778536233,Inf,Inf
