seed,dimension,time,fw_time,primal,dual_gap,smallest_dual_gap,iterations,iter_not_converging,fallback_helped,average_iter,std_iter,average_gap,std_gap
5,5000,3623.6164036,3621.27015037,0.09198319684599213,0.010517698103261731,0.010594453869366527,125,0,0,5.404761904761905,1.291068217739536,Inf,Inf
