seed,dimension,time,fw_time,primal,dual_gap,smallest_dual_gap,iterations,iter_not_converging,fallback_helped,average_iter,std_iter,average_gap,std_gap
3,4500,3635.085347175,3632.963586649,0.09701669607146765,0.009526629031183148,0.009535571938014804,143,0,0,5.160839160839161,1.3923854778828344,Inf,Inf
