seed,dimension,time,fw_time,primal,dual_gap,smallest_dual_gap,iterations,iter_not_converging,fallback_helped,average_iter,std_iter,average_gap,std_gap
2,4500,3623.355157152,3621.471109566,0.09664754357217632,0.008038404007543295,0.008041624614119296,178,0,0,3.831460674157303,0.557150844400771,Inf,Inf
