seed,dimension,time,fw_time,primal,dual_gap,smallest_dual_gap,iterations,iter_not_converging,fallback_helped,average_iter,std_iter,average_gap,std_gap
5,1500,3603.192317075,3602.647557039,0.1439332536265483,0.001051762967843834,0.001061236667209451,509,0,0,4.6660117878192535,1.392628232358357,Inf,Inf
