seed,dimension,time,fw_time,primal,dual_gap,smallest_dual_gap,iterations,iter_not_converging,fallback_helped,average_iter,std_iter,average_gap,std_gap
4,2500,3611.500548929,3610.062622238,0.12085493682367067,0.0029643261421596415,0.002990060428549053,373,0,0,3.807486631016043,0.5861196920309661,Inf,Inf
