seed,dimension,time,fw_time,primal,dual_gap,smallest_dual_gap,iterations,iter_not_converging,fallback_helped,average_iter,std_iter,average_gap,std_gap
1,5000,3631.378828425,3629.030925833,0.0920598361347545,0.010254606585257852,0.010489019731004898,128,0,0,5.217054263565892,1.249757728459785,Inf,Inf
