seed,dimension,time,fw_time,primal,dual_gap,smallest_dual_gap,iterations,iter_not_converging,fallback_helped,average_iter,std_iter,average_gap,std_gap
4,3000,3615.19661649,3614.401176144,0.11002467560761285,0.003484029783634584,0.003572865862064848,356,0,0,5.095505617977528,1.527911959144874,Inf,Inf
