seed,dimension,time,fw_time,primal,dual_gap,smallest_dual_gap,iterations,iter_not_converging,fallback_helped,average_iter,std_iter,average_gap,std_gap
2,1500,3610.289940367,3609.681590353,0.14411406459484644,0.001383083170947666,0.0014615883161111856,505,0,0,4.6217821782178214,1.1484637738131396,Inf,Inf
