seed,dimension,time,fw_time,primal,dual_gap,smallest_dual_gap,iterations,iter_not_converging,fallback_helped,average_iter,std_iter,average_gap,std_gap
3,4500,3616.100143831,3614.372999544,0.09698728426670021,0.009324043187061102,0.00932185519360278,145,0,0,5.191780821917808,1.4059728181663997,Inf,Inf
