seed,dimension,time,fw_time,primal,dual_gap,smallest_dual_gap,iterations,iter_not_converging,fallback_helped,average_iter,std_iter,average_gap,std_gap
3,2500,3612.172374661,3611.269119763,0.12113251998941148,0.0023536566461028613,0.0023527467042940807,466,0,0,3.800429184549356,0.5910441174208813,Inf,Inf
