seed,dimension,time,fw_time,primal,dual_gap,smallest_dual_gap,iterations,iter_not_converging,fallback_helped,average_iter,std_iter,average_gap,std_gap
3,2500,3605.463095727,3604.702432788,0.12121372293653619,0.002977391207304992,0.0029611148684552183,385,43,43,5.062176165803109,1.6216936569330687,0.0013739909277143126,1.0005666837636378
