seed,dimension,time,fw_time,primal,dual_gap,smallest_dual_gap,iterations,iter_not_converging,fallback_helped,average_iter,std_iter,average_gap,std_gap
3,3000,3608.469749796,3607.53654623,0.1100166502642327,0.0027432261963633332,0.0027460767949320924,437,0,0,3.789473684210526,0.6107439795813642,Inf,Inf
