seed,dimension,time,fw_time,primal,dual_gap,smallest_dual_gap,iterations,iter_not_converging,fallback_helped,average_iter,std_iter,average_gap,std_gap
5,4500,3625.279936641,3623.205194927,0.09650425265786468,0.00762810179611113,0.0078106440732746505,177,0,0,3.84180790960452,0.5413085023439127,Inf,Inf
