seed,dimension,time,fw_time,primal,dual_gap,smallest_dual_gap,iterations,iter_not_converging,fallback_helped,average_iter,std_iter,average_gap,std_gap
2,3000,3613.695838619,3612.845536924,0.11042529725840279,0.0037381303652354037,0.003693476365776757,359,0,0,5.013927576601671,1.5234941847782186,Inf,Inf
