seed,dimension,time,fw_time,primal,dual_gap,smallest_dual_gap,iterations,iter_not_converging,fallback_helped,average_iter,std_iter,average_gap,std_gap
4,3500,3607.56512576,3606.695611946,0.10529472271948485,0.003937989231574578,0.004002517532299889,335,0,0,4.811940298507463,1.2395095596730459,Inf,Inf
