seed,dimension,time,fw_time,primal,dual_gap,smallest_dual_gap,iterations,iter_not_converging,fallback_helped,average_iter,std_iter,average_gap,std_gap
3,3500,3612.070965552,3611.171487763,0.1055623342590789,0.004166315569200881,0.004161353760152892,318,41,40,5.225705329153605,2.5671786732849333,0.0012783130140815648,1.037538821826173
