seed,dimension,time,fw_time,primal,dual_gap,smallest_dual_gap,iterations,iter_not_converging,fallback_helped,average_iter,std_iter,average_gap,std_gap
3,2000,3607.540215127,3606.743686048,0.1289770690021899,0.0018820205773101423,0.001888844312097522,439,0,0,4.929384965831435,1.3855178333502058,Inf,Inf
