seed,dimension,time,fw_time,primal,dual_gap,smallest_dual_gap,iterations,iter_not_converging,fallback_helped,average_iter,std_iter,average_gap,std_gap
1,4500,3632.400628547,3630.251651247,0.09705264525463582,0.009226012688339637,0.009300024016527169,146,0,0,5.034013605442177,0.982134703162499,Inf,Inf
