seed,dimension,time,fw_time,primal,dual_gap,smallest_dual_gap,iterations,iter_not_converging,fallback_helped,average_iter,std_iter,average_gap,std_gap
2,3000,3612.122428828,3611.25192631,0.110422215577301,0.0037002099846721315,0.003708978343550263,362,0,0,4.997245179063361,1.4612841975534778,Inf,Inf
