seed,dimension,time,fw_time,primal,dual_gap,smallest_dual_gap,iterations,iter_not_converging,fallback_helped,average_iter,std_iter,average_gap,std_gap
2,4500,3621.501502749,3619.189353733,0.09716745664669088,0.009665432575623805,0.009830108059413728,142,0,0,5.154929577464789,1.3542461442141784,Inf,Inf
