seed,dimension,time,fw_time,primal,dual_gap,smallest_dual_gap,iterations,iter_not_converging,fallback_helped,average_iter,std_iter,average_gap,std_gap
2,2500,3604.952441744,3604.131852008,0.12138487461549233,0.003069102604133185,0.003008388273976568,392,0,0,4.807106598984771,1.216238833268046,Inf,Inf
