seed,dimension,time,fw_time,primal,dual_gap,smallest_dual_gap,iterations,iter_not_converging,fallback_helped,average_iter,std_iter,average_gap,std_gap
5,4000,3611.207983126,3610.046089355,0.09969469322625693,0.004089505455932684,0.004086668252145709,341,0,0,3.730205278592375,0.6799197306224476,Inf,Inf
