seed,dimension,time,fw_time,primal,dual_gap,smallest_dual_gap,iterations,iter_not_converging,fallback_helped,average_iter,std_iter,average_gap,std_gap
1,1500,3608.892460364,3608.07015088,0.14418824427542556,0.0016346340615027814,0.0016364009768000606,486,0,0,4.7633744855967075,1.3544794456726668,Inf,Inf
