seed,dimension,time,fw_time,primal,dual_gap,smallest_dual_gap,iterations,iter_not_converging,fallback_helped,average_iter,std_iter,average_gap,std_gap
2,5000,3631.452358999,3629.113501159,0.09202078792655596,0.01035360064461266,0.010364033815571244,127,0,0,5.228346456692913,0.9443984931879966,Inf,Inf
