seed,dimension,time,fw_time,primal,dual_gap,smallest_dual_gap,iterations,iter_not_converging,fallback_helped,average_iter,std_iter,average_gap,std_gap
4,2000,3608.704432319,3608.195223322,0.12891213423686532,0.0016384782285728157,0.0016383631581590036,457,0,0,4.914847161572053,1.396838442781636,Inf,Inf
