seed,dimension,time,fw_time,primal,dual_gap,smallest_dual_gap,iterations,iter_not_converging,fallback_helped,average_iter,std_iter,average_gap,std_gap
4,3500,3612.692115522,3611.813123469,0.10511752969152854,0.002994944257684689,0.0029954842619877957,420,0,0,3.796208530805687,0.5978463598206526,Inf,Inf
