seed,dimension,time,fw_time,primal,dual_gap,smallest_dual_gap,iterations,iter_not_converging,fallback_helped,average_iter,std_iter,average_gap,std_gap
5,3000,3609.323129182,3608.326340124,0.11005947088931241,0.0034142650714672138,0.003461852098088237,372,0,0,4.785522788203753,1.2079951210650381,Inf,Inf
