seed,dimension,time,fw_time,primal,dual_gap,smallest_dual_gap,iterations,iter_not_converging,fallback_helped,average_iter,std_iter,average_gap,std_gap
2,5000,3630.888349054,3628.495033367,0.09195042319051033,0.009615670017843407,0.009545145042376838,132,0,0,4.984848484848484,0.8287288941031022,Inf,Inf
