seed,dimension,time,fw_time,primal,dual_gap,smallest_dual_gap,iterations,iter_not_converging,fallback_helped,average_iter,std_iter,average_gap,std_gap
3,1000,3602.089746903,3601.882972346,0.19366518599884044,0.5371318102882364,0.5371318102882364,3344,0,0,1.0068697729988052,0.17866650362138806,Inf,Inf
