seed,dimension,time,fw_time,primal,dual_gap,smallest_dual_gap,iterations,iter_not_converging,fallback_helped,average_iter,std_iter,average_gap,std_gap
2,3500,3612.202846268,3611.361389909,0.10570606673586698,0.004406140998167805,0.004517969379537832,323,35,35,5.132716049382716,1.6499303014423916,0.0015044208047945542,1.0041182928347743
