seed,dimension,time,fw_time,primal,dual_gap,smallest_dual_gap,iterations,iter_not_converging,fallback_helped,average_iter,std_iter,average_gap,std_gap
5,3000,3610.248748472,3609.471180894,0.11008844117355106,0.0037189585686778215,0.003663427172879107,360,0,0,5.0055555555555555,1.569192337798417,Inf,Inf
