seed,dimension,time,fw_time,primal,dual_gap,smallest_dual_gap,iterations,iter_not_converging,fallback_helped,average_iter,std_iter,average_gap,std_gap
5,1500,3605.599251568,3604.926527089,0.14393317354781776,0.0010455982628676218,0.001051762967843893,510,0,0,4.662745098039216,1.3932140879343538,Inf,Inf
