seed,dimension,time,fw_time,primal,dual_gap,smallest_dual_gap,iterations,iter_not_converging,fallback_helped,average_iter,std_iter,average_gap,std_gap
4,1500,3610.064333983,3609.363170444,0.14409228455111775,0.0010338553207251515,0.0010848040158567378,526,0,0,4.568441064638783,1.1505991165458969,Inf,Inf
