seed,dimension,time,fw_time,primal,dual_gap,smallest_dual_gap,iterations,iter_not_converging,fallback_helped,average_iter,std_iter,average_gap,std_gap
3,1000,3601.748573709,3601.499852072,0.19366518599884044,0.5371318102882364,0.5371318102882364,3514,0,0,1.0014228799089357,0.08434690003004518,Inf,Inf
