seed,dimension,time,fw_time,primal,dual_gap,smallest_dual_gap,iterations,iter_not_converging,fallback_helped,average_iter,std_iter,average_gap,std_gap
4,1000,3602.33247529,3602.115243714,0.1930504376959294,0.3745368152434135,0.37453681524341753,3529,0,0,1.0070761392584207,0.18799103051310803,Inf,Inf
