seed,dimension,time,fw_time,primal,dual_gap,smallest_dual_gap,iterations,iter_not_converging,fallback_helped,average_iter,std_iter,average_gap,std_gap
1,3500,3611.460290174,3610.55535626,0.10548008749493293,0.0037113572848067565,0.0038057161328431503,338,0,0,4.8017751479289945,1.2298451506966699,Inf,Inf
