seed,dimension,time,fw_time,primal,dual_gap,smallest_dual_gap,iterations,iter_not_converging,fallback_helped,average_iter,std_iter,average_gap,std_gap
5,2500,3609.648891703,3608.583627484,0.12130941013594358,0.003623215719340017,0.003617193392445723,377,0,0,3.7994722955145117,0.5970826218365548,Inf,Inf
