seed,dimension,time,fw_time,primal,dual_gap,smallest_dual_gap,iterations,iter_not_converging,fallback_helped,average_iter,std_iter,average_gap,std_gap
2,2000,3608.384758889,3607.638768961,0.12922247979677404,0.0023305736972249608,0.0022988638496868052,445,0,0,4.798657718120805,1.1827223997866587,Inf,Inf
