seed,dimension,time,fw_time,primal,dual_gap,smallest_dual_gap,iterations,iter_not_converging,fallback_helped,average_iter,std_iter,average_gap,std_gap
5,2000,3607.080422739,3606.435603691,0.1289511503043078,0.0023744839198101275,0.0023940859023042806,458,0,0,4.930283224400871,1.4062936073245185,Inf,Inf
