seed,dimension,time,fw_time,primal,dual_gap,smallest_dual_gap,iterations,iter_not_converging,fallback_helped,average_iter,std_iter,average_gap,std_gap
1,2500,3614.995259467,3613.822187888,0.12170666665365773,0.0060853421439475315,0.0059433091763304476,244,0,0,5.224489795918367,1.5346450719373774,Inf,Inf
