seed,dimension,time,fw_time,primal,dual_gap,smallest_dual_gap,iterations,iter_not_converging,fallback_helped,average_iter,std_iter,average_gap,std_gap
5,1000,3601.596551892,3601.334638027,0.19214806995653277,0.2484081198148437,0.2484081198148437,2945,0,0,1.0061016949152541,0.1351815396335209,Inf,Inf
