seed,dimension,time,fw_time,primal,dual_gap,smallest_dual_gap,iterations,iter_not_converging,fallback_helped,average_iter,std_iter,average_gap,std_gap
1,1000,2260.292397395,2259.794317578,0.1681732328196588,1.0037863599349217e-7,9.856869515392774e-8,1392,0,0,3.506810035842294,1.1484770355520648,Inf,Inf
