seed,dimension,time,fw_time,primal,dual_gap,smallest_dual_gap,iterations,iter_not_converging,fallback_helped,average_iter,std_iter,average_gap,std_gap
1,4500,3617.788439167,3615.755980809,0.09712518698512004,0.009568240268729093,0.010294606857603717,140,0,0,5.292857142857143,1.2494397511185689,Inf,Inf
