seed,dimension,time,fw_time,primal,dual_gap,smallest_dual_gap,iterations,iter_not_converging,fallback_helped,average_iter,std_iter,average_gap,std_gap
1,3000,3606.688758862,3605.782335358,0.11035457146512692,0.0033635811203458245,0.003377928550142059,355,0,0,5.059154929577465,1.5871640366763768,Inf,Inf
