seed,dimension,time,fw_time,primal,dual_gap,smallest_dual_gap,iterations,iter_not_converging,fallback_helped,average_iter,std_iter,average_gap,std_gap
2,4000,3608.751642008,3607.449697176,0.09983813287043483,0.004051349926622934,0.0041643548510849615,339,0,0,3.775811209439528,0.6318977988235126,Inf,Inf
