seed,dimension,time,fw_time,primal,dual_gap,smallest_dual_gap,iterations,iter_not_converging,fallback_helped,average_iter,std_iter,average_gap,std_gap
4,5000,3638.672409227,3636.206678875,0.09193473242629605,0.010335464383869543,0.01031608982954935,130,0,0,5.076923076923077,0.8223183771610699,Inf,Inf
