seed,dimension,time,fw_time,primal,dual_gap,smallest_dual_gap,iterations
2,40000,4429.997828289,4383.814715868,Inf,10.968631745178863,7.726897963910038,3
