seed,dimension,time,fw_time,primal,dual_gap,smallest_dual_gap,iterations,iter_not_converging,fallback_helped,average_iter,std_iter,average_gap,std_gap
3,1500,3603.247975033,3602.624796715,0.14363420910734634,0.0010557710330417434,0.0010049102923070756,521,0,0,4.5489443378119,1.1544245314522905,Inf,Inf
