seed,dimension,time,fw_time,primal,dual_gap,smallest_dual_gap,iterations,iter_not_converging,fallback_helped,average_iter,std_iter,average_gap,std_gap
5,1000,1922.908341604,1922.55914239,0.1682788274282047,9.256737370372248e-8,9.497975098082811e-8,1364,28,28,3.558071585098612,1.494050899856847,0.0030133314597306665,1.2586168876710815
