seed,dimension,time,fw_time,primal,dual_gap,smallest_dual_gap,iterations,iter_not_converging,fallback_helped,average_iter,std_iter,average_gap,std_gap
5,5000,3614.736819687,3612.408232918,0.09147690237631699,0.008754366432348157,0.008792075313236721,162,0,0,3.8650306748466257,0.4908463014486694,Inf,Inf
