seed,dimension,time,fw_time,primal,dual_gap,smallest_dual_gap,iterations,iter_not_converging,fallback_helped,average_iter,std_iter,average_gap,std_gap
4,2000,3608.332784266,3607.538974797,0.1288895882573009,0.0013585494387151238,0.0013518012438940297,547,0,0,3.83363802559415,0.5168605219374822,Inf,Inf
