seed,dimension,time,fw_time,primal,dual_gap,smallest_dual_gap,iterations,iter_not_converging,fallback_helped,average_iter,std_iter,average_gap,std_gap
5,4000,3610.385465041,3609.397963481,0.09991263109505352,0.00524559353784735,0.005281791296789448,285,0,0,4.775438596491228,1.2638361987367903,Inf,Inf
