seed,dimension,time,fw_time,primal,dual_gap,smallest_dual_gap,iterations,iter_not_converging,fallback_helped,average_iter,std_iter,average_gap,std_gap
1,3000,3610.089978245,3609.147602165,0.11034818189826334,0.0035296019736711023,0.0035768980533863286,351,0,0,5.05982905982906,1.5059345363722914,Inf,Inf
