seed,dimension,time,fw_time,primal,dual_gap,smallest_dual_gap,iterations,iter_not_converging,fallback_helped,average_iter,std_iter,average_gap,std_gap
4,4500,3622.076368213,3619.810662216,0.09651753969794902,0.007825998902591762,0.008039103220863214,187,0,0,3.7872340425531914,0.6183009395779985,Inf,Inf
