seed,dimension,time,fw_time,primal,dual_gap,smallest_dual_gap,iterations,iter_not_converging,fallback_helped,average_iter,std_iter,average_gap,std_gap
1,2000,3609.32043603,3608.713089572,0.1290726129986091,0.0021624139020276836,0.002307206425553234,446,35,35,4.973154362416107,1.4622896938584227,0.0021456615565458538,1.0289457949626912
