seed,dimension,time,fw_time,primal,dual_gap,smallest_dual_gap,iterations,iter_not_converging,fallback_helped,average_iter,std_iter,average_gap,std_gap
1,2000,3610.188377594,3609.304257896,0.12902116278195416,0.0016023646290279324,0.001687065359295168,534,0,0,3.824626865671642,0.5321705252897486,Inf,Inf
