seed,dimension,time,fw_time,primal,dual_gap,smallest_dual_gap,iterations,iter_not_converging,fallback_helped,average_iter,std_iter,average_gap,std_gap
3,2000,3604.868386199,3604.146587205,0.12897937837365014,0.0019137896048887042,0.0019104870595963684,436,0,0,4.938215102974828,1.3940665613512864,Inf,Inf
