seed,dimension,time,fw_time,primal,dual_gap,smallest_dual_gap,iterations,iter_not_converging,fallback_helped,average_iter,std_iter,average_gap,std_gap
4,3000,3607.364723895,3606.431705033,0.11003154726922147,0.0034615465879221582,0.0034738636494426253,353,0,0,5.09915014164306,1.5314225274257536,Inf,Inf
