seed,dimension,time,fw_time,primal,dual_gap,smallest_dual_gap,iterations,iter_not_converging,fallback_helped,average_iter,std_iter,average_gap,std_gap
5,2000,3606.060762452,3605.405756394,0.12896819165175483,0.0024416712608822527,0.0025279557325995766,433,0,0,4.979214780600462,1.4599696637397257,Inf,Inf
