seed,dimension,time,fw_time,primal,dual_gap,smallest_dual_gap,iterations,iter_not_converging,fallback_helped,average_iter,std_iter,average_gap,std_gap
4,1000,3602.119089929,3601.865101898,0.1930504376959294,0.3745368152434135,0.37453681524341753,3420,0,0,1.0014619883040936,0.08549819600709616,Inf,Inf
