seed,dimension,time,fw_time,primal,dual_gap,smallest_dual_gap,iterations,iter_not_converging,fallback_helped,average_iter,std_iter,average_gap,std_gap
2,1000,3602.848491853,3602.622062407,0.19153829735303846,0.37552893851445884,0.37552893851445884,3147,0,0,1.0009532888465205,0.05347772002957401,Inf,Inf
