seed,dimension,time,fw_time,primal,dual_gap,smallest_dual_gap,iterations,iter_not_converging,fallback_helped,average_iter,std_iter,average_gap,std_gap
2,4500,3615.888431382,3613.710337021,0.0970899564231661,0.009013329728935298,0.008969923654545,146,0,0,4.986301369863014,1.0304756275112295,Inf,Inf
