seed,dimension,time,fw_time,primal,dual_gap,smallest_dual_gap,iterations,iter_not_converging,fallback_helped,average_iter,std_iter,average_gap,std_gap
4,4500,3631.711585564,3629.490763796,0.09715282873788503,0.010194662094709536,0.010205459941387595,140,0,0,5.26241134751773,1.6019871145857842,Inf,Inf
