seed,dimension,time,fw_time,primal,dual_gap,smallest_dual_gap,iterations,iter_not_converging,fallback_helped,average_iter,std_iter,average_gap,std_gap
1,2000,3610.889860134,3610.168504708,0.12905598447682481,0.002173047883695326,0.0021737195544079928,466,0,0,4.950749464668094,1.4065048435272425,Inf,Inf
