seed,dimension,time,fw_time,primal,dual_gap,smallest_dual_gap,iterations,iter_not_converging,fallback_helped,average_iter,std_iter,average_gap,std_gap
3,5000,3627.434415368,3625.161291909,0.09161940390552964,0.008666338120449627,0.009414375773913108,158,0,0,3.8987341772151898,0.439888136007638,Inf,Inf
