seed,dimension,time,fw_time,primal,dual_gap,smallest_dual_gap,iterations,iter_not_converging,fallback_helped,average_iter,std_iter,average_gap,std_gap
2,2500,3608.368479797,3607.683973881,0.12144573380775756,0.003368170851135159,0.0033587657259477773,375,0,0,5.002666666666666,1.432059708571069,Inf,Inf
