seed,dimension,time,fw_time,primal,dual_gap,smallest_dual_gap,iterations,iter_not_converging,fallback_helped,average_iter,std_iter,average_gap,std_gap
4,4500,3623.160532909,3620.962747664,0.09706995048784083,0.010074554293974745,0.009964259023570982,144,0,0,5.206896551724138,1.4380569052840881,Inf,Inf
