seed,dimension,time,fw_time,primal,dual_gap,smallest_dual_gap,iterations,iter_not_converging,fallback_helped,average_iter,std_iter,average_gap,std_gap
2,2500,3606.757853337,3605.875415013,0.12145240319477339,0.003436414129510401,0.003561699931976244,374,0,0,5.042666666666666,1.4998371866481919,Inf,Inf
