seed,dimension,time,fw_time,primal,dual_gap,smallest_dual_gap,iterations,iter_not_converging,fallback_helped,average_iter,std_iter,average_gap,std_gap
3,2500,3609.770438783,3608.793580967,0.12132270008855449,0.003516272479772719,0.0035136257852421103,350,0,0,3.772727272727273,0.6311437224138398,Inf,Inf
