seed,dimension,time,fw_time,primal,dual_gap,smallest_dual_gap,iterations,iter_not_converging,fallback_helped,average_iter,std_iter,average_gap,std_gap
1,1000,2661.584380962,2661.151723507,0.16817323281957477,9.474592158054129e-8,9.27315057311362e-8,1341,0,0,3.221476510067114,0.5725183152320713,Inf,Inf
