seed,dimension,time,fw_time,primal,dual_gap,smallest_dual_gap,iterations,iter_not_converging,fallback_helped,average_iter,std_iter,average_gap,std_gap
2,1000,3603.540622443,3603.253526674,0.19573268163480426,0.6387736259833727,0.6387736259833727,2944,0,0,1.0040760869565217,0.2211629342323457,Inf,Inf
