seed,dimension,time,fw_time,primal,dual_gap,smallest_dual_gap,iterations,iter_not_converging,fallback_helped,average_iter,std_iter,average_gap,std_gap
1,1000,3258.22856418,3257.812066413,0.1681732328195775,9.277894071416104e-8,9.576672892891436e-8,1407,0,0,3.4605543710021323,1.0251325305815275,Inf,Inf
