seed,dimension,time,fw_time,primal,dual_gap,smallest_dual_gap,iterations,iter_not_converging,fallback_helped,average_iter,std_iter,average_gap,std_gap
1,2500,3605.563877872,3604.661689102,0.12121307139375208,0.0034442393808098923,0.0034458718048249494,373,0,0,5.131367292225201,1.4504013188430018,Inf,Inf
