seed,dimension,time,fw_time,primal,dual_gap,smallest_dual_gap,iterations,iter_not_converging,fallback_helped,average_iter,std_iter,average_gap,std_gap
3,4000,3605.944726748,3604.908002018,0.09993224360307637,0.005302961980534732,0.005241411572264543,281,0,0,5.117437722419929,1.6638214996551746,Inf,Inf
