seed,dimension,time,fw_time,primal,dual_gap,smallest_dual_gap,iterations,iter_not_converging,fallback_helped,average_iter,std_iter,average_gap,std_gap
3,5000,3634.268384894,3632.277079135,0.09206300190359498,0.010527664705173365,0.010746996041494586,127,0,0,5.228346456692913,1.1831420125548182,Inf,Inf
