seed,dimension,time,fw_time,primal,dual_gap,smallest_dual_gap,iterations,iter_not_converging,fallback_helped,average_iter,std_iter,average_gap,std_gap
5,5000,3647.052465049,3644.754852637,0.09195665375610806,0.01056710935677536,0.010517723885481832,126,0,0,5.325396825396825,0.9865443939680775,Inf,Inf
