seed,dimension,time,fw_time,primal,dual_gap,smallest_dual_gap,iterations,iter_not_converging,fallback_helped,average_iter,std_iter,average_gap,std_gap
4,4000,3614.729222522,3613.580235507,0.09995361775543087,0.004807527003176944,0.0048110430500492955,285,0,0,4.86013986013986,1.197080651265262,Inf,Inf
