seed,dimension,time,fw_time,primal,dual_gap,smallest_dual_gap,iterations,iter_not_converging,fallback_helped,average_iter,std_iter,average_gap,std_gap
4,5000,3631.056395104,3628.860351417,0.09189433932898257,0.010085681729989908,0.010126118632771481,133,0,0,5.052238805970149,0.8611686776788302,Inf,Inf
