seed,dimension,time,fw_time,primal,dual_gap,smallest_dual_gap,iterations,iter_not_converging,fallback_helped,average_iter,std_iter,average_gap,std_gap
4,3500,3610.876156423,3609.930039977,0.10530333975769975,0.00393742153004821,0.004006710061105773,326,0,0,5.110091743119266,1.5782617381970478,Inf,Inf
