seed,dimension,time,fw_time,primal,dual_gap,smallest_dual_gap,iterations,iter_not_converging,fallback_helped,average_iter,std_iter,average_gap,std_gap
4,5000,3632.20039924,3629.901564108,0.0920364075611852,0.010434464372592994,0.010878589664537096,124,0,0,5.306451612903226,1.1346531245657452,Inf,Inf
