seed,dimension,time,fw_time,primal,dual_gap,smallest_dual_gap,iterations,iter_not_converging,fallback_helped,average_iter,std_iter,average_gap,std_gap
4,4000,3608.080604873,3606.940419526,0.09979767532336994,0.0041271525729964335,0.004098375958472081,338,0,0,3.7810650887573964,0.6206123533094223,Inf,Inf
