seed,dimension,time,fw_time,primal,dual_gap,smallest_dual_gap,iterations,iter_not_converging,fallback_helped,average_iter,std_iter,average_gap,std_gap
1,3000,3605.44849283,3604.532430175,0.11035456336261515,0.0035028887851661084,0.0034751751203719247,355,0,0,5.0647887323943666,1.5215122747229382,Inf,Inf
