seed,dimension,time,fw_time,primal,dual_gap,smallest_dual_gap,iterations,iter_not_converging,fallback_helped,average_iter,std_iter,average_gap,std_gap
5,5000,3637.235863399,3634.817891641,0.09199091670467552,0.010594453869366579,0.010801306858586119,124,0,0,5.362903225806452,1.1984724519991654,Inf,Inf
