seed,dimension,time,fw_time,primal,dual_gap,smallest_dual_gap,iterations,iter_not_converging,fallback_helped,average_iter,std_iter,average_gap,std_gap
2,500,346.840441415,346.798249044,0.22261468891561706,1.1834623450668325e-7,9.865691061317072e-8,954,18,18,3.478395061728395,1.0704082093293603,0.003898996896426936,1.3381190440858444
