seed,dimension,time,fw_time,primal,dual_gap,smallest_dual_gap,iterations,iter_not_converging,fallback_helped,average_iter,std_iter,average_gap,std_gap
2,2000,3607.488427343,3606.766909978,0.1291924839451212,0.002043052717805853,0.0020427605875316043,468,0,0,4.933901918976546,1.4344293361034164,Inf,Inf
