seed,dimension,time,fw_time,primal,dual_gap,smallest_dual_gap,iterations,iter_not_converging,fallback_helped,average_iter,std_iter,average_gap,std_gap
5,2000,3604.501685417,3603.755668555,0.1289331169751786,0.0022929104546595414,0.0022718766748190122,462,0,0,4.795258620689655,1.1697681823154056,Inf,Inf
