seed,dimension,time,fw_time,primal,dual_gap,smallest_dual_gap,iterations,iter_not_converging,fallback_helped,average_iter,std_iter,average_gap,std_gap
3,4000,3606.891395673,3605.975736192,0.09960461679834531,0.003691976900508289,0.0036935603566746536,364,0,0,3.7759562841530054,0.6229149666029349,Inf,Inf
