seed,dimension,time,fw_time,primal,dual_gap,smallest_dual_gap,iterations,iter_not_converging,fallback_helped,average_iter,std_iter,average_gap,std_gap
5,4500,3618.184357903,3616.286630371,0.09695940676450568,0.009451022772968562,0.009675190239267866,141,0,0,5.219858156028369,1.287812090227676,Inf,Inf
