seed,dimension,time,fw_time,primal,dual_gap,smallest_dual_gap,iterations,iter_not_converging,fallback_helped,average_iter,std_iter,average_gap,std_gap
4,2500,3610.108808957,3609.345655127,0.12086666254889562,0.0032216354044332512,0.0032229878514085965,381,0,0,5.0498687664042,1.3992972798763184,Inf,Inf
