seed,dimension,time,fw_time,primal,dual_gap,smallest_dual_gap,iterations,iter_not_converging,fallback_helped,average_iter,std_iter,average_gap,std_gap
4,1000,3601.956490199,3601.760435196,0.19505055591673867,0.5483722676134344,0.5483722676134344,3719,0,0,1.008328855454057,0.2766277741264363,Inf,Inf
