seed,dimension,time,fw_time,primal,dual_gap,smallest_dual_gap,iterations,iter_not_converging,fallback_helped,average_iter,std_iter,average_gap,std_gap
1,4000,3613.981632167,3612.752214614,0.09986710679481314,0.005160622428267488,0.005147983740746206,290,0,0,5.147766323024055,1.585109642797474,Inf,Inf
