seed,dimension,time,fw_time,primal,dual_gap,smallest_dual_gap,iterations,iter_not_converging,fallback_helped,average_iter,std_iter,average_gap,std_gap
3,2000,3608.944419023,3608.168335828,0.1289828483252347,0.0021011071617626532,0.002090943742022181,430,0,0,4.937209302325582,1.4397816552629359,Inf,Inf
