seed,dimension,time,fw_time,primal,dual_gap,smallest_dual_gap,iterations,iter_not_converging,fallback_helped,average_iter,std_iter,average_gap,std_gap
3,3500,3616.138798991,3615.31849844,0.10553342637487673,0.004129437702712398,0.004167512347688633,324,0,0,5.132307692307692,1.6473985939217808,Inf,Inf
