seed,dimension,time,fw_time,primal,dual_gap,smallest_dual_gap,iterations,iter_not_converging,fallback_helped,average_iter,std_iter,average_gap,std_gap
2,3500,3604.868117021,3603.583541937,0.10583821689726922,0.004981112268818727,0.005013675619230214,292,0,0,4.8805460750853245,1.2061757644528337,Inf,Inf
