seed,dimension,time,fw_time,primal,dual_gap,smallest_dual_gap,iterations,iter_not_converging,fallback_helped,average_iter,std_iter,average_gap,std_gap
2,1500,3603.580431873,3602.985937475,0.1441203972222252,0.001591930032797003,0.0015666204349388604,497,0,0,4.766599597585513,1.4205615323446061,Inf,Inf
