seed,dimension,time,fw_time,primal,dual_gap,smallest_dual_gap,iterations,iter_not_converging,fallback_helped,average_iter,std_iter,average_gap,std_gap
2,1500,3604.069886719,3603.312355976,0.14412021154211876,0.00159138355389973,0.0015918988696334117,498,0,0,4.755020080321285,1.3956763141364268,Inf,Inf
