seed,dimension,time,fw_time,primal,dual_gap,smallest_dual_gap,iterations,iter_not_converging,fallback_helped,average_iter,std_iter,average_gap,std_gap
2,1500,3607.548435261,3606.876728699,0.14408836998326927,0.0008387563487307487,0.000823895989713417,613,0,0,3.731707317073171,0.5573490466483219,Inf,Inf
