seed,dimension,time,fw_time,primal,dual_gap,smallest_dual_gap,iterations,iter_not_converging,fallback_helped,average_iter,std_iter,average_gap,std_gap
5,5000,3618.608442879,3616.334916562,0.09195665375610806,0.01056710935677536,0.010517723885481832,126,0,0,5.346456692913386,1.0108769786510887,Inf,Inf
