seed,dimension,time,fw_time,primal,dual_gap,smallest_dual_gap,iterations,iter_not_converging,fallback_helped,average_iter,std_iter,average_gap,std_gap
5,5000,3612.408525387,3609.879752627,0.09152369901388684,0.008963589463243193,0.008920144588738256,159,0,0,3.8742138364779874,0.47390297523219094,Inf,Inf
