seed,dimension,time,fw_time,primal,dual_gap,smallest_dual_gap,iterations,iter_not_converging,fallback_helped,average_iter,std_iter,average_gap,std_gap
4,3000,3609.092407195,3608.040479977,0.10999961050950705,0.003218924914560363,0.0032558292475428526,367,0,0,5.0978260869565215,1.5169148570596498,Inf,Inf
