seed,dimension,time,fw_time,primal,dual_gap,smallest_dual_gap,iterations,iter_not_converging,fallback_helped,average_iter,std_iter,average_gap,std_gap
4,2500,3611.116639203,3610.326436845,0.12088542164716616,0.003361116851261229,0.003358071069826274,371,0,0,5.07277628032345,1.4658592539930082,Inf,Inf
