seed,dimension,time,fw_time,primal,dual_gap,smallest_dual_gap,iterations,iter_not_converging,fallback_helped,average_iter,std_iter,average_gap,std_gap
3,1000,2888.336591846,2887.983830103,0.16867191808352194,1.0193696097296479e-7,9.655327763355426e-8,1406,0,0,3.4907539118065434,1.126004431276871,Inf,Inf
