seed,dimension,time,fw_time,primal,dual_gap,smallest_dual_gap,iterations,iter_not_converging,fallback_helped,average_iter,std_iter,average_gap,std_gap
4,2000,3606.138736162,3605.426932948,0.12892365517515825,0.0017311005799246007,0.0017316126037952365,440,0,0,4.922727272727273,1.4023838533537967,Inf,Inf
