seed,dimension,time,fw_time,primal,dual_gap,smallest_dual_gap,iterations,iter_not_converging,fallback_helped,average_iter,std_iter,average_gap,std_gap
1,5000,3619.868297999,3617.342915955,0.09211899190504312,0.010265202649081567,0.010152008293071637,125,4,4,5.309523809523809,1.622167861668012,0.0031139472717975577,1.0086138954393207
