seed,dimension,time,fw_time,primal,dual_gap,smallest_dual_gap,iterations,iter_not_converging,fallback_helped,average_iter,std_iter,average_gap,std_gap
2,3000,3606.595130552,3605.746218466,0.11040989213419916,0.003367512256735875,0.0034116795302710466,366,0,0,4.797814207650274,1.1809425668543534,Inf,Inf
