seed,dimension,time,fw_time,primal,dual_gap,smallest_dual_gap,iterations,iter_not_converging,fallback_helped,average_iter,std_iter,average_gap,std_gap
2,2500,3609.528436068,3608.615107232,0.12145670288349722,0.0034875963267805322,0.0034217226339337305,358,0,0,3.808333333333333,0.5824140521430649,Inf,Inf
