seed,dimension,time,fw_time,primal,dual_gap,smallest_dual_gap,iterations,iter_not_converging,fallback_helped,average_iter,std_iter,average_gap,std_gap
5,4500,3610.877799628,3608.967647263,0.096931874658266,0.010039974417167329,0.009922933928737299,144,0,0,5.027777777777778,0.9079635589591821,Inf,Inf
