seed,dimension,time,fw_time,primal,dual_gap,smallest_dual_gap,iterations,iter_not_converging,fallback_helped,average_iter,std_iter,average_gap,std_gap
1,1000,2991.968447768,2991.439793484,0.1681732328196588,1.0037863599349217e-7,9.856869515392774e-8,1392,0,0,3.5014367816091956,1.14197009836599,Inf,Inf
