seed,dimension,time,fw_time,primal,dual_gap,smallest_dual_gap,iterations,iter_not_converging,fallback_helped,average_iter,std_iter,average_gap,std_gap
3,5000,3624.475413696,3622.304899664,0.09203643006295176,0.01012533468025369,0.010527638177031937,128,0,0,5.224806201550388,1.112712831309696,Inf,Inf
