seed,dimension,time,fw_time,primal,dual_gap,smallest_dual_gap,iterations,iter_not_converging,fallback_helped,average_iter,std_iter,average_gap,std_gap
4,4500,3611.468373229,3609.670679384,0.09660929129925272,0.00819212906271468,0.00825180902583553,179,0,0,3.798882681564246,0.6031740787742196,Inf,Inf
