seed,dimension,time,fw_time,primal,dual_gap,smallest_dual_gap,iterations,iter_not_converging,fallback_helped,average_iter,std_iter,average_gap,std_gap
1,3500,3621.215696489,3620.223382975,0.10565280872388794,0.004478112639404681,0.004481733011939205,291,0,0,4.7979452054794525,1.2614816564246323,Inf,Inf
