seed,dimension,time,fw_time,primal,dual_gap,smallest_dual_gap,iterations,iter_not_converging,fallback_helped,average_iter,std_iter,average_gap,std_gap
4,4500,3618.955323907,3616.838322391,0.09712695876948052,0.009987901342261104,0.010194661404966134,141,0,0,5.184397163120567,1.4272993323027563,Inf,Inf
