seed,dimension,time,fw_time,primal,dual_gap,smallest_dual_gap,iterations,iter_not_converging,fallback_helped,average_iter,std_iter,average_gap,std_gap
1,4500,3624.500401451,3622.416260894,0.09665893920885922,0.007967604786344236,0.00787901652085177,179,0,0,3.82122905027933,0.5721992346160211,Inf,Inf
