seed,dimension,time,fw_time,primal,dual_gap,smallest_dual_gap,iterations,iter_not_converging,fallback_helped,average_iter,std_iter,average_gap,std_gap
1,2000,3611.376716951,3610.621585654,0.12908915753943426,0.002427590100489565,0.00242039375270018,431,0,0,4.9675174013921115,1.4655304965521514,Inf,Inf
