seed,dimension,time,fw_time,primal,dual_gap,smallest_dual_gap,iterations,iter_not_converging,fallback_helped,average_iter,std_iter,average_gap,std_gap
1,3000,3614.185901968,3613.25263137,0.11037427655697209,0.00349575631580858,0.003537902931865535,347,38,38,5.07183908045977,1.6204777669102564,0.0008140625544331856,1.014615254539256
