seed,dimension,time,fw_time,primal,dual_gap,smallest_dual_gap,iterations,iter_not_converging,fallback_helped,average_iter,std_iter,average_gap,std_gap
2,5000,3627.77920468,3625.598159633,0.09199482984634845,0.009992293985259935,0.010353600644612687,128,0,0,5.24031007751938,0.974480581181983,Inf,Inf
