seed,dimension,time,fw_time,primal,dual_gap,smallest_dual_gap,iterations,iter_not_converging,fallback_helped,average_iter,std_iter,average_gap,std_gap
4,4000,3612.143732558,3611.078393579,0.09997339234264231,0.004831839411010116,0.004824767148687573,281,0,0,4.8612099644128115,1.188617427055634,Inf,Inf
