seed,dimension,time,fw_time,primal,dual_gap,smallest_dual_gap,iterations,iter_not_converging,fallback_helped,average_iter,std_iter,average_gap,std_gap
3,1500,3605.584350796,3604.865359967,0.14363910510735983,0.0011596773710173952,0.0011684723721613645,508,0,0,4.605882352941176,1.1539479963470762,Inf,Inf
