seed,dimension,time,fw_time,primal,dual_gap,smallest_dual_gap,iterations,iter_not_converging,fallback_helped,average_iter,std_iter,average_gap,std_gap
4,3500,3616.432913076,3615.398256054,0.1053648942720198,0.004170813515277181,0.004226048216594568,319,0,0,5.12539184952978,1.5510032521273003,Inf,Inf
