seed,dimension,time,fw_time,primal,dual_gap,smallest_dual_gap,iterations,iter_not_converging,fallback_helped,average_iter,std_iter,average_gap,std_gap
5,1500,3608.288321574,3607.642993657,0.14392928147093279,0.0009954389605943657,0.0010199381132228909,531,0,0,4.62593984962406,1.382267324661585,Inf,Inf
