seed,dimension,time,fw_time,primal,dual_gap,smallest_dual_gap,iterations,iter_not_converging,fallback_helped,average_iter,std_iter,average_gap,std_gap
1,2500,3607.23276543,3606.217676726,0.12116772183035814,0.002943619770600047,0.0029841388670302713,391,0,0,4.836317135549872,1.1827004049568544,Inf,Inf
