seed,dimension,time,fw_time,primal,dual_gap,smallest_dual_gap,iterations,iter_not_converging,fallback_helped,average_iter,std_iter,average_gap,std_gap
4,4000,3607.355402523,3606.38535902,0.0997054811463419,0.003765926588844698,0.003846014536971698,367,0,0,3.7886178861788617,0.6112891650161748,Inf,Inf
