seed,dimension,time,fw_time,primal,dual_gap,smallest_dual_gap,iterations,iter_not_converging,fallback_helped,average_iter,std_iter,average_gap,std_gap
4,2000,3606.916411582,3606.20573101,0.128937330922216,0.0020009177686036023,0.0020016265931763963,452,0,0,4.772123893805309,1.1529666363077933,Inf,Inf
