seed,dimension,time,fw_time,primal,dual_gap,smallest_dual_gap,iterations,iter_not_converging,fallback_helped,average_iter,std_iter,average_gap,std_gap
4,2500,3611.40022064,3610.590373494,0.120851454286098,0.0029991950845316903,0.0030286511650430004,390,0,0,4.846153846153846,1.1790471848862767,Inf,Inf
