seed,dimension,time,fw_time,primal,dual_gap,smallest_dual_gap,iterations,iter_not_converging,fallback_helped,average_iter,std_iter,average_gap,std_gap
2,2000,3605.656852007,3604.873711198,0.12922121571856426,0.00223913649431072,0.0022089930529679974,440,0,0,4.929545454545455,1.4244976008353505,Inf,Inf
