seed,dimension,time,fw_time,primal,dual_gap,smallest_dual_gap,iterations,iter_not_converging,fallback_helped,average_iter,std_iter,average_gap,std_gap
1,2000,3612.33644152,3611.529678781,0.12905960764078908,0.0020789110523839575,0.00207817727708199,439,0,0,4.954441913439635,1.389038002140308,Inf,Inf
