seed,dimension,time,fw_time,primal,dual_gap,smallest_dual_gap,iterations,iter_not_converging,fallback_helped,average_iter,std_iter,average_gap,std_gap
2,5000,3619.132082853,3617.09088164,0.09194512866429534,0.009657516806719217,0.009615670017843336,133,0,0,4.970149253731344,0.8665921373074232,Inf,Inf
