seed,dimension,time,fw_time,primal,dual_gap,smallest_dual_gap,iterations,iter_not_converging,fallback_helped,average_iter,std_iter,average_gap,std_gap
4,2500,3606.689965409,3605.832017305,0.12075803409654254,0.002239243938882557,0.002300714760861869,463,0,0,3.8185745140388767,0.5597623552253357,Inf,Inf
