seed,dimension,time,fw_time,primal,dual_gap,smallest_dual_gap,iterations,iter_not_converging,fallback_helped,average_iter,std_iter,average_gap,std_gap
1,2000,3606.376397572,3605.59323022,0.12901879060817334,0.0016080705493980718,0.0015785803248973863,541,0,0,3.822550831792976,0.5356976756773906,Inf,Inf
