seed,dimension,time,fw_time,primal,dual_gap,smallest_dual_gap,iterations,iter_not_converging,fallback_helped,average_iter,std_iter,average_gap,std_gap
3,1500,3605.618763087,3604.944564286,0.14362419186410988,0.0005150107310461331,0.0005173160183402671,613,0,0,3.7128874388254487,0.553462347990008,Inf,Inf
