seed,dimension,time,fw_time,primal,dual_gap,smallest_dual_gap,iterations,iter_not_converging,fallback_helped,average_iter,std_iter,average_gap,std_gap
3,500,3600.27634555,3600.246265535,0.22942681256245595,0.042839408151738465,0.04283940815173831,14358,0,0,1.0064632705538954,0.1380991422039238,Inf,Inf
