seed,dimension,time,fw_time,primal,dual_gap,smallest_dual_gap,iterations,iter_not_converging,fallback_helped,average_iter,std_iter,average_gap,std_gap
5,3000,3611.992357477,3611.056018355,0.11010766926293442,0.0036263928559520896,0.0036386837043293763,353,0,0,5.025495750708215,1.5195417766285306,Inf,Inf
