seed,dimension,time,fw_time,primal,dual_gap,smallest_dual_gap,iterations,iter_not_converging,fallback_helped,average_iter,std_iter,average_gap,std_gap
3,500,3600.480447117,3600.430008248,0.23539884069622072,0.06453963546824193,0.06453963546824193,14372,0,0,1.000347898691901,0.04170723509781725,Inf,Inf
