seed,dimension,time,fw_time,primal,dual_gap,smallest_dual_gap,iterations
5,4500,37.801542801,37.249792183,30.773633322136025,3.657639378873423e-8,3.6576393760978654e-8,15
