seed,dimension,time,fw_time,primal,dual_gap,smallest_dual_gap,iterations
4,1500,3600.854371332,3600.346090837,16.648826387804622,2.5391481783543224e-6,7.096024343955509e-7,22072
