seed,dimension,time,fw_time,primal,dual_gap,smallest_dual_gap,iterations
1,2500,26.617491037,25.895825873,22.71402360748465,5.93236993418067e-8,9.30484890665495e-8,17
