seed,dimension,time,fw_time,primal,dual_gap,smallest_dual_gap,iterations,average_iter,std_iter
5,1500,9.56958778,9.06515845,17.16515266466712,4.468902478627079e-8,9.47498137171543e-8,25,0.16,0.37416573867739406
