seed,dimension,time,fw_time,primal,dual_gap,smallest_dual_gap,iterations
3,4000,3601.356434245,3600.95719359,28.82306774902144,3.919420596035228e-6,3.513441420341379e-6,6171
