seed,dimension,time,fw_time,primal,dual_gap,smallest_dual_gap,iterations
3,1500,26.381851532,25.873254798,17.52787758655774,4.908993836427733e-8,9.77416374503548e-8,37
