seed,dimension,time,fw_time,primal,dual_gap,smallest_dual_gap,iterations
2,10000,44.654357464,44.109589075,46.26281846839341,5.847901083516627e-8,5.847901083516627e-8,29
