seed,dimension,time,fw_time,primal,dual_gap,smallest_dual_gap,iterations
4,5000,59.979214567,59.369768771,31.427429616401117,3.310878551876506e-8,3.310878551876506e-8,29
