seed,dimension,time,fw_time,primal,dual_gap,smallest_dual_gap,iterations
4,1000,3.020918396,2.460467977,13.276236203031436,9.236829440206762e-9,8.377225535483035e-8,10
