seed,dimension,time,fw_time,primal,dual_gap,smallest_dual_gap,iterations
4,500,0.072187151,0.070064533,8.499158126576967,5.838093711241221e-8,8.48350523996455e-8,32
