seed,dimension,time,fw_time,primal,dual_gap,smallest_dual_gap,iterations,average_iter,std_iter
3,3000,14.796562218,14.305174895,24.72309500960051,4.213859819413024e-8,4.213859819413024e-8,12,NaN,NaN
