seed,dimension,time,fw_time,primal,dual_gap,smallest_dual_gap,iterations
2,1000,4.504874234,3.976436921,13.109999816718013,2.7583203776604392e-8,5.9477159780607636e-8,18
