seed,dimension,time,fw_time,primal,dual_gap,smallest_dual_gap,iterations
2,1000,3601.540277802,3601.076144987,13.109999817308593,1.1401712008141107e-6,2.6416072710366834e-6,12999
