seed,dimension,time,fw_time,primal,dual_gap,smallest_dual_gap,iterations
3,2000,19.304750654,19.090079013,19.797565027444275,6.258923214430556e-8,4.83918371069203e-8,15
