seed,dimension,time,fw_time,primal,dual_gap,smallest_dual_gap,iterations,average_iter,std_iter
1,4500,58.748581036,58.199067702,29.79746468956274,5.330774746625799e-8,8.48482543114315e-8,42,0.14285714285714285,0.3541688016605732
