seed,dimension,time,fw_time,primal,dual_gap,smallest_dual_gap,iterations,average_iter,std_iter
3,3000,27.125511602,26.549016587,24.72309500960051,4.213859819413024e-8,4.213859819413024e-8,23,0.13636363636363635,0.3512500866571044
