seed,dimension,time,fw_time,primal,dual_gap,smallest_dual_gap,iterations
4,1500,3600.881931644,3600.401463239,16.648826387831157,2.495666805490959e-6,4.712693696923287e-6,20021
