seed,dimension,time,fw_time,primal,dual_gap,smallest_dual_gap,iterations
1,2500,32.221729145,31.608188599,22.714023607484602,4.866140569659283e-8,8.846776108906163e-8,25
