seed,dimension,time,fw_time,primal,dual_gap,smallest_dual_gap,iterations
1,3000,34.258055837,33.587003422,24.25168786409011,1.8392810580136754e-8,9.689927234213247e-8,15
