seed,dimension,time,fw_time,primal,dual_gap,smallest_dual_gap,iterations
4,2500,6.921738542,6.365430755,21.728135502275887,2.4088196104443682e-8,2.4088196104443682e-8,5
