seed,dimension,time,fw_time,primal,dual_gap,smallest_dual_gap,iterations
1,3000,18.12109035,17.505756809,24.251687864090027,1.8022167480591378e-8,7.592679240886469e-8,10
