seed,dimension,time,fw_time,primal,dual_gap,smallest_dual_gap,iterations
1,3500,36.428447828,35.864604523,26.439484134943797,4.855970406336674e-8,4.8561535959112945e-8,19
