seed,dimension,time,fw_time,primal,dual_gap,smallest_dual_gap,iterations
1,3500,21.951855402,21.155203716,26.439484134943974,6.31637108450267e-8,8.042166430022313e-8,28
