seed,dimension,time,fw_time,primal,dual_gap,smallest_dual_gap,iterations
5,3000,17.148568494,16.703949629,25.621324768183584,6.430409299484907e-8,6.264885486773064e-8,26
