seed,dimension,time,fw_time,primal,dual_gap,smallest_dual_gap,iterations
2,1500,6.696451883,6.505175504,16.484786983443247,5.210141545974878e-8,9.122533956018586e-8,11
