seed,dimension,time,fw_time,primal,dual_gap,smallest_dual_gap,iterations
3,3000,36.116617108,35.629519531,24.72309500960051,2.0579001711040767e-8,4.2230741834070606e-8,17
