seed,dimension,time,fw_time,primal,dual_gap,smallest_dual_gap,iterations,average_iter,std_iter
1,1500,13.381497573,12.901034874,17.038233048023756,7.848339864113818e-8,6.272415459251945e-8,32,0.15625,0.36890203262847354
