seed,dimension,time,fw_time,primal,dual_gap,smallest_dual_gap,iterations
2,500,0.045583659,0.043376078,10.259851374534307,4.424984834106027e-8,6.269418278970207e-8,25
