seed,dimension,time,fw_time,primal,dual_gap,smallest_dual_gap,iterations
4,2000,3601.470513888,3600.990356059,19.610083121924728,6.116842036163472e-6,6.376087306247946e-6,9767
