seed,dimension,time,fw_time,primal,dual_gap,smallest_dual_gap,iterations
5,4500,33.238070042,32.693438808,30.773633322136256,2.560014106256503e-8,2.89150439702901e-8,13
