seed,dimension,time,fw_time,primal,dual_gap,smallest_dual_gap,iterations
1,1500,21.944748503,21.229404249,17.038233048023717,3.288869535045258e-8,2.062877899056126e-8,20
