seed,dimension,time,fw_time,primal,dual_gap,smallest_dual_gap,iterations
5,1000,12.388425354,12.148503195,14.103953954631386,5.702014110875453e-8,8.171477508533975e-8,17
