seed,dimension,time,fw_time,primal,dual_gap,smallest_dual_gap,iterations
5,10000,63.563905013,63.114096332,45.24614400963494,6.880199193010084e-8,9.893468121829896e-8,22
