seed,dimension,time,fw_time,primal,dual_gap,smallest_dual_gap,iterations
5,5000,31.001217845,30.42386141,31.08405866218044,3.3642994320959296e-7,5.382240791940163e-8,11
