seed,dimension,time,fw_time,primal,dual_gap,smallest_dual_gap,iterations
2,5000,49.43519283,49.000175396,31.30322628447956,3.6881267817534535e-8,8.549749913600024e-8,25
