seed,dimension,time,fw_time,primal,dual_gap,smallest_dual_gap,iterations
5,1500,10.019177527,9.569198688,17.16515266466713,6.034283295264231e-8,8.145803306880417e-8,19
