seed,dimension,time,fw_time,primal,dual_gap,smallest_dual_gap,iterations
4,3000,74.661677304,74.185059773,25.34625734029605,6.400331184486241e-8,9.447910334636767e-8,34
