seed,dimension,time,fw_time,primal,dual_gap,smallest_dual_gap,iterations
2,1500,13.50851615,13.305253397,16.484786983443435,4.94088473190768e-8,4.8435796623502725e-8,19
