seed,dimension,time,fw_time,primal,dual_gap,smallest_dual_gap,iterations
2,4000,3601.949315092,3601.500985912,29.22948192113949,5.10541891077243e-6,7.360855125759791e-6,6118
