seed,dimension,time,fw_time,primal,dual_gap,smallest_dual_gap,iterations
4,3500,3602.064611345,3601.452313101,25.711185855328086,7.274347909411172e-6,5.014977844150503e-6,6153
