seed,dimension,time,fw_time,primal,dual_gap,smallest_dual_gap,iterations
2,10000,3603.895912561,3603.257024549,46.26281846839364,1.134010480033365e-7,1.134010481143588e-7,1218
