seed,dimension,time,fw_time,primal,dual_gap,smallest_dual_gap,iterations
5,500,0.003631685,0.00326141,11.05635941353101,1.2447568614737392e-8,0.0,0
