seed,dimension,time,fw_time,primal,dual_gap,smallest_dual_gap,iterations
2,3000,20.60719385,20.233476947,25.04609680251856,3.212023605425607e-8,4.275153946131649e-8,13
