seed,dimension,time,fw_time,primal,dual_gap,smallest_dual_gap,iterations
3,3500,7.909005495,7.136496237,26.020570107419953,1.2124103165866984e-8,5.2923848609109925e-8,7
