seed,dimension,time,fw_time,primal,dual_gap,smallest_dual_gap,iterations
1,4000,3603.454398605,3602.7420612,27.363226641223164,8.231093768448772e-6,6.816609448581645e-6,5975
