seed,dimension,time,fw_time,primal,dual_gap,smallest_dual_gap,iterations
4,3500,33.876038772,33.323414752,25.711185854069214,3.4022270459233006e-8,3.4022270459233006e-8,15
