seed,dimension,time,fw_time,primal,dual_gap,smallest_dual_gap,iterations
5,1500,6.188503641,5.985148937,17.16515266466723,1.0714470727313241e-7,9.688805624463726e-8,9
