seed,dimension,time,fw_time,primal,dual_gap,smallest_dual_gap,iterations,average_iter,std_iter
3,3500,13.194698362,12.469874207,26.020570107419957,4.928453502250907e-8,4.928453502250907e-8,10,0.1111111111111111,0.33333333333333337
