seed,dimension,time,fw_time,primal,dual_gap,smallest_dual_gap,iterations
3,3000,37.136214211,36.61747901,24.72309500960052,4.407756581947808e-8,5.516406247074723e-8,17
