seed,dimension,time,fw_time,primal,dual_gap,smallest_dual_gap,iterations
1,5000,34.45624673,33.910758841,31.054631842543575,3.5363478617655986e-8,8.290924947973455e-8,12
