seed,dimension,time,fw_time,primal,dual_gap,smallest_dual_gap,iterations,average_iter,std_iter
4,3500,10.665122846,10.160582401,25.71118585406928,2.7899411503273797e-8,5.507904943247155e-8,8,0.125,0.3535533905932738
