seed,dimension,time,fw_time,primal,dual_gap,smallest_dual_gap,iterations,average_iter,std_iter
3,1500,22.269739242,21.561309402,17.52787758655774,4.908993836427733e-8,9.77416374503548e-8,37,0.16216216216216217,0.37368387661182234
