seed,dimension,time,fw_time,primal,dual_gap,smallest_dual_gap,iterations
1,1500,3601.189723997,3600.465504351,17.038233048304672,6.515980388865916e-7,1.1651436138127025e-6,23048
