seed,dimension,time,fw_time,primal,dual_gap,smallest_dual_gap,iterations
1,500,2.211249103,2.197158897,10.109248698195364,7.975480811883706e-8,0.0,0
