seed,dimension,time,fw_time,primal,dual_gap,smallest_dual_gap,iterations
2,3000,43.009270414,42.353078415,25.04609680251894,1.057597723841397e-7,9.558532970688205e-8,20
