seed,dimension,time,fw_time,primal,dual_gap,smallest_dual_gap,iterations
5,1500,3601.041564778,3600.485309294,17.165152664800495,8.063309226147286e-7,9.693326191995144e-7,23647
