seed,dimension,time,fw_time,primal,dual_gap,smallest_dual_gap,iterations
2,500,0.004236066,0.003874641,10.259851374534252,5.352399182201317e-8,0.0,0
