seed,dimension,time,fw_time,primal,dual_gap,smallest_dual_gap,iterations,average_iter,std_iter
3,3000,10.979912105,10.596876976,24.723095009600527,5.494646282411253e-8,5.494646282411253e-8,10,0.1111111111111111,0.33333333333333337
