seed,dimension,time,fw_time,primal,dual_gap,smallest_dual_gap,iterations
5,4000,34.611293891,34.142221875,30.378013421816142,4.197344249945445e-8,8.297972635407103e-8,15
