seed,dimension,time,fw_time,primal,dual_gap,smallest_dual_gap,iterations,average_iter,std_iter
1,4000,26.802918394,26.297964537,27.363226639097675,3.318997211787522e-8,8.766288712991344e-8,21,0.14285714285714285,0.35856858280031806
