seed,dimension,time,fw_time,primal,dual_gap,smallest_dual_gap,iterations
1,2000,3600.938162064,3600.31530429,20.36677912976208,1.7393797888953788e-6,2.4777261875552625e-6,13244
