seed,dimension,time,fw_time,primal,dual_gap,smallest_dual_gap,iterations
1,1000,18.859845279,18.107318606,14.823685543308832,4.151488011694404e-8,8.212480662184163e-8,20
