seed,dimension,time,fw_time,primal,dual_gap,smallest_dual_gap,iterations
4,4500,23.725472454,23.232665192,30.299231028843295,4.5382191227183455e-8,4.5382191227183455e-8,10
