seed,dimension,time,fw_time,primal,dual_gap,smallest_dual_gap,iterations
5,2000,14.642665048,14.022031816,19.247338166409495,1.7247026390387887e-8,4.8649943462653056e-8,23
