seed,dimension,time,fw_time,primal,dual_gap,smallest_dual_gap,iterations
3,5000,3601.747864361,3601.29922612,31.15491661864774,2.516688897336028e-6,3.6831495140304815e-6,5842
