seed,dimension,time,fw_time,primal,dual_gap,smallest_dual_gap,iterations
1,5000,3602.195690039,3601.73536594,31.05463184420482,4.653162548509671e-6,4.602686643845333e-6,5683
