seed,dimension,time,fw_time,primal,dual_gap,smallest_dual_gap,iterations
4,4000,19.954256415,19.477651347,29.134260454157566,2.6526361454615177e-8,8.357448313955906e-8,30
