seed,dimension,time,fw_time,primal,dual_gap,smallest_dual_gap,iterations
2,1500,5.680200949,5.45298452,16.484786983443282,3.280906701874642e-8,8.795213599088747e-8,10
