seed,dimension,time,fw_time,primal,dual_gap,smallest_dual_gap,iterations
5,1500,1.216520633,1.021222216,17.165152664667104,2.7786998924028694e-8,5.802418046041424e-8,2
