seed,dimension,time,fw_time,primal,dual_gap,smallest_dual_gap,iterations
4,1500,3.300199595,3.097026805,16.648826387591768,4.1243461396112124e-8,7.283716660366757e-8,5
