seed,dimension,time,fw_time,primal,dual_gap,smallest_dual_gap,iterations
5,1500,4.569349262,3.980974762,17.16515266466713,6.034283295264231e-8,8.145803306880417e-8,19
