seed,dimension,time,fw_time,primal,dual_gap,smallest_dual_gap,iterations
5,4500,16.252318185,15.743077715,30.773633322136046,5.544312016436681e-8,5.544312016436681e-8,8
