seed,dimension,time,fw_time,primal,dual_gap,smallest_dual_gap,iterations
4,500,0.125751822,0.123489925,8.499158126576948,2.939764914833276e-8,5.851889611774297e-8,30
