seed,dimension,time,fw_time,primal,dual_gap,smallest_dual_gap,iterations
3,2500,30.720537154,30.107683714,22.224642432416065,3.076992634298836e-8,4.1397671651788315e-8,20
