seed,dimension,time,fw_time,primal,dual_gap,smallest_dual_gap,iterations
4,2000,10.600193163,10.222012669,19.610083120525534,1.7164968280081183e-8,1.7164968280081183e-8,11
