seed,dimension,time,fw_time,primal,dual_gap,smallest_dual_gap,iterations
5,3500,3601.863527317,3601.355210529,27.931606957753807,6.171100422336373e-6,1.1523596113172108e-6,6211
