seed,dimension,time,fw_time,primal,dual_gap,smallest_dual_gap,iterations
3,4000,81.512721689,80.63345482,28.823067745427732,5.449703598114919e-8,8.421999758700949e-8,32
