seed,dimension,time,fw_time,primal,dual_gap,smallest_dual_gap,iterations,average_iter,std_iter
4,2500,7.679243007,7.343609945,21.728135502276,4.60352449771495e-8,9.980087151140182e-8,7,0.14285714285714285,0.37796447300922725
