seed,dimension,time,fw_time,primal,dual_gap,smallest_dual_gap,iterations,average_iter,std_iter
2,4000,21.951601257,21.364550861,29.229481918997504,7.063775747662149e-8,9.238748310824718e-8,16,0.125,0.3415650255319866
