seed,dimension,time,fw_time,primal,dual_gap,smallest_dual_gap,iterations
1,1500,20.500584903,19.853338576,17.038233048023603,3.489806971179732e-8,8.52422578634382e-8,22
