seed,dimension,time,fw_time,primal,dual_gap,smallest_dual_gap,iterations
3,5000,31.572143882,31.139001656,31.15491661623365,4.0116826763303415e-8,8.770322729168001e-8,16
