seed,dimension,time,fw_time,primal,dual_gap,smallest_dual_gap,iterations,average_iter,std_iter
5,4500,13.477425616,12.884318763,30.773633322135947,1.7510251706931435e-8,1.7510251706931435e-8,10,0.1111111111111111,0.33333333333333337
