seed,dimension,time,fw_time,primal,dual_gap,smallest_dual_gap,iterations
2,4500,17.324499707,16.836797027,31.07097258721668,2.1416519474515283e-8,8.462978247358866e-8,24
