seed,dimension,time,fw_time,primal,dual_gap,smallest_dual_gap,iterations
3,1500,16.452225252,16.057085486,17.52787758655824,9.199055087116825e-8,6.142886063709163e-8,22
