seed,dimension,time,fw_time,primal,dual_gap,smallest_dual_gap,iterations
1,500,2.389628105,2.361917777,10.10924869819544,8.641125465169708e-8,8.374212190354058e-8,20
