seed,dimension,time,fw_time,primal,dual_gap,smallest_dual_gap,iterations
4,2500,10.415254202,10.010644887,21.728135502275908,1.6335955352331233e-8,1.6335955352331233e-8,16
