seed,dimension,time,fw_time,primal,dual_gap,smallest_dual_gap,iterations
2,3500,18.5723403,18.152147809,25.79677024001195,4.9741467361696934e-8,9.632371635037718e-8,11
