seed,dimension,time,fw_time,primal,dual_gap,smallest_dual_gap,iterations
1,4500,3602.042940451,3601.522499112,29.797464694177314,3.5138628144970596e-6,2.911046318776478e-6,5807
