seed,dimension,time,fw_time,primal,dual_gap,smallest_dual_gap,iterations
3,4500,81.053370237,80.456505349,30.104940929721916,5.266279372306837e-8,4.9614615305060283e-8,31
