seed,dimension,time,fw_time,primal,dual_gap,smallest_dual_gap,iterations
3,1000,5.340868935,4.884435735,13.295525252839996,3.536671830395299e-8,6.516650039034566e-8,19
