seed,dimension,time,fw_time,primal,dual_gap,smallest_dual_gap,iterations
5,3500,16.3327139,15.814972073,27.93160695594161,4.4424788292474204e-8,4.442478832022978e-8,9
