seed,dimension,time,fw_time,primal,dual_gap,smallest_dual_gap,iterations
5,3000,50.428974945,49.929635069,25.621324768183605,4.5233872508765316e-8,5.5153685576958544e-8,23
