seed,dimension,time,fw_time,primal,dual_gap,smallest_dual_gap,iterations
3,5000,61.953052011,61.473488689,31.154916616233752,5.7160562894065237e-8,8.572232762515952e-8,24
