seed,dimension,time,fw_time,primal,dual_gap,smallest_dual_gap,iterations
4,500,84.041790691,84.039895066,8.499158126580676,1.2815328589987907e-7,9.882932469618133e-8,256505
