seed,dimension,time,fw_time,primal,dual_gap,smallest_dual_gap,iterations,average_iter,std_iter
2,2500,17.699975161,17.228797972,21.598256005690796,1.636321139697472e-8,6.87138735772086e-8,16,0.125,0.3415650255319866
