seed,dimension,time,fw_time,primal,dual_gap,smallest_dual_gap,iterations
5,2000,10.304612905,9.867697358,19.247338166409573,2.9356317335360593e-8,7.192057925597961e-8,9
