seed,dimension,time,fw_time,primal,dual_gap,smallest_dual_gap,iterations,average_iter,std_iter
1,500,0.020655692,0.018430763,10.109248698195284,3.555717453807006e-8,7.724706596601294e-8,31,0.16129032258064516,0.373878250552983
