seed,dimension,time,fw_time,primal,dual_gap,smallest_dual_gap,iterations,average_iter,std_iter
4,2000,12.959913342,12.441877235,19.610083120525587,6.916387933209034e-8,8.031477581604829e-8,24,0.16666666666666666,0.3806934938134405
