seed,dimension,time,fw_time,primal,dual_gap,smallest_dual_gap,iterations
4,1500,4.608546662,4.393147133,16.64882638759174,4.650347948387257e-8,7.708731478150987e-8,6
