seed,dimension,time,fw_time,primal,dual_gap,smallest_dual_gap,iterations
2,3000,48.050967071,47.496204203,25.04609680251863,3.8185322473460737e-8,4.7424591795297566e-8,22
