seed,dimension,time,fw_time,primal,dual_gap,smallest_dual_gap,iterations
4,10000,42.70283481,41.935636566,44.05361306930038,4.17320677667532e-8,3.945574861274892e-8,19
