seed,dimension,time,fw_time,primal,dual_gap,smallest_dual_gap,iterations
4,4000,57.703821749,57.22918918,29.134260454157783,6.337665976741125e-8,6.337665976741125e-8,25
