seed,dimension,time,fw_time,primal,dual_gap,smallest_dual_gap,iterations,average_iter,std_iter
5,4000,14.636148051,14.20044762,30.378013421816142,4.197344249945445e-8,8.297972634019324e-8,11,NaN,NaN
