seed,dimension,time,fw_time,primal,dual_gap,smallest_dual_gap,iterations
3,1500,7.424598129,7.209393595,17.527877586557675,5.1351267099652986e-8,6.4129606680563e-8,11
