seed,dimension,time,fw_time,primal,dual_gap,smallest_dual_gap,iterations
1,4000,52.664370878,52.07818147,27.363226639097675,3.318997211787522e-8,8.766288712991344e-8,21
