seed,dimension,time,fw_time,primal,dual_gap,smallest_dual_gap,iterations,average_iter,std_iter
1,3000,27.209609368,26.71291753,24.251687864090016,1.8938969253978755e-8,5.510312635348402e-8,23,0.13043478260869565,0.34435022157509093
