seed,dimension,time,fw_time,primal,dual_gap,smallest_dual_gap,iterations
1,2000,9.281178232,8.582576237,20.366779129379402,2.2003260768954647e-8,5.3409508926627325e-8,5
