seed,dimension,time,fw_time,primal,dual_gap,smallest_dual_gap,iterations
5,4500,149.028172418,148.439830159,30.773635274041318,0.0003713163232080957,9.842754457312086e-8,241
