seed,dimension,time,fw_time,primal,dual_gap,smallest_dual_gap,iterations
1,1500,29.706048825,29.221558067,17.038233048023756,7.848339864113818e-8,6.272415459251945e-8,32
