seed,dimension,time,fw_time,primal,dual_gap,smallest_dual_gap,iterations
1,2500,46.720646311,45.883912398,22.714023607484606,4.20682055024546e-8,4.2573873829110376e-8,26
