seed,dimension,time,fw_time,primal,dual_gap,smallest_dual_gap,iterations
1,1000,3603.065133419,3602.576729452,14.82368554348885,1.7957167254001316e-6,5.227769889759593e-7,21560
