seed,dimension,time,fw_time,primal,dual_gap,smallest_dual_gap,iterations
1,2500,3601.956264201,3601.463982964,22.714023609076452,3.662444986549107e-6,1.6940125268233297e-6,8258
