seed,dimension,time,fw_time,primal,dual_gap,smallest_dual_gap,iterations
5,3500,26.369958534,25.803278354,27.931606955944165,1.2330036040786307e-7,9.94738039578058e-8,11
