seed,dimension,time,fw_time,primal,dual_gap,smallest_dual_gap,iterations
2,3500,3601.940491551,3601.432176559,25.796770242176226,6.456025127096754e-6,3.157324912322901e-6,6214
