seed,dimension,time,fw_time,primal,dual_gap,smallest_dual_gap,iterations
4,500,0.066855157,0.062194729,8.499158126577207,1.154664040770026e-7,9.723830840524528e-8,29
