seed,dimension,time,fw_time,primal,dual_gap,smallest_dual_gap,iterations
1,2000,3602.802727078,3602.250418648,20.366779129901843,3.053084999621314e-6,2.1801203572979766e-6,10751
