seed,dimension,time,fw_time,primal,dual_gap,smallest_dual_gap,iterations
5,4000,19.935220103,19.333174243,30.37801342181608,6.003783985242261e-8,6.113642428418053e-8,11
