seed,dimension,time,fw_time,primal,dual_gap,smallest_dual_gap,iterations
1,1500,3603.125811311,3602.541407973,17.0382330483797,3.643257426189095e-6,2.051645605682939e-6,19239
