seed,dimension,time,fw_time,primal,dual_gap,smallest_dual_gap,iterations
2,3500,19.748568208,18.98742821,25.79677024001198,1.7615075148524895e-8,1.7615075148524895e-8,11
