seed,dimension,time,fw_time,primal,dual_gap,smallest_dual_gap,iterations
2,2000,1.168204782,1.167641314,19.13954945065531,2.3080978961420584e-8,0.0,0
