seed,dimension,time,fw_time,primal,dual_gap,smallest_dual_gap,iterations
1,3500,3601.947183231,3601.314851127,26.43948413756508,3.065101090382605e-6,5.460875521667852e-6,6290
