seed,dimension,time,fw_time,primal,dual_gap,smallest_dual_gap,iterations
3,4000,21.97804122,21.417445207,28.82306774542786,2.75776677605144e-8,3.830680794791874e-8,31
