seed,dimension,time,fw_time,primal,dual_gap,smallest_dual_gap,iterations
3,2500,15.899240848,15.142813228,22.224642432416037,2.207740211479514e-8,6.369101888947792e-8,24
