seed,dimension,time,fw_time,primal,dual_gap,smallest_dual_gap,iterations
1,1000,12.239573203,11.619060155,14.82368554330878,3.996191302868546e-8,3.996191300092988e-8,15
