seed,dimension,time,fw_time,primal,dual_gap,smallest_dual_gap,iterations
4,1500,8.153412616,7.61690225,16.648826387594756,6.357662621359061e-8,8.963437059250623e-8,13
