seed,dimension,time,fw_time,primal,dual_gap,smallest_dual_gap,iterations
2,500,103.294196387,103.290627875,10.259851374536588,2.2126035409408829e-7,9.999954869721606e-8,308837
