seed,dimension,time,fw_time,primal,dual_gap,smallest_dual_gap,iterations
5,2000,13.210742766,12.699627521,19.247338166409495,1.7247026390387887e-8,4.8649943462653056e-8,23
