seed,dimension,time,fw_time,primal,dual_gap,smallest_dual_gap,iterations,average_iter,std_iter
1,5000,19.714915303,19.007841257,31.054631842543657,3.4824542735623076e-8,4.0122402594766626e-8,12,NaN,NaN
