seed,dimension,time,fw_time,primal,dual_gap,smallest_dual_gap,iterations
5,2500,3601.845917533,3601.30136887,21.90614687758759,6.6401900493257004e-6,3.892187431353555e-6,7461
