seed,dimension,time,fw_time,primal,dual_gap,smallest_dual_gap,iterations
2,4000,19.890449015,19.528789968,29.229481918997433,9.159441052841721e-9,9.159441052841721e-9,12
