seed,dimension,time,fw_time,primal,dual_gap,smallest_dual_gap,iterations
2,2500,10.987057261,10.451638475,21.598256005690846,3.593241808264036e-8,8.489085190355183e-8,7
