seed,dimension,time,fw_time,primal,dual_gap,smallest_dual_gap,iterations
4,3500,33.470792384,33.04899826,25.71118585406929,4.101862127736666e-8,5.8110999304195055e-8,14
