seed,dimension,time,fw_time,primal,dual_gap,smallest_dual_gap,iterations
5,5000,25.291735993,24.863375195,31.08405866216802,9.510310899907282e-9,3.1117871390762275e-8,12
