seed,dimension,time,fw_time,primal,dual_gap,smallest_dual_gap,iterations,average_iter,std_iter
5,3000,22.89664363,22.261131935,25.621324768183555,5.005048495099196e-8,8.305449966661271e-8,21,0.14285714285714285,0.35856858280031806
