seed,dimension,time,fw_time,primal,dual_gap,smallest_dual_gap,iterations
1,1500,7.504700548,6.881487631,17.038233048023788,1.3678059918031948e-7,8.5372267255579e-8,6
