seed,dimension,time,fw_time,primal,dual_gap,smallest_dual_gap,iterations
2,4000,21.484441232,20.872950446,29.229481918997426,4.6681888757338363e-8,4.6681888757338363e-8,12
