seed,dimension,time,fw_time,primal,dual_gap,smallest_dual_gap,iterations
2,1000,3600.82893877,3600.356526317,13.109999816983347,1.6181469694453998e-6,1.6053356184930756e-6,21379
