seed,dimension,time,fw_time,primal,dual_gap,smallest_dual_gap,iterations
1,3000,42.320102336,41.669496325,24.251687864090016,1.8938969253978755e-8,5.510312635348402e-8,18
