seed,dimension,time,fw_time,primal,dual_gap,smallest_dual_gap,iterations,average_iter,std_iter
3,4500,31.539882579,30.903209762,30.104940929721987,2.2872352928304807e-8,7.195428032569229e-8,24,0.16666666666666666,0.3806934938134405
