seed,dimension,time,fw_time,primal,dual_gap,smallest_dual_gap,iterations,average_iter,std_iter
2,4500,22.620411491,22.096000281,31.070972587216882,3.274398394093048e-8,3.274398394093048e-8,17,0.125,0.3415650255319866
