seed,dimension,time,fw_time,primal,dual_gap,smallest_dual_gap,iterations
2,1500,28.997546168,28.481012934,16.484786983443264,2.4844034524074132e-8,9.324932512266848e-8,29
