seed,dimension,time,fw_time,primal,dual_gap,smallest_dual_gap,iterations
5,2000,20.766545472,20.285972151,19.24733816640944,2.2463307242093222e-8,2.2463307242093222e-8,24
