seed,dimension,time,fw_time,primal,dual_gap,smallest_dual_gap,iterations
2,2500,19.655151034,19.347687556,21.598256005690796,1.6363211410852507e-8,6.871387361884196e-8,10
