seed,dimension,time,fw_time,primal,dual_gap,smallest_dual_gap,iterations
2,2000,3.392842612,3.190311347,19.139549450653625,1.5706120236325116e-7,2.3080978961420584e-8,2
