seed,dimension,time,fw_time,primal,dual_gap,smallest_dual_gap,iterations
5,4500,32.205385458,31.589049768,30.77363332213615,2.8348271910449974e-8,8.916500629507773e-8,12
