seed,dimension,time,fw_time,primal,dual_gap,smallest_dual_gap,iterations
1,3000,3603.67231741,3602.972057471,24.251687865803998,3.504946990806612e-6,2.2729788504149973e-6,6782
