seed,dimension,time,fw_time,primal,dual_gap,smallest_dual_gap,iterations
5,1000,1.67634611,1.344525902,14.103953954631361,4.1324941413289906e-8,9.894713232094787e-8,2
