seed,dimension,time,fw_time,primal,dual_gap,smallest_dual_gap,iterations
5,4000,25.986464184,25.401708507,30.37801342181641,7.036449700681402e-8,3.408962909179358e-8,13
