seed,dimension,time,fw_time,primal,dual_gap,smallest_dual_gap,iterations
4,2000,18.146438395,17.597831384,19.61008312052581,6.658014292670877e-8,6.81622655124281e-8,18
