seed,dimension,time,fw_time,primal,dual_gap,smallest_dual_gap,iterations,average_iter,std_iter
3,2000,14.1942227,13.60717953,19.797565027444037,6.292041720978858e-8,8.164959723611087e-8,27,0.14814814814814814,0.3620139928982457
