seed,dimension,time,fw_time,primal,dual_gap,smallest_dual_gap,iterations
5,3000,3601.496787469,3600.828342435,25.62132477087087,2.687592175573683e-6,3.7701789484256842e-6,6796
