seed,dimension,time,fw_time,primal,dual_gap,smallest_dual_gap,iterations
2,3500,42.360808166,41.86676879,25.796770240011988,4.11284497570108e-8,7.435466993499507e-8,18
