seed,dimension,time,fw_time,primal,dual_gap,smallest_dual_gap,iterations
1,3500,63.793208103,63.201244065,26.43948413494382,5.058896550280689e-8,5.121459732693179e-8,26
