seed,dimension,time,fw_time,primal,dual_gap,smallest_dual_gap,iterations
3,1500,17.085768258,16.561278708,17.52787758655767,6.430605561935643e-8,6.430605561935643e-8,30
