seed,dimension,time,fw_time,primal,dual_gap,smallest_dual_gap,iterations
2,4500,34.476611416,34.004293444,31.07097258721664,3.742302108478146e-8,7.813669360146047e-8,18
