seed,dimension,time,fw_time,primal,dual_gap,smallest_dual_gap,iterations,average_iter,std_iter
3,4000,37.416792863,36.977889312,28.823067745427778,6.327716571552511e-8,8.555417239930474e-8,30,NaN,NaN
