seed,dimension,time,fw_time,primal,dual_gap,smallest_dual_gap,iterations
5,1000,6.252853914,5.708416724,14.103953954631669,8.976621448941735e-8,5.261757973773484e-8,25
