seed,dimension,time,fw_time,primal,dual_gap,smallest_dual_gap,iterations,average_iter,std_iter
2,3000,30.600303937,30.13563506,25.04609680251863,3.8185322473460737e-8,4.7424591795297566e-8,27,0.14814814814814814,0.3620139928982457
