seed,dimension,time,fw_time,primal,dual_gap,smallest_dual_gap,iterations
4,4000,3602.137982888,3601.565638202,29.134260456485034,5.01801805420643e-6,5.603252317104568e-6,5977
