seed,dimension,time,fw_time,primal,dual_gap,smallest_dual_gap,iterations
1,2000,12.096775993,11.518734481,20.366779129379477,6.243110084458436e-8,7.390696749043357e-8,7
