seed,dimension,time,fw_time,primal,dual_gap,smallest_dual_gap,iterations
3,1000,3600.992983805,3600.39653555,13.295525253137159,2.4663497810717416e-6,4.976745727525156e-6,22371
