seed,dimension,time,fw_time,primal,dual_gap,smallest_dual_gap,iterations
3,1500,13.737781662,13.193218035,17.52787758655768,4.6856078850243676e-8,6.319147691224991e-8,33
