seed,dimension,time,fw_time,primal,dual_gap,smallest_dual_gap,iterations
3,3000,267.053617345,266.514482729,24.72309556062613,0.0001383204703663543,9.94634230949698e-8,501
