seed,dimension,time,fw_time,primal,dual_gap,smallest_dual_gap,iterations
1,500,75.754839926,75.68885922,10.109248698199156,1.3133266521525577e-7,9.953196539180809e-8,223525
