seed,dimension,time,fw_time,primal,dual_gap,smallest_dual_gap,iterations
4,2500,25.767396894,25.23467996,21.72813550227596,3.823390340440547e-8,9.059434885605455e-8,13
