seed,dimension,time,fw_time,primal,dual_gap,smallest_dual_gap,iterations
4,3500,17.403223938,16.962461549,25.711185854069296,1.4334779946389986e-8,9.848400488177145e-8,9
