seed,dimension,time,fw_time,primal,dual_gap,smallest_dual_gap,iterations
4,5000,89.073277691,88.544660299,31.42742961640169,7.541342750272406e-8,9.280358860552784e-8,34
