seed,dimension,time,fw_time,primal,dual_gap,smallest_dual_gap,iterations
2,2000,70.734794746,70.274323543,19.139553215227142,0.0007600039638887279,5.988074980312064e-8,211
