seed,dimension,time,fw_time,primal,dual_gap,smallest_dual_gap,iterations
4,2000,9.980409055,9.766217409,19.610083120525637,4.609960171930716e-8,6.816226549855031e-8,9
