seed,dimension,time,fw_time,primal,dual_gap,smallest_dual_gap,iterations
3,4500,59.589149638,59.028229971,30.104940929722137,9.741344297875543e-8,8.539341074531581e-8,30
