seed,dimension,time,fw_time,primal,dual_gap,smallest_dual_gap,iterations
4,1000,0.500428354,0.499940164,13.276236203031488,3.472650553226764e-8,0.0,0
