seed,dimension,time,fw_time,primal,dual_gap,smallest_dual_gap,iterations,average_iter,std_iter
2,3000,18.33998052,17.888634914,25.04609680251848,3.373359781788654e-8,6.267276853044734e-8,16,0.1875,0.4031128874149275
