seed,dimension,time,fw_time,primal,dual_gap,smallest_dual_gap,iterations
3,5000,32.993824869,32.487304769,31.15491661623359,2.742668021860073e-8,6.374220076765802e-8,17
