seed,dimension,time,fw_time,primal,dual_gap,smallest_dual_gap,iterations
1,5000,52.928397213,52.407675885,31.054631842543657,3.4824542735623076e-8,4.0122402594766626e-8,20
