seed,dimension,time,fw_time,primal,dual_gap,smallest_dual_gap,iterations
1,1000,3601.612876905,3601.072495655,14.823685543802808,2.974993392523828e-6,8.666154763803391e-7,13016
