seed,dimension,time,fw_time,primal,dual_gap,smallest_dual_gap,iterations
2,3500,13.90037564,13.367726476,25.796770240011984,1.988989402346153e-8,1.988989402346153e-8,20
