seed,dimension,time,fw_time,primal,dual_gap,smallest_dual_gap,iterations
3,500,153.553392192,153.551291463,10.114708815221077,1.1037009883807514e-7,9.513117391057868e-8,464414
