seed,dimension,time,fw_time,primal,dual_gap,smallest_dual_gap,iterations
5,3500,31.54471415,31.064585394,27.931606955942087,4.0611381535438085e-8,9.056038315080617e-8,13
