seed,dimension,time,fw_time,primal,dual_gap,smallest_dual_gap,iterations
3,3500,21.191212335,20.79048554,26.020570107419957,4.928453502250907e-8,4.928453502250907e-8,10
