seed,dimension,time,fw_time,primal,dual_gap,smallest_dual_gap,iterations
4,2500,8.011884929,7.455378142,21.72813550227587,2.2242982955500423e-8,3.92794606146607e-8,5
