seed,dimension,time,fw_time,primal,dual_gap,smallest_dual_gap,iterations
2,1500,12.520190676,12.308972801,16.48478698344335,4.3044884129317396e-8,9.048010204959489e-8,18
