seed,dimension,time,fw_time,primal,dual_gap,smallest_dual_gap,iterations
2,1500,16.59646883,16.297263103,16.484786983443264,2.4844034524074132e-8,9.324932512266848e-8,19
