seed,dimension,time,fw_time,primal,dual_gap,smallest_dual_gap,iterations
5,1500,3601.13294521,3600.584629238,17.16515266485759,9.636495503506648e-7,4.149185159341151e-7,19790
