seed,dimension,time,fw_time,primal,dual_gap,smallest_dual_gap,iterations
3,1000,4.744912252,4.124451675,13.295525252839996,3.536671830395299e-8,6.516650039034566e-8,19
