seed,dimension,time,fw_time,primal,dual_gap,smallest_dual_gap,iterations,average_iter,std_iter
5,2000,7.628570709,7.126329861,19.24733816640952,5.0281739549795645e-8,5.0281739549795645e-8,10,0.1111111111111111,0.33333333333333337
