seed,dimension,time,fw_time,primal,dual_gap,smallest_dual_gap,iterations
2,1000,0.560395472,0.55992486,13.109999816718068,5.1824383895393566e-8,0.0,0
