seed,dimension,time,fw_time,primal,dual_gap,smallest_dual_gap,iterations
4,500,0.129574583,0.127658643,8.499158126576948,1.3555039451995654e-8,1.3555039451995654e-8,3
