seed,dimension,time,fw_time,primal,dual_gap,smallest_dual_gap,iterations
1,5000,3603.040408472,3602.440013742,31.054631844189654,4.607331565015249e-6,4.559573274220963e-6,5733
