seed,dimension,time,fw_time,primal,dual_gap,smallest_dual_gap,iterations
2,3000,14.19772367,13.741154391,25.046096802518523,2.891389008774503e-8,3.4225114395325384e-8,22
