seed,dimension,time,fw_time,primal,dual_gap,smallest_dual_gap,iterations
3,1000,3601.204700745,3600.684301298,13.295525253533427,5.044281015942342e-6,8.673221294108746e-6,14355
