seed,dimension,time,fw_time,primal,dual_gap,smallest_dual_gap,iterations
1,3000,3601.676592511,3601.256208634,24.25168786613351,5.9903207731693e-6,4.136495464990286e-6,6476
