seed,dimension,time,fw_time,primal,dual_gap,smallest_dual_gap,iterations
1,5000,19.101190582,18.448122937,31.054631842543795,1.8353278383176352e-8,9.594868434492643e-8,8
