seed,dimension,time,fw_time,primal,dual_gap,smallest_dual_gap,iterations
1,4500,124.02532184,123.34084986,29.797464689562677,6.76215714812134e-8,8.493043926471877e-8,46
