seed,dimension,time,fw_time,primal,dual_gap,smallest_dual_gap,iterations,average_iter,std_iter
5,2500,32.103440574,31.646925704,21.906146874909133,6.630404045249172e-8,9.330725303513532e-8,39,0.15384615384615385,0.36551776819519566
