seed,dimension,time,fw_time,primal,dual_gap,smallest_dual_gap,iterations
1,3500,3603.166638502,3602.467515695,26.43948413744951,5.463133306418677e-6,3.0678603174932872e-6,6287
