seed,dimension,time,fw_time,primal,dual_gap,smallest_dual_gap,iterations
3,2000,12.186594931,11.757999927,19.797565027444026,3.1945169440272814e-8,3.1945169440272814e-8,23
