seed,dimension,time,fw_time,primal,dual_gap,smallest_dual_gap,iterations
4,2500,25.732730682,25.235777408,21.728135502275954,5.950108893093553e-8,9.572856450590361e-8,13
