seed,dimension,time,fw_time,primal,dual_gap,smallest_dual_gap,iterations,average_iter,std_iter
5,3000,38.47190897,38.06521038,25.62132476818358,5.133755100195092e-8,9.666941429287146e-8,33,0.15151515151515152,0.36410954062720957
