seed,dimension,time,fw_time,primal,dual_gap,smallest_dual_gap,iterations
1,2500,3603.162879197,3602.430566592,22.714023609215097,4.291005836223882e-6,1.4578295529921181e-6,8209
