seed,dimension,time,fw_time,primal,dual_gap,smallest_dual_gap,iterations
5,2500,3601.451930505,3600.951417949,21.906146876951478,2.5049363132634284e-6,4.749932058747963e-6,8314
