seed,dimension,time,fw_time,primal,dual_gap,smallest_dual_gap,iterations
1,4500,65.471575537,64.931445688,29.797464689563103,7.542870396337609e-8,9.509749200609097e-8,34
