seed,dimension,time,fw_time,primal,dual_gap,smallest_dual_gap,iterations
4,1000,7.717081432,7.284573621,13.276236203031488,3.472650553226764e-8,3.062940481801668e-8,11
