seed,dimension,time,fw_time,primal,dual_gap,smallest_dual_gap,iterations
5,3500,11.497554357,11.051556521,27.93160695594298,1.0715686432627436e-7,4.1864204713970565e-8,6
