seed,dimension,time,fw_time,primal,dual_gap,smallest_dual_gap,iterations
5,1000,2.248407254,2.104519468,14.103953954631338,4.221246474589435e-8,3.979356635874787e-8,3
