seed,dimension,time,fw_time,primal,dual_gap,smallest_dual_gap,iterations,average_iter,std_iter
2,4500,39.240882077,38.701144727,31.070972587216712,3.759710782980097e-8,7.694644819922214e-8,30,0.16666666666666666,0.3790490217894517
