seed,dimension,time,fw_time,primal,dual_gap,smallest_dual_gap,iterations
1,1500,6.792761661,6.125340906,17.038233048023862,1.247896834200013e-7,5.844218750605812e-8,5
