seed,dimension,time,fw_time,primal,dual_gap,smallest_dual_gap,iterations
4,4500,11.33534161,10.868811781,30.299231028843295,4.5382191227183455e-8,4.5382191227183455e-8,5
