seed,dimension,time,fw_time,primal,dual_gap,smallest_dual_gap,iterations
1,2500,55.045501306,54.43699325,22.714023607484695,4.391367980360883e-8,7.024339643280086e-8,25
