seed,dimension,time,fw_time,primal,dual_gap,smallest_dual_gap,iterations
3,2000,14.312790857,13.906188163,19.797565027443966,3.178190606523135e-8,3.178190606523135e-8,11
