seed,dimension,time,fw_time,primal,dual_gap,smallest_dual_gap,iterations
1,1500,9.164701757,8.50539912,17.038233048023827,8.692710876112564e-8,9.651600382798442e-8,8
