seed,dimension,time,fw_time,primal,dual_gap,smallest_dual_gap,iterations,average_iter,std_iter
2,4000,27.042282722,26.561549304,29.229481918997394,3.0639510220642485e-8,2.0741639503163434e-8,21,0.14285714285714285,0.35856858280031806
