seed,dimension,time,fw_time,primal,dual_gap,smallest_dual_gap,iterations
3,3000,262.676941971,262.280631729,24.72309556062613,0.0001383204703663543,9.94634230949698e-8,501
