seed,dimension,time,fw_time,primal,dual_gap,smallest_dual_gap,iterations
3,3000,17.167780799,16.662410295,24.72309500960046,2.4830570197198476e-8,3.204287184199739e-8,11
