seed,dimension,time,fw_time,primal,dual_gap,smallest_dual_gap,iterations,average_iter,std_iter
2,2000,1.868631548,1.654084872,19.139549450652584,2.4986775981616915e-8,5.021218080214496e-9,2,0.0,0.0
