seed,dimension,time,fw_time,primal,dual_gap,smallest_dual_gap,iterations,average_iter,std_iter
5,1000,13.2646538,12.820264285,14.103953954631386,5.702014110875453e-8,8.171477511309533e-8,30,0.16666666666666666,0.3790490217894517
