seed,dimension,time,fw_time,primal,dual_gap,smallest_dual_gap,iterations
4,2500,3601.878841426,3601.291622733,21.72813550308879,3.926598258888192e-6,5.4723638497067295e-6,8236
