seed,dimension,time,fw_time,primal,dual_gap,smallest_dual_gap,iterations
3,4500,3601.545209119,3601.080844567,30.104940932925334,4.029429910124005e-6,4.607732039738077e-6,5849
