seed,dimension,time,fw_time,primal,dual_gap,smallest_dual_gap,iterations
3,500,0.019898406,0.019548997,10.114708815219766,6.895666634920694e-8,0.0,0
