seed,dimension,time,fw_time,primal,dual_gap,smallest_dual_gap,iterations,average_iter,std_iter
4,4000,30.568989788,30.118374649,29.134260454157744,4.5033438519914704e-8,5.235912886591976e-8,24,0.16666666666666666,0.38069349381344053
