seed,dimension,time,fw_time,primal,dual_gap,smallest_dual_gap,iterations
1,4000,23.991421528,23.457954906,27.363226639097626,1.995016973843633e-8,5.799747813950429e-8,12
