seed,dimension,time,fw_time,primal,dual_gap,smallest_dual_gap,iterations
5,4000,37.000725077,36.590023821,30.378013421816004,1.9747027221739266e-8,4.846062612307023e-8,16
