seed,dimension,time,fw_time,primal,dual_gap,smallest_dual_gap,iterations
4,3000,17.445098114,17.008625826,25.346257340295956,3.980575150053234e-8,5.227134583507542e-8,28
