seed,dimension,time,fw_time,primal,dual_gap,smallest_dual_gap,iterations
2,5000,76.590110937,76.072008296,31.303226284481017,1.0676841487311517e-7,5.418030210591063e-8,29
