seed,dimension,time,fw_time,primal,dual_gap,smallest_dual_gap,iterations,average_iter,std_iter
2,4500,27.407591156,26.939938589,31.070972587216712,3.759710782980097e-8,7.694644819922214e-8,21,NaN,NaN
