seed,dimension,time,fw_time,primal,dual_gap,smallest_dual_gap,iterations
5,4000,13.529760446,12.981036637,30.378013421816107,5.298591686242471e-8,5.287786157548435e-8,20
