seed,dimension,time,fw_time,primal,dual_gap,smallest_dual_gap,iterations
5,1000,3601.016786063,3600.544425918,14.103953954961677,3.391558272697326e-6,2.7734576840410252e-6,22978
