seed,dimension,time,fw_time,primal,dual_gap,smallest_dual_gap,iterations
4,2500,3601.880170743,3601.175708559,21.728135503003404,5.182562460667728e-6,3.7185465778105664e-6,8688
