seed,dimension,time,fw_time,primal,dual_gap,smallest_dual_gap,iterations,average_iter,std_iter
2,3500,25.939195657,25.46261284,25.796770240012034,5.00564335259579e-8,8.118026935399758e-8,21,0.14285714285714285,0.35856858280031806
