seed,dimension,time,fw_time,primal,dual_gap,smallest_dual_gap,iterations
1,3500,36.217562134,35.731619314,26.439484134943896,4.461502904617998e-8,5.3831385057878656e-8,19
