seed,dimension,time,fw_time,primal,dual_gap,smallest_dual_gap,iterations
1,3000,35.224016069,34.561531777,24.251687864090105,3.056984501648152e-8,3.056984501648152e-8,16
