seed,dimension,time,fw_time,primal,dual_gap,smallest_dual_gap,iterations
1,500,2.255295482,2.240872689,10.109248698195364,7.975480811883706e-8,0.0,0
