seed,dimension,time,fw_time,primal,dual_gap,smallest_dual_gap,iterations
5,3500,3601.999099585,3601.522675337,27.93160695762364,1.1292907258764195e-6,6.117845042119541e-6,6254
