seed,dimension,time,fw_time,primal,dual_gap,smallest_dual_gap,iterations
1,4000,22.545948695,21.847533115,27.36322663909778,3.9493696063486183e-8,4.3111267583606505e-8,10
