seed,dimension,time,fw_time,primal,dual_gap,smallest_dual_gap,iterations
1,1500,17.079275717,16.517268324,17.038233048023688,5.685346660122548e-8,8.396037573521475e-8,27
