seed,dimension,time,fw_time,primal,dual_gap,smallest_dual_gap,iterations
3,1500,7.8243128,7.596947907,17.527877586557658,1.3919384755922692e-8,5.47548225371397e-8,13
