seed,dimension,time,fw_time,primal,dual_gap,smallest_dual_gap,iterations
3,5000,56.02847807,55.329194579,31.154916616234047,6.106545753781223e-8,9.52310529461764e-8,21
