seed,dimension,time,fw_time,primal,dual_gap,smallest_dual_gap,iterations
1,2000,12.829000131,12.326656509,20.36677912937941,3.402253276330036e-8,6.874612867857621e-8,10
