seed,dimension,time,fw_time,primal,dual_gap,smallest_dual_gap,iterations
4,3500,41.531055212,41.030309936,25.71118585406929,4.101862127736666e-8,5.811099929031727e-8,18
