seed,dimension,time,fw_time,primal,dual_gap,smallest_dual_gap,iterations,average_iter,std_iter
4,5000,43.504494892,43.040296723,31.427429616401476,6.530765514489723e-8,6.442769485970334e-8,32,NaN,NaN
