seed,dimension,time,fw_time,primal,dual_gap,smallest_dual_gap,iterations,average_iter,std_iter
1,4000,18.871199162,18.220522226,27.363226639097764,6.061385589284374e-8,6.061385590672153e-8,13,0.16666666666666666,0.3892494720807615
