seed,dimension,time,fw_time,primal,dual_gap,smallest_dual_gap,iterations
1,4500,87.290293673,86.405562361,29.79746468956233,5.1019870911384047e-8,9.319523941453411e-8,43
