seed,dimension,time,fw_time,primal,dual_gap,smallest_dual_gap,iterations,average_iter,std_iter
4,4000,38.216875253,37.667955195,29.134260454157783,6.337665976741125e-8,6.337665976741125e-8,30,0.13793103448275862,0.35093120317179827
