seed,dimension,time,fw_time,primal,dual_gap,smallest_dual_gap,iterations
1,3000,21.528849645,20.961385383,24.251687864090105,4.2895197449599465e-8,9.142327592193134e-8,11
