seed,dimension,time,fw_time,primal,dual_gap,smallest_dual_gap,iterations
4,3000,55.024593802,54.573382062,25.346257340296336,8.223147568431344e-8,9.828055236305033e-8,25
