seed,dimension,time,fw_time,primal,dual_gap,smallest_dual_gap,iterations
2,1000,9.792331877,9.640559524,13.10999981671806,3.558524916402739e-8,3.4754610439557965e-8,13
