seed,dimension,time,fw_time,primal,dual_gap,smallest_dual_gap,iterations,average_iter,std_iter
5,5000,19.512477107,19.014776606,31.084058662168008,7.381159143615701e-8,7.381159143615701e-8,14,0.15384615384615385,0.37553380809940534
