seed,dimension,time,fw_time,primal,dual_gap,smallest_dual_gap,iterations
5,2000,13.508303988,13.082327388,19.247338166409595,6.941855364150928e-8,6.941855364150928e-8,14
