seed,dimension,time,fw_time,primal,dual_gap,smallest_dual_gap,iterations
3,4000,48.287588776,47.617151791,28.823067745427856,5.6753818922228305e-8,7.452840372623726e-8,26
