seed,dimension,time,fw_time,primal,dual_gap,smallest_dual_gap,iterations
2,5000,3602.015248073,3601.446985207,31.30322628751419,4.9064376664298415e-6,4.165839092629131e-6,5845
