seed,dimension,time,fw_time,primal,dual_gap,smallest_dual_gap,iterations
4,2000,18.272619048,17.894243713,19.610083120525587,6.916387934596813e-8,8.03147758021705e-8,14
