seed,dimension,time,fw_time,primal,dual_gap,smallest_dual_gap,iterations
5,500,54.134919873,54.133198391,11.056359413532773,1.3783157218338893e-7,9.999921146697233e-8,428255
