seed,dimension,time,fw_time,primal,dual_gap,smallest_dual_gap,iterations
2,3500,3601.831880822,3601.267488339,25.79677024212274,8.253392153004246e-6,8.258387264495348e-6,6269
