seed,dimension,time,fw_time,primal,dual_gap,smallest_dual_gap,iterations,average_iter,std_iter
5,3000,26.220317322,25.533364338,25.62132476818358,5.1337551043584284e-8,9.666941432062703e-8,23,NaN,NaN
