seed,dimension,time,fw_time,primal,dual_gap,smallest_dual_gap,iterations
5,1500,10.604650672,10.317251427,17.16515266466712,4.468902478627079e-8,9.47498137171543e-8,12
