seed,dimension,time,fw_time,primal,dual_gap,smallest_dual_gap,iterations
5,2000,10.940721093,10.562370807,19.247338166409516,4.902984521160114e-8,4.056877517255586e-8,10
