seed,dimension,time,fw_time,primal,dual_gap,smallest_dual_gap,iterations
2,3000,22.814039338,22.398828872,25.04609680251857,1.752389500175866e-8,7.990050890360756e-8,13
