seed,dimension,time,fw_time,primal,dual_gap,smallest_dual_gap,iterations
1,2500,30.773180876,30.176596473,22.714023607484556,2.606394412796309e-8,2.606394412796309e-8,19
