seed,dimension,time,fw_time,primal,dual_gap,smallest_dual_gap,iterations
4,1000,7.028931509,6.464449592,13.276236203031425,4.9523679351848315e-8,2.4093882278197754e-8,11
