seed,dimension,time,fw_time,primal,dual_gap,smallest_dual_gap,iterations
1,4500,33.949308526,33.284618363,29.797464689562304,4.584088569847822e-8,6.187388895684265e-8,45
