seed,dimension,time,fw_time,primal,dual_gap,smallest_dual_gap,iterations
4,3000,3601.693327559,3601.096967191,25.346257342909357,4.680478429316959e-6,5.147255698625952e-6,6806
