seed,dimension,time,fw_time,primal,dual_gap,smallest_dual_gap,iterations,average_iter,std_iter
5,1000,3.768371809,3.60044937,14.103953954631328,3.428144823569568e-8,3.428144823569568e-8,7,0.16666666666666666,0.408248290463863
