seed,dimension,time,fw_time,primal,dual_gap,smallest_dual_gap,iterations,average_iter,std_iter
5,4000,17.705244181,17.033894517,30.37801342181612,4.697385956597966e-8,8.48256690999527e-8,13,0.15384615384615385,0.37553380809940534
