seed,dimension,time,fw_time,primal,dual_gap,smallest_dual_gap,iterations
3,2000,19.360632278,18.734310709,19.79756502744397,3.461089100043058e-8,7.420154900239506e-8,14
