seed,dimension,time,fw_time,primal,dual_gap,smallest_dual_gap,iterations,average_iter,std_iter
1,2000,6.076762506,5.474443054,20.36677912937944,1.2195495890932051e-8,7.359314135868544e-8,3,0.0,0.0
