seed,dimension,time,fw_time,primal,dual_gap,smallest_dual_gap,iterations
2,1500,3600.765432812,3600.345122247,16.48478698383335,2.4951350989510512e-6,2.6569441693158335e-6,21294
