seed,dimension,time,fw_time,primal,dual_gap,smallest_dual_gap,iterations
2,2500,3601.680023148,3601.144916596,21.5982560069949,5.781752140637808e-6,3.5852164632782513e-6,8240
