seed,dimension,time,fw_time,primal,dual_gap,smallest_dual_gap,iterations,average_iter,std_iter
1,4500,57.792016729,57.224656228,29.797464689562293,4.610282564043722e-8,8.083968260075292e-8,42,NaN,NaN
