seed,dimension,time,fw_time,primal,dual_gap,smallest_dual_gap,iterations
3,2500,17.720757268,17.299356817,22.22464243241604,3.836948865576506e-8,4.415655219247583e-8,13
