seed,dimension,time,fw_time,primal,dual_gap,smallest_dual_gap,iterations
2,2500,3600.959860924,3600.447563865,21.598256006691255,5.676987528638322e-6,4.152428644210726e-6,9170
