seed,dimension,time,fw_time,primal,dual_gap,smallest_dual_gap,iterations
3,2000,3601.533277309,3600.949008023,19.79756502837997,4.734146599447153e-6,4.321698721776457e-6,12523
