seed,dimension,time,fw_time,primal,dual_gap,smallest_dual_gap,iterations,average_iter,std_iter
1,3000,17.587867096,17.046375526,24.251687864090016,1.8938969253978755e-8,5.510312635348402e-8,13,NaN,NaN
