seed,dimension,time,fw_time,primal,dual_gap,smallest_dual_gap,iterations
3,1000,15.973540773,15.508754731,13.295525252839989,4.440248096981847e-8,4.440248096981847e-8,23
