seed,dimension,time,fw_time,primal,dual_gap,smallest_dual_gap,iterations
3,2500,30.604181854,30.095554368,22.22464243241616,4.5446690508099685e-8,6.795897304623377e-8,21
