seed,dimension,time,fw_time,primal,dual_gap,smallest_dual_gap,iterations
5,500,144.490411703,144.486016671,11.056359413532773,1.3783157218338893e-7,9.999921143921675e-8,428255
