seed,dimension,time,fw_time,primal,dual_gap,smallest_dual_gap,iterations
4,2000,23.634279305,23.057766205,19.610083120525587,6.916387933209034e-8,8.031477581604829e-8,24
