seed,dimension,time,fw_time,primal,dual_gap,smallest_dual_gap,iterations,average_iter,std_iter
5,3500,12.136540819,11.799534445,27.931606955941657,1.6425003052100706e-8,1.6425003052100706e-8,10,0.1111111111111111,0.33333333333333337
