seed,dimension,time,fw_time,primal,dual_gap,smallest_dual_gap,iterations
1,3000,21.193706466,20.705189643,24.251687864090133,8.022644590321981e-8,8.745819363165097e-8,11
