seed,dimension,time,fw_time,primal,dual_gap,smallest_dual_gap,iterations
3,3500,9.045982301,8.679751822,26.020570107420003,6.8541723324822e-8,6.8541723324822e-8,4
