seed,dimension,time,fw_time,primal,dual_gap,smallest_dual_gap,iterations,average_iter,std_iter
4,500,0.024672792,0.021748492,8.499158126576967,5.838093711241221e-8,8.48350523996455e-8,32,0.15625,0.36890203262847354
