seed,dimension,time,fw_time,primal,dual_gap,smallest_dual_gap,iterations
4,5000,93.426025918,92.796715701,31.427429616401476,6.530765514489723e-8,6.442769485970334e-8,36
