seed,dimension,time,fw_time,primal,dual_gap,smallest_dual_gap,iterations
2,3500,25.209259338,24.799329167,25.796770240012023,6.590721177146541e-8,8.560176953387177e-8,13
