seed,dimension,time,fw_time,primal,dual_gap,smallest_dual_gap,iterations
3,3500,32.614755644,32.10355213,26.020570107419953,2.234855760174792e-8,2.234855760174792e-8,56
