seed,dimension,time,fw_time,primal,dual_gap,smallest_dual_gap,iterations
4,1000,0.608368168,0.607949931,13.276236203031425,4.952367937960389e-8,0.0,0
