seed,dimension,time,fw_time,primal,dual_gap,smallest_dual_gap,iterations
2,4500,32.632863802,32.179871761,31.070972587216808,3.30789376445928e-8,3.30789376445928e-8,18
