seed,dimension,time,fw_time,primal,dual_gap,smallest_dual_gap,iterations
2,3000,3602.013439607,3601.469104427,25.046096804607316,8.616710968301078e-6,6.5647334197560525e-6,6782
