seed,dimension,time,fw_time,primal,dual_gap,smallest_dual_gap,iterations
5,500,0.005017218,0.004656603,11.056359413531055,6.597204071923102e-8,0.0,0
