seed,dimension,time,fw_time,primal,dual_gap,smallest_dual_gap,iterations,average_iter,std_iter
5,500,0.027626351,0.025626537,11.056359413531055,6.597204071923102e-8,9.70282835743852e-8,33,0.15151515151515152,0.36410954062720957
