seed,dimension,time,fw_time,primal,dual_gap,smallest_dual_gap,iterations,average_iter,std_iter
2,1500,1.840167075,1.597029234,16.484786983443296,4.3923485126828865e-8,9.446944423951997e-8,3,0.3333333333333333,0.5773502691896258
