seed,dimension,time,fw_time,primal,dual_gap,smallest_dual_gap,iterations
5,3500,27.884320778,27.458362957,27.931606955944165,1.2330036040786307e-7,9.94738039578058e-8,11
