seed,dimension,time,fw_time,primal,dual_gap,smallest_dual_gap,iterations
3,4000,55.98540595,55.416707865,28.823067745427895,6.577820126085765e-8,7.198989294965319e-8,29
