seed,dimension,time,fw_time,primal,dual_gap,smallest_dual_gap,iterations
3,3000,17.647366011,17.152502534,24.723095009600513,4.120322520673181e-8,8.94821112346067e-8,10
