seed,dimension,time,fw_time,primal,dual_gap,smallest_dual_gap,iterations
1,1000,13.712585126,13.152691657,14.823685543308832,4.151488017245519e-8,8.212480656633048e-8,11
