seed,dimension,time,fw_time,primal,dual_gap,smallest_dual_gap,iterations
4,4000,67.402768947,66.925847689,29.134260454157797,6.728723689342075e-8,8.811492414884103e-8,27
