seed,dimension,time,fw_time,primal,dual_gap,smallest_dual_gap,iterations
2,2500,10.810866145,10.32230977,21.59825600569084,1.586004001741248e-8,1.586004001741248e-8,16
