seed,dimension,time,fw_time,primal,dual_gap,smallest_dual_gap,iterations
4,3500,3601.515892736,3601.011535726,25.71118585528438,7.180468272457996e-6,4.964519770042641e-6,6275
