seed,dimension,time,fw_time,primal,dual_gap,smallest_dual_gap,iterations
5,10000,37.818259298,37.209789047,45.246144009634925,3.550271984731346e-8,5.6330591774456096e-8,17
