seed,dimension,time,fw_time,primal,dual_gap,smallest_dual_gap,iterations
3,3000,47.901713719,47.481094506,24.72309500960051,4.213859819413024e-8,4.213859819413024e-8,23
