seed,dimension,time,fw_time,primal,dual_gap,smallest_dual_gap,iterations
1,500,2.253000392,2.238276034,10.109248698195284,3.555717453807006e-8,0.0,0
