seed,dimension,time,fw_time,primal,dual_gap,smallest_dual_gap,iterations
1,5000,13.936131799,13.347431829,31.054631842543706,7.165994753144389e-8,7.16599475175661e-8,15
