seed,dimension,time,fw_time,primal,dual_gap,smallest_dual_gap,iterations,average_iter,std_iter
5,4500,23.704155535,23.243555553,30.773633322136256,2.5600141076442817e-8,2.8915043984167887e-8,18,0.16666666666666666,0.3834824944236852
