seed,dimension,time,fw_time,primal,dual_gap,smallest_dual_gap,iterations
2,2000,64.639153295,64.138874449,19.139553215227142,0.0007600039638887279,5.988074980312064e-8,211
