seed,dimension,time,fw_time,primal,dual_gap,smallest_dual_gap,iterations,average_iter,std_iter
4,1500,9.365628907,8.857212487,16.648826387591768,4.1243461396112124e-8,7.283716660366757e-8,20,0.15,0.3663475485325232
