seed,dimension,time,fw_time,primal,dual_gap,smallest_dual_gap,iterations
3,1500,3600.841599077,3600.433180069,17.527877587062704,1.1319394479514244e-6,1.2531906581902952e-6,18825
