seed,dimension,time,fw_time,primal,dual_gap,smallest_dual_gap,iterations
4,3000,31.763938854,31.548208236,25.346257340295896,4.724581996462529e-8,6.070695936222226e-8,19
