seed,dimension,time,fw_time,primal,dual_gap,smallest_dual_gap,iterations
2,2500,10.632588036,10.007473317,21.598256005690846,3.593241808264036e-8,8.489085190355183e-8,7
