seed,dimension,time,fw_time,primal,dual_gap,smallest_dual_gap,iterations
4,4000,3602.04949183,3601.57726367,29.13426045644134,4.93903824161368e-6,7.5083489865929165e-6,6151
