seed,dimension,time,fw_time,primal,dual_gap,smallest_dual_gap,iterations
4,3500,10.834212106,10.427938564,25.711185854079535,1.1609134059620274e-7,9.475118523116777e-9,6
