seed,dimension,time,fw_time,primal,dual_gap,smallest_dual_gap,iterations,average_iter,std_iter
5,2000,12.782435363,12.105935123,19.24733816640944,2.2463307242093222e-8,2.2463307242093222e-8,24,0.13043478260869565,0.34435022157509093
