seed,dimension,time,fw_time,primal,dual_gap,smallest_dual_gap,iterations
5,5000,53.098776153,52.566031284,31.084058662168033,6.405363416062126e-8,6.405363416062126e-8,21
