seed,dimension,time,fw_time,primal,dual_gap,smallest_dual_gap,iterations
1,500,2.406374899,2.376560296,10.109248698195362,7.975480806332591e-8,9.195419464758103e-8,23
