seed,dimension,time,fw_time,primal,dual_gap,smallest_dual_gap,iterations
5,2500,40.812100418,40.359523984,21.906146874909094,7.125756719406073e-8,9.073513052015869e-8,27
