seed,dimension,time,fw_time,primal,dual_gap,smallest_dual_gap,iterations
3,4000,74.903348078,74.439255749,28.823067745427892,6.941324820486372e-8,7.094185379419304e-8,31
