seed,dimension,time,fw_time,primal,dual_gap,smallest_dual_gap,iterations
4,2000,3601.742817917,3601.114310991,19.610083121696043,5.6473196762552025e-6,5.909040972751356e-6,10479
