seed,dimension,time,fw_time,primal,dual_gap,smallest_dual_gap,iterations,average_iter,std_iter
3,4500,40.081438245,39.576832841,30.104940929721916,5.266279372306837e-8,4.9614615305060283e-8,31,0.16129032258064516,0.373878250552983
