seed,dimension,time,fw_time,primal,dual_gap,smallest_dual_gap,iterations
1,4000,36.764222694,35.987336398,27.363226639097626,1.9950169752314117e-8,5.7997478167259864e-8,18
