seed,dimension,time,fw_time,primal,dual_gap,smallest_dual_gap,iterations
4,3500,30.415857417,29.911218033,25.711185854069182,1.5744816062035483e-8,3.4259537443070975e-8,17
