seed,dimension,time,fw_time,primal,dual_gap,smallest_dual_gap,iterations
3,500,0.069423027,0.064954474,10.114708815219766,6.895666634920694e-8,7.661421139171232e-8,29
