seed,dimension,time,fw_time,primal,dual_gap,smallest_dual_gap,iterations,average_iter,std_iter
3,2500,31.851334452,31.278859913,22.22464243241605,2.7786221670766942e-8,7.108747815398608e-8,31,0.16129032258064516,0.373878250552983
