seed,dimension,time,fw_time,primal,dual_gap,smallest_dual_gap,iterations
4,2000,11.870621423,11.402250913,19.61008312052558,8.170003434893047e-8,8.17000343211749e-8,23
