seed,dimension,time,fw_time,primal,dual_gap,smallest_dual_gap,iterations,average_iter,std_iter
1,3500,37.300403417,36.779808209,26.43948413494382,5.058896550280689e-8,5.121459732693179e-8,31,0.16129032258064516,0.373878250552983
