seed,dimension,time,fw_time,primal,dual_gap,smallest_dual_gap,iterations
2,3500,40.872342125,40.547464382,25.796770240011988,4.11284497570108e-8,7.435466993499507e-8,18
