seed,dimension,time,fw_time,primal,dual_gap,smallest_dual_gap,iterations
5,1500,9.256322518,9.033091006,17.165152664667108,4.331437053473053e-8,9.254955782300733e-8,12
