seed,dimension,time,fw_time,primal,dual_gap,smallest_dual_gap,iterations,average_iter,std_iter
2,3500,14.536670836,14.078417531,25.796770240012055,5.8421370588424004e-8,7.15353728197865e-8,12,0.16666666666666666,0.3892494720807615
