seed,dimension,time,fw_time,primal,dual_gap,smallest_dual_gap,iterations
5,1000,5.641062002,5.180507624,14.103953954631669,8.976621448941735e-8,5.261757973773484e-8,25
