seed,dimension,time,fw_time,primal,dual_gap,smallest_dual_gap,iterations
5,5000,25.949304282,25.394859119,31.084058662168015,9.510310899907282e-9,3.111787140464006e-8,12
