seed,dimension,time,fw_time,primal,dual_gap,smallest_dual_gap,iterations
4,500,0.003049215,0.002704308,8.499158126576967,5.8380937167923364e-8,0.0,0
