seed,dimension,time,fw_time,primal,dual_gap,smallest_dual_gap,iterations
1,1000,9.560602683,8.936786631,14.82368554330879,3.0280933732695914e-8,7.14483646691022e-8,7
