seed,dimension,time,fw_time,primal,dual_gap,smallest_dual_gap,iterations
2,5000,3601.797590929,3601.319597866,31.30322628757145,4.229383244930274e-6,4.402082156018672e-6,5766
