seed,dimension,time,fw_time,primal,dual_gap,smallest_dual_gap,iterations,average_iter,std_iter
4,1000,5.924888522,5.340430153,13.276236203031488,3.472650553226764e-8,3.062940481801668e-8,11,0.18181818181818182,0.40451991747794525
