seed,dimension,time,fw_time,primal,dual_gap,smallest_dual_gap,iterations
4,4000,39.436421625,39.02017839,29.134260454157765,4.7635332289797105e-8,9.993284050269224e-8,21
