seed,dimension,time,fw_time,primal,dual_gap,smallest_dual_gap,iterations
4,1500,6.332438511,5.749284193,16.64882638759174,4.650347948387257e-8,7.708731478150987e-8,6
