seed,dimension,time,fw_time,primal,dual_gap,smallest_dual_gap,iterations
2,5000,50.804816719,50.258594433,31.303226284479972,1.8498467105332317e-8,6.184147596788314e-8,25
