seed,dimension,time,fw_time,primal,dual_gap,smallest_dual_gap,iterations
3,500,0.019628424,0.019168933,10.114708815219673,2.6672197145360954e-8,0.0,0
