seed,dimension,time,fw_time,primal,dual_gap,smallest_dual_gap,iterations,average_iter,std_iter
1,3500,27.970023402,27.375600564,26.439484134944152,9.05276754253892e-8,8.818475204230847e-8,21,0.14285714285714285,0.35856858280031806
