seed,dimension,time,fw_time,primal,dual_gap,smallest_dual_gap,iterations
5,1500,0.476298612,0.475882319,17.16515266466709,4.233511133322487e-8,0.0,0
