seed,dimension,time,fw_time,primal,dual_gap,smallest_dual_gap,iterations
1,1000,3.656436556,3.518097977,14.82368554330878,3.996191302868546e-8,0.0,0
