seed,dimension,time,fw_time,primal,dual_gap,smallest_dual_gap,iterations,average_iter,std_iter
5,4500,12.244068771,11.710727058,30.773633322136256,2.5600141076442817e-8,2.8915043984167887e-8,9,NaN,NaN
