seed,dimension,time,fw_time,primal,dual_gap,smallest_dual_gap,iterations
5,5000,977.998449014,977.372655256,31.08405868864311,4.4547055699187266e-5,9.7544949437256e-8,1565
