seed,dimension,time,fw_time,primal,dual_gap,smallest_dual_gap,iterations
3,1500,7.04047712,6.825266807,17.52787758655767,6.430605561935643e-8,6.430605561935643e-8,14
