seed,dimension,time,fw_time,primal,dual_gap,smallest_dual_gap,iterations
5,3500,11.339732066,10.966402937,27.931606955941803,6.576843945838018e-8,9.393406394386794e-8,6
