seed,dimension,time,fw_time,primal,dual_gap,smallest_dual_gap,iterations,average_iter,std_iter
4,3500,22.347336362,21.798832326,25.71118585406929,4.101862127736666e-8,5.811099929031727e-8,18,0.16666666666666666,0.3834824944236852
