seed,dimension,time,fw_time,primal,dual_gap,smallest_dual_gap,iterations
2,1500,7.157424969,6.6223457,16.484786983443303,6.76911771080313e-8,8.256132025263874e-8,30
