seed,dimension,time,fw_time,primal,dual_gap,smallest_dual_gap,iterations,average_iter,std_iter
5,2500,22.35349687,21.92722095,21.90614687490937,6.456915141450636e-8,7.99142652052609e-8,23,0.13043478260869565,0.34435022157509093
