seed,dimension,time,fw_time,primal,dual_gap,smallest_dual_gap,iterations
5,1500,11.513277368,11.076752765,17.16515266466709,4.233511133322487e-8,6.313060268992032e-8,18
