seed,dimension,time,fw_time,primal,dual_gap,smallest_dual_gap,iterations
1,3000,52.562029891,51.9654123,24.251687864090016,1.8938969253978755e-8,5.510312635348402e-8,23
