seed,dimension,time,fw_time,primal,dual_gap,smallest_dual_gap,iterations
3,1500,3600.753464049,3600.338581758,17.527877586898207,3.436504328852008e-6,2.280809330013067e-6,22732
