seed,dimension,time,fw_time,primal,dual_gap,smallest_dual_gap,iterations
3,2000,3601.103025596,3600.590450451,19.797565028589712,4.054195705080477e-6,3.2968936850702457e-6,11106
