seed,dimension,time,fw_time,primal,dual_gap,smallest_dual_gap,iterations
1,1000,9.692620597,8.976708031,14.823685543308862,5.874149769380388e-8,7.985453429060207e-8,6
