seed,dimension,time,fw_time,primal,dual_gap,smallest_dual_gap,iterations
4,4500,31.244929326,30.348684377,30.299231028843362,4.5660817474257875e-8,4.5660817474257875e-8,49
