seed,dimension,time,fw_time,primal,dual_gap,smallest_dual_gap,iterations
2,2000,6.542625243,6.034010916,19.139549450652606,1.9039987503299827e-8,1.9039987503299827e-8,11
