seed,dimension,time,fw_time,primal,dual_gap,smallest_dual_gap,iterations
5,1000,17.216448029,16.964535834,14.103953954631466,7.027683907034898e-8,6.45881831906614e-8,18
