seed,dimension,time,fw_time,primal,dual_gap,smallest_dual_gap,iterations
5,5000,40.614443902,40.16481735,31.084058662168033,6.405363416062126e-8,6.405363416062126e-8,16
