seed,dimension,time,fw_time,primal,dual_gap,smallest_dual_gap,iterations,average_iter,std_iter
2,1500,14.353415456,13.868946027,16.484786983443264,2.4844034524074132e-8,9.324932512266848e-8,29,0.13793103448275862,0.35093120317179827
