seed,dimension,time,fw_time,primal,dual_gap,smallest_dual_gap,iterations
1,4000,16.237521648,15.660910107,27.36322663909771,5.808473658996949e-8,9.357098056106405e-8,19
