seed,dimension,time,fw_time,primal,dual_gap,smallest_dual_gap,iterations
4,4000,36.420030305,35.856244678,29.134260454157666,3.9718888220074966e-8,3.971888820619718e-8,19
