seed,dimension,time,fw_time,primal,dual_gap,smallest_dual_gap,iterations,average_iter,std_iter
1,2500,32.390980792,31.855692198,22.714023607484695,4.391367981748662e-8,7.024339644667865e-8,31,0.16129032258064516,0.373878250552983
