seed,dimension,time,fw_time,primal,dual_gap,smallest_dual_gap,iterations,average_iter,std_iter
4,2500,17.88013004,17.456986781,21.728135502275958,3.823390340440547e-8,9.059434885605455e-8,18,0.16666666666666666,0.38348249442368526
