seed,dimension,time,fw_time,primal,dual_gap,smallest_dual_gap,iterations
1,4000,41.568137134,40.913188805,27.363226639098098,5.2045473680761845e-8,7.936134814590101e-8,16
