seed,dimension,time,fw_time,primal,dual_gap,smallest_dual_gap,iterations
2,500,0.003600868,0.003230108,10.259851374534307,4.424984839657142e-8,0.0,0
