seed,dimension,time,fw_time,primal,dual_gap,smallest_dual_gap,iterations
3,1000,6.720389607,6.444495929,13.295525252840003,6.375984470952112e-8,7.433079016183619e-8,9
