seed,dimension,time,fw_time,primal,dual_gap,smallest_dual_gap,iterations
4,5000,25.50756264,24.974915662,31.427429616401206,4.802639859413649e-8,4.802639859413649e-8,37
