seed,dimension,time,fw_time,primal,dual_gap,smallest_dual_gap,iterations
2,500,0.044308003,0.041756203,10.259851374534257,1.7043718714138123e-8,4.7489159382685386e-8,21
