seed,dimension,time,fw_time,primal,dual_gap,smallest_dual_gap,iterations
3,500,0.003565373,0.003196182,10.114708815219673,2.6672197145360954e-8,0.0,0
