seed,dimension,time,fw_time,primal,dual_gap,smallest_dual_gap,iterations
2,4000,22.608831061,22.07440795,29.229481918997713,7.670979358664898e-8,9.062746582355619e-8,12
