seed,dimension,time,fw_time,primal,dual_gap,smallest_dual_gap,iterations
3,1500,16.968283955,16.741074033,17.52787758655773,6.974856228691984e-8,9.631786104802309e-8,22
