seed,dimension,time,fw_time,primal,dual_gap,smallest_dual_gap,iterations
4,5000,3602.480724987,3601.960454094,31.427429620058405,7.696484620692279e-6,5.019836978231718e-6,5820
