seed,dimension,time,fw_time,primal,dual_gap,smallest_dual_gap,iterations,average_iter,std_iter
5,4000,26.989259942,26.480568601,30.378013421816142,4.197344248557666e-8,8.297972635407103e-8,20,0.15,0.3663475485325232
