seed,dimension,time,fw_time,primal,dual_gap,smallest_dual_gap,iterations
1,500,27.928439101,27.925477934,10.109248698199156,1.313326651875002e-7,9.953196541956366e-8,223525
