seed,dimension,time,fw_time,primal,dual_gap,smallest_dual_gap,iterations,average_iter,std_iter
4,4500,13.701795361,13.228853195,30.299231028843295,4.5382191227183455e-8,4.5382191227183455e-8,10,0.1111111111111111,0.33333333333333337
