seed,dimension,time,fw_time,primal,dual_gap,smallest_dual_gap,iterations
1,2000,17.956887238,17.368634254,20.366779129379395,1.1370566793678094e-8,4.3782349662402353e-8,30
