seed,dimension,time,fw_time,primal,dual_gap,smallest_dual_gap,iterations
3,1000,10.672692997,10.172360706,13.295525252840083,3.961312552980267e-8,2.4187255531771257e-8,17
