seed,dimension,time,fw_time,primal,dual_gap,smallest_dual_gap,iterations
5,5000,17.600033692,17.031734586,31.084058662170293,5.959743891448266e-8,9.176574722324915e-8,23
