seed,dimension,time,fw_time,primal,dual_gap,smallest_dual_gap,iterations
5,2000,19.040369629,18.627663737,19.247338166409524,1.8624485079166142e-8,1.8624485079166142e-8,14
