seed,dimension,time,fw_time,primal,dual_gap,smallest_dual_gap,iterations
4,3500,11.159985217,10.507713553,25.711185854070788,3.04001262413367e-7,5.301225368403717e-8,16
