seed,dimension,time,fw_time,primal,dual_gap,smallest_dual_gap,iterations
3,4500,40.724383084,40.268320966,30.104940929721725,5.061846457266039e-8,9.396480761536541e-8,21
