seed,dimension,time,fw_time,primal,dual_gap,smallest_dual_gap,iterations
3,1500,21.726751866,21.261102803,17.527877586557665,2.32056631410682e-8,2.32056631410682e-8,44
