seed,dimension,time,fw_time,primal,dual_gap,smallest_dual_gap,iterations
5,500,0.070061484,0.067824715,11.056359413531027,2.3942131860410498e-8,6.760385859450047e-8,25
