seed,dimension,time,fw_time,primal,dual_gap,smallest_dual_gap,iterations
1,4500,68.06428224,67.512628124,29.79746468956256,5.574871581037755e-8,6.439364469423836e-8,34
