seed,dimension,time,fw_time,primal,dual_gap,smallest_dual_gap,iterations
5,500,0.043933695,0.039723377,11.05635941353113,4.832607075622164e-8,7.129713439080199e-8,44
