seed,dimension,time,fw_time,primal,dual_gap,smallest_dual_gap,iterations
2,1000,9.384848831,8.824609401,13.109999816718084,7.336956997505695e-8,7.506250140898452e-8,37
