seed,dimension,time,fw_time,primal,dual_gap,smallest_dual_gap,iterations
1,3500,28.689178699,28.006466517,26.43948413494385,4.03185020508845e-8,4.512529055977765e-8,14
