seed,dimension,time,fw_time,primal,dual_gap,smallest_dual_gap,iterations
4,500,0.019379354,0.019044842,8.499158126576974,7.642035118604618e-8,0.0,0
