seed,dimension,time,fw_time,primal,dual_gap,smallest_dual_gap,iterations
5,3500,13.632509208,13.020718506,27.93160695594199,7.326258766315874e-8,7.781063166012459e-8,5
