seed,dimension,time,fw_time,primal,dual_gap,smallest_dual_gap,iterations
2,4000,25.426264463,25.010766017,29.229481918997585,1.7401858648513624e-8,4.910610536257298e-8,13
