seed,dimension,time,fw_time,primal,dual_gap,smallest_dual_gap,iterations
2,5000,53.540865527,52.955974077,31.30322628447976,6.777922369194389e-8,9.672111672687222e-8,27
