seed,dimension,time,fw_time,primal,dual_gap,smallest_dual_gap,iterations
4,2500,12.788054683,12.219733447,21.72813550227636,7.910279460621172e-8,8.054493207121372e-8,18
