seed,dimension,time,fw_time,primal,dual_gap,smallest_dual_gap,iterations
2,2000,9.208411456,8.854091076,19.139549450653544,3.617025816360364e-7,2.878768508296492e-8,6
