seed,dimension,time,fw_time,primal,dual_gap,smallest_dual_gap,iterations
1,4000,25.560443537,24.954962113,27.363226639098624,1.411743737883553e-7,3.31454249186125e-8,12
