seed,dimension,time,fw_time,primal,dual_gap,smallest_dual_gap,iterations
3,5000,28.565072788,28.032422629,31.15491661623359,1.992385133264829e-8,1.992385133264829e-8,14
