seed,dimension,time,fw_time,primal,dual_gap,smallest_dual_gap,iterations
3,4000,46.365635247,45.654067359,28.823067745427963,5.316144188749483e-8,7.826134033883658e-8,25
