seed,dimension,time,fw_time,primal,dual_gap,smallest_dual_gap,iterations
3,4500,39.664190795,39.243870296,30.10494092972162,3.120440585091533e-8,6.380056656596356e-8,54
