seed,dimension,time,fw_time,primal,dual_gap,smallest_dual_gap,iterations
2,1500,18.100429107,17.833155805,16.48478698344325,4.7947976367090916e-8,4.0668172024416194e-8,14
