seed,dimension,time,fw_time,primal,dual_gap,smallest_dual_gap,iterations
1,4500,41.700179938,41.303910392,29.79746468956303,4.7167358074862165e-8,8.851075483651272e-8,62
