seed,dimension,time,fw_time,primal,dual_gap,smallest_dual_gap,iterations
1,4000,18.894050781,18.409771715,27.363226639097707,1.8108748722767132e-8,7.983023919688748e-8,27
