seed,dimension,time,fw_time,primal,dual_gap,smallest_dual_gap,iterations
4,1500,3.724374339,3.533214708,16.64882638759171,8.796497585894514e-9,8.796497585894514e-9,4
