seed,dimension,time,fw_time,primal,dual_gap,smallest_dual_gap,iterations
2,3000,31.361303503,30.798917707,25.046096802519102,7.91247477677226e-8,7.434482372781215e-8,16
