seed,dimension,time,fw_time,primal,dual_gap,smallest_dual_gap,iterations
4,4000,33.054110562,32.565757577,29.13426045415836,1.0171605091535696e-7,8.648857725834791e-8,46
