seed,dimension,time,fw_time,primal,dual_gap,smallest_dual_gap,iterations
5,4000,22.531426607,21.88496782,30.378013421816743,1.2540353924728187e-7,4.7285314608291884e-8,12
