seed,dimension,time,fw_time,primal,dual_gap,smallest_dual_gap,iterations
5,2500,42.119476422,41.639019052,21.906146874908952,3.6992922516909665e-8,3.6992922516909665e-8,29
