seed,dimension,time,fw_time,primal,dual_gap,smallest_dual_gap,iterations
2,2500,9.745526362,9.240268878,21.598256005690793,3.8817621894615684e-8,3.8817621894615684e-8,6
