seed,dimension,time,fw_time,primal,dual_gap,smallest_dual_gap,iterations
2,5000,44.144667464,43.550341412,31.303226284479727,1.426950653471426e-8,6.521396460346107e-8,21
