seed,dimension,time,fw_time,primal,dual_gap,smallest_dual_gap,iterations
1,1000,12.78064307,12.160324893,14.823685543308796,7.429042991891066e-9,7.429042991891066e-9,12
