seed,dimension,time,fw_time,primal,dual_gap,smallest_dual_gap,iterations
5,2500,30.759970957,30.213043151,21.906146874909087,6.170098339197683e-8,4.7143049491937816e-8,48
