seed,dimension,time,fw_time,primal,dual_gap,smallest_dual_gap,iterations
4,1500,13.765483598,13.24912241,16.648826387591726,2.639929325143342e-8,9.314152515926821e-8,25
