seed,dimension,time,fw_time,primal,dual_gap,smallest_dual_gap,iterations
1,4000,19.816856703,19.192521674,27.363226639097707,1.8108748722767132e-8,7.983023919688748e-8,27
