seed,dimension,time,fw_time,primal,dual_gap,smallest_dual_gap,iterations
4,2500,3.591625514,3.070451062,21.72813550227596,2.170547976076964e-8,5.224555341132309e-8,2
