seed,dimension,time,fw_time,primal,dual_gap,smallest_dual_gap,iterations
1,3000,26.275238101,25.656110474,24.251687864090297,5.243611557459449e-8,1.1726193155370268e-8,13
