seed,dimension,time,fw_time,primal,dual_gap,smallest_dual_gap,iterations
4,2000,21.329186568,20.816960024,19.610083120526088,4.8113707518115945e-8,3.618268547278536e-8,37
