seed,dimension,time,fw_time,primal,dual_gap,smallest_dual_gap,iterations
2,2000,9.426622703,8.990096852,19.13954945065342,3.218873565191682e-7,2.0867590572182237e-8,14
