seed,dimension,time,fw_time,primal,dual_gap,smallest_dual_gap,iterations
5,2500,29.911364256,29.515136712,21.906146874909087,6.170098339197683e-8,4.7143049491937816e-8,48
