seed,dimension,time,fw_time,primal,dual_gap,smallest_dual_gap,iterations
3,1000,0.456380096,0.455936271,13.295525252840214,2.4187255531771257e-8,0.0,0
