seed,dimension,time,fw_time,primal,dual_gap,smallest_dual_gap,iterations
3,1000,9.840948641,9.384473247,13.29552525284006,1.051578911170914e-7,6.132755228649422e-8,33
