seed,dimension,time,fw_time,primal,dual_gap,smallest_dual_gap,iterations
2,2500,16.63050099,16.210260447,21.59825600569086,6.870295789218606e-8,9.657119845463136e-8,26
