seed,dimension,time,fw_time,primal,dual_gap,smallest_dual_gap,iterations
1,3500,25.415587167,24.927306563,26.439484134943942,6.618416248382886e-8,8.99621425548558e-8,37
