seed,dimension,time,fw_time,primal,dual_gap,smallest_dual_gap,iterations
1,3000,37.96617134,37.413802937,24.251687864090297,5.243611557459449e-8,1.1726193155370268e-8,20
