seed,dimension,time,fw_time,primal,dual_gap,smallest_dual_gap,iterations
4,500,0.046935029,0.044331991,8.499158126576974,7.642035118604618e-8,7.496244694427112e-8,30
