seed,dimension,time,fw_time,primal,dual_gap,smallest_dual_gap,iterations
1,2000,6.020593556,5.443933429,20.366779129379452,5.0158295628044414e-8,3.894210298671652e-8,2
