seed,dimension,time,fw_time,primal,dual_gap,smallest_dual_gap,iterations
5,1500,13.1413793,12.533091993,17.165152664667083,2.4201532639045453e-8,2.4201532639045453e-8,29
