seed,dimension,time,fw_time,primal,dual_gap,smallest_dual_gap,iterations
2,3000,26.073334335,25.66515167,25.04609680251859,5.653137287453536e-8,5.653137287453536e-8,40
