seed,dimension,time,fw_time,primal,dual_gap,smallest_dual_gap,iterations
1,5000,15.118120327,14.636027928,31.054631842543625,2.8805245758101172e-8,2.8805245758101172e-8,6
