seed,dimension,time,fw_time,primal,dual_gap,smallest_dual_gap,iterations
4,2000,18.848522979,18.402484482,19.610083120526184,8.970322275259068e-8,4.68456235191983e-8,13
