seed,dimension,time,fw_time,primal,dual_gap,smallest_dual_gap,iterations
1,1500,14.153964682,13.526733377,17.03823304802379,8.162625367291731e-8,3.848032356645881e-8,9
