seed,dimension,time,fw_time,primal,dual_gap,smallest_dual_gap,iterations
4,1000,5.084889577,4.66454805,13.276236203031457,7.016199371490117e-8,7.016199371490117e-8,21
