seed,dimension,time,fw_time,primal,dual_gap,smallest_dual_gap,iterations
2,10000,56.116173681,55.532836726,46.2628184683934,4.1578898483940474e-8,4.157889849087937e-8,22
