seed,dimension,time,fw_time,primal,dual_gap,smallest_dual_gap,iterations
5,1500,4.592293828,4.449264046,17.165152664667087,1.9409654022917167e-8,4.195873026802133e-8,4
