seed,dimension,time,fw_time,primal,dual_gap,smallest_dual_gap,iterations
5,4500,21.14393781,20.647480854,30.77363332213601,1.032574267756381e-8,1.032574267756381e-8,11
