seed,dimension,time,fw_time,primal,dual_gap,smallest_dual_gap,iterations
4,4000,32.663970996,32.069900901,29.13426045415776,4.612483063548556e-8,6.725128329221342e-8,18
