seed,dimension,time,fw_time,primal,dual_gap,smallest_dual_gap,iterations
2,4500,29.121775482,28.453415249,31.070972587217803,1.50165856097062e-7,8.14753664535317e-8,39
