seed,dimension,time,fw_time,primal,dual_gap,smallest_dual_gap,iterations
4,1500,14.349567362,13.493176357,16.64882638759171,8.796497585894514e-9,8.796497585894514e-9,14
