seed,dimension,time,fw_time,primal,dual_gap,smallest_dual_gap,iterations
5,500,0.076753653,0.074579753,11.05635941353113,4.832607075622164e-8,7.129713439080199e-8,44
