seed,dimension,time,fw_time,primal,dual_gap,smallest_dual_gap,iterations
3,500,0.039288542,0.036710877,10.114708815219826,8.031593826118844e-8,9.951219789861021e-8,36
