seed,dimension,time,fw_time,primal,dual_gap,smallest_dual_gap,iterations
1,3000,36.247652485,35.5893131,24.251687864090197,5.487152988925548e-8,1.0713557541119911e-8,14
