seed,dimension,time,fw_time,primal,dual_gap,smallest_dual_gap,iterations
3,2500,20.468590328,19.862960818,22.224642432416136,5.20771765710748e-8,5.941076894333541e-8,12
