seed,dimension,time,fw_time,primal,dual_gap,smallest_dual_gap,iterations
3,500,0.047244706,0.043428312,10.11470881521966,2.7649775025118117e-8,6.808990840601048e-8,29
