seed,dimension,time,fw_time,primal,dual_gap,smallest_dual_gap,iterations
2,1000,3.344825281,3.209533573,13.109999816718114,4.74345633050266e-8,0.0,0
