seed,dimension,time,fw_time,primal,dual_gap,smallest_dual_gap,iterations
4,5000,52.380820605,51.920160739,31.427429616401074,1.195987936464249e-8,7.16855659416149e-8,26
