seed,dimension,time,fw_time,primal,dual_gap,smallest_dual_gap,iterations
4,1000,0.560310333,0.559889157,13.276236203032216,5.918940620963653e-8,0.0,0
