seed,dimension,time,fw_time,primal,dual_gap,smallest_dual_gap,iterations
5,500,0.078687181,0.076514064,11.05635941353113,4.832607075622164e-8,7.129713439080199e-8,44
