seed,dimension,time,fw_time,primal,dual_gap,smallest_dual_gap,iterations
3,3000,21.403855586,20.992406397,24.723095009600442,5.83517033858616e-8,6.778384854799757e-8,12
