seed,dimension,time,fw_time,primal,dual_gap,smallest_dual_gap,iterations
1,2000,19.062859477,18.326567343,20.366779129379438,3.8581240230373126e-8,3.8942103014472096e-8,11
