seed,dimension,time,fw_time,primal,dual_gap,smallest_dual_gap,iterations
5,2500,36.153262747,35.683982158,21.906146874908952,3.6992922516909665e-8,3.6992922516909665e-8,22
