seed,dimension,time,fw_time,primal,dual_gap,smallest_dual_gap,iterations
5,2000,19.982389619,19.369978598,19.24733816640951,4.3973180360867836e-8,7.885004549290642e-8,32
