seed,dimension,time,fw_time,primal,dual_gap,smallest_dual_gap,iterations
3,3000,22.424530841,21.956222545,24.723095009600524,4.438395041772569e-8,8.709553216135202e-8,32
