seed,dimension,time,fw_time,primal,dual_gap,smallest_dual_gap,iterations
2,3000,22.368628779,21.889181646,25.046096802518722,5.0784754124233444e-8,5.905467233280337e-8,12
