seed,dimension,time,fw_time,primal,dual_gap,smallest_dual_gap,iterations
3,4000,50.444970324,49.834225097,28.823067745427963,5.316144191525041e-8,7.82613403249588e-8,26
