seed,dimension,time,fw_time,primal,dual_gap,smallest_dual_gap,iterations
1,1000,3.646989279,3.518987307,14.823685543308796,7.429042991891066e-9,0.0,0
