seed,dimension,time,fw_time,primal,dual_gap,smallest_dual_gap,iterations
5,1000,0.56041255,0.559948446,14.103953954631367,3.685374361239724e-8,0.0,0
