seed,dimension,time,fw_time,primal,dual_gap,smallest_dual_gap,iterations
4,2000,27.5695925,27.062375137,19.61008312052618,8.970322278034626e-8,4.6845623533076086e-8,21
