seed,dimension,time,fw_time,primal,dual_gap,smallest_dual_gap,iterations
4,5000,36.895590016,36.394777117,31.427429616401174,5.185461354750842e-8,8.143635879531708e-8,50
