seed,dimension,time,fw_time,primal,dual_gap,smallest_dual_gap,iterations
3,4000,35.86664909,35.382334399,28.823067745428354,5.5131325671364806e-8,8.155550561272928e-8,52
