seed,dimension,time,fw_time,primal,dual_gap,smallest_dual_gap,iterations
5,5000,22.225318679,21.740327169,31.084058662167962,9.095281611193329e-10,9.095281472415451e-10,11
