seed,dimension,time,fw_time,primal,dual_gap,smallest_dual_gap,iterations
1,3500,40.236480054,39.600092501,26.43948413494385,4.03185020508845e-8,4.512529055977765e-8,21
