seed,dimension,time,fw_time,primal,dual_gap,smallest_dual_gap,iterations
1,1000,10.23697492,9.440578933,14.823685543308766,1.944971328438072e-8,1.9449713256625145e-8,23
