seed,dimension,time,fw_time,primal,dual_gap,smallest_dual_gap,iterations
3,2000,17.672561309,17.354367284,19.797565027444058,8.029967975275998e-8,8.029967975275998e-8,12
