seed,dimension,time,fw_time,primal,dual_gap,smallest_dual_gap,iterations
3,10000,39.96744188,39.448660735,44.92298264332755,2.3264887856477845e-8,2.3264887856477845e-8,15
