seed,dimension,time,fw_time,primal,dual_gap,smallest_dual_gap,iterations
4,1000,10.856598619,10.436310801,13.276236203031617,1.7040053731931515e-7,5.918940620963653e-8,16
