seed,dimension,time,fw_time,primal,dual_gap,smallest_dual_gap,iterations
3,500,0.003465809,0.003095368,10.11470881521966,2.7649775025118117e-8,0.0,0
