seed,dimension,time,fw_time,primal,dual_gap,smallest_dual_gap,iterations
3,2000,19.886290201,19.321980484,19.79756502744432,9.153525619420844e-8,4.7269051742238055e-8,32
