seed,dimension,time,fw_time,primal,dual_gap,smallest_dual_gap,iterations
5,1000,8.408701219,7.945869168,14.103953954631399,4.220797264475884e-8,9.671520301290926e-8,39
