seed,dimension,time,fw_time,primal,dual_gap,smallest_dual_gap,iterations
5,500,0.003338174,0.00300941,11.056359413531027,2.3942131860410498e-8,0.0,0
