seed,dimension,time,fw_time,primal,dual_gap,smallest_dual_gap,iterations
4,5000,50.660040398,50.218238014,31.427429616401074,1.195987936464249e-8,7.16855659416149e-8,26
