seed,dimension,time,fw_time,primal,dual_gap,smallest_dual_gap,iterations
1,2000,21.910476293,21.150142515,20.366779129379395,1.1370566793678094e-8,4.3782349662402353e-8,30
