seed,dimension,time,fw_time,primal,dual_gap,smallest_dual_gap,iterations
3,1500,22.593355473,22.034450055,17.527877586557665,2.32056631410682e-8,2.32056631410682e-8,44
