seed,dimension,time,fw_time,primal,dual_gap,smallest_dual_gap,iterations
3,5000,29.172285596,28.671986899,31.154916616233855,7.912254651465389e-8,8.904697340605949e-8,37
