seed,dimension,time,fw_time,primal,dual_gap,smallest_dual_gap,iterations
4,3500,11.35702037,10.899723049,25.711185854069164,5.345171760762213e-8,4.572203023134325e-8,6
