seed,dimension,time,fw_time,primal,dual_gap,smallest_dual_gap,iterations
5,2000,28.082614303,27.606111535,19.247338166409524,1.8624485079166142e-8,1.8624485079166142e-8,22
