seed,dimension,time,fw_time,primal,dual_gap,smallest_dual_gap,iterations
1,500,2.330915835,2.316492474,10.109248698195271,1.1050499210130127e-8,0.0,0
