seed,dimension,time,fw_time,primal,dual_gap,smallest_dual_gap,iterations
4,500,0.061712334,0.059047154,8.49915812657725,7.45787709088841e-8,7.564093851275544e-8,44
