seed,dimension,time,fw_time,primal,dual_gap,smallest_dual_gap,iterations
5,3500,8.581492105,8.064051068,27.93160695594199,7.326258766315874e-8,7.781063167400237e-8,4
