seed,dimension,time,fw_time,primal,dual_gap,smallest_dual_gap,iterations
1,4000,1657.903176946,1657.358786792,27.363226656828978,3.560398612360849e-5,8.792865749396306e-8,962
