seed,dimension,time,fw_time,primal,dual_gap,smallest_dual_gap,iterations
5,500,3600.009102009,3600.006201479,11.05635942825513,3.5538289916370314e-5,1.3631803919000873e-5,535702
