seed,dimension,time,fw_time,primal,dual_gap,smallest_dual_gap,iterations
1,500,3600.006650096,3600.004034315,10.10924870620843,2.33011750578882e-5,6.036115764940231e-6,539654
