seed,dimension,time,fw_time,primal,dual_gap,smallest_dual_gap,iterations
2,4500,3602.678239267,3602.129832738,31.070972596623577,1.3857317952975512e-5,1.0094390418144417e-5,1900
