seed,dimension,time,fw_time,primal,dual_gap,smallest_dual_gap,iterations
5,2000,3603.025831517,3602.529464857,19.24733816768077,5.310368890412698e-6,3.258868086754296e-5,3342
