seed,dimension,time,fw_time,primal,dual_gap,smallest_dual_gap,iterations
4,1500,156.137557343,155.454558786,16.648826407946235,4.476739434278176e-5,7.38332536498465e-8,160
