seed,dimension,time,fw_time,primal,dual_gap,smallest_dual_gap,iterations
2,1000,3603.379167473,3602.734886503,13.109999823956622,1.3256971753528024e-5,2.409208216852532e-5,3827
