seed,dimension,time,fw_time,primal,dual_gap,smallest_dual_gap,iterations
3,4500,3604.04537249,3603.26086154,30.104940932929196,1.0186681797128005e-5,1.0044052289340244e-5,1833
