seed,dimension,time,fw_time,primal,dual_gap,smallest_dual_gap,iterations
1,4500,3601.772644042,3601.332311355,29.79746469996381,9.882521007420486e-6,1.1398038087973017e-5,2207
