seed,dimension,time,fw_time,primal,dual_gap,smallest_dual_gap,iterations
4,3000,3601.99748748,3601.566329972,25.346257345054564,1.0684778239455905e-5,1.9857119557806224e-5,2803
