seed,dimension,time,fw_time,primal,dual_gap,smallest_dual_gap,iterations
4,4000,3602.823152143,3602.398710752,29.13426046728867,1.6578979488271472e-5,2.0905587490280264e-5,2056
