seed,dimension,time,fw_time,primal,dual_gap,smallest_dual_gap,iterations
5,1500,3602.398010918,3601.777604634,17.165152669953137,1.0612308663116021e-5,2.322744222837958e-5,3657
