seed,dimension,time,fw_time,primal,dual_gap,smallest_dual_gap,iterations
3,5000,3602.735460088,3602.215156381,31.154916622796666,1.4734747187092334e-5,5.913141374880304e-6,1661
