seed,dimension,time,fw_time,primal,dual_gap,smallest_dual_gap,iterations
2,3000,3602.105031767,3601.489787471,25.0460968040941,6.353021054644747e-6,1.3510763236121437e-5,2685
