seed,dimension,time,fw_time,primal,dual_gap,smallest_dual_gap,iterations
1,5000,3602.033541941,3601.321238388,31.05463184501283,1.1842556865204745e-5,1.0199067728797195e-5,1738
