seed,dimension,time,fw_time,primal,dual_gap,smallest_dual_gap,iterations
2,1500,3603.761645876,3603.08932362,16.484786996263768,3.225944441284656e-5,5.967829780989531e-6,3615
