seed,dimension,time,fw_time,primal,dual_gap,smallest_dual_gap,iterations
4,500,3600.008803109,3600.005455408,8.499158140027546,4.9571825614991294e-5,6.38404295710826e-6,462955
