seed,dimension,time,fw_time,primal,dual_gap,smallest_dual_gap,iterations
5,3500,3602.756735582,3602.312337175,27.931606957463607,4.416868455509038e-6,2.275034760497452e-5,2432
