seed,dimension,time,fw_time,primal,dual_gap,smallest_dual_gap,iterations
5,1500,3602.853742979,3602.161291432,17.16515267424456,2.7249998300504785e-5,1.0154144057167303e-5,3604
