seed,dimension,time,fw_time,primal,dual_gap,smallest_dual_gap,iterations
1,1000,3603.513103829,3602.904716157,14.823685547381942,1.4484275894011134e-5,2.348668722559899e-5,3830
