seed,dimension,time,fw_time,primal,dual_gap,smallest_dual_gap,iterations
5,500,3601.191005903,3601.143728586,11.056359422093466,2.678090836605307e-5,2.365353694369632e-5,540108
