seed,dimension,time,fw_time,primal,dual_gap,smallest_dual_gap,iterations
3,500,3600.00728535,3600.004015293,10.114708822706696,2.6137837981332623e-5,1.9717154632836742e-5,525846
