seed,dimension,time,fw_time,primal,dual_gap,smallest_dual_gap,iterations
3,1500,3603.109491877,3602.485208659,17.527877590368877,1.5406145044444264e-5,2.0417393193916666e-5,3672
