seed,dimension,time,fw_time,primal,dual_gap,smallest_dual_gap,iterations
2,500,3601.168821961,3601.105406298,10.259851388652278,2.6399175841351763e-5,1.3310277262035264e-5,595962
