seed,dimension,time,fw_time,primal,dual_gap,smallest_dual_gap,iterations
5,4500,3603.310272258,3602.837863753,30.773633325085747,4.635091459592733e-6,1.520914777924931e-5,1851
