seed,dimension,time,fw_time,primal,dual_gap,smallest_dual_gap,iterations
2,2500,320.820796297,320.148393444,21.598256020921053,2.542024057408665e-5,7.879171855240674e-8,264
