seed,dimension,time,fw_time,primal,dual_gap,smallest_dual_gap,iterations
5,1000,3601.561009808,3601.104616039,14.103953956237188,1.0564044410604767e-5,2.185406240556853e-5,3783
