seed,dimension,time,fw_time,primal,dual_gap,smallest_dual_gap,iterations
1,1000,3601.984984187,3601.472585725,14.823685549746111,1.8590211848912297e-5,1.834934291586321e-5,3765
