seed,dimension,time,fw_time,primal,dual_gap,smallest_dual_gap,iterations
4,500,3601.174655136,3601.106780724,8.49915813641616,4.239196815725155e-5,9.153078645518509e-6,459785
