seed,dimension,time,fw_time,primal,dual_gap,smallest_dual_gap,iterations
2,2000,3601.866796611,3601.42242441,19.139549450898993,4.951372427342005e-7,4.159769795505919e-5,3487
