seed,dimension,time,fw_time,primal,dual_gap,smallest_dual_gap,iterations
3,4000,3602.196912019,3601.556516344,28.82306775445138,1.307287923291156e-5,1.7852890840691638e-5,2123
