seed,dimension,time,fw_time,primal,dual_gap,smallest_dual_gap,iterations
4,2000,3602.010793818,3601.590375793,19.61008312849064,1.8163043722513317e-5,2.294119577676834e-5,3716
