seed,dimension,time,fw_time,primal,dual_gap,smallest_dual_gap,iterations
2,5000,3601.835718784,3601.327908976,31.30322628801328,9.943645574453375e-6,1.763465003476461e-5,2285
