seed,dimension,time,fw_time,primal,dual_gap,smallest_dual_gap,iterations
2,500,3600.010866512,3600.008221408,10.259851386426067,2.373189756599281e-5,1.695930796125067e-5,617192
