seed,dimension,time,fw_time,primal,dual_gap,smallest_dual_gap,iterations
2,2000,3602.829648057,3602.170808371,19.139549454005373,1.6298744026782552e-6,4.597685725746259e-5,3427
