seed,dimension,time,fw_time,primal,dual_gap,smallest_dual_gap,iterations
2,1000,3601.280954545,3600.800593323,13.10999982597842,1.5990940131743736e-5,2.0419407861599348e-5,3977
