seed,dimension,time,fw_time,primal,dual_gap,smallest_dual_gap,iterations
3,2000,3601.866624676,3601.350333893,19.797565031810255,1.5026401758516661e-5,1.0618737085646424e-5,3607
