seed,dimension,time,fw_time,primal,dual_gap,smallest_dual_gap,iterations
5,5000,3604.21620643,3603.535852904,31.08405866415407,1.9968429921524145e-6,2.3070672344194243e-5,1908
