seed,dimension,time,fw_time,primal,dual_gap,smallest_dual_gap,iterations
2,4000,3601.918077525,3601.453716659,29.229481921977413,1.2826222927711517e-5,1.3133393846509467e-5,2023
