seed,dimension,time,fw_time,primal,dual_gap,smallest_dual_gap,iterations
1,1500,3601.365716911,3600.953344257,17.038233059246224,3.25105385395319e-5,6.498370563295941e-6,3787
