seed,dimension,time,fw_time,primal,dual_gap,smallest_dual_gap,iterations
1,2000,3602.219009406,3601.770603247,20.36677913053291,4.496861264580154e-6,1.4069493766311059e-5,3506
