seed,dimension,time,fw_time,primal,dual_gap,smallest_dual_gap,iterations
5,1000,3603.384946054,3602.588566716,14.10395396513688,2.109931995494807e-5,1.4259423328721876e-5,3834
