seed,dimension,time,fw_time,primal,dual_gap,smallest_dual_gap,iterations
4,3500,3602.923121879,3602.362767143,25.711185859881134,4.2319570921489635e-6,1.4480663508509295e-5,2344
