seed,dimension,time,fw_time,primal,dual_gap,smallest_dual_gap,iterations
1,2000,3603.786750991,3603.194375227,20.366779134196722,1.0429725143423774e-5,1.3224129438993426e-5,3397
