seed,dimension,time,fw_time,primal,dual_gap,smallest_dual_gap,iterations
2,1500,3601.689698632,3601.253354198,16.48478699718844,3.344273068217607e-5,5.306946113975419e-6,3859
