seed,dimension,time,fw_time,primal,dual_gap,smallest_dual_gap,iterations
1,500,3601.166010319,3601.121774437,10.109248700255577,1.226507080881456e-5,2.643683119760154e-5,554701
