seed,dimension,time,fw_time,primal,dual_gap,smallest_dual_gap,iterations
2,3500,3602.58115763,3602.144747949,25.796770242736063,9.245500584439958e-6,1.45337825191022e-5,2473
