seed,dimension,time,fw_time,primal,dual_gap,smallest_dual_gap,iterations
4,2000,3604.502671709,3603.726349346,19.61008312825455,2.294119577676834e-5,1.8163043722513317e-5,2365
