seed,dimension,time,fw_time,primal,dual_gap,smallest_dual_gap,iterations
5,3000,3602.894824314,3602.414416519,25.62132478355777,2.8408397758208914e-5,3.327273543449194e-6,2634
