seed,dimension,time,fw_time,primal,dual_gap,smallest_dual_gap,iterations
3,1000,3603.513110037,3602.980706041,13.295525263349681,3.290397374977605e-5,7.05520065580334e-6,3940
