seed,dimension,time,fw_time,primal,dual_gap,smallest_dual_gap,iterations
1,3000,3601.637430475,3601.133047441,24.251687866542152,1.0733401462001413e-5,1.1508710204249928e-5,2915
