seed,dimension,time,fw_time,primal,dual_gap,smallest_dual_gap,iterations
5,2500,3602.328398786,3601.660100508,21.906146883666793,2.01264123325523e-5,4.671519717738826e-6,3173
