seed,dimension,time,fw_time,primal,dual_gap,smallest_dual_gap,iterations
1,2500,3602.491994587,3601.895776957,22.71402361042728,8.639444547736685e-6,2.291505347473688e-5,3247
