seed,dimension,time,fw_time,primal,dual_gap,smallest_dual_gap,iterations
4,5000,3601.832598925,3601.368321867,31.427429623978014,1.4248463906935127e-5,1.4423720181538924e-5,2109
