seed,dimension,time,fw_time,primal,dual_gap,smallest_dual_gap,iterations
4,4500,3601.788462918,3601.384168439,30.299231031452273,2.8708647586972447e-6,2.356609547132793e-5,1706
