seed,dimension,time,fw_time,primal,dual_gap,smallest_dual_gap,iterations
1,3500,3602.823006077,3602.366588369,26.43948413939726,8.230968114905646e-6,1.2436810798641118e-5,2529
