seed,dimension,time,fw_time,primal,dual_gap,smallest_dual_gap,iterations
4,1000,3603.348728728,3602.764500881,13.27623621060973,8.68940145626329e-6,3.0239292967054743e-5,2902
