seed,dimension,time,fw_time,primal,dual_gap,smallest_dual_gap,iterations
2,3000,29.545586105,29.165183708,25.046096802518623,2.3119003711435937e-8,6.577415913311402e-8,49
