seed,dimension,time,fw_time,primal,dual_gap,smallest_dual_gap,iterations
2,2000,11.322275559,10.825846786,19.139549450659338,3.9668811194215614e-8,5.5859483857889636e-8,21
