seed,dimension,time,fw_time,primal,dual_gap,smallest_dual_gap,iterations
3,500,0.021486608,0.019546376,10.114708815220377,1.6412686285049993e-7,8.49811067349382e-8,40
