seed,dimension,time,fw_time,primal,dual_gap,smallest_dual_gap,iterations
5,3000,21.854118785,21.533775148,25.62132476818357,8.121349984180348e-8,5.830850406673971e-8,37
