seed,dimension,time,fw_time,primal,dual_gap,smallest_dual_gap,iterations
4,1000,3.384513424,2.912286612,13.27623620303147,9.082745208721654e-8,5.646933426417533e-8,18
