seed,dimension,time,fw_time,primal,dual_gap,smallest_dual_gap,iterations
5,1000,7.968314605,7.468153498,14.103953954631635,1.1038393651907619e-7,8.770466874974403e-8,28
