seed,dimension,time,fw_time,primal,dual_gap,smallest_dual_gap,iterations
2,3500,25.31907049,24.667792491,25.796770240012027,2.1252249307601723e-8,2.1252249307601723e-8,37
