seed,dimension,time,fw_time,primal,dual_gap,smallest_dual_gap,iterations
4,2000,17.842743632,17.334288234,19.610083120525655,4.305578205077154e-8,8.679873968187035e-8,38
