seed,dimension,time,fw_time,primal,dual_gap,smallest_dual_gap,iterations
1,1500,18.017406405,17.548951262,17.038233048023645,5.763423921445465e-8,7.494592968448899e-8,44
