seed,dimension,time,fw_time,primal,dual_gap,smallest_dual_gap,iterations
3,1000,9.540842144,8.908480989,13.295525252840148,1.1099404145786806e-8,8.86603549465903e-8,45
