seed,dimension,time,fw_time,primal,dual_gap,smallest_dual_gap,iterations
5,2500,29.290819813,28.795730826,21.90614687490907,5.6095248904264317e-8,4.9891699799298195e-8,50
