seed,dimension,time,fw_time,primal,dual_gap,smallest_dual_gap,iterations
5,1500,9.7331018,9.340789989,17.16515266466708,2.0837414765884077e-8,7.346308136813029e-8,25
