seed,dimension,time,fw_time,primal,dual_gap,smallest_dual_gap,iterations
1,4500,39.917119408,39.385596015,29.79746468956377,6.536526689360223e-8,6.85202230926718e-8,60
