seed,dimension,time,fw_time,primal,dual_gap,smallest_dual_gap,iterations
5,1500,6.212811798,5.692585164,17.16515266466708,2.0837414849150804e-8,7.346308139588587e-8,25
