seed,dimension,time,fw_time,primal,dual_gap,smallest_dual_gap,iterations
4,2500,19.306886696,18.744961647,21.72813550227903,3.017024796658774e-7,2.822391362289345e-8,32
