seed,dimension,time,fw_time,primal,dual_gap,smallest_dual_gap,iterations
1,500,2.259125292,2.183615856,10.10924869819528,2.267002782718741e-8,7.68384651739229e-8,34
