seed,dimension,time,fw_time,primal,dual_gap,smallest_dual_gap,iterations
5,500,0.047673572,0.043246087,11.056359413531064,3.0339110418386994e-8,3.0339110473898145e-8,54
