seed,dimension,time,fw_time,primal,dual_gap,smallest_dual_gap,iterations
4,5000,57.159389135,56.715103582,31.427429616401035,5.44177941180779e-8,8.248107175035102e-8,78
