seed,dimension,time,fw_time,primal,dual_gap,smallest_dual_gap,iterations
1,3500,27.107136847,26.694722371,26.43948413494388,2.6855365722888713e-8,6.836734796344945e-8,45
