seed,dimension,time,fw_time,primal,dual_gap,smallest_dual_gap,iterations
3,3000,18.521804669,18.038572925,24.723095009600517,6.493014886865822e-8,5.0587628849796396e-8,28
