seed,dimension,time,fw_time,primal,dual_gap,smallest_dual_gap,iterations
5,3500,31.48394145,30.971334971,27.93160695594179,4.8862662388460265e-8,6.031693888797207e-8,48
