seed,dimension,time,fw_time,primal,dual_gap,smallest_dual_gap,iterations
1,1000,8.896325055,8.420146209,14.823685543308835,5.125287769192077e-8,5.512322287515303e-8,25
