seed,dimension,time,fw_time,primal,dual_gap,smallest_dual_gap,iterations
2,4500,20.216907807,19.712018187,31.07097258721751,1.6300217199616274e-7,7.933894870248981e-8,32
