seed,dimension,time,fw_time,primal,dual_gap,smallest_dual_gap,iterations
3,5000,39.363979007,38.787622416,31.154916616233653,3.480882999895574e-8,2.597702994378004e-8,57
