seed,dimension,time,fw_time,primal,dual_gap,smallest_dual_gap,iterations
3,4000,36.007186735,35.602945681,28.823067745428542,8.675788817913421e-8,7.892204950676884e-8,52
