seed,dimension,time,fw_time,primal,dual_gap,smallest_dual_gap,iterations
4,1500,6.292867117,5.584582556,16.648826387591775,8.372120552380125e-9,6.174282204951531e-8,22
