seed,dimension,time,fw_time,primal,dual_gap,smallest_dual_gap,iterations
3,1000,12.336232978,11.964118135,13.295525252840145,1.1099404145786806e-8,8.866035497434588e-8,45
