seed,dimension,time,fw_time,primal,dual_gap,smallest_dual_gap,iterations
3,2000,14.342240863,13.877936708,19.797565027444065,5.05982342829947e-8,7.533349881405638e-8,30
