seed,dimension,time,fw_time,primal,dual_gap,smallest_dual_gap,iterations
2,500,0.021232176,0.019170774,10.259851374534286,6.293038368188064e-8,9.53163270811519e-8,32
