seed,dimension,time,fw_time,primal,dual_gap,smallest_dual_gap,iterations
2,5000,44.074128666,43.577792367,31.303226284479766,6.586227462024308e-8,7.384175268465576e-8,65
