seed,dimension,time,fw_time,primal,dual_gap,smallest_dual_gap,iterations
4,4000,26.289316082,25.740934534,29.134260454157722,6.640982005978735e-8,8.434491527431476e-8,40
