seed,dimension,time,fw_time,primal,dual_gap,smallest_dual_gap,iterations
5,5000,21.095442061,20.583088753,31.08405866216788,8.592195037404604e-8,3.126937364594795e-8,32
