seed,dimension,time,fw_time,primal,dual_gap,smallest_dual_gap,iterations
3,4000,35.557333695,35.008842718,28.82306774542854,8.675788827627873e-8,7.892204949289106e-8,52
