seed,dimension,time,fw_time,primal,dual_gap,smallest_dual_gap,iterations
4,1000,5.992306675,5.57136406,13.276236203031472,9.082745217048327e-8,5.646933426417533e-8,18
