seed,dimension,time,fw_time,primal,dual_gap,smallest_dual_gap,iterations
5,1000,4.660774508,4.248375227,14.103953954631638,1.1038393649132061e-7,8.770466883301076e-8,28
