seed,dimension,time,fw_time,primal,dual_gap,smallest_dual_gap,iterations
4,2500,18.651903131,18.271476626,21.728135502279027,3.017024796519996e-7,2.8223913636771236e-8,32
