seed,dimension,time,fw_time,primal,dual_gap,smallest_dual_gap,iterations
4,2000,19.498247205,18.873917263,19.610083120525648,4.305578206464933e-8,8.679873968187035e-8,38
