seed,dimension,time,fw_time,primal,dual_gap,smallest_dual_gap,iterations
1,500,0.026420124,0.024156633,10.10924869819528,2.2670027799431836e-8,7.683846514616732e-8,34
