seed,dimension,time,fw_time,primal,dual_gap,smallest_dual_gap,iterations
5,2000,12.712827292,12.112318007,19.24733816640974,1.341473249011349e-7,8.166717624380482e-8,25
