seed,dimension,time,fw_time,primal,dual_gap,smallest_dual_gap,iterations
2,4000,39.457720837,38.705414207,29.22948191899747,3.38777382119515e-8,8.043867649742964e-8,61
