seed,dimension,time,fw_time,primal,dual_gap,smallest_dual_gap,iterations
4,500,0.022561826,0.020808788,8.499158126576987,5.514706255538293e-8,6.146059119971348e-8,44
