seed,dimension,time,fw_time,primal,dual_gap,smallest_dual_gap,iterations
4,4000,25.206032469,24.360588205,29.13426045415772,6.640982010142071e-8,8.434491531594812e-8,40
