seed,dimension,time,fw_time,primal,dual_gap,smallest_dual_gap,iterations
2,500,0.068729816,0.063698283,10.259851374534286,6.293038370963622e-8,9.531632702564075e-8,32
