seed,dimension,time,fw_time,primal,dual_gap,smallest_dual_gap,iterations
4,4500,7.242674534,6.690499676,30.29923102884374,1.7294695071889965e-7,6.365675300767926e-8,10
