seed,dimension,time,fw_time,primal,dual_gap,smallest_dual_gap,iterations
4,5000,51.675211598,51.126874119,31.427429616401046,5.441779413195569e-8,8.248107172259544e-8,78
