seed,dimension,time,fw_time,primal,dual_gap,smallest_dual_gap,iterations
3,5000,39.659524767,39.183220603,31.154916616233688,6.365910602823543e-8,2.5977029832757736e-8,57
