seed,dimension,time,fw_time,primal,dual_gap,smallest_dual_gap,iterations
1,1000,8.569113966,7.916723337,14.823685543308834,5.12528777751875e-8,5.5123222791886306e-8,25
