seed,dimension,time,fw_time,primal,dual_gap,smallest_dual_gap,iterations
4,10000,33.823471145,33.201932953,44.053613069300354,5.9633399815406385e-9,5.963339988479532e-9,17
