seed,dimension,time,fw_time,primal,dual_gap,smallest_dual_gap,iterations
2,10000,43.249067286,42.76029495,46.26281846839341,4.157889849087937e-8,4.157889849087937e-8,21
