seed,dimension,time,fw_time,primal,dual_gap,smallest_dual_gap,iterations,iter_not_converging,fallback_helped,average_iter,std_iter,average_gap,std_gap
5,1500,0.608462819,0.608003633,17.165152664667136,7.957493358690115e-8,0.0,0,1,1,2.9473684210526314,0.22941573387056172,0.0314189669217584,1.0
