seed,dimension,time,fw_time,primal,dual_gap,smallest_dual_gap,iterations,iter_not_converging,fallback_helped,average_iter,std_iter,average_gap,std_gap
1,1500,5.967214192,5.257504504,17.03823304802384,2.240117516483231e-8,1.43971375099472e-8,3,1,1,2.909090909090909,0.29424494316824984,0.0669663559775455,1.0
