seed,dimension,time,fw_time,primal,dual_gap,smallest_dual_gap,iterations,iter_not_converging,fallback_helped,average_iter,std_iter,average_gap,std_gap
4,4000,30.574887875,30.043797588,29.134260454157758,4.612483063548556e-8,6.72512833060912e-8,17,1,1,2.9583333333333335,0.20412414523193145,0.006088119463034829,1.0
