seed,dimension,time,fw_time,primal,dual_gap,smallest_dual_gap,iterations,iter_not_converging,fallback_helped,average_iter,std_iter,average_gap,std_gap
3,2000,3.915186998,3.712656115,19.79756502744405,2.68130720265658e-8,7.032881285673476e-8,3,1,1,2.95,0.22360679774997894,0.01131948215773762,1.0
