seed,dimension,time,fw_time,primal,dual_gap,smallest_dual_gap,iterations,iter_not_converging,fallback_helped,average_iter,std_iter,average_gap,std_gap
2,500,0.116819242,0.114364016,10.259851374534245,2.456101924619425e-8,2.456101924619425e-8,2,1,1,2.9473684210526314,0.22941573387056172,0.020869823219516387,1.0
