seed,dimension,time,fw_time,primal,dual_gap,smallest_dual_gap,iterations,iter_not_converging,fallback_helped,average_iter,std_iter,average_gap,std_gap
2,1000,2.376400777,2.232502428,13.109999816718032,4.3413425965255215e-8,4.3413425965255215e-8,2,1,1,2.9473684210526314,0.22941573387056172,0.07776592020989623,1.0
