seed,dimension,time,fw_time,primal,dual_gap,smallest_dual_gap,iterations,iter_not_converging,fallback_helped,average_iter,std_iter,average_gap,std_gap
3,4000,45.025330831,44.528751453,28.823067745427938,5.230691886570771e-8,6.957401903207039e-8,26,1,1,2.96875,0.1767766952966369,0.07005782064443325,1.0
