seed,dimension,time,fw_time,primal,dual_gap,smallest_dual_gap,iterations,iter_not_converging,fallback_helped,average_iter,std_iter,average_gap,std_gap
3,3000,19.001788835,18.42966627,24.72309500960053,3.842902153439187e-8,8.918580667038878e-8,12,1,1,2.9473684210526314,0.22941573387056172,0.06123825293644265,1.0
