seed,dimension,time,fw_time,primal,dual_gap,smallest_dual_gap,iterations,iter_not_converging,fallback_helped,average_iter,std_iter,average_gap,std_gap
1,2500,25.503955812,24.839545052,22.71402360748468,5.651913800863717e-8,5.651913800863717e-8,20,1,1,2.9310344827586206,0.2578807147775637,0.037514565539563706,1.0
