seed,dimension,time,fw_time,primal,dual_gap,smallest_dual_gap,iterations
3,10000,27.979378453,27.420294619,44.92298264332833,8.536928918639886e-8,8.267427409336392e-8,13
