seed,dimension,time,fw_time,primal,dual_gap,smallest_dual_gap,iterations,iter_not_converging,fallback_helped,average_iter,std_iter,average_gap,std_gap
3,5000,28.887871546,28.318989427,31.154916616233535,1.2907435245623766e-8,1.2907435245623766e-8,16,1,1,2.9523809523809526,0.21821789023599233,0.04953216089938714,1.0
