seed,dimension,time,fw_time,primal,dual_gap,smallest_dual_gap,iterations
1,10000,40.210416599,39.747611689,44.37776224313728,3.5969538181301886e-8,9.312018696416846e-8,18
