seed,dimension,time,fw_time,primal,dual_gap,smallest_dual_gap,iterations
3,90000,3601.741983351,3601.373952802,6.077229522542334e-12,0.134927846357346,0.003667812455627821,3515
