seed,dimension,time,fw_time,primal,dual_gap,smallest_dual_gap,iterations
2,1000000,3614.772420813,3609.665891398,7.220187721463133e9,1.7550788548944473e7,1.606763830508995e7,741
