seed,dimension,time,fw_time,primal,dual_gap,smallest_dual_gap,iterations
4,640000,3615.871666662,3611.526856587,1.1889667096216756e8,1.2649060387437105e7,1.4217269670228481e7,621
