seed,dimension,time,fw_time,primal,dual_gap,smallest_dual_gap,iterations
3,490000,3621.144539263,3617.03742414,0.037694905289293514,14603.625703197631,14591.856780606535,727
