seed,dimension,time,fw_time,primal,dual_gap,smallest_dual_gap,iterations
1,40000,3602.832412587,3602.53773893,4.046988130521228e-12,0.1332898335270176,0.00011439808353222574,5098
