seed,dimension,time,fw_time,primal,dual_gap,smallest_dual_gap,iterations
4,250000,3602.172326677,3601.686416268,8.225532293744931e-7,34.467508989351444,34.44826930392288,2641
