seed,dimension,time,fw_time,primal,dual_gap,smallest_dual_gap,iterations
3,2500,0.207405054,0.205930947,9.462947132093777e-13,0.11600212855383668,-0.00481440373206418,761
