seed,dimension,time,fw_time,primal,dual_gap,smallest_dual_gap,iterations
2,40000,3601.346739923,3601.032963371,3.728488623116681e-12,0.1364765898532091,0.0002278775588474424,4016
