seed,dimension,time,fw_time,primal,dual_gap,smallest_dual_gap,iterations,average_iter,std_iter
5,40000,3602.72263258,3602.094409498,4.29258093749761e-12,0.13882983319216655,0.0027804389164753345,3579,0.15199776473875384,0.35906889090133226
