seed,dimension,time,fw_time,primal,dual_gap,smallest_dual_gap,iterations
2,810000,3617.256329255,3612.570179577,6.020011676570791e8,2.5777496884954453e7,2.3279917572019577e7,681
