seed,dimension,time,fw_time,primal,dual_gap,smallest_dual_gap,iterations
3,360000,3602.916410865,3602.205681883,5.111725695615196e-11,0.2576000920839766,0.2578987677568659,2749
