seed,dimension,time,fw_time,primal,dual_gap,smallest_dual_gap,iterations
3,10000,2.398213121,2.378964507,2.2666483802136573e-12,0.1354107167360137,9.816412979274099e-8,1804
