seed,dimension,time,fw_time,primal,dual_gap,smallest_dual_gap,iterations
1,10000,3600.024101146,3600.001450666,0.06357911489555983,30215.31265038401,31076.09834885286,10416025
