seed,dimension,time,fw_time,primal,dual_gap,smallest_dual_gap,iterations
1,160000,3603.220431258,3602.76291331,8.533136880486844e-11,0.3735168838101461,0.37349679228699095,3738
