seed,dimension,time,fw_time,primal,dual_gap,iterations
2,40000,3601.024422295,3600.949958277,4.154207555626449e-12,0.13182463601562783,7110
