seed,dimension,time,fw_time,primal,dual_gap,smallest_dual_gap,iterations
5,160000,3601.208004371,3600.903980551,2188.4715051935573,9.178193059664523e6,1.1885836602092916e7,23680
