seed,dimension,time,fw_time,primal,dual_gap,smallest_dual_gap,iterations
4,1000000,3618.815062169,3613.35642423,1.5904465024807289e9,2.5122790179709435e7,1.9281635013807297e7,615
