seed,dimension,time,fw_time,primal,dual_gap,smallest_dual_gap,iterations
5,490000,3620.548251551,3616.375089509,0.020546189941631203,10361.862981245846,10362.077641158921,674
