seed,dimension,time,fw_time,primal,dual_gap,smallest_dual_gap,iterations
4,640000,3622.408400642,3616.155260466,1.1910393732384393e8,1.95372692063694e7,2.1158230232722998e7,434
