seed,dimension,time,fw_time,primal,dual_gap,smallest_dual_gap,iterations
3,250000,3602.349174746,3601.626907701,3.775315389082081e-8,7.260630170812966,7.263043752915007,2870
