seed,dimension,time,fw_time,primal,dual_gap,smallest_dual_gap,iterations
2,160000,3601.84453506,3601.546341503,2.062991945189694e-9,1.9211452074025268,1.920394777307464,2964
