seed,dimension,time,fw_time,primal,dual_gap,smallest_dual_gap,iterations
4,10000,3.817605156,3.799873433,2.1255114535042965e-12,0.14185513198272912,9.968067521197871e-8,2296
