seed,dimension,time,fw_time,primal,dual_gap,smallest_dual_gap,iterations
2,250000,3603.068441085,3602.617802331,4.053389797173716e-8,7.4166493825931665,7.436955623001223,2722
