seed,dimension,time,fw_time,primal,dual_gap,smallest_dual_gap,iterations
2,1000000,3613.784475652,3609.168460844,7.220120907440748e9,1.9507430584274292e7,1.876548130019951e7,617
