seed,dimension,time,fw_time,primal,dual_gap,smallest_dual_gap,iterations
5,10000,2.944846367,2.940909038,2.0860672706220233e-12,0.13049737583905552,9.816264429715384e-8,2168
