seed,dimension,time,fw_time,primal,dual_gap,smallest_dual_gap,iterations,average_iter,std_iter
5,810000,3614.864282704,3611.014135584,1.8422365606147556e9,1.099839788885212e7,1.0762740746031761e7,689,NaN,NaN
