seed,dimension,time,fw_time,primal,dual_gap,smallest_dual_gap,iterations
1,490000,3619.598581926,3613.490725319,0.0827541215961664,22013.070171258478,21998.539572945636,648
