seed,dimension,time,fw_time,primal,dual_gap,smallest_dual_gap,iterations
3,40000,3601.864377548,3601.635430784,4.071636472610757e-12,0.1327472201532923,4.678003086999981e-7,4517
