seed,dimension,time,fw_time,primal,dual_gap,smallest_dual_gap,iterations,average_iter,std_iter
2,10000,5.141562635,5.136359543,2.0591902652468055e-12,0.1413545608384262,-0.0027924211824401886,3640,NaN,NaN
