seed,dimension,time,fw_time,primal,dual_gap,smallest_dual_gap,iterations
5,810000,3613.850964624,3609.808468895,1.8423741262911603e9,1.1430393918273926e7,1.1121507877189636e7,661
