seed,dimension,time,fw_time,primal,dual_gap,smallest_dual_gap,iterations
4,640000,3615.672500272,3610.72739161,1.192464624540042e8,1.912585815077877e7,1.82554638444829e7,706
