seed,dimension,time,fw_time,primal,dual_gap,smallest_dual_gap,iterations
5,250000,3602.500442758,3602.013314501,1.0306646563902006e-5,136.08979457488957,132.00250900363676,2239
