seed,dimension,time,fw_time,primal,dual_gap,smallest_dual_gap,iterations
4,1000000,3614.416021467,3608.697650668,1.5896446256713498e9,1.5711604853304863e7,1.7113544541994095e7,583
