seed,dimension,time,fw_time,primal,dual_gap,smallest_dual_gap,iterations
2,810000,3614.262719202,3609.987872764,6.013941307976687e8,1.2411804025794554e8,1.367780384450841e8,890
