seed,dimension,time,fw_time,primal,dual_gap,smallest_dual_gap,iterations
1,160000,3603.149466519,3602.798730665,8.029957905412663e-12,0.14078357430987268,0.0039685269708101475,5517
