seed,dimension,time,fw_time,primal,dual_gap,smallest_dual_gap,iterations,average_iter,std_iter
5,40000,3601.260416987,3601.031037284,4.6266906453374635e-12,0.1414278296235078,9.41723095478221e-7,6046,0.1520013231888852,0.35905186789116056
