seed,dimension,time,fw_time,primal,dual_gap,smallest_dual_gap,iterations
2,160000,3601.314255701,3600.935202058,2.959614715566329e-8,7.104815406935466,7.102094801944268,3185
