seed,dimension,time,fw_time,primal,dual_gap,smallest_dual_gap,iterations
2,2500,0.270752564,0.269309067,1.0695784281199282e-12,0.13680197908255312,9.891797183242743e-8,805
