seed,dimension,time,fw_time,primal,dual_gap,smallest_dual_gap,iterations
3,90000,3600.495041262,3600.163997679,441.9689879605482,4.667433117771103e6,4.724438074930506e6,44281
