seed,dimension,time,fw_time,primal,dual_gap,smallest_dual_gap,iterations
4,160000,3602.596468811,3602.033922677,4.791559200124686e-8,8.61384406474102,8.660257606307866,3176
