seed,dimension,time,fw_time,primal,dual_gap,smallest_dual_gap,iterations
2,640000,3616.657134099,3611.49214698,1.1074155052610328e9,9.52519791614151e6,1.022722718879795e7,682
