seed,dimension,time,fw_time,primal,dual_gap,smallest_dual_gap,iterations
2,490000,3621.976455735,3618.181046494,0.0034719773507233065,4055.1830724501583,3900.737977777495,690
