seed,dimension,time,fw_time,primal,dual_gap,smallest_dual_gap,iterations
3,810000,3614.552528257,3610.069395575,8.05315363572564e8,1.6726021552278996e7,1.9373338120012283e7,680
