seed,dimension,time,fw_time,primal,dual_gap,iterations
1,250000,3602.828403341,3602.3944372,1.2321990480462396e-8,3.978855940089089,4143
