seed,dimension,time,fw_time,primal,dual_gap,smallest_dual_gap,iterations
4,160000,3601.59241049,3601.302300224,3.85784581961424e-8,7.944633302158302,7.74508106818012,3181
