seed,dimension,time,fw_time,primal,dual_gap,smallest_dual_gap,iterations
2,90000,3601.652408499,3601.576431416,6.120041415917431e-12,0.1325829759999003,0.011984731690505401,3844
