seed,dimension,time,fw_time,primal,dual_gap,smallest_dual_gap,iterations
1,360000,3603.076419125,3602.470833945,1.2547972470418915e-5,134.23211671369037,134.27098834034715,2448
