seed,dimension,time,fw_time,primal,dual_gap,smallest_dual_gap,iterations
1,360000,3602.578804668,3602.239960345,12490.934511324613,2.6604148022799615e7,2.3025794303004712e7,9268
