seed,dimension,time,fw_time,primal,dual_gap,smallest_dual_gap,iterations
5,160000,3601.555594958,3601.17577606,3.044028127817305e-8,7.113913889206656,6.986314413017538,3202
