seed,dimension,time,fw_time,primal,dual_gap,smallest_dual_gap,iterations
2,90000,3601.856144397,3601.550081981,5.826052801853835e-12,0.15885279439466427,0.00028552709626745087,5698
