seed,dimension,time,fw_time,primal,dual_gap,smallest_dual_gap,iterations
5,810000,3618.012368692,3613.663690208,1.8425471903485253e9,1.1710276754581451e7,1.237694777269268e7,606
