seed,dimension,time,fw_time,primal,dual_gap,smallest_dual_gap,iterations
1,40000,3602.684475926,3602.29341398,4.141868945282117e-12,0.13426132973940894,3.018341507516256e-7,4303
