seed,dimension,time,fw_time,primal,dual_gap,smallest_dual_gap,iterations
1,1000000,3617.968568207,3613.647817019,1.6247053196756835e9,3.218444342162037e7,3.090849166250038e7,614
