seed,dimension,time,fw_time,primal,dual_gap,smallest_dual_gap,iterations
1,10000,3.635017945,3.613683267,1.8565375026735332e-12,0.12850902354608074,9.842779473643818e-8,1120
