seed,dimension,time,fw_time,primal,dual_gap,smallest_dual_gap,iterations
3,10000,2.325954468,2.322903987,2.1054203061971668e-12,0.13482992598946245,9.994390184227779e-8,1562
