seed,dimension,time,fw_time,primal,dual_gap,smallest_dual_gap,iterations
4,1000000,3614.904456315,3610.16167902,1.5895224339070668e9,1.5880317206104279e7,1.6416992024411201e7,593
