seed,dimension,time,fw_time,primal,dual_gap,smallest_dual_gap,iterations
1,640000,3617.428703373,3613.155491934,4.6507696568501997e8,3.1843812408787727e7,3.317191888647747e7,597
