seed,dimension,time,fw_time,primal,dual_gap,smallest_dual_gap,iterations
5,62500,3601.702849894,3601.344032514,5.3186250822960855e-12,0.1364215313112414,3.2095352975477027e-7,5191
