seed,dimension,time,fw_time,primal,dual_gap,smallest_dual_gap,iterations
4,90000,3600.478904215,3600.204009026,1153.1189511770483,6.793516348990618e6,6.942775467505181e6,40675
