seed,dimension,time,fw_time,primal,dual_gap,smallest_dual_gap,iterations
1,360000,3602.96841597,3602.529875453,1.5337831598463643e-5,152.5820988266356,152.69417566220287,2368
