seed,dimension,time,fw_time,primal,dual_gap,smallest_dual_gap,iterations
3,1000000,3618.660410942,3613.962833757,2.4006321510366044e9,1.7434405527709007e7,1.6887972528995514e7,622
