seed,dimension,time,fw_time,primal,dual_gap,smallest_dual_gap,iterations
2,640000,3613.83240748,3608.854858442,1.1071295073374832e9,1.2257709319797516e7,1.1903429061497688e7,655
