seed,dimension,time,fw_time,primal,dual_gap,smallest_dual_gap,iterations
3,40000,3600.740506032,3600.356576638,2.2918285544085777e-9,2.717072889707407,2.755230921045818,2159
