seed,dimension,time,fw_time,primal,dual_gap,smallest_dual_gap,iterations
4,360000,3602.040435748,3601.524647064,3.367181636234168e-7,21.77887492975376,20.794366391212023,2855
