seed,dimension,time,fw_time,primal,dual_gap,smallest_dual_gap,iterations
2,40000,3600.894936451,3600.7603882,3.905811343893057e-12,0.13131063712893729,0.002390493945321997,4584
