seed,dimension,time,fw_time,primal,dual_gap,smallest_dual_gap,iterations
5,640000,3614.587437236,3609.221489658,4.150832316592155e7,1.0515883122963905e7,1.0324904447087288e7,863
