seed,dimension,time,fw_time,primal,dual_gap,smallest_dual_gap,iterations
1,810000,3616.088623957,3611.85301776,1.444152118962126e8,1.7094183903865576e7,1.720575982115841e7,578
