seed,dimension,time,fw_time,primal,dual_gap,smallest_dual_gap,iterations
1,10000,4.399495838,4.358835695,2.1649461091923828e-12,0.13327804420469117,-0.0020062077374387545,1643
