seed,dimension,time,fw_time,primal,dual_gap,smallest_dual_gap,iterations
3,640000,3621.984445014,3615.132532818,2.697578527411381e8,2.3839118605134964e7,2.4468252604083538e7,427
