seed,dimension,time,fw_time,primal,dual_gap,smallest_dual_gap,iterations
5,490000,3616.831142636,3612.379404165,0.006054174639154475,4802.694716256605,5263.57794179713,760
