seed,dimension,time,fw_time,primal,dual_gap,smallest_dual_gap,iterations
1,22500,3601.022831467,3600.71862327,2.984324633915941e-12,0.12990357712519884,2.525506257818037e-7,7982
