seed,dimension,time,fw_time,primal,dual_gap,smallest_dual_gap,iterations
3,160000,3601.94440042,3601.668155518,4.3147448236174805e-10,0.7962109868199032,0.8335165966067287,3669
