seed,dimension,time,fw_time,primal,dual_gap,smallest_dual_gap,iterations
3,360000,3603.339007034,3602.711508267,1.2584107185392074e-11,0.14528669629226273,0.04176435797965234,3593
