seed,dimension,time,fw_time,primal,dual_gap,smallest_dual_gap,iterations,average_iter,std_iter
4,490000,3617.476403667,3612.869239004,0.04003582166366924,13364.167912800156,15148.586363213584,752,0.1529255319148936,0.3601552480566947
