seed,dimension,time,fw_time,primal,dual_gap,smallest_dual_gap,iterations
5,160000,3601.800396594,3601.289051899,3.1608958732423235e-10,0.7169186844351279,0.7126540735835518,4776
