seed,dimension,time,fw_time,primal,dual_gap,smallest_dual_gap,iterations,average_iter,std_iter
5,250000,3602.184445132,3601.642348877,9.845693580455405e-8,11.137627459379324,10.761557372122676,4089,0.15211543164587918,0.35917666556060496
