seed,dimension,time,fw_time,primal,dual_gap,smallest_dual_gap,iterations,average_iter,std_iter
1,40000,3602.788399192,3602.365307716,4.328466942886135e-12,0.13913060253468837,4.6284154284861967e-7,6338,0.15209845377090564,0.35958374813279864
