seed,dimension,time,fw_time,primal,dual_gap,smallest_dual_gap,iterations
1,160000,3602.844460862,3602.349577725,1.5608608616280723e-8,4.925963193658422,5.139458875095673,3191
