seed,dimension,time,fw_time,primal,dual_gap,smallest_dual_gap,iterations,average_iter,std_iter
4,640000,3617.168431313,3613.241136696,1.188200791124407e8,1.3250026658696651e7,1.4539760299860716e7,678,NaN,NaN
