seed,dimension,time,fw_time,primal,dual_gap,smallest_dual_gap,iterations
2,90000,3602.012446105,3601.858197414,4.224611727869986e-10,0.9371917847780699,0.9367748281432913,3370
