seed,dimension,time,fw_time,primal,dual_gap,smallest_dual_gap,iterations
2,490000,3619.078899971,3614.568303814,0.007442261498224473,6377.665005136834,6379.1274347445415,646
