seed,dimension,time,fw_time,primal,dual_gap,smallest_dual_gap,iterations
5,250000,3601.948380637,3601.492821109,3.836195563451869e-6,76.36524272663775,76.36123298829361,2644
