seed,dimension,time,fw_time,primal,dual_gap,smallest_dual_gap,iterations
5,10000,3600.00979706,3600.006933368,2.059123938619809e-12,0.1283305413406741,2.382731081910911e-5,1731073
