seed,dimension,time,fw_time,primal,dual_gap,smallest_dual_gap,iterations
3,360000,3601.988367637,3601.458136481,1.8113410639190616e-10,0.4557760965219637,0.45266140990358184,3669
