seed,dimension,time,fw_time,primal,dual_gap,smallest_dual_gap,iterations
2,250000,3601.92446381,3601.451808503,2.7678584495482265e-7,20.441529328137932,20.43561675096433,2761
