seed,dimension,time,fw_time,primal,dual_gap,smallest_dual_gap,iterations
3,640000,3611.910224947,3607.367986893,2.73506506268869e8,1.5881184057758617e8,1.6128200119077206e8,857
