seed,dimension,time,fw_time,primal,dual_gap,smallest_dual_gap,iterations
1,640000,3618.280458774,3613.242378045,4.650335147061852e8,2.3881339775736332e7,3.841908054840422e7,620
