seed,dimension,time,fw_time,primal,dual_gap,smallest_dual_gap,iterations
2,40000,3601.53643093,3601.290995679,3.6821089476716204e-12,0.12884857847111542,0.09012203708632997,7043
