seed,dimension,time,fw_time,primal,dual_gap,smallest_dual_gap,iterations
1,360000,3603.52436619,3603.07761834,5.108194959469675e-7,20.475282056432775,22.307166210346118,3813
