seed,dimension,time,fw_time,primal,dual_gap,smallest_dual_gap,iterations
1,160000,3602.96844696,3602.413452959,1.970549807898145e-10,0.5786513785106081,0.6005396742080993,3582
