seed,dimension,time,fw_time,primal,dual_gap,smallest_dual_gap,iterations
1,360000,3603.336407493,3602.868443894,9.936668159001046e-7,33.63506710842495,32.829461953186744,2966
