seed,dimension,time,fw_time,primal,dual_gap,smallest_dual_gap,iterations
3,62500,3601.695553086,3600.964074963,5.023453044657818e-12,0.136458352012738,8.259947208352685e-7,5728
