seed,dimension,time,fw_time,primal,dual_gap,smallest_dual_gap,iterations
5,640000,3614.454809801,3610.107741611,4.1500109781754084e7,1.3001999987631321e7,1.3665555505682468e7,617
