seed,dimension,time,fw_time,primal,dual_gap,smallest_dual_gap,iterations
5,490000,3619.248613799,3615.657746218,0.023137149301841273,9162.083152177636,11465.558755990398,688
