seed,dimension,time,fw_time,primal,dual_gap,smallest_dual_gap,iterations,average_iter,std_iter
3,10000,3.758965015,3.711256724,2.3033476508742654e-12,0.13869543905820408,-0.003006721870329158,3074,0.15196876016921576,0.35904903196790366
