seed,dimension,time,fw_time,primal,dual_gap,smallest_dual_gap,iterations
2,640000,3615.922632182,3609.44389025,1.1083543570322728e9,1.1980459462359715e8,1.1685250893698215e8,895
