seed,dimension,time,fw_time,primal,dual_gap,smallest_dual_gap,iterations
5,640000,3614.283401862,3609.253982963,4.173389638831321e7,1.3557205320706367e7,1.2666070471612215e7,717
