seed,dimension,time,fw_time,primal,dual_gap,iterations
5,40000,3600.820384571,3600.589997173,4.027373677800557e-12,0.13205239609242492,7645
