seed,dimension,time,fw_time,primal,dual_gap,smallest_dual_gap,iterations
4,490000,3616.108407402,3612.500205845,0.022020516074892336,10029.198506775385,10023.071604236171,700
