seed,dimension,time,fw_time,primal,dual_gap,smallest_dual_gap,iterations
4,640000,3615.751484659,3611.827140361,1.1879482482061072e8,1.5248596432379961e7,1.5118000593254328e7,708
