seed,dimension,time,fw_time,primal,dual_gap,iterations
5,90000,3601.572393831,3601.302976666,5.932618750574118e-12,0.13718708760860027,5541
