seed,dimension,time,fw_time,primal,dual_gap,smallest_dual_gap,iterations
1,1000000,3616.994470577,3612.495295172,1.62210888265774e9,8.69792067031765e6,9.221999826628685e6,866
