seed,dimension,time,fw_time,primal,dual_gap,smallest_dual_gap,iterations,average_iter,std_iter
1,250000,3602.840589637,3602.364587012,1.3519392445893111e-8,4.053720140990624,3.9842632879738673,4148,0.1521215043394407,0.3591819238095972
