seed,dimension,time,fw_time,primal,dual_gap,smallest_dual_gap,iterations
2,640000,3615.349809251,3611.022988722,1.1089608404455304e9,1.6862265811595917e7,1.88055695097332e7,610
