seed,dimension,time,fw_time,primal,dual_gap,iterations
1,40000,3602.644412069,3602.181638524,3.7257830338694886e-12,0.128600189180615,7445
