seed,dimension,time,fw_time,primal,dual_gap,smallest_dual_gap,iterations
3,1000000,3615.462930267,3610.723406831,2.399805953815024e9,1.5862720415045738e7,1.295055577283001e7,579
