seed,dimension,time,fw_time,primal,dual_gap,smallest_dual_gap,iterations
3,90000,3601.368402039,3601.138163248,6.163911900402163e-12,0.13473515494456326,0.0016203612523498557,3718
