seed,dimension,time,fw_time,primal,dual_gap,smallest_dual_gap,iterations
5,810000,3615.236446735,3611.145409115,1.8431387759204664e9,1.1615709932052612e7,1.2090129429473877e7,612
