seed,dimension,time,fw_time,primal,dual_gap,smallest_dual_gap,iterations,average_iter,std_iter
5,10000,2.864537159,2.861233202,2.2717787342914346e-12,0.13577060934819582,9.925432491611784e-8,1694,NaN,NaN
