seed,dimension,time,fw_time,primal,dual_gap,smallest_dual_gap,iterations
1,1000000,3619.280447652,3614.17415263,1.6246766426009288e9,3.2296916637717247e7,2.9843217316389084e7,627
