seed,dimension,time,fw_time,primal,dual_gap,smallest_dual_gap,iterations
5,810000,3616.800228651,3612.720337814,1.8420671596983795e9,7.997326027968407e6,8.197580799656868e6,593
