seed,dimension,time,fw_time,primal,dual_gap,smallest_dual_gap,iterations
1,10000,6.544271693,6.486058484,1.9914001594504794e-12,0.13129033709706928,9.944236452194221e-8,2992
