seed,dimension,time,fw_time,primal,dual_gap,smallest_dual_gap,iterations
3,810000,3613.812431056,3609.739203024,8.050383968695844e8,1.424897114277792e7,1.4372078589004517e7,652
