seed,dimension,time,fw_time,primal,dual_gap,smallest_dual_gap,iterations
5,90000,3602.112506935,3601.893364912,1.0782848845194649e-10,0.4900026818154257,0.48960745914008946,3559
