seed,dimension,time,fw_time,primal,dual_gap,smallest_dual_gap,iterations,average_iter,std_iter
5,1000000,3616.288272675,3610.943501424,6.220711763681592e8,7.767008234052181e6,7.740712848191261e6,721,0.15256588072122051,0.35981815067681117
