seed,dimension,time,fw_time,primal,dual_gap,smallest_dual_gap,iterations
5,250000,3602.156440222,3601.641783674,2.127038141256279e-6,56.69102706530043,55.691322127609766,2728
