seed,dimension,time,fw_time,primal,dual_gap,smallest_dual_gap,iterations
2,1000000,3630.059545414,3621.465204552,7.218806373803596e9,1.0865574252794266e7,9.057065464889526e6,409
