seed,dimension,time,fw_time,primal,dual_gap,smallest_dual_gap,iterations
2,10000,3600.039937393,3600.001828559,0.04492239513648138,24252.78603355571,24881.80098250801,10193249
