seed,dimension,time,fw_time,primal,dual_gap,smallest_dual_gap,iterations
4,1000000,3612.156408825,3608.16228627,1.5901927483611925e9,1.914226602863884e7,1.9655823394432068e7,735
