seed,dimension,time,fw_time,primal,dual_gap,smallest_dual_gap,iterations
2,360000,3602.368424455,3601.803347962,7.338123560867894e-6,102.914627176924,109.51207247420186,2338
