seed,dimension,time,fw_time,primal,dual_gap,smallest_dual_gap,iterations
5,360000,3601.787854852,3601.375601746,4.5199399331251184e-7,25.52504796148568,24.72918547008027,2924
