seed,dimension,time,fw_time,primal,dual_gap,smallest_dual_gap,iterations
3,160000,3601.776415425,3601.446266041,5.55277149186678e-10,0.9153933317864535,0.9142892668412897,4730
