seed,dimension,time,fw_time,primal,dual_gap,smallest_dual_gap,iterations,average_iter,std_iter
1,160000,3603.540443524,3603.132080903,1.3633686884408794e-10,0.45019547721339503,0.4643026259069915,4831,0.15214241357896915,0.35919605597679843
