seed,dimension,time,fw_time,primal,dual_gap,smallest_dual_gap,iterations
2,810000,3621.1952086,3616.175286801,6.00613017007882e8,2.4367665761234283e7,2.2031082022388935e7,563
