seed,dimension,time,fw_time,primal,dual_gap,smallest_dual_gap,iterations
5,10000,4.439628497,4.437089664,2.0478062401022963e-12,0.13676000292371593,-0.006703284606122708,3281
