seed,dimension,time,fw_time,primal,dual_gap,smallest_dual_gap,iterations
1,250000,3603.060406841,3602.674202605,1.3457049548995814e-8,4.088004982892455,4.0882939556252,4104
