seed,dimension,time,fw_time,primal,dual_gap,smallest_dual_gap,iterations
4,250000,3601.764428357,3601.199568528,1.7695793254500964e-8,4.543576131790185,4.537804222699998,4103
