seed,dimension,time,fw_time,primal,dual_gap,smallest_dual_gap,iterations
3,360000,3603.412382327,3602.961507937,4.2856973358925486e-11,0.23614472557321436,0.23600096085139552,2850
