seed,dimension,time,fw_time,primal,dual_gap,smallest_dual_gap,iterations
3,810000,3615.884415038,3610.042191296,8.048498383223546e8,1.3204672303839684e7,1.5214163741482735e7,749
