seed,dimension,time,fw_time,primal,dual_gap,smallest_dual_gap,iterations
4,10000,3600.040621863,3600.00233028,0.09161777293379694,32030.70770150873,31616.34978832648,9820616
