seed,dimension,time,fw_time,primal,dual_gap,smallest_dual_gap,iterations
4,250000,3601.572049266,3601.223367867,3.234955643922514e-8,6.72702623269769,6.68731436701968,3065
