seed,dimension,time,fw_time,primal,dual_gap,smallest_dual_gap,iterations
3,810000,3613.877994093,3609.371464817,8.062027415858687e8,2.236528704552698e7,2.1449589465422153e7,619
