seed,dimension,time,fw_time,primal,dual_gap,smallest_dual_gap,iterations
4,160000,3601.372453417,3601.10813694,5.604393746328116e-10,0.9651369598158641,0.9644893264115831,3582
