seed,dimension,time,fw_time,primal,dual_gap,smallest_dual_gap,iterations
2,90000,3600.428549241,3600.147988704,775.2702550691404,5.000286972825928e6,5.040909020565181e6,50859
