seed,dimension,time,fw_time,primal,dual_gap,smallest_dual_gap,iterations
5,10000,3600.010060572,3600.005173607,1.967339480787406e-12,0.1262961397788778,2.3399177642088526e-5,1754896
