seed,dimension,time,fw_time,primal,dual_gap,iterations
3,10000,2.302649336,2.298015014,1.9386888147210803e-12,0.13262250516286211,1654
