seed,dimension,time,fw_time,primal,dual_gap,smallest_dual_gap,iterations,average_iter,std_iter
5,160000,3601.512504663,3601.137414281,5.189784637180887e-10,0.9068867978650343,0.9082311611314605,4490,NaN,NaN
