seed,dimension,time,fw_time,primal,dual_gap,smallest_dual_gap,iterations
1,250000,3603.6553362,3603.042646541,1.4002748586298279e-11,0.14909442484537713,0.11020667958803573,5071
