seed,dimension,time,fw_time,primal,dual_gap,smallest_dual_gap,iterations
5,250000,3601.920314077,3601.406200736,3.5241128043290366e-7,22.285520811778955,22.289735453884926,2889
