seed,dimension,time,fw_time,primal,dual_gap,smallest_dual_gap,iterations
3,360000,3603.272402558,3602.589230143,8.828540846305227e-9,3.671518466980937,3.6678476695907207,2302
