seed,dimension,time,fw_time,primal,dual_gap,smallest_dual_gap,iterations
4,810000,3616.632496842,3610.787925931,2.786735413492368e8,1.0112110189017773e7,8.745343858672142e6,601
