seed,dimension,time,fw_time,primal,dual_gap,smallest_dual_gap,iterations,average_iter,std_iter
3,40000,3600.968362894,3600.821830168,4.117410651360449e-12,0.1321900119432935,0.009567807274642034,6544,0.1520476772616137,0.3590945363049676
