seed,dimension,time,fw_time,primal,dual_gap,smallest_dual_gap,iterations,average_iter,std_iter
3,640000,3615.248412265,3610.95311818,2.677200550661509e8,1.5695342683490276e7,1.4275136051857948e7,781,0.1523687580025608,0.35960825872139657
