seed,dimension,time,fw_time,primal,dual_gap,smallest_dual_gap,iterations
1,40000,3602.392416613,3602.009664815,4.209184173403638e-12,0.13357216188070845,4.3069101757302243e-7,6612
