seed,dimension,time,fw_time,primal,dual_gap,smallest_dual_gap,iterations,average_iter,std_iter
2,40000,3601.524430148,3601.453690879,4.44078660827554e-12,0.1365681056050588,4.3032145836981067e-7,6453,0.15388191538819154,0.38857586842300873
