seed,dimension,time,fw_time,primal,dual_gap,smallest_dual_gap,iterations
2,40000,3601.457300843,3601.117445076,4.2178571356896865e-12,0.13665912592549304,2.1457072411020778e-5,6400
