seed,dimension,time,fw_time,primal,dual_gap,smallest_dual_gap,iterations
4,640000,3614.740484907,3610.136408147,1.1845404074656904e8,1.5082692247640848e7,1.4352136483533144e7,613
