seed,dimension,time,fw_time,primal,dual_gap,smallest_dual_gap,iterations,average_iter,std_iter
3,160000,3601.832428611,3601.572720588,4.471735310012991e-10,0.819585576790558,0.8192870139460319,4805,0.15213319458896982,0.35918732711602475
