seed,dimension,time,fw_time,primal,dual_gap,smallest_dual_gap,iterations
1,810000,3617.201421916,3613.516036431,1.4741078216617966e8,1.9460091438701344e8,1.8655145296339107e8,889
