seed,dimension,time,fw_time,primal,dual_gap,smallest_dual_gap,iterations
5,640000,3615.755017963,3611.855961662,4.289994089510735e7,1.3183924003354836e8,1.5206000561700356e8,874
