seed,dimension,time,fw_time,primal,dual_gap,smallest_dual_gap,iterations
2,360000,3602.112447038,3601.331031451,3.921244223070352e-7,22.17307650932317,21.33965338267811,2846
