seed,dimension,time,fw_time,primal,dual_gap,smallest_dual_gap,iterations
5,640000,3615.924468637,3611.982611223,4.1339655901125506e7,1.3440076210302591e7,1.3532353724411964e7,670
