seed,dimension,time,fw_time,primal,dual_gap,smallest_dual_gap,iterations
2,1000000,3620.215587453,3615.438210509,7.218783479081707e9,9.85809080715561e6,9.232981422718048e6,566
