seed,dimension,time,fw_time,primal,dual_gap,smallest_dual_gap,iterations
1,250000,3602.786710227,3602.456018401,15064.931168168225,3.315606987832643e7,3.415757982410547e7,8389
