seed,dimension,time,fw_time,primal,dual_gap,smallest_dual_gap,iterations
3,360000,3602.344497191,3601.605421517,8.920021092975852e-9,3.644023235763196,3.642233653778449,2295
