seed,dimension,time,fw_time,primal,dual_gap,smallest_dual_gap,iterations,average_iter,std_iter
5,640000,3619.464432162,3614.965955422,4.1578839150343314e7,1.1919278401167274e7,1.2754982166572452e7,689,NaN,NaN
