seed,dimension,time,fw_time,primal,dual_gap,smallest_dual_gap,iterations
1,40000,3602.804474953,3602.373324131,4.2082853308330626e-12,0.13360906965022284,0.0012236744727025363,4177
