seed,dimension,time,fw_time,primal,dual_gap,smallest_dual_gap,iterations
1,90000,3602.422301814,3602.12399209,392.03383578478207,3.818961622813399e6,5.192600593579732e6,45561
