seed,dimension,time,fw_time,primal,dual_gap,smallest_dual_gap,iterations
1,250000,3603.59640216,3603.191216632,3.466326312287888e-7,22.750123178427355,22.728043554394883,2790
