seed,dimension,time,fw_time,primal,dual_gap,smallest_dual_gap,iterations
3,490000,3623.940444708,3619.977715716,0.06746546212202763,19104.083634503535,18838.5014647965,676
