seed,dimension,time,fw_time,primal,dual_gap,smallest_dual_gap,iterations
5,250000,3601.488050352,3601.041806937,1.9267998691885883e-6,51.927328003323694,51.91982280016276,2772
