seed,dimension,time,fw_time,primal,dual_gap,iterations
2,160000,3601.90040744,3601.61095749,2.675632592752691e-10,0.6496739908692207,4743
