seed,dimension,time,fw_time,primal,dual_gap,smallest_dual_gap,iterations
2,490000,3617.652417368,3613.778708591,0.003846559619007664,4235.368871275369,4219.772435194869,689
