seed,dimension,time,fw_time,primal,dual_gap,smallest_dual_gap,iterations
3,40000,3601.344388347,3601.137949529,4.341422206872504e-12,0.13769197097500618,4.408621608031838e-7,6625
