seed,dimension,time,fw_time,primal,dual_gap,smallest_dual_gap,iterations
4,40000,3602.078824608,3601.773574876,4.52941016206228e-12,0.13778194863370846,0.0008222138396477342,4275
