seed,dimension,time,fw_time,primal,dual_gap,smallest_dual_gap,iterations
4,10000,3600.009893633,3600.006752358,2.197821818211373e-12,0.13074041547928356,8.739030253956526e-6,1671507
