seed,dimension,time,fw_time,primal,dual_gap,smallest_dual_gap,iterations
3,160000,3602.084928006,3601.560814952,1.688016981238204e-9,1.7052745063560653,1.7056026047005073,3319
