seed,dimension,time,fw_time,primal,dual_gap,smallest_dual_gap,iterations
2,90000,3601.841934478,3601.44201641,6.529744176082191e-12,0.1438252294501063,0.04010707016861942,3489
