seed,dimension,time,fw_time,primal,dual_gap,smallest_dual_gap,iterations
3,10000,3600.02818553,3600.001464155,0.03386169590954656,24080.061089105606,26034.961830066142,11120146
