seed,dimension,time,fw_time,primal,dual_gap,smallest_dual_gap,iterations,average_iter,std_iter
5,90000,3602.024445626,3601.801688503,7.058030438913724e-12,0.15049501258695103,0.03213662381606551,4833,NaN,NaN
