seed,dimension,time,fw_time,primal,dual_gap,smallest_dual_gap,iterations
5,40000,3601.204401365,3601.045599833,4.271996825310366e-12,0.14344695748905587,2.780811633300125e-5,7088
