seed,dimension,time,fw_time,primal,dual_gap,smallest_dual_gap,iterations
2,640000,3617.604459069,3613.336931808,1.1071972397820878e9,1.2339488706017494e7,9.94965360296154e6,589
