seed,dimension,time,fw_time,primal,dual_gap,smallest_dual_gap,iterations,average_iter,std_iter
3,1000000,3615.660461193,3611.576561522,2.4003389798206315e9,1.2448818631420135e7,1.2008261949580193e7,748,0.15240641711229946,0.35965487779734634
