seed,dimension,time,fw_time,primal,dual_gap,smallest_dual_gap,iterations
3,160000,3601.505583794,3601.247298074,6.247534497836428e-10,1.0289266085048467,1.027154161458424,3514
