seed,dimension,time,fw_time,primal,dual_gap,smallest_dual_gap,iterations,average_iter,std_iter
3,810000,3615.168503249,3609.549040615,8.053489798658341e8,1.740869493881178e7,1.6857252728117943e7,682,NaN,NaN
