seed,dimension,time,fw_time,primal,dual_gap,smallest_dual_gap,iterations
2,90000,3602.600859524,3602.195254242,3.0365911543676124e-10,0.7968707337032268,0.797260308608587,3478
