seed,dimension,time,fw_time,primal,dual_gap,smallest_dual_gap,iterations
1,90000,3603.332426224,3602.814281421,6.254831008328877e-12,0.13306883810087106,0.017012378355416104,3906
