seed,dimension,time,fw_time,primal,dual_gap,smallest_dual_gap,iterations
1,810000,3613.384307364,3608.857587501,1.4440317742611372e8,1.736160782172513e7,1.9095976189581156e7,602
