seed,dimension,time,fw_time,primal,dual_gap,smallest_dual_gap,iterations
2,10000,3.744751144,3.741635037,2.1449007115963083e-12,0.13938034578817138,-0.0005020747791432984,2162
