seed,dimension,time,fw_time,primal,dual_gap,smallest_dual_gap,iterations
5,360000,3602.912356555,3602.087160228,2.7557811864230163e-7,17.443415406829907,17.423858831611746,3791
