seed,dimension,time,fw_time,primal,dual_gap,smallest_dual_gap,iterations
3,10000,2.160958841,2.156306629,2.064738151516693e-12,0.12982015576515288,9.814152006315083e-8,1565
