seed,dimension,time,fw_time,primal,dual_gap,smallest_dual_gap,iterations
3,160000,3601.51868587,3601.191270072,8.558004263099535e-12,0.23710794959490586,0.008814193252393611,5466
