seed,dimension,time,fw_time,primal,dual_gap,smallest_dual_gap,iterations
4,90000,3601.384434876,3601.108263867,6.1863892808465625e-12,0.14152703980363324,0.07579471278479394,5144
