seed,dimension,time,fw_time,primal,dual_gap,smallest_dual_gap,iterations
5,160000,3602.64439254,3602.382125852,4.015987664852867e-8,8.297964792332301,8.310858072683077,3112
