seed,dimension,time,fw_time,primal,dual_gap,smallest_dual_gap,iterations
5,160000,3601.47894461,3601.193598331,3.230921077727781e-8,7.355223985343844,7.347243448160416,3119
