seed,dimension,time,fw_time,primal,dual_gap,smallest_dual_gap,iterations,average_iter,std_iter
4,250000,3601.59243352,3601.123210754,2.4171523509439688e-8,5.354795252734341,5.342248676504276,3975,NaN,NaN
