seed,dimension,time,fw_time,primal,dual_gap,iterations
1,160000,3603.064437787,3602.519720165,3.4623130543507185e-10,0.7273301666655454,4484
