seed,dimension,time,fw_time,primal,dual_gap,iterations
2,1000000,3616.292328985,3612.339035071,7.219665703756741e9,1.5819989037820816e7,727
