seed,dimension,time,fw_time,primal,dual_gap,smallest_dual_gap,iterations
2,62500,3600.457490983,3600.147984923,312.1531884040349,3.492633188543948e6,4.234980118144766e6,42066
