seed,dimension,time,fw_time,primal,dual_gap,smallest_dual_gap,iterations
2,10000,3601.20983003,3601.20537016,2.272460195549373e-12,0.13445131839658434,2.5836083753903374e-5,1552298
