seed,dimension,time,fw_time,primal,dual_gap,smallest_dual_gap,iterations
2,360000,3602.236409472,3601.375399451,2.024627980720715e-7,15.24229206518459,15.257550051814661,3765
