seed,dimension,time,fw_time,primal,dual_gap,smallest_dual_gap,iterations
5,40000,3602.804340179,3602.41865047,1.52155470615048e-10,0.7104699746681846,0.710054658080148,2091
