seed,dimension,time,fw_time,primal,dual_gap,smallest_dual_gap,iterations
5,10000,3600.00876515,3600.005653794,2.135187589172127e-12,0.1330831786511667,1.8931990836315873e-5,1735615
