seed,dimension,time,fw_time,primal,dual_gap,smallest_dual_gap,iterations
3,40000,3601.581324474,3601.305679822,3.790436919578014e-12,0.12812652385036627,0.016436042524063554,4253
