seed,dimension,time,fw_time,primal,dual_gap,smallest_dual_gap,iterations,average_iter,std_iter
3,160000,3601.932445708,3601.60237866,9.981383111366888e-10,1.2192386898804268,1.2567441404157338,4526,NaN,NaN
