seed,dimension,time,fw_time,primal,dual_gap,smallest_dual_gap,iterations
4,810000,3615.068450972,3610.61196325,2.789436245310132e8,1.4850633672977924e7,1.5969343543420792e7,739
