seed,dimension,time,fw_time,primal,dual_gap,iterations
5,250000,3601.708411876,3601.298089544,8.118842609511444e-8,9.781238762521195,4139
