seed,dimension,time,fw_time,primal,dual_gap,iterations
3,360000,3602.838954758,3601.997787416,1.758224447620762e-10,0.45621204936312165,3684
