seed,dimension,time,fw_time,primal,dual_gap,smallest_dual_gap,iterations,average_iter,std_iter
5,640000,3614.144464861,3608.309741413,4.154003954926924e7,1.2127012453391433e7,1.1367179095698833e7,740,0.1527027027027027,0.35994397886660123
