seed,dimension,time,fw_time,primal,dual_gap,smallest_dual_gap,iterations
2,490000,3622.830954975,3617.297629539,0.014681839626513824,8644.00716874108,8658.977619285455,716
