seed,dimension,time,fw_time,primal,dual_gap,smallest_dual_gap,iterations,average_iter,std_iter
5,160000,3601.624468895,3601.349228373,4.38230156104479e-10,0.8159306595899062,0.8336610202054088,4633,0.15216922080725231,0.3592236096853502
