seed,dimension,time,fw_time,primal,dual_gap,smallest_dual_gap,iterations
4,360000,3602.232392285,3601.764550195,1.5162971252206492e-7,12.947604171560197,12.811959809598433,3790
