seed,dimension,time,fw_time,primal,dual_gap,smallest_dual_gap,iterations
2,160000,3601.656407782,3601.295808949,1.4687631057886776e-10,0.4905503113570235,0.4898306913417976,3630
