seed,dimension,time,fw_time,primal,dual_gap,smallest_dual_gap,iterations
5,10000,3600.003783716,3600.001689733,0.0695886867511101,28762.864704307543,27565.175759798894,9770816
