seed,dimension,time,fw_time,primal,dual_gap,smallest_dual_gap,iterations,average_iter,std_iter
4,10000,3601.067981898,3601.06314194,2.0598933446787147e-12,0.1304478460219612,4.354097209698527e-6,1512711,0.1520105294401905,0.37401737360731957
