seed,dimension,time,fw_time,primal,dual_gap,smallest_dual_gap,iterations
5,160000,3601.956429443,3601.608941642,2.6205610376701338e-8,6.46456252869998,6.454957054523445,3202
