seed,dimension,time,fw_time,primal,dual_gap,smallest_dual_gap,iterations
1,490000,3622.058741366,3617.851719191,0.008857331373628633,6781.530536381948,6730.181095196903,670
