seed,dimension,time,fw_time,primal,dual_gap,smallest_dual_gap,iterations
5,90000,3600.591108181,3600.199979968,727.6322308860551,5.358097818516956e6,4.639350676882838e6,44386
