seed,dimension,time,fw_time,primal,dual_gap,smallest_dual_gap,iterations
4,810000,3616.046921784,3611.456796053,2.783756332411137e8,6.653643921345234e6,7.354352005414963e6,629
