seed,dimension,time,fw_time,primal,dual_gap,smallest_dual_gap,iterations
1,1000000,3613.968317944,3608.479328952,1.6254002955180368e9,2.62134668109293e7,2.7836398224194527e7,621
