seed,dimension,time,fw_time,primal,dual_gap,smallest_dual_gap,iterations
1,250000,3603.940370284,3603.515477548,5.099721623309883e-7,28.156854361216563,27.981393286836322,2651
