seed,dimension,time,fw_time,primal,dual_gap,smallest_dual_gap,iterations
4,360000,3602.5350186,3601.763623736,1.964048509247129e-8,4.888203806469987,4.887849515936622,3684
