seed,dimension,time,fw_time,primal,dual_gap,smallest_dual_gap,iterations
2,640000,3616.626394251,3611.622976431,1.1068330054177408e9,6.9692910875377655e6,6.922370493819237e6,797
