seed,dimension,time,fw_time,primal,dual_gap,smallest_dual_gap,iterations
3,40000,3601.376440812,3601.021333396,3.9300075970363435e-12,0.13050796653134955,0.004921920301320926,4472
