seed,dimension,time,fw_time,primal,dual_gap,smallest_dual_gap,iterations
3,1000000,3614.041308104,3609.356059143,2.3994721611741796e9,1.0697520435902405e8,1.1766591183079433e8,856
