seed,dimension,time,fw_time,primal,dual_gap,smallest_dual_gap,iterations
5,10000,1.970964175,1.967265557,2.09403153250725e-12,0.13484247297681437,-0.011188905833996659,1168
