seed,dimension,time,fw_time,primal,dual_gap,smallest_dual_gap,iterations
2,90000,3601.288438752,3601.150142561,6.099989676110787e-12,0.14574182318009798,0.015347548544623458,3839
