seed,dimension,time,fw_time,primal,dual_gap,smallest_dual_gap,iterations
4,10000,3601.063954155,3601.058424547,1.9778796352401267e-12,0.1306153304499577,5.057684321358575e-6,1813057
