seed,dimension,time,fw_time,primal,dual_gap,smallest_dual_gap,iterations
5,640000,3626.359834624,3619.420129172,4.16147167353517e7,1.4910097339790583e7,1.4132825369308472e7,452
