seed,dimension,time,fw_time,primal,dual_gap,smallest_dual_gap,iterations
4,810000,3616.144564928,3611.520907986,2.7873780697693723e8,1.3770697601288795e7,1.181153650794506e7,641
