seed,dimension,time,fw_time,primal,dual_gap,smallest_dual_gap,iterations,average_iter,std_iter
2,640000,3616.112531656,3611.375412299,1.1077933034904263e9,1.328754608364582e7,1.2833904716936111e7,776,0.15206185567010308,0.35931242767968385
