seed,dimension,time,fw_time,primal,dual_gap,smallest_dual_gap,iterations,average_iter,std_iter
4,640000,3613.072407706,3609.123150644,1.1878216260362922e8,1.4602429782572031e7,1.6290470308483839e7,776,0.15206185567010308,0.35931242767968385
