seed,dimension,time,fw_time,primal,dual_gap,smallest_dual_gap,iterations
4,1000000,3620.664402819,3615.717633689,1.5896683450587277e9,1.6449353521115303e7,1.822850107630062e7,570
