seed,dimension,time,fw_time,primal,dual_gap,smallest_dual_gap,iterations
3,490000,3617.53250238,3613.347691395,0.09590915642860788,22115.49942764147,24670.218917755465,659
