seed,dimension,time,fw_time,primal,dual_gap,smallest_dual_gap,iterations
5,490000,3615.064425982,3611.386548028,0.12250481348612502,26561.5144252202,26408.259439820948,658
