seed,dimension,time,fw_time,primal,dual_gap,smallest_dual_gap,iterations
5,490000,3616.044266865,3611.69879951,0.1909861677835896,36450.98929606168,37112.39999000546,614
