seed,dimension,time,fw_time,primal,dual_gap,smallest_dual_gap,iterations
4,10000,3601.054504269,3601.051367185,2.170526821255756e-12,0.129699639487689,3.603755646901136e-7,1699397
