seed,dimension,time,fw_time,primal,dual_gap,smallest_dual_gap,iterations
3,810000,3617.591184172,3612.340864345,8.079471166274946e8,3.1808887382503033e7,3.141122025247526e7,574
