seed,dimension,time,fw_time,primal,dual_gap,smallest_dual_gap,iterations
5,90000,3601.260428096,3600.993401065,5.973491414110042e-12,0.1640890758744804,0.01140992412002969,3768
