seed,dimension,time,fw_time,primal,dual_gap,smallest_dual_gap,iterations
3,810000,3614.409799948,3608.163858425,8.051440519252325e8,1.4396131648747444e7,1.5379705040654182e7,815
