seed,dimension,time,fw_time,primal,dual_gap,smallest_dual_gap,iterations,average_iter,std_iter
4,90000,3601.872437362,3601.67854197,6.747037231567742e-12,0.161503644197436,0.02867442516551613,5185,0.15216972034715526,0.359219965390464
