seed,dimension,time,fw_time,primal,dual_gap,smallest_dual_gap,iterations
1,90000,3602.848449454,3602.400907876,6.6470385895026934e-12,0.13883716720186412,0.08502977368777684,5117
