seed,dimension,time,fw_time,primal,dual_gap,smallest_dual_gap,iterations
4,640000,3614.716396308,3610.323007162,1.1928628429857804e8,2.0569220399214983e7,1.9774130544006824e7,847
