seed,dimension,time,fw_time,primal,dual_gap,smallest_dual_gap,iterations
3,40000,3601.052455863,3600.89741833,4.656678036175969e-12,0.13711235976779704,0.0017377691251099382,4335
