seed,dimension,time,fw_time,primal,dual_gap,smallest_dual_gap,iterations,average_iter,std_iter
2,10000,2.541854827,2.538792844,2.1863019845417877e-12,0.13451282235382506,9.89384169940332e-8,1676,0.15214797136038186,0.3592714579248736
