seed,dimension,time,fw_time,primal,dual_gap,smallest_dual_gap,iterations
5,2500,3600.003384409,3600.001109223,0.01222390575808037,12874.441529136568,13109.339939655416,18851493
