seed,dimension,time,fw_time,primal,dual_gap,smallest_dual_gap,iterations
1,640000,3615.140347562,3610.768877295,4.647106378036105e8,3.208170926785183e7,2.7973960341140747e7,618
