seed,dimension,time,fw_time,primal,dual_gap,smallest_dual_gap,iterations
4,490000,3620.707013341,3616.935557269,0.09494279942383849,21518.680403402468,21449.307208190345,667
