seed,dimension,time,fw_time,primal,dual_gap,iterations
1,640000,3615.908450666,3611.419423742,4.647357349655919e8,3.089007688274479e7,823
