seed,dimension,time,fw_time,primal,dual_gap,smallest_dual_gap,iterations
2,810000,3616.920400777,3612.583535641,6.006310716793449e8,2.295613415945244e7,2.0106605780845165e7,736
