seed,dimension,time,fw_time,primal,dual_gap,smallest_dual_gap,iterations
2,1000000,3622.888552483,3617.300502611,7.219929034825315e9,1.5647522701957703e7,1.6547075885671616e7,565
