seed,dimension,time,fw_time,primal,dual_gap,smallest_dual_gap,iterations
5,1000000,3614.350194915,3610.195883087,6.230165329311353e8,1.4457639615839481e7,1.477307038820839e7,882
