seed,dimension,time,fw_time,primal,dual_gap,smallest_dual_gap,iterations
4,810000,3618.748356501,3614.181334058,2.794227815862534e8,1.6920205675330162e7,1.588067579711485e7,662
