seed,dimension,time,fw_time,primal,dual_gap,smallest_dual_gap,iterations,average_iter,std_iter
1,360000,3602.660368728,3602.129391282,4.728527853248334e-7,20.080741719173787,19.96300125743616,3871,0.1521570653577887,0.35921946985162323
