seed,dimension,time,fw_time,primal,dual_gap,smallest_dual_gap,iterations
3,1000000,3616.440463742,3611.033357912,2.3992612353703856e9,1.2566763063648224e7,1.2941290153281212e7,594
