seed,dimension,time,fw_time,primal,dual_gap,smallest_dual_gap,iterations
2,1000000,3617.896551612,3612.628052292,7.219457371377924e9,1.3517741017177582e7,1.454610822168541e7,584
