seed,dimension,time,fw_time,primal,dual_gap,iterations
2,90000,3601.240369287,3601.023283537,6.3190802518946494e-12,0.133043034689816,5576
