seed,dimension,time,fw_time,primal,dual_gap,smallest_dual_gap,iterations
1,90000,3603.240454496,3602.762539143,5.993869089523796e-12,0.1352542277326916,0.021519907284915922,3826
