seed,dimension,time,fw_time,primal,dual_gap,smallest_dual_gap,iterations
4,360000,3601.864384556,3601.179722718,2.1057379392496888e-7,16.450181403657563,17.424728296059573,2955
