seed,dimension,time,fw_time,primal,dual_gap,smallest_dual_gap,iterations,average_iter,std_iter
1,40000,3603.588492319,3603.189753198,3.8892717580696205e-12,0.12991902598259858,0.0018411225976913814,5985,NaN,NaN
