seed,dimension,time,fw_time,primal,dual_gap,smallest_dual_gap,iterations
3,490000,3621.653424456,3616.736552851,0.005780368638160179,4893.638732206115,4901.7778843973265,742
