seed,dimension,time,fw_time,primal,dual_gap,smallest_dual_gap,iterations
5,40000,3602.380420413,3602.069549378,4.354654379254499e-12,0.1359854332806712,2.731787905816316e-7,3887
