seed,dimension,time,fw_time,primal,dual_gap,smallest_dual_gap,iterations,average_iter,std_iter
2,160000,3601.384386799,3601.076420686,2.1506129648843744e-10,0.587397691383689,0.5879493648052839,4744,0.15219224283305227,0.3592449976072414
