seed,dimension,time,fw_time,primal,dual_gap,smallest_dual_gap,iterations
4,1000000,3625.164598468,3617.070131806,1.5918729379477746e9,5.366120988171196e7,5.57202387179327e7,407
