seed,dimension,time,fw_time,primal,dual_gap,smallest_dual_gap,iterations
5,360000,3603.512411612,3602.624820773,7.647114240094379e-6,103.21897342504374,110.47242783091761,2396
