seed,dimension,time,fw_time,primal,dual_gap,smallest_dual_gap,iterations
5,360000,3602.894796302,3602.312387697,6.935460809610949e-6,98.71457649078351,97.85946353650895,2357
