seed,dimension,time,fw_time,primal,dual_gap,smallest_dual_gap,iterations
5,90000,3601.699453493,3601.414420112,6.102490574658038e-12,0.1325499463268405,0.01878873323108483,3651
