seed,dimension,time,fw_time,primal,dual_gap,smallest_dual_gap,iterations
2,160000,3601.117718704,3600.818516658,5280.495719803883,1.4375558200867346e7,1.687226687396866e7,14441
