seed,dimension,time,fw_time,primal,dual_gap,smallest_dual_gap,iterations
2,90000,3601.714638391,3601.366711096,5.849831238169192e-12,0.13107209292931696,0.009367456721532167,5653
