seed,dimension,time,fw_time,primal,dual_gap,smallest_dual_gap,iterations
5,90000,3601.544313165,3601.198628727,6.6322891574301205e-12,0.14313372583972347,6.8615592696158845e-6,5649
