seed,dimension,time,fw_time,primal,dual_gap,iterations
5,1000000,3612.080375766,3607.210609186,6.23577549510914e8,1.7726550392757416e7,725
