seed,dimension,time,fw_time,primal,dual_gap,smallest_dual_gap,iterations,average_iter,std_iter
5,360000,3602.808503603,3602.229415682,2.8676556860597016e-7,17.655394117643077,18.889208143969707,3688,NaN,NaN
