seed,dimension,time,fw_time,primal,dual_gap,smallest_dual_gap,iterations
1,90000,3602.98439062,3602.532811121,6.554698109802136e-12,0.13715549563065482,0.03507786578902167,3659
