seed,dimension,time,fw_time,primal,dual_gap,smallest_dual_gap,iterations
4,10000,3600.003784041,3600.001756076,0.06233844604948485,26489.927347186687,28894.52976206917,9974384
