seed,dimension,time,fw_time,primal,dual_gap,smallest_dual_gap,iterations
3,640000,3617.075677716,3610.467217114,2.6795944079806292e8,1.5976367382431507e7,1.4352452299369812e7,843
