seed,dimension,time,fw_time,primal,dual_gap,smallest_dual_gap,iterations,average_iter,std_iter
1,90000,3601.681584915,3601.155236805,7.242463918257611e-12,0.14135309938842505,0.04531507918498191,4986,0.15202567188126756,0.3590817836158974
