seed,dimension,time,fw_time,primal,dual_gap,smallest_dual_gap,iterations
5,40000,2314.502810585,2314.249664191,4.327207677184217e-12,0.27905365219508693,9.952018116459022e-8,4484
