seed,dimension,time,fw_time,primal,dual_gap,smallest_dual_gap,iterations
1,160000,3603.780414627,3603.310938695,1.694294315460097e-8,5.236898529610744,5.402457897592142,3160
