seed,dimension,time,fw_time,primal,dual_gap,smallest_dual_gap,iterations
5,90000,3601.604153831,3601.239129489,6.189272912429182e-12,0.15622380608533953,0.00011629243050917946,5929
