seed,dimension,time,fw_time,primal,dual_gap,smallest_dual_gap,iterations
2,90000,3601.620412951,3601.483340018,6.673570247657515e-12,0.13868513768993748,0.024563345248664943,5069
