seed,dimension,time,fw_time,primal,dual_gap,smallest_dual_gap,iterations
4,640000,3616.732420009,3612.927080414,1.1870752509842303e8,1.882604049283552e7,1.8671851152266502e7,587
