seed,dimension,time,fw_time,primal,dual_gap,smallest_dual_gap,iterations
2,160000,3601.352416368,3601.061085716,1.3035242440401344e-8,4.609323371763548,4.605753250266699,3368
