seed,dimension,time,fw_time,primal,dual_gap,smallest_dual_gap,iterations
3,640000,3616.868386669,3612.448957179,2.67801220638055e8,2.124855719477606e7,2.2214959232434273e7,689
