seed,dimension,time,fw_time,primal,dual_gap,smallest_dual_gap,iterations
4,250000,3602.540424548,3602.030638274,3.3866163070201425e-8,6.933543347168699,6.9351349980227,3042
