seed,dimension,time,fw_time,primal,dual_gap,iterations
2,810000,3615.152353335,3611.445564615,6.022972985804824e8,2.385642969597578e7,798
