seed,dimension,time,fw_time,primal,dual_gap,smallest_dual_gap,iterations
1,160000,3602.906949336,3602.425547864,9.54177832137832e-9,3.9131571595564183,3.906288199735968,3352
