seed,dimension,time,fw_time,primal,dual_gap,smallest_dual_gap,iterations,average_iter,std_iter
5,490000,3622.012627504,3616.53054434,0.064142180358333,18564.07068719841,18156.363660164825,728,0.15247252747252749,0.35972545975633186
