seed,dimension,time,fw_time,primal,dual_gap,smallest_dual_gap,iterations
1,360000,3603.523048933,3602.877356083,8.486059624690276e-8,10.275848587088515,9.907191432067698,3700
