seed,dimension,time,fw_time,primal,dual_gap,smallest_dual_gap,iterations
2,360000,3601.696441019,3601.298891125,8.176959118826531e-7,32.282648976495906,35.2703041927019,2572
