seed,dimension,time,fw_time,primal,dual_gap,smallest_dual_gap,iterations
5,640000,3613.032277926,3609.449571797,4.201589454731038e7,2.0890655589283943e7,1.794925767623961e7,847
