seed,dimension,time,fw_time,primal,dual_gap,iterations
3,810000,3615.604409615,3611.470340664,8.063108670809761e8,2.3408046542981625e7,802
