seed,dimension,time,fw_time,primal,dual_gap,smallest_dual_gap,iterations
5,10000,91.288483692,91.28169374,2.1030850966631814e-12,0.13956511946530345,9.998247338228264e-8,50138
