seed,dimension,time,fw_time,primal,dual_gap,smallest_dual_gap,iterations
4,40000,3602.36441045,3602.090201402,3.909285874502662e-12,0.13451199711652484,0.00010557466164927214,4091
