seed,dimension,time,fw_time,primal,dual_gap,smallest_dual_gap,iterations
2,810000,3614.592454337,3610.310347735,6.007459455007495e8,2.145137617763281e7,2.1880009828912735e7,667
