seed,dimension,time,fw_time,primal,dual_gap,smallest_dual_gap,iterations
3,1000000,3617.68179819,3612.393056007,2.400005943353033e9,2.223338960149002e7,2.0393016732979774e7,565
