seed,dimension,time,fw_time,primal,dual_gap,smallest_dual_gap,iterations
5,62500,3600.435051861,3600.191980037,571.2557755361939,4.968623752389215e6,4.275650438920229e6,43069
