seed,dimension,time,fw_time,primal,dual_gap,smallest_dual_gap,iterations,average_iter,std_iter
4,40000,3602.1162367,3601.56899382,4.464684448762363e-12,0.1349182336901276,0.004999557742023852,3793,0.15212233060901661,0.3591867775258705
