seed,dimension,time,fw_time,primal,dual_gap,smallest_dual_gap,iterations
3,40000,3602.199454311,3601.858874202,4.3248146047343245e-12,0.14417738450411202,2.866629339471124e-7,5326
