seed,dimension,time,fw_time,primal,dual_gap,smallest_dual_gap,iterations
2,10000,2.779967364,2.776384874,2.288689890362e-12,0.13921073214047713,9.923766314022133e-8,1788
