seed,dimension,time,fw_time,primal,dual_gap,smallest_dual_gap,iterations
1,810000,3620.362097771,3614.989217628,1.441894891391961e8,1.6395328026403189e7,1.787422006512761e7,733
