seed,dimension,time,fw_time,primal,dual_gap,iterations
3,490000,3617.380341414,3613.380327752,0.029792299143207513,12344.784371546826,785
