seed,dimension,time,fw_time,primal,dual_gap,smallest_dual_gap,iterations
4,810000,3616.160551337,3612.466681725,2.7915476375215614e8,1.5106618724363327e7,1.7581197290743828e7,604
