seed,dimension,time,fw_time,primal,dual_gap,smallest_dual_gap,iterations
4,490000,3613.223735166,3608.37589134,1.0853898317903369e6,1.9121471818942037e8,1.8472183721425954e8,993
