seed,dimension,time,fw_time,primal,dual_gap,smallest_dual_gap,iterations
4,810000,3615.356410116,3608.961283803,2.788965088660557e8,1.8818301865679264e7,1.6389328113196373e7,645
