seed,dimension,time,fw_time,primal,dual_gap,smallest_dual_gap,iterations,average_iter,std_iter
4,40000,3601.796416765,3601.649689564,4.595173760689718e-12,0.1421369304001605,4.6042895175915704e-7,6306,0.15207738661592135,0.3591243616008459
