seed,dimension,time,fw_time,primal,dual_gap,smallest_dual_gap,iterations,average_iter,std_iter
4,360000,3602.322967625,3601.805470456,2.0959889569167507e-7,15.300479291133248,15.267314997716984,3658,NaN,NaN
