seed,dimension,time,fw_time,primal,dual_gap,smallest_dual_gap,iterations
4,360000,3601.928461197,3601.060669347,6.294542072023909e-7,29.11970364883414,29.08515623506133,2564
