seed,dimension,time,fw_time,primal,dual_gap,smallest_dual_gap,iterations
2,810000,3615.230189376,3610.660480994,5.998884509085158e8,2.495466536720562e7,2.745729857456684e7,788
