seed,dimension,time,fw_time,primal,dual_gap,smallest_dual_gap,iterations
1,640000,3617.755372942,3613.472898917,4.63426511926018e8,2.3992270645968914e7,2.6225731305812836e7,619
