seed,dimension,time,fw_time,primal,dual_gap,smallest_dual_gap,iterations
3,40000,3601.636383432,3601.395646719,4.3159040658349836e-12,0.13266693500601826,0.0006046405775212138,4583
