seed,dimension,time,fw_time,primal,dual_gap,smallest_dual_gap,iterations
3,810000,3623.400414521,3615.82719276,8.077855659958574e8,2.9719679855835915e7,2.901229731844139e7,416
