seed,dimension,time,fw_time,primal,dual_gap,smallest_dual_gap,iterations
4,250000,3601.41905567,3601.155867861,12806.4805438971,2.137059961366361e7,2.303092179556158e7,7512
