seed,dimension,time,fw_time,primal,dual_gap,smallest_dual_gap,iterations
1,640000,3615.972378312,3611.76970099,4.646753984432567e8,2.977378595657158e7,2.7691542985341072e7,648
