seed,dimension,time,fw_time,primal,dual_gap,smallest_dual_gap,iterations
2,10000,3600.003995554,3600.001899198,0.08224066635535908,33645.86548513565,32900.96522497057,9689805
