seed,dimension,time,fw_time,primal,dual_gap,smallest_dual_gap,iterations,average_iter,std_iter
5,90000,3601.658496736,3601.191129731,6.81977711486054e-12,0.17380593184281093,0.02899223861544052,4905,0.15208970438328237,0.35914443164757087
