seed,dimension,time,fw_time,primal,dual_gap,smallest_dual_gap,iterations
3,810000,3617.484495034,3613.875301822,8.070077143018526e8,2.26896742525115e7,2.180807559110737e7,595
