seed,dimension,time,fw_time,primal,dual_gap,smallest_dual_gap,iterations
4,10000,5.086359697,5.051508084,2.0073643642494096e-12,0.1345028126910391,9.72659335779848e-8,3215
