seed,dimension,time,fw_time,primal,dual_gap,smallest_dual_gap,iterations
5,360000,3603.0236782,3602.416572905,1.022680319818534e-6,40.56959228537064,40.61839749535861,2569
