seed,dimension,time,fw_time,primal,dual_gap,smallest_dual_gap,iterations
4,160000,3602.324392774,3602.046289608,3.8747883614722814e-10,0.7778139177644006,0.8006948523610438,3714
