seed,dimension,time,fw_time,primal,dual_gap,smallest_dual_gap,iterations
1,360000,3602.472396048,3602.038784767,1.1072377310312264e-6,36.15470926237105,33.644170346910876,2953
