seed,dimension,time,fw_time,primal,dual_gap,smallest_dual_gap,iterations
5,640000,3616.916442463,3611.966152302,4.1455161149321176e7,1.3813047526113153e7,1.424846369409883e7,600
