seed,dimension,time,fw_time,primal,dual_gap,smallest_dual_gap,iterations
3,1000000,3621.444373988,3615.833120677,2.399377636811484e9,9.84994999008751e6,1.1274352986351013e7,583
