seed,dimension,time,fw_time,primal,dual_gap,smallest_dual_gap,iterations
3,160000,3602.356440087,3602.023411517,4.728646679297137e-8,8.672918405282774,8.670511509469893,3188
