seed,dimension,time,fw_time,primal,dual_gap,smallest_dual_gap,iterations
2,1000000,3619.168588288,3614.202335423,7.219586711385838e9,1.03705858497715e7,1.2673894576978683e7,620
