seed,dimension,time,fw_time,primal,dual_gap,smallest_dual_gap,iterations
1,360000,3604.276469669,3603.355960819,1.7425430034595407e-5,156.62724378997268,156.60081057144822,2332
