seed,dimension,time,fw_time,primal,dual_gap,smallest_dual_gap,iterations,average_iter,std_iter
5,250000,3602.260481065,3601.694044565,9.044537877274341e-8,10.328668047984959,10.338675063299615,4026,NaN,NaN
