seed,dimension,time,fw_time,primal,dual_gap,smallest_dual_gap,iterations
1,160000,3603.00442551,3602.531053315,2.419689852471999e-10,0.6051540064489718,0.621474108161471,4600
