seed,dimension,time,fw_time,primal,dual_gap,smallest_dual_gap,iterations
5,22500,3600.525331852,3600.136000606,165.01401046893514,3.349611465434525e6,3.2530546864138017e6,46466
