seed,dimension,time,fw_time,primal,dual_gap,smallest_dual_gap,iterations
4,490000,3624.568475202,3620.814563402,0.05437196147505045,15643.905517559393,15612.643421864092,710
