seed,dimension,time,fw_time,primal,dual_gap,smallest_dual_gap,iterations
3,640000,3616.788480945,3612.802920215,2.6929974321683717e8,2.13324361153512e7,2.21786558275733e7,649
