seed,dimension,time,fw_time,primal,dual_gap,smallest_dual_gap,iterations
3,10000,2.677165283,2.673682284,2.1139770884833237e-12,0.13213633307860642,9.88929085733954e-8,1577
