seed,dimension,time,fw_time,primal,dual_gap,smallest_dual_gap,iterations
4,40000,2776.683410344,2776.385953011,4.8984541635005836e-12,0.3388475525311715,-0.00312468275042582,4823
