seed,dimension,time,fw_time,primal,dual_gap,smallest_dual_gap,iterations
5,1000000,3615.000388083,3609.914183639,6.227288059802102e8,8.137805991607666e6,7.770550828083515e6,745
