seed,dimension,time,fw_time,primal,dual_gap,smallest_dual_gap,iterations
4,360000,3601.779724208,3601.019430835,3.927792749948456e-6,75.707113194574,75.57369401039072,2417
