seed,dimension,time,fw_time,primal,dual_gap,smallest_dual_gap,iterations
5,160000,3601.284378038,3600.911618458,1.4725228870520615e-10,0.498461965052346,0.49204778850909986,3728
