seed,dimension,time,fw_time,primal,dual_gap,smallest_dual_gap,iterations
2,40000,3602.748463148,3602.493050066,1.1082942157341492e-9,1.905954967180991,1.9054555042240828,2144
