seed,dimension,time,fw_time,primal,dual_gap,smallest_dual_gap,iterations
3,10000,1.347858405,1.343488018,2.145828268291132e-12,0.13159371042259346,9.921887940189957e-8,925
