seed,dimension,time,fw_time,primal,dual_gap,iterations
3,640000,3612.284425487,3608.679572088,2.6774607100265396e8,1.249874305799675e7,831
