seed,dimension,time,fw_time,primal,dual_gap,smallest_dual_gap,iterations
5,10000,3.955446087,3.912138096,2.2877339496413827e-12,0.1395275173602665,9.971423429025227e-8,2363
