seed,dimension,time,fw_time,primal,dual_gap,smallest_dual_gap,iterations
1,490000,3620.296467973,3614.091743664,0.11274459522175576,24353.792616149556,27307.11299825269,611
