seed,dimension,time,fw_time,primal,dual_gap,smallest_dual_gap,iterations
4,360000,3601.442463071,3601.023944052,22743.5123155108,3.1242432432691738e7,3.119859244761521e7,9216
