seed,dimension,time,fw_time,primal,dual_gap,smallest_dual_gap,iterations
4,10000,2.044880396,2.040477357,2.1940755403782122e-12,0.13742952924059534,-0.009708496793785056,1202
