seed,dimension,time,fw_time,primal,dual_gap,smallest_dual_gap,iterations
3,40000,3602.047145112,3601.40377461,4.365291637026737e-12,0.13761149303737225,2.739917753622796e-7,5675
