seed,dimension,time,fw_time,primal,dual_gap,smallest_dual_gap,iterations
5,1000000,3616.228417817,3612.423453088,6.242898828431392e8,1.6135988041454792e7,1.85245607885046e7,631
