seed,dimension,time,fw_time,primal,dual_gap,smallest_dual_gap,iterations,average_iter,std_iter
4,160000,3601.832418203,3601.554714022,4.68492918975219e-10,0.8340192058029018,0.8346088374147672,4770,0.15220125786163521,0.3592535208164408
