seed,dimension,time,fw_time,primal,dual_gap,smallest_dual_gap,iterations
5,10000,3.408552715,3.405766058,1.894265823650479e-12,0.1346605575484815,9.998765308143098e-8,2183
