seed,dimension,time,fw_time,primal,dual_gap,smallest_dual_gap,iterations
3,640000,3617.779150443,3613.120141777,2.686492771255654e8,1.6620449825335026e7,1.5144047642082214e7,696
