seed,dimension,time,fw_time,primal,dual_gap,smallest_dual_gap,iterations,average_iter,std_iter
2,90000,3601.460428494,3601.134206895,6.488870386640822e-12,0.14350096746041985,0.018407829140122803,5207,0.15210293835221816,0.35915512996602883
