seed,dimension,time,fw_time,primal,dual_gap,smallest_dual_gap,iterations
5,810000,3612.914069887,3608.963846504,1.8445288668437877e9,1.2227247915176296e8,1.1608140462920189e8,878
