seed,dimension,time,fw_time,primal,dual_gap,smallest_dual_gap,iterations,average_iter,std_iter
1,810000,3614.860394269,3610.710419281,1.4434560294015047e8,1.7405407026795864e7,1.8580672779372692e7,714,NaN,NaN
