seed,dimension,time,fw_time,primal,dual_gap,smallest_dual_gap,iterations
5,40000,3601.509933769,3601.100357429,4.6231141524768724e-12,0.13971732151954783,0.0002236959895569736,4313
