seed,dimension,time,fw_time,primal,dual_gap,smallest_dual_gap,iterations
1,250000,3602.96075095,3602.46435226,1.7350106324627892e-8,4.974995593025767,4.790694134588197,3064
