seed,dimension,time,fw_time,primal,dual_gap,smallest_dual_gap,iterations
4,40000,3600.876371272,3600.721826332,3.761123924927438e-12,0.13438904772541171,0.0449741240748118,5106
