seed,dimension,time,fw_time,primal,dual_gap,smallest_dual_gap,iterations
2,250000,3601.888331762,3601.521748943,1.7206880139295863e-8,4.717735226415774,4.888419154431512,3032
