seed,dimension,time,fw_time,primal,dual_gap,smallest_dual_gap,iterations
4,160000,3601.758909221,3601.452425429,2.3256777856279712e-10,0.6209496126086064,0.6364325294678479,3801
