seed,dimension,time,fw_time,primal,dual_gap,smallest_dual_gap,iterations
5,810000,3613.67882304,3608.696866149,1.842162139893193e9,9.09817121420002e6,8.541631799411774e6,619
