seed,dimension,time,fw_time,primal,dual_gap,smallest_dual_gap,iterations
1,90000,3603.671295859,3603.29062947,7.943723412965287e-10,1.2728522974667937,1.2728863124518897,3435
