seed,dimension,time,fw_time,primal,dual_gap,smallest_dual_gap,iterations
5,160000,3602.300414753,3601.762911325,1.1226030980998242e-10,0.43327166601007544,0.4479087018763574,3739
