seed,dimension,time,fw_time,primal,dual_gap,smallest_dual_gap,iterations,average_iter,std_iter
2,250000,3601.980330406,3601.40968049,7.880684569043305e-9,3.1576758719346363,3.150815301668439,4147,0.15215818664094527,0.3592174671016194
