seed,dimension,time,fw_time,primal,dual_gap,smallest_dual_gap,iterations
2,40000,3600.984411695,3600.909039059,4.5034152849400165e-12,0.14081963518405494,0.00041832818653868395,4526
