seed,dimension,time,fw_time,primal,dual_gap,smallest_dual_gap,iterations,average_iter,std_iter
3,250000,3602.392402738,3601.850478297,1.4813434861206005e-8,4.29246539701934,4.300549114201086,4149,0.15208483972041456,0.3591463903952656
