seed,dimension,time,fw_time,primal,dual_gap,smallest_dual_gap,iterations
1,490000,3624.895065648,3620.735620826,0.07078385462386247,20395.214900404037,20375.295545920715,650
