seed,dimension,time,fw_time,primal,dual_gap,smallest_dual_gap,iterations
5,490000,3616.600288331,3612.265904057,0.019555128484850467,8551.939721254892,8545.38470967156,699
