seed,dimension,time,fw_time,primal,dual_gap,smallest_dual_gap,iterations
1,160000,3603.580480983,3603.178423535,1.954110473946212e-8,5.736686038277959,5.736656715440244,3116
