seed,dimension,time,fw_time,primal,dual_gap,smallest_dual_gap,iterations,average_iter,std_iter
3,1000000,3618.292554326,3612.269378733,2.3996809109238324e9,1.6251859994163513e7,1.6453345928865433e7,649,NaN,NaN
