seed,dimension,time,fw_time,primal,dual_gap,smallest_dual_gap,iterations
4,90000,3601.483145953,3601.142293402,6.492195832885487e-12,0.1441609345264931,1.861655432544975e-5,5735
