seed,dimension,time,fw_time,primal,dual_gap,smallest_dual_gap,iterations
5,640000,3623.292559529,3616.394602113,4.225171639179876e7,2.2404872839844346e7,1.9458506417918324e7,512
