seed,dimension,time,fw_time,primal,dual_gap,smallest_dual_gap,iterations
1,1000000,3618.956395514,3614.621174108,1.625349411779411e9,2.1604010448357582e7,2.1652180052064896e7,617
