seed,dimension,time,fw_time,primal,dual_gap,smallest_dual_gap,iterations
2,40000,3601.388400753,3601.021495019,6.778794099332278e-11,0.4565991804299822,0.45671012753075335,2543
