seed,dimension,time,fw_time,primal,dual_gap,smallest_dual_gap,iterations,average_iter,std_iter
5,10000,2.638279306,2.63376649,2.155792680560188e-12,0.13256767808403008,-0.003563919176811364,1710,0.1521357519016969,0.35925754862559584
