seed,dimension,time,fw_time,primal,dual_gap,smallest_dual_gap,iterations
2,360000,3601.175944213,3600.823962905,23697.438049693916,3.2279038200270966e7,3.243150649602234e7,9343
