seed,dimension,time,fw_time,primal,dual_gap,smallest_dual_gap,iterations
3,250000,3601.797605944,3601.285420578,2.143558632730497e-8,5.415318503890574,5.4317850230472695,3061
