seed,dimension,time,fw_time,primal,dual_gap,smallest_dual_gap,iterations
1,250000,3603.252445602,3602.758717525,3.715589931605531e-7,23.341717029724027,23.317333567258878,2758
