seed,dimension,time,fw_time,primal,dual_gap,smallest_dual_gap,iterations
3,640000,3618.666896473,3614.227038855,2.6761984736788064e8,1.2559069955704212e7,1.2447208576721668e7,614
