seed,dimension,time,fw_time,primal,dual_gap,smallest_dual_gap,iterations
3,10000,3.980315675,3.9776099,2.214515540612684e-12,0.13756184522008413,9.969587939437066e-8,2564
