seed,dimension,time,fw_time,primal,dual_gap,smallest_dual_gap,iterations
3,90000,3601.744381841,3601.512545833,6.188564500393515e-12,0.13903561272563572,0.0008997221156425054,3892
