seed,dimension,time,fw_time,primal,dual_gap,smallest_dual_gap,iterations
4,40000,3600.516116824,3600.175991456,158.66700858137548,2.6108114392880956e6,3.663631503833781e6,43145
