seed,dimension,time,fw_time,primal,dual_gap,smallest_dual_gap,iterations
4,1000000,3613.551071792,3609.042549108,1.5901942323630996e9,1.8655801037941933e7,1.8254001800782204e7,860
