seed,dimension,time,fw_time,primal,dual_gap,smallest_dual_gap,iterations
5,360000,3601.352006642,3601.044048924,18027.165523347983,2.7601004607035656e7,2.228649459967997e7,9233
