seed,dimension,time,fw_time,primal,dual_gap,smallest_dual_gap,iterations
2,360000,3602.671049263,3601.924364429,3.3550193698152626e-7,20.04663105095747,21.381532096750355,2918
