seed,dimension,time,fw_time,primal,dual_gap,smallest_dual_gap,iterations
4,640000,3616.960378143,3611.761911326,1.1855902119008319e8,1.25003231357615e7,1.2514584221559048e7,605
