seed,dimension,time,fw_time,primal,dual_gap,smallest_dual_gap,iterations
5,1000000,3611.734122914,3607.803677695,6.23121431074344e8,5.676850197900486e7,6.3295397924096584e7,879
