seed,dimension,time,fw_time,primal,dual_gap,smallest_dual_gap,iterations
4,160000,3601.992500487,3601.652349286,4.975460514884764e-10,0.8763755781803763,0.8958818148221691,4718
