seed,dimension,time,fw_time,primal,dual_gap,smallest_dual_gap,iterations
5,250000,3601.376433493,3600.800555705,4.0115131023045115e-7,24.32227522279211,24.35020539910908,2895
