seed,dimension,time,fw_time,primal,dual_gap,iterations
1,490000,3622.11642429,3617.966464046,0.025357199983632474,11408.265165841907,753
