seed,dimension,time,fw_time,primal,dual_gap,smallest_dual_gap,iterations
2,40000,3601.301909374,3601.044433712,3.850223269327223e-12,0.13520171781810936,0.007650658939271842,6385
