seed,dimension,time,fw_time,primal,dual_gap,smallest_dual_gap,iterations
4,90000,3602.028414981,3601.80086373,6.431274323094027e-12,0.1534816069829124,0.018843930713644496,3913
