seed,dimension,time,fw_time,primal,dual_gap,iterations
1,90000,3602.916402797,3602.442648158,6.367010112126069e-12,0.13393992129370685,5581
