seed,dimension,time,fw_time,primal,dual_gap,smallest_dual_gap,iterations
5,810000,3614.436670285,3609.202250701,1.842196121545968e9,1.1001332111948967e7,1.1117527201353073e7,582
