seed,dimension,time,fw_time,primal,dual_gap,smallest_dual_gap,iterations,average_iter,std_iter
1,1000000,3621.912492057,3617.675665202,1.6252960154478805e9,2.2367526897201538e7,2.4267456496379852e7,676,NaN,NaN
