seed,dimension,time,fw_time,primal,dual_gap,smallest_dual_gap,iterations
5,90000,3601.704483597,3601.503613833,6.219843311334842e-9,3.6267122529194933,3.621028466169936,2596
