seed,dimension,time,fw_time,primal,dual_gap,smallest_dual_gap,iterations
2,810000,3623.364528956,3617.327970371,6.018131750524945e8,2.4885775766525745e7,2.8939469874880314e7,605
