seed,dimension,time,fw_time,primal,dual_gap,smallest_dual_gap,iterations
3,90000,3601.061462469,3600.84290673,5.46416531088974e-11,0.3418026554677986,0.34182358638547067,3401
