seed,dimension,time,fw_time,primal,dual_gap,smallest_dual_gap,iterations
3,90000,3601.504231546,3601.210311482,5.8957362659458696e-12,0.13344581398149347,5.2694893063686966e-6,5609
