seed,dimension,time,fw_time,primal,dual_gap,smallest_dual_gap,iterations
3,1000000,3614.996434817,3609.122484466,2.3993909857303367e9,1.1930092232438087e7,1.1923986017881393e7,743
