seed,dimension,time,fw_time,primal,dual_gap,smallest_dual_gap,iterations
1,40000,3602.492518431,3602.137807025,4.221170121997452e-12,0.1411581650825526,2.1940215799212348e-7,5468
