seed,dimension,time,fw_time,primal,dual_gap,smallest_dual_gap,iterations,average_iter,std_iter
1,90000,3602.555515117,3602.218853928,7.330846704591928e-12,0.14435658207502358,0.049049680755115156,4926,0.15205034510759236,0.3591061354963877
