seed,dimension,time,fw_time,primal,dual_gap,smallest_dual_gap,iterations
4,160000,3601.332485788,3601.061848819,1.873837033619943e-8,5.370297072943019,5.370023313305766,3414
