seed,dimension,time,fw_time,primal,dual_gap,smallest_dual_gap,iterations
2,490000,3619.888411388,3614.63992752,0.03183540288670945,13308.831897406519,13293.293091316866,646
