seed,dimension,time,fw_time,primal,dual_gap,smallest_dual_gap,iterations
5,250000,3601.621769281,3601.160098609,26029.42175630622,3.1968488260739222e7,3.882930464737983e7,7370
