seed,dimension,time,fw_time,primal,dual_gap,smallest_dual_gap,iterations
5,1000000,3617.712414454,3612.80004646,6.226220001230221e8,1.0645301942805767e7,1.0302182889744759e7,627
