seed,dimension,time,fw_time,primal,dual_gap,smallest_dual_gap,iterations
3,160000,3601.620466508,3601.33737905,5.167099245079301e-8,9.087605754163185,9.416908807757448,3111
