seed,dimension,time,fw_time,primal,dual_gap,smallest_dual_gap,iterations
3,810000,3618.476460865,3614.022264549,8.066164963417368e8,2.1352216652268887e7,2.2099050389126778e7,601
