seed,dimension,time,fw_time,primal,dual_gap,smallest_dual_gap,iterations
5,640000,3618.340521663,3613.344567096,4.136849332473058e7,1.4333793833656907e7,1.4637098572912216e7,587
