seed,dimension,time,fw_time,primal,dual_gap,smallest_dual_gap,iterations
3,1000000,3614.840453477,3609.993227144,2.3997020476623993e9,1.4528965446697235e7,9.944542980984688e6,626
