seed,dimension,time,fw_time,primal,dual_gap,smallest_dual_gap,iterations
3,10000,4.017427525,4.012735581,2.218011163348982e-12,0.13615744863595686,9.910975174110896e-8,3076
