seed,dimension,time,fw_time,primal,dual_gap,smallest_dual_gap,iterations
2,40000,3600.989892497,3600.822859836,3.9825659499263835e-12,0.13182156700581177,3.239622534029584e-5,4377
