seed,dimension,time,fw_time,primal,dual_gap,smallest_dual_gap,iterations
5,490000,3618.200376603,3614.03500912,0.12380192631952097,25863.600749589288,25838.38141498339,655
