seed,dimension,time,fw_time,primal,dual_gap,smallest_dual_gap,iterations
5,40000,3601.624419522,3601.425287834,4.196080512398852e-12,0.13755753363879342,2.206260236620087e-7,3803
