seed,dimension,time,fw_time,primal,dual_gap,smallest_dual_gap,iterations
2,810000,3614.714355234,3610.209551788,6.01481836531798e8,2.0015806180138588e7,2.172905005314541e7,622
