seed,dimension,time,fw_time,primal,dual_gap,smallest_dual_gap,iterations
3,640000,3615.168366412,3610.532400541,2.684531002954023e8,1.8554525373649597e7,2.022674565467453e7,614
