seed,dimension,time,fw_time,primal,dual_gap,smallest_dual_gap,iterations
2,640000,3623.520409393,3618.285090593,1.1069268261009226e9,1.3776268144560814e7,1.310182684889412e7,499
