seed,dimension,time,fw_time,primal,dual_gap,smallest_dual_gap,iterations
4,160000,3600.816578953,3600.495993815,2816.4397473372055,1.1489663844159221e7,1.154315286924595e7,19307
