seed,dimension,time,fw_time,primal,dual_gap,smallest_dual_gap,iterations
2,90000,3601.38838641,3601.234541555,6.629267364517826e-11,0.3735757297376103,0.37326891477651186,3855
