seed,dimension,time,fw_time,primal,dual_gap,smallest_dual_gap,iterations
1,250000,3603.420450473,3602.897339969,1.6338755212188556e-8,4.753517908030887,4.75319900733148,3095
