seed,dimension,time,fw_time,primal,dual_gap,smallest_dual_gap,iterations
3,40000,3601.000384477,3600.817508795,3.8884754260354744e-12,0.12960787013907063,4.876834476507921e-7,4463
