seed,dimension,time,fw_time,primal,dual_gap,smallest_dual_gap,iterations
4,490000,3621.49406136,3616.895905954,0.09572330813202903,21887.309116646506,21729.133763627033,661
