seed,dimension,time,fw_time,primal,dual_gap,smallest_dual_gap,iterations
3,160000,3601.888571655,3601.420869245,5.218820564398716e-9,3.011419642579238,3.009553351625149,2982
