seed,dimension,time,fw_time,primal,dual_gap,smallest_dual_gap,iterations
2,90000,3601.744416997,3601.554490385,5.937465893088838e-12,0.14266765411480742,0.009478492797536148,3969
