seed,dimension,time,fw_time,primal,dual_gap,smallest_dual_gap,iterations
3,360000,3601.691695007,3601.128587345,1.3301049458091848e-10,0.42450127889393047,0.4291463088389196,2464
