seed,dimension,time,fw_time,primal,dual_gap,smallest_dual_gap,iterations
4,810000,3618.9511529,3614.284752029,2.7839075831274277e8,7.870342815663815e6,8.21790925504303e6,574
