seed,dimension,time,fw_time,primal,dual_gap,smallest_dual_gap,iterations
1,10000,4.533673844,4.505243313,2.296852663747749e-12,0.1350259064796621,9.948052413453885e-8,1922
