seed,dimension,time,fw_time,primal,dual_gap,smallest_dual_gap,iterations
5,250000,3602.144363192,3601.688325439,8.681718234523439e-8,10.526851249622355,10.52069331455248,4130
