seed,dimension,time,fw_time,primal,dual_gap,smallest_dual_gap,iterations
4,40000,3602.304402749,3601.976675988,1.2354615072872995e-9,2.003141557147244,2.047104578660495,2074
