seed,dimension,time,fw_time,primal,dual_gap,smallest_dual_gap,iterations
4,490000,3618.040414457,3614.02147378,0.022370085905883425,11411.239301657028,11367.643772292464,696
