seed,dimension,time,fw_time,primal,dual_gap,smallest_dual_gap,iterations
5,1000000,3616.655095118,3612.199211945,6.222168933944134e8,7.986871584671974e6,8.776874529008389e6,611
