seed,dimension,time,fw_time,primal,dual_gap,smallest_dual_gap,iterations
4,62500,3600.686723696,3600.255999839,873.3284642586499,6.663847088757701e6,6.68549246802853e6,39030
