seed,dimension,time,fw_time,primal,dual_gap,smallest_dual_gap,iterations
5,490000,3625.923869697,3619.051241512,0.37548785495967085,49594.87800521801,48008.199427963205,466
