seed,dimension,time,fw_time,primal,dual_gap,smallest_dual_gap,iterations,average_iter,std_iter
2,22500,1825.19700945,1824.842301264,3.5201414265602436e-12,0.14263768724239426,9.948319936216519e-8,4363,0.15218886087554434,0.35924502971537925
