seed,dimension,time,fw_time,primal,dual_gap,smallest_dual_gap,iterations
1,2500,0.311858579,0.31044615,9.80167410470928e-13,0.12420274453509497,9.585330521028433e-8,897
