seed,dimension,time,fw_time,primal,dual_gap,smallest_dual_gap,iterations
3,360000,3602.528435304,3601.849883289,5.380270718925725e-9,2.7419818350667597,2.7584500663050453,2450
