seed,dimension,time,fw_time,primal,dual_gap,smallest_dual_gap,iterations
4,40000,3600.517875145,3600.219985451,243.66010166181937,4.32675563184054e6,2.5590783964413786e6,44158
