seed,dimension,time,fw_time,primal,dual_gap,smallest_dual_gap,iterations
1,62500,3600.651884725,3600.352006404,1040.551702192853,7.284232194158589e6,7.562490484612107e6,30031
