seed,dimension,time,fw_time,primal,dual_gap,smallest_dual_gap,iterations
1,360000,3603.940437473,3603.413674995,2.7291583372348623e-6,66.173461495593,62.55866803605821,2580
