seed,dimension,time,fw_time,primal,dual_gap,smallest_dual_gap,iterations
2,160000,3602.052427223,3601.450850738,2.864935069439084e-10,0.6685714743391574,0.6694194138654253,4653
