seed,dimension,time,fw_time,primal,dual_gap,smallest_dual_gap,iterations
1,490000,3617.08301705,3612.363831914,0.018679239912091628,9945.76317941443,9924.454323165528,667
