seed,dimension,time,fw_time,primal,dual_gap,smallest_dual_gap,iterations
3,40000,3603.468356116,3603.321480458,1.7748952960259255e-10,0.7767108140101755,0.7773829965636581,2527
