seed,dimension,time,fw_time,primal,dual_gap,smallest_dual_gap,iterations
2,490000,3622.880436296,3618.532339452,0.03772640242902034,13886.922857770518,13830.317088676404,625
