seed,dimension,time,fw_time,primal,dual_gap,smallest_dual_gap,iterations
1,40000,3604.596568677,3604.349219815,9.308962095904028e-12,0.1956660867229789,0.15738336323228447,2797
