seed,dimension,time,fw_time,primal,dual_gap,smallest_dual_gap,iterations
1,160000,3602.487604819,3602.095998394,3008.002862695201,1.3513331178236261e7,1.997581614562472e7,14104
