seed,dimension,time,fw_time,primal,dual_gap,smallest_dual_gap,iterations
3,1000000,3615.924387034,3611.7930437,2.3992206141559906e9,1.011453629342556e7,9.53783116619873e6,616
