seed,dimension,time,fw_time,primal,dual_gap,smallest_dual_gap,iterations
3,640000,3614.252470195,3609.888820131,2.695260960747694e8,2.638004742009163e7,2.665871214734459e7,638
