seed,dimension,time,fw_time,primal,dual_gap,smallest_dual_gap,iterations
5,90000,3601.412413294,3601.140113084,5.995570150548792e-12,0.1306279990256982,0.01933519974692481,3618
