seed,dimension,time,fw_time,primal,dual_gap,smallest_dual_gap,iterations,average_iter,std_iter
1,250000,3603.500483055,3602.951095349,1.573574393172221e-8,4.491588064582901,4.497720841382324,4035,NaN,NaN
