seed,dimension,time,fw_time,primal,dual_gap,smallest_dual_gap,iterations
5,1000000,3613.690655941,3608.27330534,6.222573876487725e8,6.80609564770174e6,6.652816052346706e6,578
