seed,dimension,time,fw_time,primal,dual_gap,smallest_dual_gap,iterations
5,90000,3601.872414011,3601.603267475,5.9015630932885945e-12,0.1356827638811768,0.10087058694350183,5072
