seed,dimension,time,fw_time,primal,dual_gap,smallest_dual_gap,iterations
3,40000,3600.499112792,3600.219982286,413.1263031296086,5.337735676800968e6,3.027549878910058e6,44278
