seed,dimension,time,fw_time,primal,dual_gap,smallest_dual_gap,iterations
5,1000000,3618.924267719,3613.819380248,6.224882568390948e8,1.0599518295192242e7,1.0760701221996307e7,578
