seed,dimension,time,fw_time,primal,dual_gap,smallest_dual_gap,iterations,average_iter,std_iter
1,490000,3621.580373853,3617.811557706,0.02674677442894872,10501.748133137975,11711.127048819468,732,0.15300546448087432,0.360238915967564
