seed,dimension,time,fw_time,primal,dual_gap,smallest_dual_gap,iterations
5,90000,3601.5364192,3601.203266211,6.039823959184564e-12,0.13370895525987134,0.004128369000862595,4093
