seed,dimension,time,fw_time,primal,dual_gap,smallest_dual_gap,iterations
2,160000,3601.508431797,3601.205290366,3.0603962192757e-8,7.086922778107039,7.2373967495874805,3140
