seed,dimension,time,fw_time,primal,dual_gap,smallest_dual_gap,iterations
5,90000,3601.844391112,3601.647675403,5.913329436859883e-12,0.1421260319446155,0.009383714511314437,3818
