seed,dimension,time,fw_time,primal,dual_gap,smallest_dual_gap,iterations
2,810000,3613.672409762,3608.506324361,6.005269576999128e8,3.034704339666748e7,2.6355290709359646e7,661
