seed,dimension,time,fw_time,primal,dual_gap,smallest_dual_gap,iterations
2,250000,3602.595513404,3602.15789955,3.220007900691672e-7,21.602098520922524,22.15883259536574,2758
