seed,dimension,time,fw_time,primal,dual_gap,smallest_dual_gap,iterations
3,90000,3601.62529174,3601.280023992,5.982598402448933e-12,0.13582649716658882,0.0085234661292126,5562
