seed,dimension,time,fw_time,primal,dual_gap,smallest_dual_gap,iterations
3,2500,3600.002806387,3600.001026293,0.007174914141275906,11546.567674082344,12437.98927642136,21687837
