seed,dimension,time,fw_time,primal,dual_gap,smallest_dual_gap,iterations
1,90000,3602.701994842,3602.338418734,5.293901380529133e-12,0.12452248884115216,0.007436327754630658,5689
