seed,dimension,time,fw_time,primal,dual_gap,smallest_dual_gap,iterations
5,360000,3601.98374388,3601.414540007,7.411197110210511e-6,108.23816898823667,103.64543181471103,2411
