seed,dimension,time,fw_time,primal,dual_gap,smallest_dual_gap,iterations
4,40000,3601.806081191,3601.361108812,4.163294636810455e-12,0.13637778522878072,0.0084161668995578,5366
