seed,dimension,time,fw_time,primal,dual_gap,smallest_dual_gap,iterations
3,640000,3620.816431901,3616.657730817,2.6890600929235584e8,2.5269877298401833e7,2.8080140639164925e7,504
