seed,dimension,time,fw_time,primal,dual_gap,smallest_dual_gap,iterations
1,640000,3616.294400083,3610.087604786,4.6329706808523375e8,2.2408229482010365e7,1.9773172280931473e7,755
