seed,dimension,time,fw_time,primal,dual_gap,smallest_dual_gap,iterations
4,810000,3613.934683512,3609.829675029,2.785293101277565e8,8.379461210395336e6,8.112238863375187e6,816
