seed,dimension,time,fw_time,primal,dual_gap,smallest_dual_gap,iterations
3,360000,3601.394900803,3600.988013099,8939.52257176129,3.020646155825697e7,1.4559572710542277e7,9303
