seed,dimension,time,fw_time,primal,dual_gap,smallest_dual_gap,iterations
3,250000,3601.533907073,3601.150067848,2.1617215875959774e-8,5.7739295273719575,5.744258874759428,3056
