seed,dimension,time,fw_time,primal,dual_gap,iterations
2,640000,3614.736521399,3610.584525064,1.1078727732074273e9,1.0330622720862389e7,828
