seed,dimension,time,fw_time,primal,dual_gap,smallest_dual_gap,iterations
5,160000,3601.724429435,3601.446408188,4.9289537378693556e-8,9.405418919278155,9.401992828092157,3060
