seed,dimension,time,fw_time,primal,dual_gap,smallest_dual_gap,iterations
5,810000,3614.660377728,3610.742316096,1.8425122771412456e9,1.3031726388882637e7,1.2045092674163818e7,751
