seed,dimension,time,fw_time,primal,dual_gap,smallest_dual_gap,iterations
4,640000,3614.76048632,3610.427603862,1.1922476712311675e8,2.13728419625175e7,2.1168930840142727e7,640
