seed,dimension,time,fw_time,primal,dual_gap,smallest_dual_gap,iterations
2,160000,3601.8909863,3601.628761687,1.8520671442493098e-10,0.5541378035698973,0.5741452918920279,3569
