seed,dimension,time,fw_time,primal,dual_gap,smallest_dual_gap,iterations
3,640000,3614.868524546,3610.581881246,2.6935838833804417e8,2.8676192820650578e7,2.9258859661073208e7,613
