seed,dimension,time,fw_time,primal,dual_gap,smallest_dual_gap,iterations
1,40000,3603.584389724,3603.157802465,3.7713538208510566e-12,0.13046054281982578,1.5387692341923842e-6,4853
