seed,dimension,time,fw_time,primal,dual_gap,smallest_dual_gap,iterations,average_iter,std_iter
3,250000,3602.103270947,3601.322711686,1.490525845664358e-8,4.278113962143682,4.408396390042213,4127,0.1521686455052096,0.35922780684888267
