seed,dimension,time,fw_time,primal,dual_gap,smallest_dual_gap,iterations
1,810000,3615.136191431,3610.513900754,1.4511418536762157e8,2.381085682784295e7,2.269758885264206e7,605
