seed,dimension,time,fw_time,primal,dual_gap,smallest_dual_gap,iterations
5,490000,3613.090890668,3607.26410627,1.1548395943231042e6,1.6251798308481815e8,1.899594993430822e8,982
