seed,dimension,time,fw_time,primal,dual_gap,smallest_dual_gap,iterations
1,40000,3602.682037496,3602.413536847,3.760651765238964e-12,0.13664177098367603,0.00044460789610921994,3909
