seed,dimension,time,fw_time,primal,dual_gap,smallest_dual_gap,iterations
5,40000,3602.132430713,3601.798895151,4.379080571318664e-12,0.13810091965444152,0.0002490355321924467,4250
