seed,dimension,time,fw_time,primal,dual_gap,smallest_dual_gap,iterations,average_iter,std_iter
4,90000,3601.877606692,3601.466178756,7.894878949226359e-12,0.143159834493254,0.06578584154566457,4899,0.15207185139824453,0.35912717756647944
