seed,dimension,time,fw_time,primal,dual_gap,smallest_dual_gap,iterations
5,1000000,3614.948384109,3609.840288339,6.229111614371083e8,1.101155711907196e7,1.3059782962237358e7,565
