seed,dimension,time,fw_time,primal,dual_gap,smallest_dual_gap,iterations
1,490000,3626.841203899,3619.419364812,0.2873783056657142,41997.31414347321,42165.351343540846,459
