seed,dimension,time,fw_time,primal,dual_gap,smallest_dual_gap,iterations,average_iter,std_iter
2,90000,3601.391717352,3601.048424735,7.0422460594273645e-12,0.13792461125972189,0.03639424319739089,4890,0.1521472392638037,0.35920028159305356
