seed,dimension,time,fw_time,primal,dual_gap,smallest_dual_gap,iterations
5,10000,3600.004194044,3600.001620999,0.07572150615258143,29787.241351078555,28419.62754614514,9781005
