seed,dimension,time,fw_time,primal,dual_gap,smallest_dual_gap,iterations
5,810000,3616.011442197,3611.582138225,1.842106514719589e9,8.690904626750946e6,8.416945606214523e6,552
