seed,dimension,time,fw_time,primal,dual_gap,smallest_dual_gap,iterations,average_iter,std_iter
3,40000,3601.544458755,3601.275369137,3.6201055446529283e-12,0.13022154756323479,0.07162985306720626,6074,NaN,NaN
