seed,dimension,time,fw_time,primal,dual_gap,smallest_dual_gap,iterations
3,160000,3601.140409007,3600.872228932,2.6340491400078197e-10,0.6546186357381226,0.6540590366264526,3776
