seed,dimension,time,fw_time,primal,dual_gap,smallest_dual_gap,iterations
4,2500,3600.003303236,3600.001078564,0.015370525041747756,15161.384639140275,14064.326547166927,19405667
