seed,dimension,time,fw_time,primal,dual_gap,smallest_dual_gap,iterations
4,250000,3602.560419334,3601.960186999,4.5151513906459124e-7,26.45050835992179,26.45424582597842,2797
