seed,dimension,time,fw_time,primal,dual_gap,smallest_dual_gap,iterations
2,640000,3621.116529875,3615.611999336,1.1083647333694816e9,3.698189798619652e7,3.419536485193634e7,422
