seed,dimension,time,fw_time,primal,dual_gap,smallest_dual_gap,iterations
4,640000,3617.924422812,3613.378912363,1.1885751801491368e8,1.3513358772853374e7,1.5184125564682722e7,634
