seed,dimension,time,fw_time,primal,dual_gap,smallest_dual_gap,iterations
1,490000,3618.176439139,3614.399061747,0.016350666640285838,9213.491394590998,9183.363945081363,686
