seed,dimension,time,fw_time,primal,dual_gap,smallest_dual_gap,iterations
1,640000,3616.226700954,3611.67640548,4.633325728215274e8,2.2411629072344303e7,1.8390064756088734e7,697
