seed,dimension,time,fw_time,primal,dual_gap,smallest_dual_gap,iterations
1,810000,3618.579024722,3612.608114003,1.4420792602184203e8,1.9799403687690735e7,2.0301660918350935e7,639
