seed,dimension,time,fw_time,primal,dual_gap,smallest_dual_gap,iterations,average_iter,std_iter
5,360000,3602.766937649,3601.934955188,2.95733235056061e-7,17.532243457460602,17.53600519291455,3758,0.1522086216072379,0.3592707947729019
