seed,dimension,time,fw_time,primal,dual_gap,smallest_dual_gap,iterations,average_iter,std_iter
2,160000,3601.48045306,3601.24388363,4.948956040086535e-10,0.8889884656837395,0.8866721685179864,4532,NaN,NaN
