seed,dimension,time,fw_time,primal,dual_gap,smallest_dual_gap,iterations
5,360000,3602.448435573,3601.902407187,4.884961836624962e-7,24.051680832625753,25.69747815602276,2859
