seed,dimension,time,fw_time,primal,dual_gap,smallest_dual_gap,iterations
2,40000,3600.500504336,3600.187990866,696.2132626048672,4.836681616086053e6,4.842659953487468e6,50405
