seed,dimension,time,fw_time,primal,dual_gap,smallest_dual_gap,iterations
2,360000,3602.344417609,3601.615602196,5.135352642406846e-7,26.285977282242687,25.442975531199615,2814
