seed,dimension,time,fw_time,primal,dual_gap,smallest_dual_gap,iterations
1,90000,3601.412867199,3601.070504638,6.519141947150755e-12,0.14810081887300702,1.568078071825505e-5,5712
