seed,dimension,time,fw_time,primal,dual_gap,smallest_dual_gap,iterations
1,90000,3603.052439011,3602.542925453,1.1914721091491258e-10,0.48233419705942715,0.4824559109170302,3826
