seed,dimension,time,fw_time,primal,dual_gap,smallest_dual_gap,iterations
5,90000,3601.664415584,3601.383902752,2.642004537479311e-10,0.7414343985385161,0.7353744164973612,3379
