seed,dimension,time,fw_time,primal,dual_gap,smallest_dual_gap,iterations
3,40000,3600.560224784,3600.231987458,453.46216115722314,5.524314794358909e6,4.880332508986974e6,49035
