seed,dimension,time,fw_time,primal,dual_gap,smallest_dual_gap,iterations
1,1000000,3616.901507015,3613.048031749,1.622156617922601e9,9.498963191187e7,8.146255876070023e7,864
