seed,dimension,time,fw_time,primal,dual_gap,smallest_dual_gap,iterations
4,250000,3601.608466711,3601.118180785,5.831322715834195e-7,29.421877321874845,29.361514922749222,2720
