seed,dimension,time,fw_time,primal,dual_gap,iterations
5,160000,3602.062955163,3601.568520943,3.3909238054002907e-10,0.7516756202531618,4737
