seed,dimension,time,fw_time,primal,dual_gap,smallest_dual_gap,iterations
2,640000,3616.41656667,3612.186032601,1.1066510833432915e9,7.8283343848629e6,8.49611068816948e6,687
