seed,dimension,time,fw_time,primal,dual_gap,smallest_dual_gap,iterations
4,490000,3625.076514029,3620.560041168,0.11902579439490639,27280.773328245104,25387.96759986782,652
