seed,dimension,time,fw_time,primal,dual_gap,smallest_dual_gap,iterations
5,250000,3602.356373523,3601.622586854,2.0324739655709327e-6,54.26448031875083,57.12725582089558,2817
