seed,dimension,time,fw_time,primal,dual_gap,smallest_dual_gap,iterations,average_iter,std_iter
1,40000,3603.744808327,3603.412996546,4.549126239048813e-12,0.1353502268405019,0.0011313895536349552,4155,0.15210589651022863,0.3591667298992529
