seed,dimension,time,fw_time,primal,dual_gap,smallest_dual_gap,iterations
2,40000,3601.336482283,3601.128343098,3.971997836799219e-12,0.13594818108434836,0.028061006499584908,4246
