seed,dimension,time,fw_time,primal,dual_gap,smallest_dual_gap,iterations
1,360000,3602.928443583,3602.409428739,8.918443428606039e-6,113.67846033522785,111.24486651879016,2545
