seed,dimension,time,fw_time,primal,dual_gap,smallest_dual_gap,iterations
1,1000000,3615.736496453,3611.627499194,1.6252431267439625e9,2.4722507350643158e7,2.618653263018608e7,735
