seed,dimension,time,fw_time,primal,dual_gap,smallest_dual_gap,iterations
2,90000,3601.548493919,3601.330136768,2.8009185477249986e-8,7.496191905442549,7.667503342604685,2402
