seed,dimension,time,fw_time,primal,dual_gap,smallest_dual_gap,iterations
4,90000,3600.445170843,3600.175979463,998.6212784453414,6.966436403841861e6,7.133670574620428e6,45982
