seed,dimension,time,fw_time,primal,dual_gap,iterations
2,10000,3600.015963988,3600.00718392,2.3883589842002052e-12,0.13272931728005805,1630649
