seed,dimension,time,fw_time,primal,dual_gap,smallest_dual_gap,iterations
1,810000,3623.938236842,3618.964077252,1.4429268225437626e8,1.6938235576256037e7,1.718958855029154e7,566
