seed,dimension,time,fw_time,primal,dual_gap,smallest_dual_gap,iterations
2,360000,3602.004410505,3601.481933996,3.325701728137958e-7,18.971138766072805,18.953204730145615,2952
