seed,dimension,time,fw_time,primal,dual_gap,smallest_dual_gap,iterations
2,490000,3621.443675517,3616.132328036,0.0022634892420916883,3289.3715214613585,3117.6707544192705,698
