seed,dimension,time,fw_time,primal,dual_gap,smallest_dual_gap,iterations
1,90000,3602.832475962,3602.262615464,5.2066453562591316e-8,10.76514371016018,10.762275973903765,2404
