seed,dimension,time,fw_time,primal,dual_gap,smallest_dual_gap,iterations
2,40000,3601.56441753,3601.425686917,3.852318388768216e-12,0.13200411712773247,0.0004033201921565295,4907
