seed,dimension,time,fw_time,primal,dual_gap,iterations
3,160000,3601.392409739,3601.110800793,6.016743993063017e-10,0.9711226105375724,4691
