seed,dimension,time,fw_time,primal,dual_gap,smallest_dual_gap,iterations
2,250000,3602.456423469,3602.10441157,2.194506374869054e-8,5.401612531795088,5.40128578863127,2848
