seed,dimension,time,fw_time,primal,dual_gap,smallest_dual_gap,iterations,average_iter,std_iter
2,360000,3602.148353417,3601.646833669,1.7654551718916318e-7,13.820328985719827,14.738244222263326,3837,0.15220224133437582,0.35926363219699203
