seed,dimension,time,fw_time,primal,dual_gap,smallest_dual_gap,iterations
1,490000,3622.260369245,3618.349716914,0.013058018389121316,7786.524037638418,7754.585524979038,692
