seed,dimension,time,fw_time,primal,dual_gap,smallest_dual_gap,iterations
1,490000,3619.99512469,3616.146212421,0.05394857229830692,16911.284729636238,16771.06626747843,674
