seed,dimension,time,fw_time,primal,dual_gap,smallest_dual_gap,iterations,average_iter,std_iter
2,640000,3616.172488163,3611.491561217,1.1076905535963063e9,1.1291438189631462e7,1.1620110266646385e7,704,NaN,NaN
