seed,dimension,time,fw_time,primal,dual_gap,smallest_dual_gap,iterations
4,90000,3601.638021118,3601.324517379,6.102886835323392e-12,0.14746145494399365,2.3221779547863042e-5,5693
