seed,dimension,time,fw_time,primal,dual_gap,smallest_dual_gap,iterations
1,1000000,3613.35344151,3609.078757342,1.6253855549955795e9,2.2365651420947075e7,2.3241870927363396e7,583
