seed,dimension,time,fw_time,primal,dual_gap,smallest_dual_gap,iterations
2,160000,3602.101121677,3601.675536047,9.549252864324122e-10,1.2921080908903642,1.2913699412408393,3207
