seed,dimension,time,fw_time,primal,dual_gap,smallest_dual_gap,iterations
4,1000000,3614.877681998,3610.68810819,1.5935758045517323e9,1.1827942115515804e8,1.7604697874798584e8,866
