seed,dimension,time,fw_time,primal,dual_gap,smallest_dual_gap,iterations
1,10000,4.352483575,4.319266243,2.183834079219142e-12,0.13433410281401176,-0.004910421002914086,1629
