seed,dimension,time,fw_time,primal,dual_gap,smallest_dual_gap,iterations
3,62500,3600.542564752,3600.259991157,897.9301890938444,6.719670189521798e6,6.693924223407949e6,41611
