seed,dimension,time,fw_time,primal,dual_gap,smallest_dual_gap,iterations
2,40000,3601.688397363,3601.62157658,4.150127192350467e-12,0.13706519329096578,2.847775328040302e-7,4556
