seed,dimension,time,fw_time,primal,dual_gap,smallest_dual_gap,iterations
4,40000,3601.17392754,3600.997314379,2.6038452189783223e-10,0.9041503770010787,0.9058556112113265,2271
