seed,dimension,time,fw_time,primal,dual_gap,smallest_dual_gap,iterations
1,640000,3629.396417179,3621.820452467,4.644222097672835e8,2.9038609198366165e7,3.1680164292930603e7,425
