seed,dimension,time,fw_time,primal,dual_gap,smallest_dual_gap,iterations,average_iter,std_iter
3,360000,3602.368986251,3601.48522854,1.8550548904640242e-10,0.4575122793274513,0.4573381653745966,3734,0.1521156936261382,0.3591810960266823
