seed,dimension,time,fw_time,primal,dual_gap,smallest_dual_gap,iterations
4,360000,3601.624479309,3601.04996093,2.8316579774529435e-6,65.83494966231191,64.32082681652264,2531
