seed,dimension,time,fw_time,primal,dual_gap,smallest_dual_gap,iterations
3,810000,3614.616693021,3610.217565738,8.079564645854588e8,2.4154244325662613e7,2.5690106875404835e7,579
