seed,dimension,time,fw_time,primal,dual_gap,smallest_dual_gap,iterations
1,40000,3602.506177839,3602.067998935,546.9948545297125,5.001485375228285e6,4.7615529534337055e6,44163
