seed,dimension,time,fw_time,primal,dual_gap,smallest_dual_gap,iterations
4,490000,3615.980416067,3611.587930368,0.15376839471069548,30511.101894626627,30415.86340255827,647
