seed,dimension,time,fw_time,primal,dual_gap,smallest_dual_gap,iterations
3,490000,3619.300412697,3615.407059376,0.012585966206679377,8575.110449155232,8513.163986214595,706
