seed,dimension,time,fw_time,primal,dual_gap,iterations
5,490000,3622.256390877,3617.941321635,0.030201217862700892,12948.194850675533,778
