seed,dimension,time,fw_time,primal,dual_gap,smallest_dual_gap,iterations,average_iter,std_iter
2,1000000,3616.044492787,3611.197137254,7.218788714636462e9,7.397493858528137e6,7.856733679578781e6,753,0.15272244355909695,0.35995884625645236
