seed,dimension,time,fw_time,primal,dual_gap,smallest_dual_gap,iterations
2,1000000,3611.989923871,3607.472749324,7.219145556809235e9,9.520996392551422e6,1.2963883511415482e7,865
