seed,dimension,time,fw_time,primal,dual_gap,iterations
4,640000,3617.960470448,3613.587464471,1.1842196020892197e8,1.449319110052228e7,815
