seed,dimension,time,fw_time,primal,dual_gap,smallest_dual_gap,iterations
3,810000,3616.70441587,3612.025403563,8.046898243551955e8,1.2649797364461899e7,1.5512813564428806e7,668
