seed,dimension,time,fw_time,primal,dual_gap,smallest_dual_gap,iterations
3,360000,3603.096404397,3602.649228585,6.887151961809374e-9,3.1443204650511034,3.1895682608458533,2364
