seed,dimension,time,fw_time,primal,dual_gap,smallest_dual_gap,iterations
5,1000000,3613.792560012,3609.358924184,6.227729927780563e8,1.2514450664588928e7,1.3348801817183018e7,596
