seed,dimension,time,fw_time,primal,dual_gap,smallest_dual_gap,iterations
5,10000,3600.008453223,3600.005418939,2.0483060236643565e-12,0.13021887382429867,8.550359697154363e-6,1766489
