seed,dimension,time,fw_time,primal,dual_gap,smallest_dual_gap,iterations
3,90000,3601.752424949,3601.421929762,6.551029126242462e-12,0.13821207533262161,0.0072398747810917255,5005
