seed,dimension,time,fw_time,primal,dual_gap,smallest_dual_gap,iterations
2,10000,2.779795142,2.77484776,2.2715468578064816e-12,0.14025196925070288,9.920355865455038e-8,1753
