seed,dimension,time,fw_time,primal,dual_gap,smallest_dual_gap,iterations
1,810000,3615.480386963,3611.151335745,1.4433530979885706e8,1.586980020056343e7,1.5733657554231644e7,740
