seed,dimension,time,fw_time,primal,dual_gap,smallest_dual_gap,iterations
1,250000,3603.971501129,3603.444236702,3.097210775992359e-8,6.660465157165703,6.6683689193628,2923
