seed,dimension,time,fw_time,primal,dual_gap,iterations
1,360000,3603.265320445,3602.751975167,4.836591009969398e-7,21.065059710505544,3839
