seed,dimension,time,fw_time,primal,dual_gap,smallest_dual_gap,iterations
3,250000,3602.828481783,3602.150871536,5.0416691333988113e-8,8.645053420338758,8.64091117130942,2735
