seed,dimension,time,fw_time,primal,dual_gap,smallest_dual_gap,iterations
4,250000,3602.031329447,3601.48629719,2.3037609826395455e-11,0.17605389247266312,0.1594983066796214,5123
