seed,dimension,time,fw_time,primal,dual_gap,smallest_dual_gap,iterations
3,810000,3613.976448595,3608.703136719,8.04519019211889e8,1.140407218736744e7,1.392982386528349e7,646
