seed,dimension,time,fw_time,primal,dual_gap,smallest_dual_gap,iterations
3,640000,3612.088444958,3607.87258969,2.6801080248224175e8,2.0212161869338512e7,1.7926179234178066e7,850
