seed,dimension,time,fw_time,primal,dual_gap,smallest_dual_gap,iterations
3,40000,3602.238468147,3601.970023378,3.927662762009748e-12,0.13050214253753414,0.013862320812907999,4462
