seed,dimension,time,fw_time,primal,dual_gap,smallest_dual_gap,iterations
3,490000,3623.087876932,3618.805236979,0.024562346627559448,10404.599705328506,11789.304870252958,662
