seed,dimension,time,fw_time,primal,dual_gap,smallest_dual_gap,iterations
3,90000,3601.468440288,3601.23785061,7.957030508093646e-11,0.41624890882506754,0.41629611468731226,3306
