seed,dimension,time,fw_time,primal,dual_gap,smallest_dual_gap,iterations
5,160000,3602.12044133,3601.636205159,1.1356284302836179e-9,1.4300340191251761,1.429988087549901,3160
