seed,dimension,time,fw_time,primal,dual_gap,smallest_dual_gap,iterations
2,22500,3600.522201007,3600.163992459,213.25103959383978,4.71793460580621e6,2.162036612715442e6,42807
