seed,dimension,time,fw_time,primal,dual_gap,smallest_dual_gap,iterations
3,90000,3602.20848367,3601.817911932,2.5372663612108297e-9,2.325160803847399,2.3114410634715323,2555
