seed,dimension,time,fw_time,primal,dual_gap,smallest_dual_gap,iterations
3,250000,3601.570939813,3601.18403013,24328.838892199776,2.8493840955468643e7,3.1208660459434655e7,7504
