seed,dimension,time,fw_time,primal,dual_gap,smallest_dual_gap,iterations,average_iter,std_iter
1,640000,3615.080413837,3609.76097685,4.6487928989622605e8,3.0421643921289444e7,3.2301819489993572e7,720,NaN,NaN
