seed,dimension,time,fw_time,primal,dual_gap,smallest_dual_gap,iterations
3,490000,3622.936607327,3618.472738843,0.09971092252650024,25255.288601086555,24993.576810103725,648
