seed,dimension,time,fw_time,primal,dual_gap,smallest_dual_gap,iterations
1,490000,3616.748548971,3612.142233986,0.014455141771042089,8803.121067814393,8784.83284973373,682
