seed,dimension,time,fw_time,primal,dual_gap,smallest_dual_gap,iterations
4,360000,3602.876452465,3602.082001883,4.0611498866345055e-6,77.80518300475218,81.59881678629935,2350
