seed,dimension,time,fw_time,primal,dual_gap,smallest_dual_gap,iterations
4,160000,3601.677799823,3601.200713754,8.143445013172365e-12,0.1670228087768859,0.006525477962196719,5574
