seed,dimension,time,fw_time,primal,dual_gap,smallest_dual_gap,iterations
2,490000,3621.61440659,3616.034558522,1.0541438862370807e6,2.466268579973699e8,2.3079137881158203e8,981
