seed,dimension,time,fw_time,primal,dual_gap,smallest_dual_gap,iterations
4,640000,3615.434206701,3610.768015262,1.1959582080271187e8,1.0512892342434311e8,8.711865240238047e7,868
