seed,dimension,time,fw_time,primal,dual_gap,smallest_dual_gap,iterations
3,90000,3602.09111469,3601.653931062,5.6486503261622217e-11,0.3449430111055688,0.3449538117768947,3395
