seed,dimension,time,fw_time,primal,dual_gap,smallest_dual_gap,iterations
5,490000,3619.932568244,3615.527329377,0.09718088607396154,23466.71504477394,23695.34767471786,662
