seed,dimension,time,fw_time,primal,dual_gap,smallest_dual_gap,iterations
1,10000,6.400020074,6.340433658,2.4583199043333717e-12,0.14076938625317786,9.857416086579377e-8,3240
