seed,dimension,time,fw_time,primal,dual_gap,smallest_dual_gap,iterations
1,250000,3602.872459611,3602.489093947,3.8487863016902516e-8,7.35340566011741,7.715384897268547,2879
