seed,dimension,time,fw_time,primal,dual_gap,smallest_dual_gap,iterations
2,490000,3621.840604935,3617.899352119,0.006180155004021261,5570.742590590004,5961.745505977886,678
