seed,dimension,time,fw_time,primal,dual_gap,smallest_dual_gap,iterations
1,90000,3602.788461512,3602.321969663,8.514708610346098e-10,1.3440563667728274,1.3443389677888802,3368
