seed,dimension,time,fw_time,primal,dual_gap,iterations
2,360000,3601.688380467,3600.977013272,2.2169116537141102e-7,15.911090113565656,3815
