seed,dimension,time,fw_time,primal,dual_gap,smallest_dual_gap,iterations
1,810000,3617.548487952,3613.669921443,1.4486600009972006e8,1.8609643392846584e7,1.978095689369321e7,672
