seed,dimension,time,fw_time,primal,dual_gap,smallest_dual_gap,iterations
4,40000,3601.496399136,3601.357536734,4.103590930797144e-12,0.1374033435052016,0.00027542377593410555,4604
