seed,dimension,time,fw_time,primal,dual_gap,iterations
4,40000,3601.012340117,3600.753814446,3.871091217517655e-12,0.13178963226250975,7421
