seed,dimension,time,fw_time,primal,dual_gap,smallest_dual_gap,iterations,average_iter,std_iter
4,360000,3602.160392886,3601.63955602,1.178707053813426e-7,11.1249702124582,11.11565840376452,3844,0.15218522372528617,0.35924706735729345
