seed,dimension,time,fw_time,primal,dual_gap,iterations
3,250000,3601.632397012,3601.103547098,1.528600535986673e-8,4.305917744892968,4125
