seed,dimension,time,fw_time,primal,dual_gap,smallest_dual_gap,iterations
4,160000,3602.848463066,3602.210171096,3.592736598473987e-9,2.426695261365819,2.4851139990491524,3078
