seed,dimension,time,fw_time,primal,dual_gap,smallest_dual_gap,iterations
4,490000,3620.57535564,3615.195339193,0.008767273359615226,6016.8220145254345,5937.504613773579,743
