seed,dimension,time,fw_time,primal,dual_gap,smallest_dual_gap,iterations
4,360000,3602.311106948,3601.8238914,3.717708581216384e-7,20.296868244580377,22.492127034474407,2888
