seed,dimension,time,fw_time,primal,dual_gap,smallest_dual_gap,iterations
1,160000,3603.948435658,3603.552381043,1.5959518868755843e-9,1.6875166492581795,1.689525112601068,2970
