seed,dimension,time,fw_time,primal,dual_gap,smallest_dual_gap,iterations
5,810000,3621.624524848,3615.222677279,1.842651053315175e9,1.1807914785378456e7,1.0833236171477318e7,426
