seed,dimension,time,fw_time,primal,dual_gap,smallest_dual_gap,iterations
1,90000,3602.604420982,3602.140597476,6.110707033928651e-12,0.13162949384298486,0.01720229707985464,3896
