seed,dimension,time,fw_time,primal,dual_gap,smallest_dual_gap,iterations
4,10000,3.22403606,3.212089954,2.487645686205401e-12,0.14726019630002302,-0.0009572541975682112,2256
