seed,dimension,time,fw_time,primal,dual_gap,smallest_dual_gap,iterations
4,160000,3601.280362191,3601.032007192,0.05475806901900261,21454.867265307832,21454.867265307832,3600
