seed,dimension,time,fw_time,primal,dual_gap,smallest_dual_gap,iterations
5,490000,3616.576675104,3611.05838673,0.05644672749168056,18109.677308217342,18109.677311279105,612
