seed,dimension,time,fw_time,primal,dual_gap,smallest_dual_gap,iterations
4,40000,3601.221917136,3600.826555751,0.0851813290876585,36565.48604914312,36565.4860491431,8623
