seed,dimension,time,fw_time,primal,dual_gap,iterations
1,640000,3616.908326229,3612.604988418,4.638974191180256e8,2.0233533321280003e7,597
