seed,dimension,time,fw_time,primal,dual_gap,smallest_dual_gap,iterations
4,810000,3612.776444301,3608.746902461,2.8067540261806494e8,2.1365345686314106e7,2.1139716174414158e7,578
