seed,dimension,time,fw_time,primal,dual_gap,smallest_dual_gap,iterations
3,250000,3602.560398089,3601.842893615,0.047128650759813075,19241.69968909097,19241.69968909092,2980
