seed,dimension,time,fw_time,primal,dual_gap,smallest_dual_gap,iterations
4,490000,3621.147522424,3617.206876935,0.05423303060882969,19589.17588390766,19589.175884675315,613
