seed,dimension,time,fw_time,primal,dual_gap,smallest_dual_gap,iterations
1,640000,3618.75636205,3614.883962328,4.6389827356769234e8,2.3440403060557842e7,2.1623348479276657e7,596
