seed,dimension,time,fw_time,primal,dual_gap,smallest_dual_gap,iterations
2,2500,3600.002914761,3600.001186038,0.006480039144713227,9576.778036472688,9576.778036472684,10748910
