seed,dimension,time,fw_time,primal,dual_gap,smallest_dual_gap,iterations
5,10000,3600.044487659,3600.002133583,0.02277954157580934,16043.817853754523,16043.817853754514,4833053
