seed,dimension,time,fw_time,primal,dual_gap,smallest_dual_gap,iterations
1,490000,3620.864446996,3617.563533568,0.05642309434069251,18537.51853477098,18537.51853043142,624
