seed,dimension,time,fw_time,primal,dual_gap,smallest_dual_gap,iterations
3,160000,3601.758956269,3601.606555501,0.046400203081870046,19828.558525008237,19828.558525008233,3553
