seed,dimension,time,fw_time,primal,dual_gap,smallest_dual_gap,iterations
5,1000000,3617.940542207,3613.121202664,6.238501132162645e8,2.1883372047228336e7,2.090944300745392e7,532
