seed,dimension,time,fw_time,primal,dual_gap,smallest_dual_gap,iterations
4,40000,3600.506547075,3600.26398054,0.0029837896649613977,5265.266680013168,5265.266680013172,8911
