seed,dimension,time,fw_time,primal,dual_gap,smallest_dual_gap,iterations
5,490000,3618.416504324,3614.559170004,0.050885461712091844,19146.735136772488,19146.735141912177,626
