seed,dimension,time,fw_time,primal,dual_gap,smallest_dual_gap,iterations
1,250000,3603.104447631,3602.643952498,0.04068430675594003,18069.688574456406,18069.68857445642,2945
