seed,dimension,time,fw_time,primal,dual_gap,smallest_dual_gap,iterations
2,640000,3613.583312944,3609.246715218,1.1070867023817155e9,8.469316658826828e6,1.012090608692646e7,560
