seed,dimension,time,fw_time,primal,dual_gap,smallest_dual_gap,iterations
1,810000,3617.904264758,3614.087641005,1.4477192665183446e8,2.2176864759387016e7,2.1629374614204645e7,605
