seed,dimension,time,fw_time,primal,dual_gap,smallest_dual_gap,iterations
1,40000,3602.484431438,3602.031962652,0.034167899136485734,20620.57857432969,20620.578574329695,10949
