seed,dimension,time,fw_time,primal,dual_gap,smallest_dual_gap,iterations
5,490000,3616.608461612,3612.998839408,0.04943830410167465,18168.949634571185,18168.949635408786,629
