seed,dimension,time,fw_time,primal,dual_gap,iterations
4,160000,3601.320408953,3601.115030521,0.058713576422311196,21717.228536799244,3722
