seed,dimension,time,fw_time,primal,dual_gap,iterations
5,640000,3612.57640248,3608.331589399,4.2205709286163755e7,1.9288665630864143e7,649
