seed,dimension,time,fw_time,primal,dual_gap,iterations
4,640000,3617.680367619,3613.440821671,1.1869559180368842e8,1.5495100988054037e7,604
