seed,dimension,time,fw_time,primal,dual_gap,smallest_dual_gap,iterations
5,160000,3601.888425644,3601.752020587,0.05078331861721089,20960.503725826362,20960.503725499835,3518
