seed,dimension,time,fw_time,primal,dual_gap,smallest_dual_gap,iterations
3,22500,3600.889185288,3600.367993927,0.002322850634666358,5110.509796676677,5110.509796676678,16184
