seed,dimension,time,fw_time,primal,dual_gap,smallest_dual_gap,iterations
3,1000000,3613.684424727,3609.599306759,2.399254671674722e9,9.72921880983448e6,1.0788988953434944e7,512
