seed,dimension,time,fw_time,primal,dual_gap,smallest_dual_gap,iterations
5,250000,3602.31235208,3601.70797132,0.05054951481060686,18192.098399514245,18192.098400428797,2987
