seed,dimension,time,fw_time,primal,dual_gap,smallest_dual_gap,iterations
4,1000000,3618.029868011,3611.247008014,1.5889730344595175e9,1.2156342824209213e7,1.3648751898290634e7,523
