seed,dimension,time,fw_time,primal,dual_gap,smallest_dual_gap,iterations
3,40000,3600.380448143,3600.234867404,0.037906593301103284,20610.633435093816,20610.633435093787,11218
