seed,dimension,time,fw_time,primal,dual_gap,smallest_dual_gap,iterations
3,640000,3617.612512665,3613.546553635,2.6799182462964022e8,1.582541514484787e7,1.849236629990101e7,575
