seed,dimension,time,fw_time,primal,dual_gap,smallest_dual_gap,iterations
1,90000,3602.984403989,3602.53996555,0.056407979040367276,24806.28405354303,24806.284053543084,7275
