seed,dimension,time,fw_time,primal,dual_gap,smallest_dual_gap,iterations
4,360000,3601.236010227,3600.870059121,0.05394520466836323,18972.567064799583,18972.567064799572,2789
