seed,dimension,time,fw_time,primal,dual_gap,smallest_dual_gap,iterations
1,90000,3602.493089395,3602.199985765,0.04473610573859527,21795.850036321688,21795.850036321663,6445
