seed,dimension,time,fw_time,primal,dual_gap,smallest_dual_gap,iterations
4,360000,3601.652391069,3601.178648056,0.0449657044689842,18114.4952919086,18114.495291908606,2799
