seed,dimension,time,fw_time,primal,dual_gap,smallest_dual_gap,iterations
4,160000,3600.916407399,3600.683984816,0.05359612016051198,20719.30161399175,20719.30161359413,3511
