seed,dimension,time,fw_time,primal,dual_gap,smallest_dual_gap,iterations
3,1000000,3612.724308948,3608.352974885,2.4010338897745147e9,1.68434903383646e7,1.803707702636051e7,559
