seed,dimension,time,fw_time,primal,dual_gap,iterations
5,160000,3601.672364195,3601.11035754,0.05865972272777431,24613.084629281817,3789
