seed,dimension,time,fw_time,primal,dual_gap,smallest_dual_gap,iterations
1,640000,3614.964361912,3610.828064267,4.638974191180256e8,2.0233533321280003e7,2.344040306055975e7,597
