seed,dimension,time,fw_time,primal,dual_gap,smallest_dual_gap,iterations
5,360000,3602.360369308,3601.918729428,0.0456076820092418,17116.144363651205,17116.144362453866,2799
