seed,dimension,time,fw_time,primal,dual_gap,smallest_dual_gap,iterations
5,40000,3600.392393788,3600.239968791,0.017881529759661428,15411.238931097596,15411.23893109759,10682
