seed,dimension,time,fw_time,primal,dual_gap,smallest_dual_gap,iterations
4,90000,3600.844396208,3600.707988166,0.0498972828457045,23024.211573962613,23024.211573962588,8089
