seed,dimension,time,fw_time,primal,dual_gap,smallest_dual_gap,iterations
3,640000,3613.662028117,3608.278894514,2.683015980374281e8,1.6373862791181087e7,1.6227439767656326e7,588
