seed,dimension,time,fw_time,primal,dual_gap,smallest_dual_gap,iterations
4,10000,3600.003933586,3600.001841869,0.018442649821071563,14817.950934346993,14817.950934346998,6310888
