seed,dimension,time,fw_time,primal,dual_gap,iterations
3,40000,3600.532344614,3600.291985258,0.02708305857007145,16235.281109787544,7791
