seed,dimension,time,fw_time,primal,dual_gap,iterations
4,360000,3602.416419246,3601.755971746,0.05227550571593789,18619.59506374576,2849
