seed,dimension,time,fw_time,primal,dual_gap,smallest_dual_gap,iterations
2,62500,3600.857537282,3600.515982628,0.005946551725998792,8628.464796550008,8628.464796550004,5811
