seed,dimension,time,fw_time,primal,dual_gap,smallest_dual_gap,iterations
3,40000,3601.224213041,3600.859967339,0.003083981065107277,4742.369542057828,4742.369542057831,6306
