seed,dimension,time,fw_time,primal,dual_gap,smallest_dual_gap,iterations
3,1000000,3617.924312336,3610.675068117,2.3997877180578246e9,1.1527283641324043e7,9.28761236690712e6,523
