seed,dimension,time,fw_time,primal,dual_gap,smallest_dual_gap,iterations
4,490000,3616.724564781,3613.554614534,0.05972797383624947,19811.512418540417,19811.51241685183,625
