seed,dimension,time,fw_time,primal,dual_gap,iterations
1,810000,3618.600399008,3614.771646598,1.4477258046501678e8,2.1629374614198923e7,604
