seed,dimension,time,fw_time,primal,dual_gap,smallest_dual_gap,iterations
5,1000000,3616.688434963,3610.110259352,6.236742677296305e8,2.0006337168352127e7,1.731315423934126e7,555
