seed,dimension,time,fw_time,primal,dual_gap,smallest_dual_gap,iterations
1,1000000,3618.756421478,3613.04002583,1.6248731406482596e9,2.7826856709667206e7,3.2978220395388603e7,540
