seed,dimension,time,fw_time,primal,dual_gap,smallest_dual_gap,iterations
5,640000,3613.232318079,3608.782769797,4.152982841865085e7,1.2967359052128434e7,1.3349250487957835e7,608
