seed,dimension,time,fw_time,primal,dual_gap,iterations
2,490000,3620.68039915,3617.321763689,0.038208251536514116,17938.448241306603,629
