seed,dimension,time,fw_time,primal,dual_gap,smallest_dual_gap,iterations
2,10000,3600.004301869,3600.001925824,0.019950396954965706,15910.937376006223,15910.937376006224,5690832
