seed,dimension,time,fw_time,primal,dual_gap,smallest_dual_gap,iterations
5,160000,3601.676395847,3601.539062569,0.05979984295790499,24642.279370752807,24642.279370752763,3566
