seed,dimension,time,fw_time,primal,dual_gap,smallest_dual_gap,iterations
1,40000,3602.872487457,3602.40395198,0.034167899136485734,20620.578574329695,20620.578574329713,11349
