seed,dimension,time,fw_time,primal,dual_gap,smallest_dual_gap,iterations
2,250000,3602.052399115,3601.587986164,0.04305942633920538,19917.91397523461,19917.91397523461,2993
