seed,dimension,time,fw_time,primal,dual_gap,smallest_dual_gap,iterations
2,10000,3600.004191959,3600.002165456,0.02182905101782604,16313.28691915699,16313.286919156986,5620860
