seed,dimension,time,fw_time,primal,dual_gap,smallest_dual_gap,iterations
4,640000,3619.216412878,3614.38280947,1.1838392658771391e8,1.2735102937257528e7,1.4570872454093695e7,576
