seed,dimension,time,fw_time,primal,dual_gap,smallest_dual_gap,iterations
5,2500,3600.002882138,3600.001078523,0.013780791175467464,14604.496990849184,14604.496990849188,11860482
