seed,dimension,time,fw_time,primal,dual_gap,smallest_dual_gap,iterations
1,40000,3602.844386999,3602.399962639,0.03416789913642841,20620.578574297735,20620.578574297717,11349
