seed,dimension,time,fw_time,primal,dual_gap,smallest_dual_gap,iterations
3,640000,3614.680360797,3610.077819968,2.677331609500081e8,1.3276890107143402e7,1.2670421051441193e7,609
