seed,dimension,time,fw_time,primal,dual_gap,smallest_dual_gap,iterations
3,1000000,3618.728409495,3614.093601727,2.3990517436771297e9,1.2610828098736763e7,1.240540551516819e7,538
