seed,dimension,time,fw_time,primal,dual_gap,smallest_dual_gap,iterations
5,1000000,3613.480372108,3609.136665138,6.234839381416588e8,1.680879049209833e7,1.637320418331337e7,531
