seed,dimension,time,fw_time,primal,dual_gap,smallest_dual_gap,iterations
2,40000,3601.158029896,3600.847896436,0.003193290509974378,5669.512442057737,5669.512442057738,7290
