seed,dimension,time,fw_time,primal,dual_gap,smallest_dual_gap,iterations
5,90000,3600.604388209,3600.451952899,0.05543226191848023,26623.13531686948,26623.135316869477,9539
