seed,dimension,time,fw_time,primal,dual_gap,smallest_dual_gap,iterations
5,640000,3616.040368222,3609.500598798,4.248249963130737e7,1.856563044975412e7,1.9583660444207072e7,631
