seed,dimension,time,fw_time,primal,dual_gap,smallest_dual_gap,iterations
5,40000,3600.324453386,3600.17996052,0.02109764125049084,16496.529482149006,16496.529482139733,11429
