seed,dimension,time,fw_time,primal,dual_gap,smallest_dual_gap,iterations
1,1000000,3622.344474851,3618.227998698,1.6248577224895246e9,2.836891476156807e7,3.2251140023750305e7,547
