seed,dimension,time,fw_time,primal,dual_gap,smallest_dual_gap,iterations
1,2500,3600.003614304,3600.001220317,0.09013564709846124,34086.470365523826,34086.47036552382,11961503
