seed,dimension,time,fw_time,primal,dual_gap,smallest_dual_gap,iterations
1,62500,3601.112188641,3600.795988544,0.0015680377025184054,4153.3793961547735,4153.379396154781,5442
