seed,dimension,time,fw_time,primal,dual_gap,smallest_dual_gap,iterations
1,640000,3619.080390994,3615.22393584,4.638842561676778e8,1.9740664974407673e7,1.8820288544513226e7,612
