seed,dimension,time,fw_time,primal,dual_gap,smallest_dual_gap,iterations
4,10000,3600.00432205,3600.001795481,0.08713220509603334,34426.310008350316,34426.3100083503,4880359
