seed,dimension,time,fw_time,primal,dual_gap,smallest_dual_gap,iterations
1,810000,3615.928271939,3611.446664488,1.4476248246529895e8,2.1472728929317713e7,1.8750428984867573e7,617
