seed,dimension,time,fw_time,primal,dual_gap,iterations
2,40000,3600.66837135,3600.505072789,0.044197582205488146,22370.276213163335,11209
