seed,dimension,time,fw_time,primal,dual_gap,smallest_dual_gap,iterations
1,90000,3601.672161506,3601.375976077,0.005975585654471648,6531.300757428241,6531.300757428243,6607
