seed,dimension,time,fw_time,primal,dual_gap,iterations
1,360000,3603.196401976,3602.787952577,0.051495731039020436,17822.863517700178,2846
