seed,dimension,time,fw_time,primal,dual_gap,smallest_dual_gap,iterations
5,360000,3602.696394111,3602.083977167,0.04539578600795891,17757.725400153897,17757.725400153882,2778
