seed,dimension,time,fw_time,primal,dual_gap,smallest_dual_gap,iterations
5,810000,3611.272377929,3607.701568669,1.8422734014187765e9,1.0712679674167633e7,1.0718652918694496e7,568
