seed,dimension,time,fw_time,primal,dual_gap,smallest_dual_gap,iterations
2,40000,3600.368409156,3600.299986914,0.05799854275796241,26717.845337445906,26717.845337445906,11237
