seed,dimension,time,fw_time,primal,dual_gap,smallest_dual_gap,iterations
1,160000,3602.267079866,3602.007939889,0.04305712782253508,21318.38618168963,21318.38618168964,3583
