seed,dimension,time,fw_time,primal,dual_gap,smallest_dual_gap,iterations
3,160000,3602.164927199,3601.58398429,0.062196797413100795,23499.270264302126,23499.27026430212,3516
