seed,dimension,time,fw_time,primal,dual_gap,smallest_dual_gap,iterations
2,810000,3615.400442397,3611.121939911,6.006883363243693e8,2.3896704935301304e7,2.8109936570611e7,581
