seed,dimension,time,fw_time,primal,dual_gap,smallest_dual_gap,iterations
2,1000000,3614.178543463,3610.057656479,7.21927787177372e9,1.0530291697591782e7,9.840111182357788e6,507
