seed,dimension,time,fw_time,primal,dual_gap,smallest_dual_gap,iterations
1,10000,3600.007523618,3600.004892371,0.0021285249901594697,4527.839468521346,4527.8394685213425,3643083
