seed,dimension,time,fw_time,primal,dual_gap,smallest_dual_gap,iterations
4,640000,3616.472381069,3612.238816026,1.1834811274944824e8,1.3636042538353443e7,1.3645893456943035e7,614
