seed,dimension,time,fw_time,primal,dual_gap,smallest_dual_gap,iterations
3,250000,3601.888413615,3601.501450666,0.038036850197545206,18102.126984841674,18102.126984841667,2964
