seed,dimension,time,fw_time,primal,dual_gap,smallest_dual_gap,iterations
1,10000,3600.688745124,3600.660342474,0.025483692835817227,16808.573112752438,16808.57311275245,3840675
