seed,dimension,time,fw_time,primal,dual_gap,smallest_dual_gap,iterations
2,640000,3614.356530839,3609.832472032,1.106991725076478e9,8.559614851860046e6,7.996044752482414e6,560
