seed,dimension,time,fw_time,primal,dual_gap,smallest_dual_gap,iterations
4,250000,3602.024403458,3601.630594214,0.04086768666656626,17703.23132793601,17703.231327936,2911
