seed,dimension,time,fw_time,primal,dual_gap,smallest_dual_gap,iterations
5,40000,3600.656486646,3600.258577069,0.05504015978937661,29796.985981649992,29796.985981650017,11525
