seed,dimension,time,fw_time,primal,dual_gap,smallest_dual_gap,iterations
1,810000,3617.370321862,3613.316029778,1.4417569410919994e8,1.4885537694503784e7,1.310536320595169e7,595
