seed,dimension,time,fw_time,primal,dual_gap,iterations
4,90000,3600.492371412,3600.346939999,0.05672963087522615,27019.9878245684,8098
