seed,dimension,time,fw_time,primal,dual_gap,smallest_dual_gap,iterations
1,40000,3600.806354069,3600.431986416,0.0031788568918588254,5497.973922321129,5497.973922321127,8593
