seed,dimension,time,fw_time,primal,dual_gap,smallest_dual_gap,iterations
2,360000,3601.448078501,3600.982825893,0.047928274175837074,18183.449204260363,18183.449204260374,2775
