seed,dimension,time,fw_time,primal,dual_gap,smallest_dual_gap,iterations
3,10000,3600.002923093,3600.001432928,0.012502021024574698,15124.36975916267,15124.369759162664,7671357
