seed,dimension,time,fw_time,primal,dual_gap,smallest_dual_gap,iterations
1,360000,3603.104345967,3602.579963021,0.051495731039020436,17822.86351770015,17822.863517700152,2849
