seed,dimension,time,fw_time,primal,dual_gap,smallest_dual_gap,iterations
4,62500,3601.122214998,3600.799995117,0.02505021046022313,18565.33206376628,18565.332063766287,6339
