seed,dimension,time,fw_time,primal,dual_gap,smallest_dual_gap,iterations
3,810000,3620.114988871,3616.216058096,8.054192502146866e8,2.2400533651680946e7,2.42157951845212e7,581
