seed,dimension,time,fw_time,primal,dual_gap,iterations
2,160000,3601.780400815,3601.311979349,0.055754304233346895,23056.43599576455,3769
