seed,dimension,time,fw_time,primal,dual_gap,smallest_dual_gap,iterations
2,10000,3600.005182913,3600.002151773,0.003086793885727108,5297.238675681474,5297.238675681471,3806004
