seed,dimension,time,fw_time,primal,dual_gap,smallest_dual_gap,iterations
2,250000,3601.892432354,3601.66643203,0.04366213084324909,19370.63129082945,19370.631290829442,2876
