seed,dimension,time,fw_time,primal,dual_gap,smallest_dual_gap,iterations
1,810000,3613.584382496,3609.787893629,1.4477258046501678e8,2.1629374614198923e7,2.3406307096675873e7,604
