seed,dimension,time,fw_time,primal,dual_gap,smallest_dual_gap,iterations
4,360000,3602.721812132,3602.15196703,0.051804705171950544,18008.171614634197,18008.171614634193,2796
