seed,dimension,time,fw_time,primal,dual_gap,smallest_dual_gap,iterations
1,490000,3615.412337715,3611.715807425,0.05642309434069251,18537.51853477099,18537.518530431444,654
