seed,dimension,time,fw_time,primal,dual_gap,smallest_dual_gap,iterations
4,1000000,3614.156495549,3610.199694603,1.5900986495747263e9,1.956054065596962e7,2.126205370759678e7,556
