seed,dimension,time,fw_time,primal,dual_gap,smallest_dual_gap,iterations
1,160000,3602.445854083,3602.156003365,0.04316894139642282,20851.729819373777,20851.729819373806,3629
