seed,dimension,time,fw_time,primal,dual_gap,smallest_dual_gap,iterations
4,62500,3601.029693362,3600.755983338,0.002699082862649935,4828.895358559425,4828.8953585594245,7232
