seed,dimension,time,fw_time,primal,dual_gap,smallest_dual_gap,iterations
3,490000,3618.584334997,3614.806643481,0.06009516090408442,19753.70168381307,19753.701693167626,655
