seed,dimension,time,fw_time,primal,dual_gap,smallest_dual_gap,iterations
3,90000,3600.752372402,3600.613323443,0.07022121262885087,30346.145088781403,30346.145088781406,5401
