seed,dimension,time,fw_time,primal,dual_gap,smallest_dual_gap,iterations
2,22500,3600.743735305,3600.37999671,0.01821025868595751,19325.73563762827,19325.73563762828,14841
