seed,dimension,time,fw_time,primal,dual_gap,iterations
3,640000,3618.196435384,3613.806401241,2.685219231044186e8,1.5130953929567337e7,610
