seed,dimension,time,fw_time,primal,dual_gap,smallest_dual_gap,iterations
2,250000,3602.204387209,3601.834692054,0.04062493751906868,18161.500199865823,18161.50019986583,2955
