seed,dimension,time,fw_time,primal,dual_gap,smallest_dual_gap,iterations
5,810000,3615.73239891,3611.278979004,1.842126569902527e9,8.93208699137783e6,8.737164429465294e6,566
