seed,dimension,time,fw_time,primal,dual_gap,smallest_dual_gap,iterations
3,160000,3601.720406989,3601.433432711,0.05573294598503663,22161.714140916505,22161.71414091651,3552
