seed,dimension,time,fw_time,primal,dual_gap,smallest_dual_gap,iterations
4,1000000,3616.637257878,3612.055283474,1.5926365686910694e9,4.5002586476288795e7,4.979462979680824e7,529
