seed,dimension,time,fw_time,primal,dual_gap,smallest_dual_gap,iterations
5,62500,3600.645331498,3600.359981193,0.021815052629025403,19093.82553228395,19093.825532283954,7923
