seed,dimension,time,fw_time,primal,dual_gap,iterations
5,360000,3602.021855991,3601.675988831,0.049070123860573606,18690.691564726756,2839
