seed,dimension,time,fw_time,primal,dual_gap,smallest_dual_gap,iterations
3,40000,3600.524325522,3600.371990888,0.030416438784871803,17902.17250994741,17902.17250994741,11412
