seed,dimension,time,fw_time,primal,dual_gap,iterations
3,160000,3601.792389627,3601.647090047,0.053724454157345246,21113.17401727802,3678
