seed,dimension,time,fw_time,primal,dual_gap,smallest_dual_gap,iterations
3,22500,3600.474285391,3600.199998017,0.0742656684516065,39106.54631641862,39106.546316418586,21483
