seed,dimension,time,fw_time,primal,dual_gap,smallest_dual_gap,iterations
5,640000,3616.07095108,3611.278899917,4.161520764911301e7,1.2009434307427883e7,1.1912737374181867e7,620
