seed,dimension,time,fw_time,primal,dual_gap,smallest_dual_gap,iterations
5,160000,3601.243068223,3600.903522576,0.049512195599598255,20683.532362299742,20683.532362299735,3501
