seed,dimension,time,fw_time,primal,dual_gap,iterations
2,90000,3600.628376156,3600.551960191,0.0644043480881716,27333.060260539998,7690
