seed,dimension,time,fw_time,primal,dual_gap,smallest_dual_gap,iterations
4,22500,3600.557007924,3600.179993075,0.00426465495465815,8349.33849674813,8349.338496748127,21548
