seed,dimension,time,fw_time,primal,dual_gap,smallest_dual_gap,iterations
4,250000,3601.384361121,3601.069862301,0.042160052223548086,17496.185081061416,17496.18508106143,2917
