seed,dimension,time,fw_time,primal,dual_gap,smallest_dual_gap,iterations
2,160000,3601.678845385,3601.223959801,0.055316348278560246,22904.608859585132,22904.60885958516,3528
