seed,dimension,time,fw_time,primal,dual_gap,iterations
1,10000,3601.264865393,3601.067858395,0.01854143415586421,15911.16503948603,7397378
