seed,dimension,time,fw_time,primal,dual_gap,smallest_dual_gap,iterations
3,360000,3602.032448434,3601.525533134,0.04095211816389353,27303.71605127893,27303.716051278978,2953
