seed,dimension,time,fw_time,primal,dual_gap,iterations
5,490000,3619.23629528,3614.632846733,0.05478182453548308,18646.38657747332,629
