seed,dimension,time,fw_time,primal,dual_gap,smallest_dual_gap,iterations
5,810000,3611.54706642,3607.798672929,1.8420474275845253e9,9.470630181228638e6,8.930911834032059e6,545
