seed,dimension,time,fw_time,primal,dual_gap,smallest_dual_gap,iterations
2,160000,3601.612406334,3601.467989516,0.05303653784586853,22781.214977855845,22781.214977585183,3533
