seed,dimension,time,fw_time,primal,dual_gap,smallest_dual_gap,iterations
4,160000,3601.555245263,3601.266656066,0.04989106458622254,21261.106133176578,21261.106133176567,3544
