seed,dimension,time,fw_time,primal,dual_gap,smallest_dual_gap,iterations
2,10000,3600.005364829,3600.002013903,0.03751632725910167,23842.440260401137,23842.440260401105,4544485
