seed,dimension,time,fw_time,primal,dual_gap,smallest_dual_gap,iterations
5,10000,3600.049045952,3600.047261643,0.0218845163989048,15592.962317516603,15592.962317516598,6173730
