seed,dimension,time,fw_time,primal,dual_gap,smallest_dual_gap,iterations
4,90000,3600.984358231,3600.832001391,0.049240578013834406,22028.148773133118,22028.148773133107,6955
