seed,dimension,time,fw_time,primal,dual_gap,smallest_dual_gap,iterations
4,10000,3600.099195721,3600.090138617,0.023851788010245276,16346.32209556416,16346.322095460195,6072466
