seed,dimension,time,fw_time,primal,dual_gap,iterations
3,90000,3600.596385957,3600.355984445,0.04151048960143918,22386.789016718903,7740
