seed,dimension,time,fw_time,primal,dual_gap,smallest_dual_gap,iterations
5,640000,3614.740488372,3610.626787002,4.160241054179601e7,1.338381542218721e7,1.2920632168248773e7,631
