seed,dimension,time,fw_time,primal,dual_gap,smallest_dual_gap,iterations
3,250000,3601.740429694,3601.334715178,0.04207903210617766,18647.74633896954,18647.74633896955,2862
