seed,dimension,time,fw_time,primal,dual_gap,smallest_dual_gap,iterations
5,10000,3600.052567231,3600.002220723,0.07448328208212981,31485.96327482648,31485.963274826478,3725997
