seed,dimension,time,fw_time,primal,dual_gap,smallest_dual_gap,iterations
5,10000,3600.005285296,3600.002014614,0.02212037814835961,15958.561990980797,15958.561990980785,6261827
