seed,dimension,time,fw_time,primal,dual_gap,iterations
3,490000,3618.412465624,3614.526991891,0.050475373347365994,18226.867244920802,627
