seed,dimension,time,fw_time,primal,dual_gap,iterations
1,90000,3602.964420133,3602.571972798,0.056407979040367276,24806.284053543084,7963
