seed,dimension,time,fw_time,primal,dual_gap,smallest_dual_gap,iterations
3,810000,3617.585542646,3612.017310714,8.045806335137928e8,1.1135069127484798e7,1.4578044877778053e7,545
