seed,dimension,time,fw_time,primal,dual_gap,smallest_dual_gap,iterations
2,250000,3601.476373249,3601.152000098,0.04281995769874603,19829.610375397006,19829.610375397006,2986
