seed,dimension,time,fw_time,primal,dual_gap,smallest_dual_gap,iterations
5,90000,3601.525643338,3601.191993311,0.0036584518281128926,5107.022599374966,5107.022599659259,6560
