seed,dimension,time,fw_time,primal,dual_gap,smallest_dual_gap,iterations
2,10000,3600.003718546,3600.001880685,0.019416888948199314,15354.305138463958,15354.305138463955,6010824
