seed,dimension,time,fw_time,primal,dual_gap,smallest_dual_gap,iterations
3,2500,3600.003084694,3600.000907647,0.050731411347191134,32649.746302611587,32649.746302611587,13827376
