seed,dimension,time,fw_time,primal,dual_gap,smallest_dual_gap,iterations
4,10000,3600.080005607,3600.078380568,0.020337054380400565,15816.066229891352,15816.066229891348,6825435
