seed,dimension,time,fw_time,primal,dual_gap,smallest_dual_gap,iterations
3,250000,3602.304087421,3601.998596949,0.040966451404251335,17980.81760171841,17980.817601718405,2886
