seed,dimension,time,fw_time,primal,dual_gap,smallest_dual_gap,iterations
2,40000,3600.586225782,3600.255995376,0.07440580034766092,33330.91281914542,33330.91281914541,10676
