seed,dimension,time,fw_time,primal,dual_gap,iterations
3,810000,3614.908499022,3610.934663075,8.054011412446353e8,1.6148948097486496e7,565
