seed,dimension,time,fw_time,primal,dual_gap,iterations
1,160000,3602.413273621,3601.995957524,0.04316894139553121,20851.72982044369,3760
