seed,dimension,time,fw_time,primal,dual_gap,smallest_dual_gap,iterations
4,640000,3612.616459028,3608.790827152,1.1903132559891225e8,1.3225197540785551e7,1.4903600288269997e7,615
