seed,dimension,time,fw_time,primal,dual_gap,smallest_dual_gap,iterations
3,10000,3600.022810163,3600.002517951,0.000783258161188709,2935.8391113022835,2935.839111302283,3781151
