seed,dimension,time,fw_time,primal,dual_gap,smallest_dual_gap,iterations
3,40000,3600.967146893,3600.595990787,0.009072585838460984,9698.582572534304,9698.5825725343,9136
