seed,dimension,time,fw_time,primal,dual_gap,smallest_dual_gap,iterations
1,160000,3603.016418088,3602.519990268,0.04316894139553121,20851.729820443652,20851.729820064375,3601
