seed,dimension,time,fw_time,primal,dual_gap,smallest_dual_gap,iterations
3,62500,3600.942409654,3600.607985517,0.0022257859460403434,4501.102130896644,4501.10213089664,5313
