seed,dimension,time,fw_time,primal,dual_gap,smallest_dual_gap,iterations
3,490000,3619.388404487,3615.09867368,0.05610071465443111,19626.220471190798,19626.220472309764,630
