seed,dimension,time,fw_time,primal,dual_gap,smallest_dual_gap,iterations
1,160000,3603.066416509,3602.687940128,0.04316894139642282,20851.72981937381,20851.72981937379,3530
