seed,dimension,time,fw_time,primal,dual_gap,smallest_dual_gap,iterations
5,90000,3601.120390722,3600.77345258,0.05711373879968218,27659.12527741512,27659.125277415144,8078
