seed,dimension,time,fw_time,primal,dual_gap,smallest_dual_gap,iterations
1,40000,3600.974861396,3600.578592697,0.0034189114462256556,5675.961426404612,5675.961426404612,10729
