seed,dimension,time,fw_time,primal,dual_gap,iterations
2,10000,3600.004407502,3600.002205833,0.01882511604042069,15657.702845557658,6343144
