seed,dimension,time,fw_time,primal,dual_gap,smallest_dual_gap,iterations
4,810000,3621.328371089,3617.550645955,2.7876990360494846e8,1.1494825688638687e7,1.3326343588814259e7,587
