seed,dimension,time,fw_time,primal,dual_gap,smallest_dual_gap,iterations
2,90000,3600.540398468,3600.471970542,0.0546573461336714,26127.239749741057,26127.239749741042,7333
