seed,dimension,time,fw_time,primal,dual_gap,smallest_dual_gap,iterations
5,22500,3600.685507212,3600.319998677,0.059208093893149016,34634.946320941424,34634.94632094143,15353
