seed,dimension,time,fw_time,primal,dual_gap,smallest_dual_gap,iterations
3,490000,3616.456392828,3610.957399542,0.052716701126708,19759.35678132993,19759.356774944248,624
