seed,dimension,time,fw_time,primal,dual_gap,smallest_dual_gap,iterations
5,1000000,3614.360488134,3610.475190018,6.245998237179888e8,2.075162916380024e7,2.6269452870455265e7,544
