seed,dimension,time,fw_time,primal,dual_gap,iterations
4,10000,3600.00506352,3600.001692204,0.020681756536742785,15197.681864838178,6216116
