seed,dimension,time,fw_time,primal,dual_gap,smallest_dual_gap,iterations
3,360000,3602.664408014,3601.948004602,0.05606675546869822,29022.69843597402,29022.69843591185,2880
