seed,dimension,time,fw_time,primal,dual_gap,smallest_dual_gap,iterations
2,1000000,3616.956307815,3612.860575343,7.219214100461413e9,1.2581489663679123e7,1.2370850287204742e7,564
