seed,dimension,time,fw_time,primal,dual_gap,smallest_dual_gap,iterations
3,40000,3600.500392581,3600.283958068,0.07242403728100791,29704.04769999091,29704.047699990897,10485
