seed,dimension,time,fw_time,primal,dual_gap,smallest_dual_gap,iterations
1,10000,3601.207570444,3601.143818295,0.016914629503156017,15738.746326801775,15738.746326801771,6472325
