seed,dimension,time,fw_time,primal,dual_gap,smallest_dual_gap,iterations
5,40000,3600.972349594,3600.653446665,0.003010564911168621,6083.807268232529,6083.807268281888,9057
