seed,dimension,time,fw_time,primal,dual_gap,smallest_dual_gap,iterations
5,1000000,3614.645239184,3610.861868874,6.227953822620403e8,1.1672459116404533e7,1.3093003617732525e7,541
