seed,dimension,time,fw_time,primal,dual_gap,smallest_dual_gap,iterations
4,250000,3601.892404668,3601.328107498,0.04178434643052468,17146.851561911164,17146.851561911135,2993
