seed,dimension,time,fw_time,primal,dual_gap,smallest_dual_gap,iterations
2,490000,3617.929903014,3614.09474333,0.04472028118522326,18098.775163151422,18098.775162616053,599
