seed,dimension,time,fw_time,primal,dual_gap,smallest_dual_gap,iterations
5,90000,3601.259932157,3600.975993953,0.003996201966849517,5564.255166596594,5564.255166596593,5361
