seed,dimension,time,fw_time,primal,dual_gap,iterations
1,1000000,3619.544383994,3613.603874224,1.6248626618047931e9,2.920021771221733e7,545
