seed,dimension,time,fw_time,primal,dual_gap,smallest_dual_gap,iterations
2,90000,3601.208958563,3600.951984114,0.15621844388473918,48802.61132746921,48802.61132746924,6966
