seed,dimension,time,fw_time,primal,dual_gap,iterations
2,250000,3602.118962081,3601.682827845,0.04520933754346885,18788.92993817633,3016
