seed,dimension,time,fw_time,primal,dual_gap,smallest_dual_gap,iterations
4,160000,3602.116377097,3601.596073857,0.05181582950099394,21089.27425111638,21089.27425111636,3543
