seed,dimension,time,fw_time,primal,dual_gap,smallest_dual_gap,iterations
5,250000,3602.372424431,3601.830654116,0.04810278822026838,17860.038484512068,17860.03848451209,2825
