seed,dimension,time,fw_time,primal,dual_gap,smallest_dual_gap,iterations
2,10000,3600.004726901,3600.001751904,0.10323065088821354,36268.590503598374,36268.59050359835,4550307
