seed,dimension,time,fw_time,primal,dual_gap,smallest_dual_gap,iterations
5,40000,3601.090515678,3600.776009912,0.003960300688337622,6238.605093165964,6238.605093165965,9681
