seed,dimension,time,fw_time,primal,dual_gap,iterations
5,810000,3618.192415213,3614.46920093,1.8424632951025505e9,1.353290854157257e7,574
