seed,dimension,time,fw_time,primal,dual_gap,iterations
2,640000,3618.004449415,3613.188950413,1.1070135799938188e9,7.29378069489193e6,572
