seed,dimension,time,fw_time,primal,dual_gap,smallest_dual_gap,iterations
5,250000,3602.368361535,3601.922772094,0.0503772902426889,17928.913437192157,17928.91343719218,2889
