seed,dimension,time,fw_time,primal,dual_gap,iterations
5,90000,3600.556330226,3600.294065998,0.04247112777841233,22339.619695832655,7880
