seed,dimension,time,fw_time,primal,dual_gap,smallest_dual_gap,iterations
1,90000,3601.715437848,3601.29199182,0.09847355465747812,36750.740007495515,36750.74000749553,4970
