seed,dimension,time,fw_time,primal,dual_gap,iterations
1,250000,3602.649271337,3602.195982347,0.040684306755021764,18069.6885754519,3009
