seed,dimension,time,fw_time,primal,dual_gap,smallest_dual_gap,iterations
3,90000,3600.548418311,3600.306517282,0.050290744544208274,25173.5885609969,25173.58856099689,9496
