seed,dimension,time,fw_time,primal,dual_gap,smallest_dual_gap,iterations
1,160000,3602.384432741,3601.999818628,0.04316894139602059,20851.729819809698,20851.72981980971,3543
