seed,dimension,time,fw_time,primal,dual_gap,smallest_dual_gap,iterations
1,250000,3602.267074585,3601.937445825,0.04385566519886533,18171.24378168449,18171.24378168451,2892
