seed,dimension,time,fw_time,primal,dual_gap,iterations
5,40000,3600.884379169,3600.755979339,0.03312021721731589,22029.78520921575,8396
