seed,dimension,time,fw_time,primal,dual_gap,smallest_dual_gap,iterations
5,90000,3600.516369312,3600.37198953,0.0643342442314947,26973.23049675129,26973.230496751316,6591
