seed,dimension,time,fw_time,primal,dual_gap,smallest_dual_gap,iterations
1,40000,3602.736442787,3602.315963454,0.03416789913660163,20620.578574344167,20620.578574344156,10703
