seed,dimension,time,fw_time,primal,dual_gap,smallest_dual_gap,iterations
5,360000,3601.476019353,3601.074744614,0.048303196242128456,18071.54256420073,18071.54256541078,2767
