seed,dimension,time,fw_time,primal,dual_gap,smallest_dual_gap,iterations
3,160000,3600.941544682,3600.671993956,0.04648393123509542,20310.10552235181,20310.10552200365,3617
