seed,dimension,time,fw_time,primal,dual_gap,smallest_dual_gap,iterations
2,90000,3600.66841327,3600.603957777,0.0514861099220169,22776.568218165998,22776.568218165998,9295
