seed,dimension,time,fw_time,primal,dual_gap,smallest_dual_gap,iterations
4,2500,3600.041382484,3600.001428858,0.0005735071912343698,2680.0042964238996,2680.004296423902,10220291
