seed,dimension,time,fw_time,primal,dual_gap,smallest_dual_gap,iterations
3,40000,3600.332409691,3600.195997823,0.04109106565769378,20173.90714877831,20173.907148778315,10290
