seed,dimension,time,fw_time,primal,dual_gap,smallest_dual_gap,iterations
1,1000000,3616.144129815,3611.187205467,1.6219266752069044e9,1.3731733257559776e7,1.2944162933206558e7,521
