seed,dimension,time,fw_time,primal,dual_gap,smallest_dual_gap,iterations
1,810000,3616.63631918,3612.231919916,1.4475518283716673e8,2.3927596637182474e7,2.3934954352379084e7,627
