seed,dimension,time,fw_time,primal,dual_gap,smallest_dual_gap,iterations
4,2500,3600.002914896,3600.001195807,0.025127839349719516,19306.036850091547,19306.036850091547,11940159
