seed,dimension,time,fw_time,primal,dual_gap,iterations
2,1000000,3613.908405949,3610.347162604,7.21886546118599e9,9.635036526916504e6,538
