seed,dimension,time,fw_time,primal,dual_gap,smallest_dual_gap,iterations
2,160000,3601.825841775,3601.601997029,0.05986376996424787,24326.071815718875,24326.07181571888,3614
