seed,dimension,time,fw_time,primal,dual_gap,smallest_dual_gap,iterations
1,22500,3600.479199566,3600.163998434,0.03465895417226235,25608.495960988672,25608.49596098867,20937
