seed,dimension,time,fw_time,primal,dual_gap,smallest_dual_gap,iterations
1,10000,3601.204229199,3601.178992181,0.01854143415586421,15911.165039486026,15911.165039486032,6383118
