seed,dimension,time,fw_time,primal,dual_gap,smallest_dual_gap,iterations
4,160000,3601.776390462,3601.455982859,0.052410602332847084,20117.400732776394,20117.400732776397,3471
