seed,dimension,time,fw_time,primal,dual_gap,smallest_dual_gap,iterations
2,2500,3600.03341932,3600.000994548,0.002462813440790483,7354.911643824861,7354.911643824857,12182771
