seed,dimension,time,fw_time,primal,dual_gap,smallest_dual_gap,iterations
4,1000000,3618.1322873,3613.256901409,1.5894174271634698e9,1.880537085444641e7,2.091877753190708e7,558
