seed,dimension,time,fw_time,primal,dual_gap,smallest_dual_gap,iterations
4,810000,3613.884625293,3609.361288976,2.783772487969805e8,8.584754896173954e6,8.323589925011635e6,591
