seed,dimension,time,fw_time,primal,dual_gap,iterations
5,250000,3600.952431165,3600.67503401,0.05408994334395866,18293.41831989762,2984
