seed,dimension,time,fw_time,primal,dual_gap,smallest_dual_gap,iterations
1,360000,3604.075698269,3603.500620547,0.058069917822039574,18315.9604243957,18315.9604243957,2791
