seed,dimension,time,fw_time,primal,dual_gap,smallest_dual_gap,iterations
1,40000,3602.819679451,3602.303977717,0.08828406272066171,37965.30834697491,37965.30834688348,6050
