seed,dimension,time,fw_time,primal,dual_gap,smallest_dual_gap,iterations
2,360000,3601.680387912,3601.238595326,0.052899860197889476,17723.905575371246,17723.905575371235,2814
