seed,dimension,time,fw_time,primal,dual_gap,smallest_dual_gap,iterations
2,40000,3600.673898473,3600.359968502,0.06279699552832174,27069.859121589776,27069.85912158977,11267
