seed,dimension,time,fw_time,primal,dual_gap,smallest_dual_gap,iterations
1,250000,3603.296417896,3602.915967338,0.04068430675546145,18069.688574879572,18069.688575452343,2995
