seed,dimension,time,fw_time,primal,dual_gap,smallest_dual_gap,iterations
4,490000,3617.45648225,3613.547037221,0.05656956272484894,19473.46381310557,19473.463811419104,622
