seed,dimension,time,fw_time,primal,dual_gap,smallest_dual_gap,iterations
3,90000,3600.941774126,3600.70798048,0.0029445765524556255,5171.2825932794,5171.282593242859,6651
