seed,dimension,time,fw_time,primal,dual_gap,smallest_dual_gap,iterations
3,2500,3600.002805962,3600.000996845,0.0426783895501949,27904.366484003454,27904.366484003447,12628140
