seed,dimension,time,fw_time,primal,dual_gap,smallest_dual_gap,iterations
2,810000,3612.492393488,3608.529209526,6.004974664737954e8,2.1207437523551464e7,2.247311781840372e7,585
