seed,dimension,time,fw_time,primal,dual_gap,smallest_dual_gap,iterations
2,22500,3600.676796723,3600.280000065,0.020331581422574754,19619.690484479775,19619.69048447977,21114
