seed,dimension,time,fw_time,primal,dual_gap,smallest_dual_gap,iterations
5,810000,3613.81231084,3609.758196444,1.8426225164390244e9,8.550504726252556e6,8.418233633594513e6,546
