seed,dimension,time,fw_time,primal,dual_gap,smallest_dual_gap,iterations
4,40000,3600.520414182,3600.383989417,0.050544004115969654,26350.51024940929,26350.510249409264,11062
