seed,dimension,time,fw_time,primal,dual_gap,iterations
3,1000000,3616.288422665,3612.342510649,2.3995277921525016e9,1.1669706449698448e7,540
