seed,dimension,time,fw_time,primal,dual_gap,smallest_dual_gap,iterations
4,810000,3615.676459556,3610.158932121,2.797811898492412e8,1.6267892189531326e7,1.7677728114599705e7,557
