seed,dimension,time,fw_time,primal,dual_gap,iterations
3,10000,3600.005092597,3600.001817947,0.015402300290733147,14951.267463033615,5484257
