seed,dimension,time,fw_time,primal,dual_gap,smallest_dual_gap,iterations
4,10000,3600.044272064,3600.002198016,0.004433513293213979,6866.343253230868,6866.3432532308625,4277085
