seed,dimension,time,fw_time,primal,dual_gap,smallest_dual_gap,iterations
1,62500,3600.644763781,3600.325448798,0.06705593985989203,34545.27600989004,34545.27600989004,8295
