seed,dimension,time,fw_time,primal,dual_gap,smallest_dual_gap,iterations
2,40000,3600.908417746,3600.513435697,0.02273743497027905,15736.953567707127,15736.95356770711,11213
