seed,dimension,time,fw_time,primal,dual_gap,smallest_dual_gap,iterations
4,22500,3600.713842084,3600.323995104,0.009276057928713102,11771.804381772115,11771.804381772108,14741
