seed,dimension,time,fw_time,primal,dual_gap,smallest_dual_gap,iterations
3,810000,3615.35246729,3612.141799848,8.063946092199163e8,2.0884094915684223e7,2.532360233587122e7,568
