seed,dimension,time,fw_time,primal,dual_gap,smallest_dual_gap,iterations
2,1000000,3618.240367646,3613.481881097,7.220436192272548e9,1.7185619348672867e7,1.831965491714859e7,519
