seed,dimension,time,fw_time,primal,dual_gap,smallest_dual_gap,iterations
3,810000,3613.748429555,3609.549798136,8.0799221800776e8,2.2807599529860497e7,2.5473017131649494e7,565
