seed,dimension,time,fw_time,primal,dual_gap,iterations
4,1000000,3611.720437438,3607.507122773,1.5898995161083164e9,2.2230185591897964e7,563
