seed,dimension,time,fw_time,primal,dual_gap,smallest_dual_gap,iterations
4,490000,3617.220498749,3614.130674273,0.05708206758319658,20195.44832783239,20195.448330706946,656
