seed,dimension,time,fw_time,primal,dual_gap,smallest_dual_gap,iterations
5,160000,3601.108395888,3600.879987193,0.06216593717455751,24267.055407001604,24267.05540700162,3536
