seed,dimension,time,fw_time,primal,dual_gap,smallest_dual_gap,iterations
2,490000,3616.624540992,3612.951607823,0.0427138186038358,18051.91205027764,18051.912051561536,606
