seed,dimension,time,fw_time,primal,dual_gap,smallest_dual_gap,iterations
3,810000,3618.832705813,3614.023256505,8.066512281996051e8,2.5460450585790634e7,2.9836948887262344e7,546
