seed,dimension,time,fw_time,primal,dual_gap,smallest_dual_gap,iterations
5,90000,3600.90766717,3600.571985932,0.02466303054937564,17338.8127284724,17338.81272847238,7262
