seed,dimension,time,fw_time,primal,dual_gap,smallest_dual_gap,iterations
5,360000,3602.100414214,3601.556462649,0.04913159082563379,17901.31351014,17901.313510140004,2894
