seed,dimension,time,fw_time,primal,dual_gap,smallest_dual_gap,iterations
3,90000,3601.498249086,3601.135994302,0.00232887150499086,4361.148186779786,4361.148186779785,5415
