seed,dimension,time,fw_time,primal,dual_gap,smallest_dual_gap,iterations
4,90000,3600.661909568,3600.355978582,0.06177226802274349,25630.364961731437,25630.36496173144,6120
