seed,dimension,time,fw_time,primal,dual_gap,smallest_dual_gap,iterations
5,40000,3601.393613044,3601.023986042,0.0012656261630215257,3701.568029381768,3701.5680293817686,9353
