seed,dimension,time,fw_time,primal,dual_gap,smallest_dual_gap,iterations
2,62500,3601.3178187,3601.059978915,0.0017635660759279513,4284.6970001659565,4284.6970001659565,7251
