seed,dimension,time,fw_time,primal,dual_gap,smallest_dual_gap,iterations
4,40000,3600.512350339,3600.351999137,0.023231727366077783,16471.380906747225,16471.380906747232,12230
