seed,dimension,time,fw_time,primal,dual_gap,smallest_dual_gap,iterations
1,490000,3619.492568932,3615.376052784,0.05642309434069251,18537.518534770996,18537.518530431436,564
