seed,dimension,time,fw_time,primal,dual_gap,iterations
4,810000,3611.552562652,3608.1026254,2.7836215341968817e8,7.125358773406982e6,582
