seed,dimension,time,fw_time,primal,dual_gap,smallest_dual_gap,iterations
3,40000,3601.693956614,3601.48399202,0.0023465144634323065,3976.7031684610038,3976.703168461,9067
