seed,dimension,time,fw_time,primal,dual_gap,iterations
1,490000,3622.540440036,3618.403934173,0.05642309434069251,18537.518534771025,612
