seed,dimension,time,fw_time,primal,dual_gap,smallest_dual_gap,iterations
5,90000,3601.10842038,3600.956000882,0.054455437504582926,26943.31294949526,26943.31294949528,4702
