seed,dimension,time,fw_time,primal,dual_gap,smallest_dual_gap,iterations
1,490000,3617.048359795,3612.507914494,0.05642309434069251,18537.51853477103,18537.518530431422,627
