seed,dimension,time,fw_time,primal,dual_gap,smallest_dual_gap,iterations
1,22500,3600.65618071,3600.295994456,0.0013193831441777055,4357.09496546953,4357.094965469529,13705
