seed,dimension,time,fw_time,primal,dual_gap,smallest_dual_gap,iterations
2,640000,3616.184393616,3611.266040649,1.107267793213276e9,9.188823254655838e6,8.597775077969551e6,585
