seed,dimension,time,fw_time,primal,dual_gap,smallest_dual_gap,iterations
3,10000,3600.02576366,3600.022529455,0.016413784673564195,16227.100275345723,16227.100275345727,7762422
