seed,dimension,time,fw_time,primal,dual_gap,smallest_dual_gap,iterations
3,62500,3601.437569002,3601.055991736,0.009046826017311308,11065.664768532662,11065.664768532666,7269
