seed,dimension,time,fw_time,primal,dual_gap,iterations
5,10000,3600.004907026,3600.001611491,0.019641412037806054,15952.417927873494,7324708
