seed,dimension,time,fw_time,primal,dual_gap,smallest_dual_gap,iterations
1,10000,3600.045132203,3600.002457429,0.0027924321644710024,5096.744833359298,5096.744833359293,3971461
