seed,dimension,time,fw_time,primal,dual_gap,smallest_dual_gap,iterations
3,250000,3602.125816648,3601.564083086,0.046763928049903085,19094.454294660576,19094.454294660576,2949
