seed,dimension,time,fw_time,primal,dual_gap,smallest_dual_gap,iterations
4,90000,3600.710062673,3600.475981494,0.004447611781113017,5456.335988056079,5456.335988056068,6925
