seed,dimension,time,fw_time,primal,dual_gap,smallest_dual_gap,iterations
3,10000,3600.00335573,3600.001772575,0.015922961210199586,15219.407388573885,15219.407388573882,6313047
