seed,dimension,time,fw_time,primal,dual_gap,smallest_dual_gap,iterations
3,40000,3601.308085381,3600.862371855,6.426723846926847e-7,55.619955467612485,55.66937345507585,5522
