seed,dimension,time,fw_time,primal,dual_gap,smallest_dual_gap,iterations
4,62500,3601.397111808,3601.146583321,6.757236280819693e-7,51.74059411334213,51.81726044583033,4964
