seed,dimension,time,fw_time,primal,dual_gap,smallest_dual_gap,iterations
4,2500,3600.003434256,3600.001128997,9.659011847554273e-8,39.48220154910742,35.07929827290512,12835216
