seed,dimension,time,fw_time,primal,dual_gap,smallest_dual_gap,iterations
2,40000,3602.35776186,3602.04795317,1.6538268185449605e-6,83.36318673705019,83.54366571611108,9747
