seed,dimension,time,fw_time,primal,dual_gap,smallest_dual_gap,iterations
1,90000,3602.353295312,3601.901172296,1.5409632572318587e-6,69.182026527793,69.15675397297613,4649
