seed,dimension,time,fw_time,primal,dual_gap,smallest_dual_gap,iterations
3,2500,3600.002449428,3600.001128024,1.0293903418557425e-7,40.61865717813732,40.59989617820484,14710777
