seed,dimension,time,fw_time,primal,dual_gap,smallest_dual_gap,iterations
1,10000,3601.158587171,3601.069647348,4.54938760166926e-7,62.34858843503857,62.30526140808363,3503835
