seed,dimension,time,fw_time,primal,dual_gap,smallest_dual_gap,iterations
4,10000,3601.16743205,3601.12471079,4.1961128145071234e-7,58.79419216756884,59.15535652779208,3464458
