seed,dimension,time,fw_time,primal,dual_gap,smallest_dual_gap,iterations
2,2500,3600.149882156,3600.148157451,7.53225466596682e-8,33.08659641898463,33.644926054383326,12390136
