seed,dimension,time,fw_time,primal,dual_gap,smallest_dual_gap,iterations
2,40000,3601.179113587,3600.831960568,1.2982890759699283e-6,71.93103176449085,71.99451954496072,5527
