seed,dimension,time,fw_time,primal,dual_gap,smallest_dual_gap,iterations
3,90000,3601.559637293,3601.263971829,1.0664528451597358e-6,61.736494811575106,61.75585187315724,4854
