seed,dimension,time,fw_time,primal,dual_gap,smallest_dual_gap,iterations
2,90000,3601.981049815,3601.655976984,1.3588291646697711e-6,67.31571305981026,66.86284361369644,4657
