seed,dimension,time,fw_time,primal,dual_gap,smallest_dual_gap,iterations
4,10000,3600.037183475,3600.0025848,5.065917933344268e-7,66.67868329724637,66.89045742809411,4145704
