seed,dimension,time,fw_time,primal,dual_gap,smallest_dual_gap,iterations
5,10000,3601.184926127,3601.096572395,4.946350529680635e-7,64.01953199792185,64.32875590513713,3990007
