seed,dimension,time,fw_time,primal,dual_gap,smallest_dual_gap,iterations
3,90000,3602.206564564,3601.811975574,1.91432992836846e-6,77.3625916361274,77.31292252847258,4908
