seed,dimension,time,fw_time,primal,dual_gap,smallest_dual_gap,iterations
1,40000,3602.307903433,3602.079953545,8.226508437106371e-7,63.51109031671844,63.58992154569194,9778
