seed,dimension,time,fw_time,primal,dual_gap,smallest_dual_gap,iterations
1,62500,3601.222439479,3601.035960481,8.792747130966406e-7,62.1717985967385,62.22265562601725,5072
