seed,dimension,time,fw_time,primal,dual_gap,smallest_dual_gap,iterations
5,90000,3601.574967244,3601.287978515,9.083327312393096e-7,54.80377679143645,54.775860751066205,4818
