seed,dimension,time,fw_time,primal,dual_gap,smallest_dual_gap,iterations
4,90000,3601.30138143,3601.055974665,2.1680597312800932e-6,80.98901447932275,80.99665917074019,4720
