seed,dimension,time,fw_time,primal,dual_gap,smallest_dual_gap,iterations
3,62500,3601.088451763,3600.771985295,1.0577719740280406e-6,67.26913020855915,67.64187934487909,5123
