seed,dimension,time,fw_time,primal,dual_gap,smallest_dual_gap,iterations
3,10000,3600.04641347,3600.003263771,5.56304305512931e-7,71.26315599199472,71.28838536129582,3423546
