seed,dimension,time,fw_time,primal,dual_gap,smallest_dual_gap,iterations
3,22500,3600.814471625,3600.445386345,1.071416112269579e-6,83.54403618053544,83.5856515813503,14086
