seed,dimension,time,fw_time,primal,dual_gap,smallest_dual_gap,iterations
5,90000,3602.404598416,3602.107998634,1.0970521544147701e-6,62.06662286836928,62.102670554328036,4887
