seed,dimension,time,fw_time,primal,dual_gap,smallest_dual_gap,iterations
3,10000,3601.117592602,3601.060807696,5.461254313624028e-7,68.77884634837466,68.74881746832062,4034727
