seed,dimension,time,fw_time,primal,dual_gap,smallest_dual_gap,iterations
1,10000,3600.037112334,3600.002489332,3.7765674849353054e-7,57.067038927788516,57.19902752272355,2957228
