seed,dimension,time,fw_time,primal,dual_gap,smallest_dual_gap,iterations
4,40000,3601.048751511,3600.826566044,1.0908820606110573e-6,71.11247081127213,71.19115298263,8023
