seed,dimension,time,fw_time,primal,dual_gap,smallest_dual_gap,iterations
4,90000,3602.789360677,3602.285178132,1.8624970812969361e-6,78.24394818632962,78.33863255445002,4871
