seed,dimension,time,fw_time,primal,dual_gap,smallest_dual_gap,iterations
5,2500,3600.002432652,3600.001119522,2.9452336675736694e-7,65.2807925570211,65.48386528199526,13629191
