seed,dimension,time,fw_time,primal,dual_gap,smallest_dual_gap,iterations
2,90000,3602.500628572,3602.07063265,1.9974095665317727e-6,83.13037799878762,83.23067514237957,5050
