seed,dimension,time,fw_time,primal,dual_gap,smallest_dual_gap,iterations
5,10000,3600.005346129,3600.002684311,4.4009830018157316e-7,60.0195909413368,60.154955067675765,3690051
