seed,dimension,time,fw_time,primal,dual_gap,smallest_dual_gap,iterations
4,40000,3602.241664379,3601.903981417,1.2700750544791912e-6,73.41220360504522,73.33868336660312,11557
