seed,dimension,time,fw_time,primal,dual_gap,smallest_dual_gap,iterations
1,160000,3602.761561386,3602.375969807,5.5153230586095936e-11,2.376822921964087,2.3774394324669172,7750
