seed,dimension,time,fw_time,primal,dual_gap,smallest_dual_gap,iterations
3,1000000,3615.578765708,3612.09608143,2.399350863243736e9,1.2332304719350815e7,1.1800579665358543e7,885
