seed,dimension,time,fw_time,primal,dual_gap,smallest_dual_gap,iterations
2,360000,3602.091401646,3601.738565186,2.0497922126947353e-11,0.15482193573535066,0.1249149171249953,6574
