seed,dimension,time,fw_time,primal,dual_gap,smallest_dual_gap,iterations
2,250000,3601.695251061,3601.36001641,1.070305011633023e-11,0.15065413211846557,0.013965567948087808,6929
