seed,dimension,time,fw_time,primal,dual_gap,smallest_dual_gap,iterations
3,90000,3601.586665812,3601.267990553,6.13841388347961e-12,0.13688670558148805,3.581948028977749e-6,8351
