seed,dimension,time,fw_time,primal,dual_gap,smallest_dual_gap,iterations
3,40000,3601.024701485,3600.728020776,6.032628136503268e-12,0.476896364034842,0.4769168757669128,13079
