seed,dimension,time,fw_time,primal,dual_gap,smallest_dual_gap,iterations
3,360000,3601.615445774,3601.318523246,1.1938465530613483e-11,0.1548961142306827,0.007809893038582349,6366
