seed,dimension,time,fw_time,primal,dual_gap,smallest_dual_gap,iterations
1,22500,3601.310578669,3601.011987797,3.365351574100714e-12,0.14214022433301263,5.510089853176156e-5,12313
