seed,dimension,time,fw_time,primal,dual_gap,smallest_dual_gap,iterations
1,360000,3603.050778041,3602.703986865,6.314822735068844e-11,0.23360807831965869,0.23272877557225932,6642
