seed,dimension,time,fw_time,primal,dual_gap,smallest_dual_gap,iterations
1,62500,3601.463520265,3601.211997467,5.537972890701204e-12,0.13718638461647556,0.08170090257308647,9371
