seed,dimension,time,fw_time,primal,dual_gap,smallest_dual_gap,iterations
2,90000,3601.450482678,3601.211979224,1.7349467002051304e-11,1.1435975887703962,1.1435840502591335,8180
