seed,dimension,time,fw_time,primal,dual_gap,smallest_dual_gap,iterations
4,810000,3612.949796198,3608.316011945,2.790391785658714e8,1.3164010798347473e7,1.339235360581398e7,887
