seed,dimension,time,fw_time,primal,dual_gap,smallest_dual_gap,iterations
3,640000,3615.006243574,3610.687770946,2.687951392059669e8,1.9135626633940697e7,1.9243711718604088e7,888
