seed,dimension,time,fw_time,primal,dual_gap,smallest_dual_gap,iterations
5,22500,3601.033485302,3600.7279921,3.5949593802629963e-12,0.14056558664757624,0.14056409763162567,19828
