seed,dimension,time,fw_time,primal,dual_gap,smallest_dual_gap,iterations
5,40000,3601.192926369,3600.819999925,3.826062211250809e-12,0.13598110968369834,0.12265053948916847,11195
