seed,dimension,time,fw_time,primal,dual_gap,smallest_dual_gap,iterations
5,1000000,3614.31443823,3610.555847156,6.250164383161263e8,2.1521477708839417e7,1.992304785626793e7,891
