seed,dimension,time,fw_time,primal,dual_gap,smallest_dual_gap,iterations
2,40000,3601.215059431,3600.841440203,4.4949013233921e-12,0.13815002125858047,1.9003727331783723e-5,10792
