seed,dimension,time,fw_time,primal,dual_gap,smallest_dual_gap,iterations
5,62500,3601.304709618,3600.947989024,5.058664711773248e-12,0.13663710351523023,0.02852707964691141,9334
