seed,dimension,time,fw_time,primal,dual_gap,smallest_dual_gap,iterations
4,10000,3600.006361736,3600.004557745,2.1184901672195265e-12,0.12599038883661123,0.11373649003032174,3191387
