seed,dimension,time,fw_time,primal,dual_gap,smallest_dual_gap,iterations
4,160000,3601.218122753,3600.895997371,3.686531401724817e-11,1.596381342859569,1.5970247922304643,7890
