seed,dimension,time,fw_time,primal,dual_gap,smallest_dual_gap,iterations
5,10000,3600.006561928,3600.004402301,2.516055005230392e-12,0.14046001725386817,0.1404600172538682,3153339
