seed,dimension,time,fw_time,primal,dual_gap,smallest_dual_gap,iterations
2,40000,3601.125906517,3600.847997554,4.616898796517751e-12,0.1509547955236027,1.4689718284223432e-5,9598
