seed,dimension,time,fw_time,primal,dual_gap,smallest_dual_gap,iterations
2,62500,3601.245730105,3600.907990679,5.4452317628465746e-12,0.26957413992916585,0.2696289302812367,9299
