seed,dimension,time,fw_time,primal,dual_gap,smallest_dual_gap,iterations
1,10000,3601.215878342,3601.154693131,2.140150035842649e-12,0.13744536439146735,0.09602632640739726,2926408
