seed,dimension,time,fw_time,primal,dual_gap,smallest_dual_gap,iterations
4,90000,3601.719522168,3601.408002652,5.876950328407974e-12,0.14501457890734987,3.926120627804131e-6,8399
