seed,dimension,time,fw_time,primal,dual_gap,smallest_dual_gap,iterations
1,90000,3602.53339793,3602.13196461,1.8391011724424957e-11,1.0257564194935649,1.025798467549901,8436
