seed,dimension,time,fw_time,primal,dual_gap,smallest_dual_gap,iterations
1,10000,3600.007318352,3600.004574424,2.41081542046084e-12,0.14016635165938693,0.140166351855945,2887237
