seed,dimension,time,fw_time,primal,dual_gap,smallest_dual_gap,iterations
4,40000,3601.260586117,3601.02400412,4.172232969456259e-12,0.1402804614265447,1.1803079453169638e-5,11131
