seed,dimension,time,fw_time,primal,dual_gap,smallest_dual_gap,iterations
1,1000000,3615.70912589,3611.108056357,1.6218156824719167e9,9.02615136787033e6,9.150468473165512e6,889
