seed,dimension,time,fw_time,primal,dual_gap,smallest_dual_gap,iterations
3,160000,3601.727306893,3601.339976707,8.022244664910784e-12,0.13089108739433888,0.059622916947770985,7956
