seed,dimension,time,fw_time,primal,dual_gap,smallest_dual_gap,iterations
4,10000,3600.007213814,3600.004358776,2.5909773604316414e-12,0.1622623888116357,0.16226238905931822,3162035
