seed,dimension,time,fw_time,primal,dual_gap,smallest_dual_gap,iterations
3,62500,3601.386791854,3601.089446602,9.072929932450042e-12,0.777234684473377,0.7772741767309533,9095
