seed,dimension,time,fw_time,primal,dual_gap,smallest_dual_gap,iterations
5,640000,3615.842428478,3611.399971301,4.144112955916383e7,1.1647927366877317e7,1.1938901156962872e7,884
