seed,dimension,time,fw_time,primal,dual_gap,smallest_dual_gap,iterations
2,160000,3601.349576449,3601.132030338,8.5452723355437e-12,0.1684325847268391,0.00039269449758194957,7714
