seed,dimension,time,fw_time,primal,dual_gap,smallest_dual_gap,iterations
4,40000,3601.147807495,3600.872002694,4.384906429312018e-12,0.14166532328170917,5.200955231116482e-5,9688
