seed,dimension,time,fw_time,primal,dual_gap,smallest_dual_gap,iterations
3,22500,3600.820916421,3600.52655922,3.4130718872759718e-12,0.2574166193852874,0.25739799379958833,14261
