seed,dimension,time,fw_time,primal,dual_gap,smallest_dual_gap,iterations
1,2500,0.585650788,0.584165012,1.3205371824421653e-12,0.13945060697751174,9.841851982258209e-8,1989
