seed,dimension,time,fw_time,primal,dual_gap,smallest_dual_gap,iterations
3,250000,3601.762612441,3601.430486225,1.0176517383023585e-11,0.16362913421702172,0.0194612462367847,6939
