seed,dimension,time,fw_time,primal,dual_gap,smallest_dual_gap,iterations
5,810000,3611.938655017,3608.011978261,1.8426652873163595e9,1.2358729674757004e7,1.2698834941362381e7,893
