seed,dimension,time,fw_time,primal,dual_gap,smallest_dual_gap,iterations
4,250000,3601.512108915,3601.24799589,1.1536457749295459e-11,0.1329176120280883,0.04402052300410052,6943
