seed,dimension,time,fw_time,primal,dual_gap,smallest_dual_gap,iterations
3,10000,4.20655991,4.204465373,2.132259412841017e-12,0.129373171780095,9.942148527603712e-8,3612
