seed,dimension,time,fw_time,primal,dual_gap,smallest_dual_gap,iterations
5,40000,3601.224983147,3600.95999984,3.921660751539325e-12,0.1354085754619719,4.827763133583257e-5,11134
