seed,dimension,time,fw_time,primal,dual_gap,smallest_dual_gap,iterations
3,40000,3601.675126534,3601.183992961,4.094222422415682e-12,0.1392487255564727,1.547782435401747e-5,9467
