seed,dimension,time,fw_time,primal,dual_gap,smallest_dual_gap,iterations
4,1000000,3614.098010412,3609.804161857,1.592549144943688e9,4.875044963322735e7,4.305287546076107e7,881
