seed,dimension,time,fw_time,primal,dual_gap,smallest_dual_gap,iterations
4,90000,3601.524950239,3601.257455275,5.768573703070697e-12,0.1330261243353363,0.0381982733686865,8378
