seed,dimension,time,fw_time,primal,dual_gap,smallest_dual_gap,iterations
5,250000,3601.628070549,3601.271974226,1.2013131875776046e-11,0.16110941990379452,0.0614192484358192,6975
