seed,dimension,time,fw_time,primal,dual_gap,smallest_dual_gap,iterations
2,2500,0.568643951,0.567200184,1.0519322890645558e-12,0.12075520402484342,9.656794608673723e-8,1915
