seed,dimension,time,fw_time,primal,dual_gap,smallest_dual_gap,iterations
1,250000,3602.707389123,3602.271983496,1.088948690350888e-11,0.15846774166198158,0.023842369579174703,6881
