seed,dimension,time,fw_time,primal,dual_gap,smallest_dual_gap,iterations
5,360000,3601.735779968,3601.390660948,2.6727139361566298e-11,0.16278597637494893,0.1627916779765447,6656
