seed,dimension,time,fw_time,primal,dual_gap,smallest_dual_gap,iterations
5,90000,3601.382346738,3601.111975789,1.3183837546781735e-11,0.9407984232547794,0.9409409601013128,8303
