seed,dimension,time,fw_time,primal,dual_gap,smallest_dual_gap,iterations
2,1000000,3613.070424821,3609.460017313,7.219751465730356e9,1.7491405206335068e7,1.8063764064199448e7,884
