seed,dimension,time,fw_time,primal,dual_gap,smallest_dual_gap,iterations
5,490000,3617.147606553,3613.159962749,0.0033088900176851776,3668.3615333475395,4143.851007217919,768
