seed,dimension,time,fw_time,primal,dual_gap,smallest_dual_gap,iterations
1,490000,3620.15634298,3615.726601317,0.0036616011857901797,4270.449087732807,4264.746881007941,713
