seed,dimension,time,fw_time,primal,dual_gap,smallest_dual_gap,iterations,iter_not_converging,fallback_helped,average_iter,std_iter,average_gap,std_gap
2,640000,3615.280447322,3610.788266966,1.107104510699338e9,7.738417251774788e6,8.637628065394402e6,689,0,0,6.118497109826589,5.003946812309837,Inf,Inf
