seed,dimension,time,fw_time,primal,dual_gap,smallest_dual_gap,iterations,iter_not_converging,fallback_helped,average_iter,std_iter,average_gap,std_gap
1,640000,3616.704329427,3613.04346789,4.6377039591120774e8,1.9678589059060097e7,1.7074187914930344e7,711,0,0,5.537062937062937,4.803967756710902,Inf,Inf
