seed,dimension,time,fw_time,primal,dual_gap,iterations
2,490000,3621.272471837,3617.591049149,0.0016708679203942757,2607.1927425314107,656
