seed,dimension,time,fw_time,primal,dual_gap,iterations
4,40000,3601.336408112,3601.039959016,3.4733765403777475e-12,0.13022888188134626,5514
