seed,dimension,time,fw_time,primal,dual_gap,smallest_dual_gap,iterations,iter_not_converging,fallback_helped,average_iter,std_iter,average_gap,std_gap
4,40000,3601.176447215,3600.731979485,3.386606063871414e-12,0.1288207349551965,0.0005985948671721625,4386,0,0,2.940495116965705,0.3112350712395973,Inf,Inf
