seed,dimension,time,fw_time,primal,dual_gap,smallest_dual_gap,iterations
5,90000,3601.304478882,3601.160005698,4.9337955247377495e-12,0.12715668170541156,0.03024509560982327,4218
