seed,dimension,time,fw_time,primal,dual_gap,iterations
5,90000,3601.900466659,3601.746033888,5.361479517807619e-12,0.13513460078118605,3768
