seed,dimension,time,fw_time,primal,dual_gap,iterations
4,1000000,3615.22837873,3611.07355342,1.589321897284285e9,1.9500994285567284e7,634
