seed,dimension,time,fw_time,primal,dual_gap,iterations
3,160000,3601.568464713,3601.334595504,9.425590321209561e-12,0.16409889784258688,3748
