seed,dimension,time,fw_time,primal,dual_gap,smallest_dual_gap,iterations,iter_not_converging,fallback_helped,average_iter,std_iter,average_gap,std_gap
3,250000,3601.497304401,3601.173156484,3.3048698339401454e-10,0.712342206050668,0.6914747020332714,3606,0,0,3.0488075429839157,0.21549534746906474,Inf,Inf
