seed,dimension,time,fw_time,primal,dual_gap,smallest_dual_gap,iterations
4,360000,3602.544401573,3602.011414993,8.389707431089036e-9,3.179141456845266,3.060744217275193,3586
