seed,dimension,time,fw_time,primal,dual_gap,smallest_dual_gap,iterations,iter_not_converging,fallback_helped,average_iter,std_iter,average_gap,std_gap
1,10000,2.959711253,2.93559585,1.6827138821703029e-12,0.12665924232071252,-0.0015888150182645686,450,0,0,2.9198218262806237,0.3102187655010229,Inf,Inf
