seed,dimension,time,fw_time,primal,dual_gap,iterations
5,10000,0.627428235,0.625080701,1.786534753042075e-12,0.1419618453575777,468
