seed,dimension,time,fw_time,primal,dual_gap,smallest_dual_gap,iterations,iter_not_converging,fallback_helped,average_iter,std_iter,average_gap,std_gap
2,40000,3603.60060235,3603.471970573,3.241791761912769e-12,0.12891670577025366,5.913121327817524e-5,4566,0,0,2.9583242417630373,0.29731811953309056,Inf,Inf
