seed,dimension,time,fw_time,primal,dual_gap,iterations
5,250000,3601.636440453,3601.192382051,9.05718636488013e-9,3.468347732730162,3483
