seed,dimension,time,fw_time,primal,dual_gap,smallest_dual_gap,iterations
1,160000,3603.132420517,3602.695965944,6.7621446305536906e-12,0.12816439709077312,0.12718025699221105,4082
