seed,dimension,time,fw_time,primal,dual_gap,iterations
3,40000,3601.51641619,3601.379999372,3.3120860874236817e-12,0.127580373697865,5688
