seed,dimension,time,fw_time,primal,dual_gap,smallest_dual_gap,iterations
1,90000,3603.012442199,3602.499969216,5.209001591705269e-12,0.12778794302587004,0.00017111149076960922,4247
