seed,dimension,time,fw_time,primal,dual_gap,smallest_dual_gap,iterations,iter_not_converging,fallback_helped,average_iter,std_iter,average_gap,std_gap
2,10000,0.719855634,0.718109386,1.6786509922422572e-12,0.13478495066876467,-0.009159337439894869,894,0,0,2.9641657334826426,0.2568638545342522,Inf,Inf
