seed,dimension,time,fw_time,primal,dual_gap,iterations
5,490000,3616.372417344,3611.331035942,0.009056606867833885,6568.159053966728,671
