seed,dimension,time,fw_time,primal,dual_gap,smallest_dual_gap,iterations,iter_not_converging,fallback_helped,average_iter,std_iter,average_gap,std_gap
3,160000,3601.456424841,3600.943995407,8.149951995794629e-12,0.139642840714929,0.03851627462275347,3941,0,0,3.0718091854859173,0.2582044602171146,Inf,Inf
