seed,dimension,time,fw_time,primal,dual_gap,smallest_dual_gap,iterations
5,640000,3615.716471608,3611.754489221,4.179874531946857e7,1.396043984749806e7,1.3299366045193076e7,772
