seed,dimension,time,fw_time,primal,dual_gap,iterations
2,160000,3601.78304375,3601.633209163,7.1852565509825654e-12,0.12647020629586245,3701
