seed,dimension,time,fw_time,primal,dual_gap,smallest_dual_gap,iterations,iter_not_converging,fallback_helped,average_iter,std_iter,average_gap,std_gap
1,360000,3603.000414393,3602.563983611,1.2269700692695352e-7,12.116053890702489,12.09955163616074,3544,0,0,3.101297968397291,0.3064063505146795,Inf,Inf
