seed,dimension,time,fw_time,primal,dual_gap,iterations
3,250000,3602.476445929,3602.008696134,4.781718960608172e-10,0.8593597172890692,3460
