seed,dimension,time,fw_time,primal,dual_gap,smallest_dual_gap,iterations,iter_not_converging,fallback_helped,average_iter,std_iter,average_gap,std_gap
1,810000,3616.812441941,3612.350297251,1.447103358746951e8,1.3857498662904263e7,1.6833650506093502e7,670,0,0,4.431343283582089,2.6005466227290963,Inf,Inf
