seed,dimension,time,fw_time,primal,dual_gap,smallest_dual_gap,iterations
2,250000,3601.624420255,3601.050684936,1.62627248588568e-10,0.4754614460673935,0.5016534877214953,3677
