seed,dimension,time,fw_time,primal,dual_gap,smallest_dual_gap,iterations,iter_not_converging,fallback_helped,average_iter,std_iter,average_gap,std_gap
2,490000,3621.124411412,3617.930324359,0.001538915246545967,2769.0641259854274,2684.8002655763567,685,0,0,3.0948905109489053,0.29822113147424584,Inf,Inf
