seed,dimension,time,fw_time,primal,dual_gap,smallest_dual_gap,iterations
1,250000,3602.868465574,3602.411961342,2.0758174481403616e-10,0.5407832101510579,0.5745324092112223,3703
