seed,dimension,time,fw_time,primal,dual_gap,smallest_dual_gap,iterations,iter_not_converging,fallback_helped,average_iter,std_iter,average_gap,std_gap
5,640000,3617.608373214,3612.949945294,4.135394852816036e7,7.737099191958904e6,7.709199901137114e6,766,0,0,4.0338101430429125,2.1875359926446323,Inf,Inf
