seed,dimension,time,fw_time,primal,dual_gap,smallest_dual_gap,iterations
3,10000,0.565885461,0.563870467,1.3967202792658953e-12,0.11726141355897354,-0.004645576949441896,425
