seed,dimension,time,fw_time,primal,dual_gap,smallest_dual_gap,iterations,iter_not_converging,fallback_helped,average_iter,std_iter,average_gap,std_gap
1,90000,3602.900423526,3602.575955629,5.217256230081721e-12,0.12664460861849963,0.013042076568703525,4350,0,0,3.02558830249029,0.15792162315132602,Inf,Inf
