seed,dimension,time,fw_time,primal,dual_gap,iterations
3,490000,3620.332554704,3616.09107601,0.009271440470470816,6422.982337825995,660
