seed,dimension,time,fw_time,primal,dual_gap,smallest_dual_gap,iterations,iter_not_converging,fallback_helped,average_iter,std_iter,average_gap,std_gap
2,810000,3616.160344284,3612.272526166,6.001500095728165e8,2.0287559967547417e7,1.879418248158121e7,647,0,0,4.979907264296754,2.8956941436260357,Inf,Inf
