seed,dimension,time,fw_time,primal,dual_gap,smallest_dual_gap,iterations,iter_not_converging,fallback_helped,average_iter,std_iter,average_gap,std_gap
4,360000,3602.340413873,3601.988005011,1.1856589042590851e-8,3.8123657361728958,3.8080387081565474,3583,0,0,3.084608961870303,0.2803309349164129,Inf,Inf
