seed,dimension,time,fw_time,primal,dual_gap,smallest_dual_gap,iterations
4,640000,3615.352436813,3610.943155849,1.1857345492783545e8,1.3556788448637247e7,1.409939777514124e7,744
