seed,dimension,time,fw_time,primal,dual_gap,smallest_dual_gap,iterations,iter_not_converging,fallback_helped,average_iter,std_iter,average_gap,std_gap
1,160000,3603.100463501,3602.631953983,6.689292276602798e-12,0.12585151921917107,0.1164345796109586,4099,0,0,3.053601746301237,0.2252574213811705,Inf,Inf
