seed,dimension,time,fw_time,primal,dual_gap,iterations
2,360000,3602.344439412,3601.97074586,1.8692344398781566e-8,4.749568212791175,3391
