seed,dimension,time,fw_time,primal,dual_gap,smallest_dual_gap,iterations,iter_not_converging,fallback_helped,average_iter,std_iter,average_gap,std_gap
3,250000,3602.404518414,3602.146809913,2.4255399909765756e-10,0.5983332211754113,0.5980871617743376,3705,0,0,3.0631720430107525,0.2433048483521056,Inf,Inf
