seed,dimension,time,fw_time,primal,dual_gap,smallest_dual_gap,iterations,iter_not_converging,fallback_helped,average_iter,std_iter,average_gap,std_gap
5,40000,1430.884473434,1430.65594911,3.5290170969219864e-12,0.24139624057887077,-0.0014463850201954427,1906,0,0,2.937532535137949,0.26071207000467356,Inf,Inf
