seed,dimension,time,fw_time,primal,dual_gap,smallest_dual_gap,iterations,iter_not_converging,fallback_helped,average_iter,std_iter,average_gap,std_gap
2,40000,3601.492496619,3601.165422647,3.233312158676506e-12,0.13115193439367778,0.0038370439131917883,4268,0,0,2.931349578256795,0.35734793332075554,Inf,Inf
