seed,dimension,time,fw_time,primal,dual_gap,smallest_dual_gap,iterations,iter_not_converging,fallback_helped,average_iter,std_iter,average_gap,std_gap
5,250000,3601.40308308,3601.130552222,6.174801025470958e-9,2.9691393109285635,2.827864195830914,3625,0,0,3.101241379310345,0.3026029524846076,Inf,Inf
