seed,dimension,time,fw_time,primal,dual_gap,smallest_dual_gap,iterations,iter_not_converging,fallback_helped,average_iter,std_iter,average_gap,std_gap
1,40000,1406.724392454,1406.299974518,4.403016760728165e-12,0.36680700694155755,-0.007886455206942335,1950,0,0,2.9040533606977936,0.39181695065237454,Inf,Inf
