seed,dimension,time,fw_time,primal,dual_gap,smallest_dual_gap,iterations
3,1000000,3614.36451978,3609.916401689,2.3995057266258016e9,1.0010061092058182e7,1.1657607842216492e7,626
