seed,dimension,time,fw_time,primal,dual_gap,smallest_dual_gap,iterations,iter_not_converging,fallback_helped,average_iter,std_iter,average_gap,std_gap
3,640000,3616.920638656,3611.967800762,2.6753785856257305e8,1.5707452065371513e7,1.5974887259232044e7,725,0,0,5.197802197802198,3.763927183843644,Inf,Inf
