seed,dimension,time,fw_time,primal,dual_gap,smallest_dual_gap,iterations,iter_not_converging,fallback_helped,average_iter,std_iter,average_gap,std_gap
3,40000,3601.800460055,3601.723983411,3.2965043412114383e-12,0.13075584981047858,0.0262830868878722,4129,0,0,3.0053281666263016,0.27042654916227654,Inf,Inf
