seed,dimension,time,fw_time,primal,dual_gap,iterations
1,40000,3602.720415414,3602.371936584,3.506802664846547e-12,0.13193815661708885,5571
