seed,dimension,time,fw_time,primal,dual_gap,smallest_dual_gap,iterations,iter_not_converging,fallback_helped,average_iter,std_iter,average_gap,std_gap
1,10000,2.652351186,2.630906712,1.6388784033791033e-12,0.12570869535210452,-0.0006435713407211565,854,0,0,2.9601406799531067,0.21841507389640238,Inf,Inf
