seed,dimension,time,fw_time,primal,dual_gap,smallest_dual_gap,iterations
1,40000,3602.416393919,3602.051970605,3.5049065750744284e-12,0.1315976163049838,0.0016274413358534604,5323
