seed,dimension,time,fw_time,primal,dual_gap,smallest_dual_gap,iterations,iter_not_converging,fallback_helped,average_iter,std_iter,average_gap,std_gap
2,40000,3602.992457702,3602.639988778,3.2342138628451706e-12,0.12907765164270477,0.0007173998102864806,4391,0,0,2.953085857435664,0.2974208367452395,Inf,Inf
