seed,dimension,time,fw_time,primal,dual_gap,smallest_dual_gap,iterations
2,160000,3601.516408705,3601.362736268,6.500718545264132e-12,0.12783950194464966,0.09754191482274502,4134
