seed,dimension,time,fw_time,primal,dual_gap,smallest_dual_gap,iterations,iter_not_converging,fallback_helped,average_iter,std_iter,average_gap,std_gap
1,90000,3602.643734915,3602.363957586,5.3191289988293896e-12,0.1276616157269444,0.0006670282958972241,3980,0,0,3.0246231155778895,0.15499307613569147,Inf,Inf
