seed,dimension,time,fw_time,primal,dual_gap,smallest_dual_gap,iterations,iter_not_converging,fallback_helped,average_iter,std_iter,average_gap,std_gap
5,360000,3602.288377464,3601.964006973,3.143389170373317e-8,5.9471466378611675,5.931637155035472,3469,0,0,3.0951282790429517,0.2944153727991021,Inf,Inf
