seed,dimension,time,fw_time,primal,dual_gap,smallest_dual_gap,iterations,iter_not_converging,fallback_helped,average_iter,std_iter,average_gap,std_gap
3,810000,3617.068311946,3613.307146994,8.047452637045262e8,1.5416859462314606e7,1.3913166060976505e7,620,0,0,5.225806451612903,3.753380188321498,Inf,Inf
