seed,dimension,time,fw_time,primal,dual_gap,smallest_dual_gap,iterations
2,640000,3614.784445459,3611.327164387,1.1074475846191082e9,1.2073915417477608e7,1.2379023378406525e7,680
