seed,dimension,time,fw_time,primal,dual_gap,smallest_dual_gap,iterations,iter_not_converging,fallback_helped,average_iter,std_iter,average_gap,std_gap
4,250000,3602.316060792,3602.028000931,5.948859717983339e-10,0.9605744702145949,0.958295948673282,3594,0,0,3.060378408458542,0.242848095952806,Inf,Inf
