seed,dimension,time,fw_time,primal,dual_gap,iterations
4,160000,3601.552455928,3601.334613909,8.502323982111654e-12,0.14450510398515082,3731
