seed,dimension,time,fw_time,primal,dual_gap,smallest_dual_gap,iterations,iter_not_converging,fallback_helped,average_iter,std_iter,average_gap,std_gap
4,160000,3601.64439151,3601.375997503,7.960532758028951e-12,0.1360215714521396,0.03274152506806527,3948,0,0,3.0554711246200608,0.2289265239308438,Inf,Inf
