seed,dimension,time,fw_time,primal,dual_gap,smallest_dual_gap,iterations,iter_not_converging,fallback_helped,average_iter,std_iter,average_gap,std_gap
3,160000,3601.748308066,3601.494312763,8.255473756834066e-12,0.13877450514374587,0.03565112139490402,3971,0,0,3.0757995467136743,0.26471044797913806,Inf,Inf
