seed,dimension,time,fw_time,primal,dual_gap,iterations
2,640000,3618.632589604,3613.911063515,1.1071269045215924e9,7.611017047922134e6,612
