seed,dimension,time,fw_time,primal,dual_gap,smallest_dual_gap,iterations,iter_not_converging,fallback_helped,average_iter,std_iter,average_gap,std_gap
2,250000,3601.984045034,3601.695993373,1.8397221908944258e-10,0.5307098199641647,0.5098240313636296,3601,0,0,3.036101083032491,0.18656757727561718,Inf,Inf
