seed,dimension,time,fw_time,primal,dual_gap,smallest_dual_gap,iterations,iter_not_converging,fallback_helped,average_iter,std_iter,average_gap,std_gap
4,250000,3602.12040733,3601.696000852,6.316778340077193e-10,0.9323794091378916,0.9982427451274483,3614,0,0,3.063087991145545,0.24429042736684672,Inf,Inf
