seed,dimension,time,fw_time,primal,dual_gap,iterations
5,160000,3601.960463398,3601.803955882,7.410224699964875e-12,0.14974425601276287,3721
