seed,dimension,time,fw_time,primal,dual_gap,smallest_dual_gap,iterations
4,1000000,3612.148374144,3608.261854884,1.590407475487734e9,2.871877565964222e7,2.6380780724359512e7,636
