seed,dimension,time,fw_time,primal,dual_gap,smallest_dual_gap,iterations,iter_not_converging,fallback_helped,average_iter,std_iter,average_gap,std_gap
3,1000000,3611.972452281,3608.726971433,2.399613849129264e9,1.2306990634230614e7,1.1434820220785141e7,567,0,0,5.571428571428571,3.320579673642172,Inf,Inf
