seed,dimension,time,fw_time,primal,dual_gap,iterations
2,40000,3601.324424665,3601.163988384,3.3799671094720736e-12,0.13192962408915299,5634
