seed,dimension,time,fw_time,primal,dual_gap,iterations
1,810000,3621.828460669,3617.768032768,1.4468662704188418e8,1.5902769060811758e7,712
