seed,dimension,time,fw_time,primal,dual_gap,iterations
5,640000,3616.724438898,3611.667025081,4.121164030554349e7,1.0362245355785012e7,701
