seed,dimension,time,fw_time,primal,dual_gap,iterations
5,810000,3615.516411998,3611.133369141,1.8427382966233242e9,1.2101094987085342e7,653
