seed,dimension,time,fw_time,primal,dual_gap,smallest_dual_gap,iterations
2,490000,3628.332457792,3623.663006048,0.0010471887405544855,1954.1983923007824,2110.0935218937593,704
