seed,dimension,time,fw_time,primal,dual_gap,smallest_dual_gap,iterations,iter_not_converging,fallback_helped,average_iter,std_iter,average_gap,std_gap
5,10000,0.741132102,0.737340923,1.7711886069543702e-12,0.13723457109652126,-0.0043219423802359205,914,0,0,2.9759036144578315,0.2719928878675284,Inf,Inf
