seed,dimension,time,fw_time,primal,dual_gap,iterations
1,250000,3602.933454512,3602.499955734,4.52886780847731e-10,0.8401698233001396,3479
