seed,dimension,time,fw_time,primal,dual_gap,smallest_dual_gap,iterations,iter_not_converging,fallback_helped,average_iter,std_iter,average_gap,std_gap
5,90000,3601.144469067,3601.000001349,5.7238493866043614e-12,0.14729120433469325,0.14753199398584993,4020,0,0,3.031094527363184,0.35591653832632314,Inf,Inf
