seed,dimension,time,fw_time,primal,dual_gap,iterations
2,90000,3601.464460417,3601.20374827,5.043107843113986e-12,0.12893078360686328,3810
