seed,dimension,time,fw_time,primal,dual_gap,smallest_dual_gap,iterations,iter_not_converging,fallback_helped,average_iter,std_iter,average_gap,std_gap
3,90000,3601.671058101,3601.389834822,4.8582638141515636e-12,0.13087402032067622,0.00026231814572717804,3742,0,0,2.899786210582576,0.3364276965703598,Inf,Inf
