seed,dimension,time,fw_time,primal,dual_gap,smallest_dual_gap,iterations,iter_not_converging,fallback_helped,average_iter,std_iter,average_gap,std_gap
4,40000,3601.45643336,3601.319991227,3.3791122278434744e-12,0.12962728104718807,0.026205360145400564,4117,0,0,2.9249453485547727,0.3132202536308959,Inf,Inf
