seed,dimension,time,fw_time,primal,dual_gap,iterations
1,10000,2.59062256,2.568308471,1.6827516939422634e-12,0.1266603937880048,457
