seed,dimension,time,fw_time,primal,dual_gap,smallest_dual_gap,iterations,iter_not_converging,fallback_helped,average_iter,std_iter,average_gap,std_gap
3,90000,3601.540404976,3601.311966559,4.766302768956353e-12,0.12880260485379205,5.9350567091677246e-5,3916,0,0,3.001021450459653,0.03194789099446115,Inf,Inf
