seed,dimension,time,fw_time,primal,dual_gap,smallest_dual_gap,iterations
2,90000,3601.128422928,3601.054646418,5.100909097626876e-12,0.12670306222655067,0.04313099919341651,4176
