seed,dimension,time,fw_time,primal,dual_gap,smallest_dual_gap,iterations,iter_not_converging,fallback_helped,average_iter,std_iter,average_gap,std_gap
5,640000,3617.284382178,3612.386389445,4.187132877711507e7,1.2575751573964238e7,1.6944985156757712e7,705,0,0,3.878014184397163,1.8622708903692546,Inf,Inf
