seed,dimension,time,fw_time,primal,dual_gap,smallest_dual_gap,iterations,iter_not_converging,fallback_helped,average_iter,std_iter,average_gap,std_gap
4,360000,3601.911669871,3601.550267998,1.061172330273322e-8,3.646395772641857,3.4590136719229414,3581,0,0,3.0823792236805363,0.27498000385108845,Inf,Inf
