seed,dimension,time,fw_time,primal,dual_gap,smallest_dual_gap,iterations
3,490000,3617.059763725,3613.326865024,0.005461599309426833,5108.262114984156,5100.488196894579,722
