seed,dimension,time,fw_time,primal,dual_gap,smallest_dual_gap,iterations
3,250000,3601.464407791,3601.061455835,3.0202202349662543e-10,0.6850172900846564,0.6848209670604694,3653
