seed,dimension,time,fw_time,primal,dual_gap,smallest_dual_gap,iterations,iter_not_converging,fallback_helped,average_iter,std_iter,average_gap,std_gap
4,90000,3601.070953452,3600.934531409,4.901374731364113e-12,0.12252124541863595,0.0634555362938404,4114,0,0,3.0388915896937285,0.19461342460121236,Inf,Inf
