seed,dimension,time,fw_time,primal,dual_gap,smallest_dual_gap,iterations
4,160000,3601.816416395,3601.66823647,7.514605262410442e-12,0.134703985042153,0.017759922720358118,4158
