seed,dimension,time,fw_time,primal,dual_gap,iterations
3,360000,3602.524408834,3602.126319694,8.88939980278886e-12,0.12960613135534088,3136
