seed,dimension,time,fw_time,primal,dual_gap,iterations
2,250000,3601.812434372,3601.090133961,3.2053319004565026e-10,0.6992793152022428,3450
