seed,dimension,time,fw_time,primal,dual_gap,smallest_dual_gap,iterations
3,640000,3613.788400726,3610.322575724,2.677855091984695e8,1.5279032744794369e7,1.6577680944777489e7,730
