seed,dimension,time,fw_time,primal,dual_gap,smallest_dual_gap,iterations,iter_not_converging,fallback_helped,average_iter,std_iter,average_gap,std_gap
1,490000,3615.420361346,3611.979618629,0.00400048428078807,4389.701105365291,4384.291016403778,705,0,0,3.104964539007092,0.30672533638316885,Inf,Inf
