seed,dimension,time,fw_time,primal,dual_gap,iterations
4,360000,3602.02040951,3601.532363259,1.605959878965204e-8,4.589881728355579,3377
