seed,dimension,time,fw_time,primal,dual_gap,smallest_dual_gap,iterations
2,40000,3601.128391233,3600.708000656,3.2742036373556247e-12,0.12710776422140505,0.0049429135350708905,5253
