seed,dimension,time,fw_time,primal,dual_gap,smallest_dual_gap,iterations
2,810000,3613.548538081,3609.442114912,6.011072976013253e8,2.4853482383750916e7,2.7109375158257008e7,691
