seed,dimension,time,fw_time,primal,dual_gap,smallest_dual_gap,iterations
5,250000,3602.292380925,3601.862809113,4.961633374162587e-9,2.6192394496766247,2.812709804443093,3694
