seed,dimension,time,fw_time,primal,dual_gap,smallest_dual_gap,iterations,iter_not_converging,fallback_helped,average_iter,std_iter,average_gap,std_gap
2,160000,3601.972429188,3601.847959411,6.989629107012449e-12,0.12939479441077498,0.006754970661588825,4042,0,0,3.047209245143841,0.21326856034671796,Inf,Inf
