seed,dimension,time,fw_time,primal,dual_gap,iterations
3,90000,3602.068445858,3601.930378118,4.933834061872251e-12,0.1290226987900575,3670
