seed,dimension,time,fw_time,primal,dual_gap,iterations
4,90000,3601.648464051,3601.510434397,5.630240049043631e-12,0.14014239540940068,3839
