seed,dimension,time,fw_time,primal,dual_gap,smallest_dual_gap,iterations,iter_not_converging,fallback_helped,average_iter,std_iter,average_gap,std_gap
3,1000000,3613.466511881,3608.078668249,2.399857687243256e9,1.2314958632098198e7,1.2606504711994171e7,605,0,0,5.705785123966942,4.034952782917585,Inf,Inf
