seed,dimension,time,fw_time,primal,dual_gap,smallest_dual_gap,iterations
5,490000,3616.060407324,3611.855121484,0.005296541357221558,4831.734243436842,5477.093956371468,738
