seed,dimension,time,fw_time,primal,dual_gap,smallest_dual_gap,iterations
3,360000,3602.700426038,3602.190889839,1.0033811557656012e-11,0.13280402338267358,0.04360710156225739,3282
