seed,dimension,time,fw_time,primal,dual_gap,smallest_dual_gap,iterations,iter_not_converging,fallback_helped,average_iter,std_iter,average_gap,std_gap
1,1000000,3615.104514458,3611.264022668,1.6247571079326098e9,3.478949634153366e7,3.3135801668468475e7,614,0,0,6.051863857374392,4.571641190671059,Inf,Inf
