seed,dimension,time,fw_time,primal,dual_gap,smallest_dual_gap,iterations,iter_not_converging,fallback_helped,average_iter,std_iter,average_gap,std_gap
2,360000,3602.020409895,3601.660011901,1.644769476983088e-8,4.430762561212505,4.292691131915227,3462,0,0,3.0635470826112075,0.24516099341366088,Inf,Inf
