seed,dimension,time,fw_time,primal,dual_gap,smallest_dual_gap,iterations,iter_not_converging,fallback_helped,average_iter,std_iter,average_gap,std_gap
2,810000,3617.368410756,3612.260549943,6.000676439630548e8,2.31112167588892e7,1.7243717696829796e7,655,0,0,5.300911854103344,4.510164311870728,Inf,Inf
