seed,dimension,time,fw_time,primal,dual_gap,smallest_dual_gap,iterations
1,1000000,3617.240475564,3613.09967552,1.6247391600078387e9,2.7026672395327568e7,2.8407128760582924e7,622
