seed,dimension,time,fw_time,primal,dual_gap,smallest_dual_gap,iterations,iter_not_converging,fallback_helped,average_iter,std_iter,average_gap,std_gap
2,1000000,3614.688389266,3611.146254413,7.220517764629092e9,1.8412290078598022e7,1.8244840297613144e7,616,0,0,5.7124394184168015,3.3954124334175932,Inf,Inf
