seed,dimension,time,fw_time,primal,dual_gap,smallest_dual_gap,iterations,iter_not_converging,fallback_helped,average_iter,std_iter,average_gap,std_gap
4,40000,1439.692613863,1439.423964332,3.874485278891543e-12,0.282654146879146,-0.011814488243824828,1888,0,0,2.9077901430842608,0.3625901613085539,Inf,Inf
