seed,dimension,time,fw_time,primal,dual_gap,smallest_dual_gap,iterations
4,250000,3602.208385216,3601.89037331,4.842433471320716e-10,0.8472959178417927,0.8463745351137455,3663
