seed,dimension,time,fw_time,primal,dual_gap,smallest_dual_gap,iterations,iter_not_converging,fallback_helped,average_iter,std_iter,average_gap,std_gap
3,360000,3602.20183087,3601.856012816,9.918967305083626e-12,0.13100964733366294,0.0018786582541216476,3196,0,0,3.0031289111389237,0.055857831185336076,Inf,Inf
