seed,dimension,time,fw_time,primal,dual_gap,smallest_dual_gap,iterations,iter_not_converging,fallback_helped,average_iter,std_iter,average_gap,std_gap
1,250000,3603.348367493,3602.947940468,2.974251160650463e-10,0.6461552325717272,0.6773631824478813,3602,0,0,3.039977790116602,0.19734646113250776,Inf,Inf
