seed,dimension,time,fw_time,primal,dual_gap,smallest_dual_gap,iterations
5,160000,3601.632429601,3601.494692482,8.251736445433951e-12,0.20822940464923068,0.20917379379268436,4033
