seed,dimension,time,fw_time,primal,dual_gap,smallest_dual_gap,iterations,iter_not_converging,fallback_helped,average_iter,std_iter,average_gap,std_gap
3,490000,3619.820500798,3615.606693721,0.006859716057900322,5474.580447114473,5007.680562871206,697,0,0,3.1061692969870873,0.31290140202514904,Inf,Inf
