seed,dimension,time,fw_time,primal,dual_gap,smallest_dual_gap,iterations,iter_not_converging,fallback_helped,average_iter,std_iter,average_gap,std_gap
2,160000,3601.591000187,3601.372897968,7.24941496940498e-12,0.13057758571039102,0.011366827032455425,3869,0,0,3.042388214008788,0.2014992493606504,Inf,Inf
