seed,dimension,time,fw_time,primal,dual_gap,smallest_dual_gap,iterations,iter_not_converging,fallback_helped,average_iter,std_iter,average_gap,std_gap
4,90000,3602.055212189,3601.69700138,5.307422872367522e-12,0.13578454876887988,0.0010380751262087074,3920,0,0,3.0354591836734692,0.18496096115025704,Inf,Inf
