seed,dimension,time,fw_time,primal,dual_gap,smallest_dual_gap,iterations
3,160000,3601.22843616,3601.08276125,7.935165290861452e-12,0.1331829498256622,0.09645225876126148,4095
