seed,dimension,time,fw_time,primal,dual_gap,iterations
2,1000000,3614.308398964,3610.152882165,7.219046130646058e9,1.1313646789382935e7,597
