seed,dimension,time,fw_time,primal,dual_gap,smallest_dual_gap,iterations,iter_not_converging,fallback_helped,average_iter,std_iter,average_gap,std_gap
5,810000,3619.304527725,3614.465861998,1.842089843485324e9,1.0387585977778435e7,1.0279906337823868e7,647,0,0,5.816923076923077,4.200156620117757,Inf,Inf
