seed,dimension,time,fw_time,primal,dual_gap,smallest_dual_gap,iterations,iter_not_converging,fallback_helped,average_iter,std_iter,average_gap,std_gap
4,490000,3621.792415016,3617.966217897,0.010030009170691917,7549.2649568912175,7105.135373850281,675,0,0,3.1155555555555554,0.31992828078600116,Inf,Inf
