seed,dimension,time,fw_time,primal,dual_gap,iterations
1,160000,3603.821433847,3603.371949221,7.637176194356821e-12,0.12657913924600675,3706
