seed,dimension,time,fw_time,primal,dual_gap,smallest_dual_gap,iterations
2,1000000,3615.448325358,3611.669337075,7.219271779306132e9,1.4645711713565826e7,1.1013641255645752e7,620
