seed,dimension,time,fw_time,primal,dual_gap,smallest_dual_gap,iterations,iter_not_converging,fallback_helped,average_iter,std_iter,average_gap,std_gap
5,2500,0.153715884,0.152396479,8.290257887081755e-13,0.11537268031883217,-0.0018002336447997124,514,0,0,2.9883040935672516,0.17638860109568083,Inf,Inf
