seed,dimension,time,fw_time,primal,dual_gap,smallest_dual_gap,iterations,iter_not_converging,fallback_helped,average_iter,std_iter,average_gap,std_gap
4,160000,3601.893759111,3601.583968059,7.476875431269473e-12,0.12353266449434135,0.095708052292695,4083,0,0,3.056576047024247,0.2310590263851039,Inf,Inf
