seed,dimension,time,fw_time,primal,dual_gap,iterations
3,640000,3615.172425875,3611.174997106,2.692151971247163e8,2.5239802239911556e7,632
