seed,dimension,time,fw_time,primal,dual_gap,smallest_dual_gap,iterations
3,40000,3601.13641017,3600.893436708,3.1891175431701125e-12,0.12728438160592978,0.008113522439040918,5229
