seed,dimension,time,fw_time,primal,dual_gap,smallest_dual_gap,iterations
5,40000,1169.504372896,1169.267991922,3.4395888258648493e-12,0.23104794526981168,-0.0023477846274552734,1914
