seed,dimension,time,fw_time,primal,dual_gap,smallest_dual_gap,iterations,iter_not_converging,fallback_helped,average_iter,std_iter,average_gap,std_gap
3,10000,0.632018111,0.629535938,1.3967202792658953e-12,0.11726141355897354,-0.004645576949441896,425,0,0,2.910377358490566,0.29412827335752306,Inf,Inf
