seed,dimension,time,fw_time,primal,dual_gap,iterations
4,1000000,3615.560339279,3611.177134857,1.5891066496499093e9,1.4379557175765038e7,625
