seed,dimension,time,fw_time,primal,dual_gap,smallest_dual_gap,iterations,iter_not_converging,fallback_helped,average_iter,std_iter,average_gap,std_gap
3,90000,3601.669127634,3601.321847966,5.054578483403601e-12,0.13122594730283046,0.0002933074492214967,3735,0,0,2.910843373493976,0.3302750972999478,Inf,Inf
