seed,dimension,time,fw_time,primal,dual_gap,smallest_dual_gap,iterations,iter_not_converging,fallback_helped,average_iter,std_iter,average_gap,std_gap
1,90000,3602.52842414,3602.103966164,5.320912489721572e-12,0.12700775251969612,1.30912004000403e-5,3852,0,0,3.036863966770509,0.18982513014874364,Inf,Inf
