seed,dimension,time,fw_time,primal,dual_gap,smallest_dual_gap,iterations,iter_not_converging,fallback_helped,average_iter,std_iter,average_gap,std_gap
1,1000000,3615.640409978,3610.723876682,1.6246089471134033e9,2.8264923488487244e7,2.915835992603302e7,682,0,0,3.8548387096774195,0.3607567349586279,Inf,Inf
