seed,dimension,time,fw_time,primal,dual_gap,smallest_dual_gap,iterations,iter_not_converging,fallback_helped,average_iter,std_iter,average_gap,std_gap
2,40000,3601.461229947,3601.120511876,3.306170356852059e-12,0.12904453006933522,0.038537579787055284,4093,0,0,2.930124602980699,0.3598955929748753,Inf,Inf
