seed,dimension,time,fw_time,primal,dual_gap,smallest_dual_gap,iterations,iter_not_converging,fallback_helped,average_iter,std_iter,average_gap,std_gap
4,40000,3601.320377194,3601.175990737,3.245819643544796e-12,0.12992909488668322,0.00043968870706316673,4399,0,0,2.925892248238236,0.3082320875003395,Inf,Inf
