seed,dimension,time,fw_time,primal,dual_gap,smallest_dual_gap,iterations,iter_not_converging,fallback_helped,average_iter,std_iter,average_gap,std_gap
2,90000,3601.560264472,3601.159961079,5.284266902160382e-12,0.13019154748042644,0.0029726995514206722,3664,0,0,3.0267467248908297,0.16136432121356595,Inf,Inf
