seed,dimension,time,fw_time,primal,dual_gap,smallest_dual_gap,iterations,iter_not_converging,fallback_helped,average_iter,std_iter,average_gap,std_gap
3,810000,3624.404439159,3617.122488758,8.049985213431288e8,1.5350279029689789e7,1.5455609639981747e7,469,2,0,5.812366737739872,4.078683452147627,3.0933822517042706e-7,7.7138644330625725
