seed,dimension,time,fw_time,primal,dual_gap,iterations
4,160000,3601.40586506,3601.035611902,8.729147169912692e-12,0.15364291718221867,3815
