seed,dimension,time,fw_time,primal,dual_gap,smallest_dual_gap,iterations,iter_not_converging,fallback_helped,average_iter,std_iter,average_gap,std_gap
3,490000,3621.084493467,3616.846781264,0.01530266368638619,8524.322313689343,8593.745470095242,630,0,0,3.13015873015873,0.3414338607738892,Inf,Inf
