seed,dimension,time,fw_time,primal,dual_gap,smallest_dual_gap,iterations,iter_not_converging,fallback_helped,average_iter,std_iter,average_gap,std_gap
5,490000,3615.976516392,3612.830393347,0.006697507826592351,5448.230973701706,6103.606249990054,709,33,0,3.11938202247191,0.324465433113229,9.976268185753776e-8,1.1708953369347437
