seed,dimension,time,fw_time,primal,dual_gap,smallest_dual_gap,iterations,iter_not_converging,fallback_helped,average_iter,std_iter,average_gap,std_gap
2,360000,3601.928459113,3601.526613571,2.3473726415904848e-8,5.357791495922332,5.364643005879923,3400,0,0,3.0685294117647057,0.2561584207634889,Inf,Inf
