seed,dimension,time,fw_time,primal,dual_gap,smallest_dual_gap,iterations,iter_not_converging,fallback_helped,average_iter,std_iter,average_gap,std_gap
5,360000,3602.18044104,3601.776003338,4.004791169151218e-8,6.922521912379481,6.918170101736136,3382,0,0,3.0949142519219395,0.2931398045746173,Inf,Inf
