seed,dimension,time,fw_time,primal,dual_gap,smallest_dual_gap,iterations
5,10000,0.637001602,0.634651302,1.6355842841986132e-12,0.13031640741885192,9.916581930855765e-8,476
