seed,dimension,time,fw_time,primal,dual_gap,smallest_dual_gap,iterations,iter_not_converging,fallback_helped,average_iter,std_iter,average_gap,std_gap
5,40000,1432.71637548,1432.27199152,3.660415691972133e-12,0.25102531539210293,-0.0024252584607741905,1910,0,0,2.930853850183342,0.27364369960103646,Inf,Inf
