seed,dimension,time,fw_time,primal,dual_gap,smallest_dual_gap,iterations,iter_not_converging,fallback_helped,average_iter,std_iter,average_gap,std_gap
4,160000,3601.894978512,3601.748926572,7.92745282974959e-12,0.1322722667000272,0.03742445366225068,3838,0,0,3.055713915522156,0.2327632309012742,Inf,Inf
