seed,dimension,time,fw_time,primal,dual_gap,smallest_dual_gap,iterations,iter_not_converging,fallback_helped,average_iter,std_iter,average_gap,std_gap
1,90000,3602.480469394,3601.991960774,5.320914614838072e-12,0.12700763555338196,1.2846054041460782e-5,3851,6,0,3.038947639927779,0.19482395692701657,1.5801864588005955e-7,1.5259997432824854
