seed,dimension,time,fw_time,primal,dual_gap,smallest_dual_gap,iterations,iter_not_converging,fallback_helped,average_iter,std_iter,average_gap,std_gap
5,90000,3601.996447682,3601.83170011,5.384510894095818e-12,0.1660672184454949,1.5285029095202003e-6,3747,0,0,3.0701381509032943,0.2783171058645691,Inf,Inf
