seed,dimension,time,fw_time,primal,dual_gap,iterations
5,160000,3601.440416733,3601.310771831,7.065199076342616e-12,0.12874647999496122,3803
