seed,dimension,time,fw_time,primal,dual_gap,smallest_dual_gap,iterations,iter_not_converging,fallback_helped,average_iter,std_iter,average_gap,std_gap
4,160000,3601.468410127,3601.099960349,8.440754198983013e-12,0.1341711146397711,0.06921161941269593,3655,0,0,3.064295485636115,0.24531212922145076,Inf,Inf
