seed,dimension,time,fw_time,primal,dual_gap,smallest_dual_gap,iterations,iter_not_converging,fallback_helped,average_iter,std_iter,average_gap,std_gap
3,360000,3602.401546364,3601.972051458,9.658016728893494e-12,0.13088231892607388,0.001797352756209837,3192,0,0,3.0009398496240602,0.030647358145623495,Inf,Inf
