seed,dimension,time,fw_time,primal,dual_gap,smallest_dual_gap,iterations,iter_not_converging,fallback_helped,average_iter,std_iter,average_gap,std_gap
5,90000,3601.892433806,3601.731635607,4.837170555901545e-12,0.12671350523106092,0.00033547950751535344,3998,0,0,3.029264632316158,0.16856844602563972,Inf,Inf
