seed,dimension,time,fw_time,primal,dual_gap,smallest_dual_gap,iterations,iter_not_converging,fallback_helped,average_iter,std_iter,average_gap,std_gap
2,90000,3601.303806529,3600.96396963,5.25045585609217e-12,0.12971682147543526,0.0010643321528244674,3853,0,0,3.0256942642097067,0.15987425926490922,Inf,Inf
