seed,dimension,time,fw_time,primal,dual_gap,smallest_dual_gap,iterations,iter_not_converging,fallback_helped,average_iter,std_iter,average_gap,std_gap
2,810000,3618.975176002,3614.517196174,6.012185761610423e8,2.381493548793173e7,2.419941099476576e7,661,0,0,4.721633888048411,1.5239405835276476,Inf,Inf
