seed,dimension,time,fw_time,primal,dual_gap,smallest_dual_gap,iterations,iter_not_converging,fallback_helped,average_iter,std_iter,average_gap,std_gap
3,40000,3600.988404823,3600.915984706,3.3403891948491766e-12,0.1296904045507434,3.02685308396386e-6,4844,3,0,2.9905447070914697,0.33796418387436905,3.4732527463560355e-7,1.4451278710625182
