seed,dimension,time,fw_time,primal,dual_gap,smallest_dual_gap,iterations,iter_not_converging,fallback_helped,average_iter,std_iter,average_gap,std_gap
1,40000,3602.564395548,3602.199960242,3.404216919418229e-12,0.12893466401012468,0.009845435899668548,4193,0,0,2.944431194848557,0.30268063986954974,Inf,Inf
