seed,dimension,time,fw_time,primal,dual_gap,smallest_dual_gap,iterations,iter_not_converging,fallback_helped,average_iter,std_iter,average_gap,std_gap
3,640000,3612.716404643,3608.062585727,2.690689944120627e8,2.6365364533203125e7,2.9156364908127785e7,659,0,0,4.521148036253776,1.492899952616082,Inf,Inf
