seed,dimension,time,fw_time,primal,dual_gap,smallest_dual_gap,iterations,iter_not_converging,fallback_helped,average_iter,std_iter,average_gap,std_gap
5,1000000,3617.900388706,3613.534515216,6.232448648084103e8,2.4767028098141193e7,2.1317653709240437e7,588,0,0,5.095238095238095,1.6544126461863862,Inf,Inf
