seed,dimension,time,fw_time,primal,dual_gap,smallest_dual_gap,iterations,iter_not_converging,fallback_helped,average_iter,std_iter,average_gap,std_gap
4,160000,3602.218612345,3601.927936581,8.315077253877855e-12,0.13756240528736172,0.04077929198526873,3793,0,0,3.0582652254152385,0.23427517786104202,Inf,Inf
