seed,dimension,time,fw_time,primal,dual_gap,smallest_dual_gap,iterations,iter_not_converging,fallback_helped,average_iter,std_iter,average_gap,std_gap
4,40000,3600.941850907,3600.731987394,3.4440129489646325e-12,0.1298053063623646,0.005116893545746554,4235,0,0,2.928689492325856,0.3232686986929834,Inf,Inf
