seed,dimension,time,fw_time,primal,dual_gap,iterations
2,40000,3601.556400316,3601.359881438,3.2561854975219526e-12,0.128157075542282,4672
