seed,dimension,time,fw_time,primal,dual_gap,smallest_dual_gap,iterations,iter_not_converging,fallback_helped,average_iter,std_iter,average_gap,std_gap
5,40000,1383.360428892,1383.190246266,3.41007867134833e-12,0.2329813120412146,-0.0051160073846303125,1908,0,0,2.9368203003625064,0.26378284034844485,Inf,Inf
