seed,dimension,time,fw_time,primal,dual_gap,smallest_dual_gap,iterations,iter_not_converging,fallback_helped,average_iter,std_iter,average_gap,std_gap
5,640000,3618.228380005,3613.209114872,4.1521407816315934e7,1.1404872833289027e7,9.918487719618917e6,671,0,0,3.8792846497764533,1.2890017291142561,Inf,Inf
