seed,dimension,time,fw_time,primal,dual_gap,smallest_dual_gap,iterations,iter_not_converging,fallback_helped,average_iter,std_iter,average_gap,std_gap
2,160000,3602.04832668,3601.783968562,7.060985646131829e-12,0.1540910541428583,0.01657151594945033,3776,0,0,3.04396186440678,0.205037441587082,Inf,Inf
