seed,dimension,time,fw_time,primal,dual_gap,smallest_dual_gap,iterations,iter_not_converging,fallback_helped,average_iter,std_iter,average_gap,std_gap
3,640000,3611.572467493,3607.685675955,2.6841640835025522e8,1.41466309034276e7,1.5060916510043144e7,767,0,0,3.7311688311688314,0.4523482266384777,Inf,Inf
