seed,dimension,time,fw_time,primal,dual_gap,smallest_dual_gap,iterations,iter_not_converging,fallback_helped,average_iter,std_iter,average_gap,std_gap
4,360000,3602.080389272,3601.795856621,1.3236954444641713e-8,3.8001640445929086,4.181828525398708,3463,0,0,3.0747906439503323,0.26418685027701627,Inf,Inf
