seed,dimension,time,fw_time,primal,dual_gap,smallest_dual_gap,iterations,iter_not_converging,fallback_helped,average_iter,std_iter,average_gap,std_gap
5,1000000,3619.924098064,3615.85060862,6.227933203309786e8,1.1710762909107685e7,1.3269087945858955e7,626,0,0,3.817891373801917,0.39444059956027555,Inf,Inf
