seed,dimension,time,fw_time,primal,dual_gap,smallest_dual_gap,iterations,iter_not_converging,fallback_helped,average_iter,std_iter,average_gap,std_gap
3,90000,3601.269588321,3600.939964902,4.64019046382439e-12,0.1304680724756059,0.000203334749650437,3768,0,0,2.897027600849257,0.33392657510336504,Inf,Inf
