seed,dimension,time,fw_time,primal,dual_gap,smallest_dual_gap,iterations,iter_not_converging,fallback_helped,average_iter,std_iter,average_gap,std_gap
2,250000,3603.460463822,3602.92796663,2.3035033809498027e-8,5.953689576975225,5.953468892893161,2245,13,0,3.041351711871943,0.19914663448486908,6.719245930169008e-8,1.2883497003594047
