seed,dimension,time,fw_time,primal,dual_gap,smallest_dual_gap,iterations,iter_not_converging,fallback_helped,average_iter,std_iter,average_gap,std_gap
5,250000,3602.064497786,3601.768075059,6.862146567281113e-9,3.178563047577153,3.0193452337119746,3517,0,0,3.0884276371907875,0.28495603957793414,Inf,Inf
