seed,dimension,time,fw_time,primal,dual_gap,smallest_dual_gap,iterations,iter_not_converging,fallback_helped,average_iter,std_iter,average_gap,std_gap
1,250000,3603.24041335,3602.847944742,4.319376164296348e-10,0.8114510138173798,0.8118303621622674,3494,0,0,3.040927303949628,0.19815018836026782,Inf,Inf
