seed,dimension,time,fw_time,primal,dual_gap,smallest_dual_gap,iterations,iter_not_converging,fallback_helped,average_iter,std_iter,average_gap,std_gap
3,160000,3602.005660049,3601.76801452,8.707684669611709e-12,0.13406178718164996,0.06732898159896007,3661,0,0,3.0786670308658834,0.26925514293591246,Inf,Inf
