seed,dimension,time,fw_time,primal,dual_gap,smallest_dual_gap,iterations
2,810000,3619.412480502,3614.495955187,5.999323369586926e8,2.01519202072134e7,2.0910904810412884e7,666
