seed,dimension,time,fw_time,primal,dual_gap,smallest_dual_gap,iterations,iter_not_converging,fallback_helped,average_iter,std_iter,average_gap,std_gap
5,360000,3602.508407035,3602.102698668,2.0027937167108823e-8,4.468237275444425,4.9927267225572365,3575,26,0,3.0931919642857144,0.29074182307178775,7.120833209531447e-8,1.0821346690324825
