seed,dimension,time,fw_time,primal,dual_gap,smallest_dual_gap,iterations,iter_not_converging,fallback_helped,average_iter,std_iter,average_gap,std_gap
5,160000,3603.170468415,3602.59602045,2.709975644171931e-10,0.7364587167723118,0.7604852624137195,2472,0,0,3.046925566343042,0.21342690986280152,Inf,Inf
