seed,dimension,time,fw_time,primal,dual_gap,smallest_dual_gap,iterations,iter_not_converging,fallback_helped,average_iter,std_iter,average_gap,std_gap
1,40000,3602.440416672,3602.207993646,3.267841163095868e-12,0.12754966990764172,0.00041643720359571957,3421,0,0,2.957322420344928,0.28085556076874274,Inf,Inf
