seed,dimension,time,fw_time,primal,dual_gap,smallest_dual_gap,iterations
5,490000,3615.820468502,3611.695036674,0.008711480286448643,6467.210894556868,6462.184276724795,693
