seed,dimension,time,fw_time,primal,dual_gap,smallest_dual_gap,iterations,iter_not_converging,fallback_helped,average_iter,std_iter,average_gap,std_gap
1,90000,3603.204417485,3602.747954811,5.012726609961511e-12,0.12332427032423757,0.0008419063293541593,3917,0,0,3.0265509318355885,0.16078737497468806,Inf,Inf
