seed,dimension,time,fw_time,primal,dual_gap,smallest_dual_gap,iterations,iter_not_converging,fallback_helped,average_iter,std_iter,average_gap,std_gap
5,160000,3602.000539149,3601.780050681,7.184278049026996e-12,0.12693557505262845,0.0148894980569603,3814,0,0,3.0357142857142856,0.18700071662995166,Inf,Inf
