seed,dimension,time,fw_time,primal,dual_gap,smallest_dual_gap,iterations,iter_not_converging,fallback_helped,average_iter,std_iter,average_gap,std_gap
3,250000,3601.413767715,3601.157729373,1.8529721185691622e-9,1.7166625506824418,1.7269262232050322,3129,0,0,3.0533716842441674,0.22622706658523906,Inf,Inf
