seed,dimension,time,fw_time,primal,dual_gap,smallest_dual_gap,iterations
5,40000,1312.280403649,1312.14272652,3.4304681277452575e-12,0.2359387920963647,-0.005562020561201718,1911
