seed,dimension,time,fw_time,primal,dual_gap,smallest_dual_gap,iterations,iter_not_converging,fallback_helped,average_iter,std_iter,average_gap,std_gap
2,90000,3601.180441311,3601.099985876,5.62492174719316e-12,0.13037272351073134,5.189847601059651e-6,3837,0,0,3.0445660672400314,0.2113682537958569,Inf,Inf
