seed,dimension,time,fw_time,primal,dual_gap,smallest_dual_gap,iterations
4,10000,0.641796476,0.639658251,1.894363458638658e-12,0.15875457698283266,9.865287043803942e-8,479
