seed,dimension,time,fw_time,primal,dual_gap,iterations
2,1000000,3614.472282067,3610.865792043,7.22059794164196e9,1.467181052421379e7,581
