seed,dimension,time,fw_time,primal,dual_gap,smallest_dual_gap,iterations,iter_not_converging,fallback_helped,average_iter,std_iter,average_gap,std_gap
4,90000,3602.192418106,3601.963989535,5.411582477675219e-12,0.14440843493852945,0.14540547661504738,4031,0,0,3.0409327710245595,0.2018807922712716,Inf,Inf
