seed,dimension,time,fw_time,primal,dual_gap,iterations
3,160000,3601.864406614,3601.666741549,8.701389191705288e-12,0.14266855066381184,3790
