seed,dimension,time,fw_time,primal,dual_gap,smallest_dual_gap,iterations,iter_not_converging,fallback_helped,average_iter,std_iter,average_gap,std_gap
2,360000,3602.386919789,3602.021183932,2.180758635939985e-8,4.996763351990065,5.476182528990069,3395,0,0,3.0618556701030926,0.24092871116817777,Inf,Inf
