seed,dimension,time,fw_time,primal,dual_gap,iterations
3,490000,3614.642955574,3610.769597985,0.005638387690828289,4685.735297954821,714
