seed,dimension,time,fw_time,primal,dual_gap,smallest_dual_gap,iterations,iter_not_converging,fallback_helped,average_iter,std_iter,average_gap,std_gap
2,360000,3601.584399176,3601.17200803,2.9610789285619465e-8,5.923437119427793,5.88172868520647,3388,0,0,3.0665488810365136,0.24927580107817485,Inf,Inf
