seed,dimension,time,fw_time,primal,dual_gap,smallest_dual_gap,iterations,iter_not_converging,fallback_helped,average_iter,std_iter,average_gap,std_gap
5,40000,1379.720404346,1379.567981625,3.659237046580591e-12,0.23917347505010703,-0.007404579523612447,1908,0,0,2.931305715783954,0.27102178192713605,Inf,Inf
