seed,dimension,time,fw_time,primal,dual_gap,smallest_dual_gap,iterations,iter_not_converging,fallback_helped,average_iter,std_iter,average_gap,std_gap
1,250000,3603.401702131,3603.055965692,3.607163110165299e-10,0.7548327621317644,0.754430488385662,3548,0,0,3.0390120684816164,0.1950951929938944,Inf,Inf
