seed,dimension,time,fw_time,primal,dual_gap,smallest_dual_gap,iterations,iter_not_converging,fallback_helped,average_iter,std_iter,average_gap,std_gap
3,40000,3601.212403724,3601.075997537,3.2655920473523067e-12,0.1301586449159188,0.00025467104304923674,4493,0,0,2.9737369241041622,0.327875645992729,Inf,Inf
