seed,dimension,time,fw_time,primal,dual_gap,smallest_dual_gap,iterations,iter_not_converging,fallback_helped,average_iter,std_iter,average_gap,std_gap
5,160000,3601.960467095,3601.447933493,8.171585395309867e-12,0.13440421724125007,0.06621762822299579,3281,0,0,3.040231636696129,0.19653199326537935,Inf,Inf
