seed,dimension,time,fw_time,primal,dual_gap,smallest_dual_gap,iterations,iter_not_converging,fallback_helped,average_iter,std_iter,average_gap,std_gap
3,360000,3602.424456795,3602.096016669,9.830141153675022e-12,0.13092499271564897,0.0006538246639497445,3211,0,0,3.003726708074534,0.060942375480985994,Inf,Inf
