seed,dimension,time,fw_time,primal,dual_gap,iterations
4,250000,3602.384420199,3602.058831219,7.940091653364704e-10,1.0927402203956127,3503
