seed,dimension,time,fw_time,primal,dual_gap,smallest_dual_gap,iterations,iter_not_converging,fallback_helped,average_iter,std_iter,average_gap,std_gap
1,490000,3616.822680391,3613.359924295,0.006345025524407485,5687.074639831307,5261.006178191187,683,0,0,3.121522693997072,0.326973180848967,Inf,Inf
