seed,dimension,time,fw_time,primal,dual_gap,smallest_dual_gap,iterations,iter_not_converging,fallback_helped,average_iter,std_iter,average_gap,std_gap
1,1000000,3620.010848154,3614.744515203,1.621914562754101e9,1.1766238681127548e7,1.0549927367612839e7,554,0,0,5.32129963898917,2.2424511357688264,Inf,Inf
