seed,dimension,time,fw_time,primal,dual_gap,smallest_dual_gap,iterations,iter_not_converging,fallback_helped,average_iter,std_iter,average_gap,std_gap
5,640000,3614.996393429,3610.813403134,4.16242166322441e7,1.1951343236563921e7,1.3240620683498383e7,673,0,0,3.82396449704142,0.8607075256227277,Inf,Inf
