seed,dimension,time,fw_time,primal,dual_gap,smallest_dual_gap,iterations,iter_not_converging,fallback_helped,average_iter,std_iter,average_gap,std_gap
1,640000,3614.988426166,3610.911641805,4.6384836466881204e8,2.266669282628441e7,2.39034957590847e7,653,0,0,4.525914634146342,1.130803572429404,Inf,Inf
