seed,dimension,time,fw_time,primal,dual_gap,smallest_dual_gap,iterations,iter_not_converging,fallback_helped,average_iter,std_iter,average_gap,std_gap
2,360000,3602.248419416,3601.898687261,1.4787173412398762e-8,4.199133005049283,4.570199445496876,3541,24,0,3.0709859154929577,0.2568374916649835,7.15859097273055e-8,1.1642818262735681
