seed,dimension,time,fw_time,primal,dual_gap,iterations
4,90000,3601.152405285,3601.01479317,5.5382318660734705e-12,0.14252884658354137,3989
