seed,dimension,time,fw_time,primal,dual_gap,smallest_dual_gap,iterations
1,640000,3615.864445828,3612.171879518,4.638423980903672e8,2.3675731823901176e7,2.536359716629696e7,655
