seed,dimension,time,fw_time,primal,dual_gap,smallest_dual_gap,iterations,iter_not_converging,fallback_helped,average_iter,std_iter,average_gap,std_gap
3,810000,3614.2364199,3610.138761497,8.047288179812326e8,1.4775134202308178e7,1.4719611615747452e7,658,0,0,5.031770045385779,1.7057535565038706,Inf,Inf
