seed,dimension,time,fw_time,primal,dual_gap,smallest_dual_gap,iterations,iter_not_converging,fallback_helped,average_iter,std_iter,average_gap,std_gap
2,490000,3617.850964735,3613.694543767,0.0034340720287169713,4444.78446996935,4439.644949619868,594,0,0,3.085858585858586,0.28039123510516134,Inf,Inf
