seed,dimension,time,fw_time,primal,dual_gap,smallest_dual_gap,iterations,iter_not_converging,fallback_helped,average_iter,std_iter,average_gap,std_gap
1,160000,3603.088434445,3602.591955849,7.627182332992752e-12,0.12772964954085161,0.02974817249452466,3710,0,0,3.0662020905923346,0.2486683481108857,Inf,Inf
