seed,dimension,time,fw_time,primal,dual_gap,iterations
5,360000,3602.152399934,3601.742076329,4.115972645155353e-8,6.5839583445449215,3410
