seed,dimension,time,fw_time,primal,dual_gap,smallest_dual_gap,iterations
4,640000,3618.404395494,3613.073995758,1.1869943193446195e8,9.51813622932458e6,9.175273331092358e6,683
