seed,dimension,time,fw_time,primal,dual_gap,smallest_dual_gap,iterations,iter_not_converging,fallback_helped,average_iter,std_iter,average_gap,std_gap
4,360000,3601.652439665,3601.381710384,2.5051669523745414e-8,5.479556217467979,5.476724473912911,3198,0,0,3.08036272670419,0.27532605247150377,Inf,Inf
