seed,dimension,time,fw_time,primal,dual_gap,smallest_dual_gap,iterations
3,360000,3601.804380391,3601.309882519,9.444281055310838e-12,0.1291468101834846,0.07669784852960983,3157
