seed,dimension,time,fw_time,primal,dual_gap,iterations
4,40000,3601.860398649,3601.611978488,3.2331964407516057e-12,0.1317676788373016,4641
