seed,dimension,time,fw_time,primal,dual_gap,smallest_dual_gap,iterations,iter_not_converging,fallback_helped,average_iter,std_iter,average_gap,std_gap
2,250000,3601.504371495,3601.199582373,2.4367491655798814e-10,0.625160985541967,0.6062323398519476,3515,0,0,3.0324324324324325,0.17717082128667896,Inf,Inf
