seed,dimension,time,fw_time,primal,dual_gap,smallest_dual_gap,iterations,iter_not_converging,fallback_helped,average_iter,std_iter,average_gap,std_gap
2,1000000,3620.412147651,3615.550707406,7.219652427121938e9,1.5564504840991974e7,1.6288586078338623e7,564,0,0,5.414893617021277,2.644379707681204,Inf,Inf
