seed,dimension,time,fw_time,primal,dual_gap,smallest_dual_gap,iterations
2,250000,3602.536396843,3602.038160848,2.4642380629411725e-10,0.6029634444411498,0.633485043989243,3490
