seed,dimension,time,fw_time,primal,dual_gap,smallest_dual_gap,iterations
2,160000,3601.660431247,3601.513932061,7.296289240033849e-12,0.15231918665994432,0.01192009127251768,3853
