seed,dimension,time,fw_time,primal,dual_gap,smallest_dual_gap,iterations,iter_not_converging,fallback_helped,average_iter,std_iter,average_gap,std_gap
3,640000,3614.7244445,3609.86039505,2.6774645614004987e8,1.4519514125294209e7,1.5152905106783867e7,752,0,0,4.654255319148936,1.5221867299110652,Inf,Inf
