seed,dimension,time,fw_time,primal,dual_gap,smallest_dual_gap,iterations,iter_not_converging,fallback_helped,average_iter,std_iter,average_gap,std_gap
4,90000,3601.52444419,3601.388004555,1.3084466591882429e-11,0.89403435860794,1.1380931492510566,4001,0,0,3.0399801340948596,0.20217594164173003,Inf,Inf
