seed,dimension,time,fw_time,primal,dual_gap,smallest_dual_gap,iterations,iter_not_converging,fallback_helped,average_iter,std_iter,average_gap,std_gap
1,250000,3602.768418388,3602.303935555,5.480220808105431e-10,0.9365869770152223,0.915844746848898,3430,0,0,3.042417199302731,0.2030049531779053,Inf,Inf
