seed,dimension,time,fw_time,primal,dual_gap,smallest_dual_gap,iterations,iter_not_converging,fallback_helped,average_iter,std_iter,average_gap,std_gap
1,490000,3620.292574067,3616.082852698,0.004783340405735315,5041.182746822147,4970.654474967158,688,29,0,3.1360347322720696,0.34307377658927146,7.013929011403713e-8,1.102546776154005
