seed,dimension,time,fw_time,primal,dual_gap,smallest_dual_gap,iterations,iter_not_converging,fallback_helped,average_iter,std_iter,average_gap,std_gap
3,490000,3620.428411179,3616.398794831,0.012209175204474341,8401.318999524497,7945.164655260684,633,0,0,3.1163522012578615,0.3208991724958677,Inf,Inf
