seed,dimension,time,fw_time,primal,dual_gap,smallest_dual_gap,iterations,iter_not_converging,fallback_helped,average_iter,std_iter,average_gap,std_gap
5,250000,3602.216437501,3601.786432785,2.2500071729339925e-8,5.747636928226308,5.511552663760227,3142,0,0,3.088478676002546,0.28403499167383983,Inf,Inf
