seed,dimension,time,fw_time,primal,dual_gap,smallest_dual_gap,iterations,iter_not_converging,fallback_helped,average_iter,std_iter,average_gap,std_gap
2,90000,3601.140423892,3601.06396636,5.435647761955154e-12,0.13233437244872662,4.105341889842534e-6,3882,0,0,3.0591549295774647,0.242370894348214,Inf,Inf
