seed,dimension,time,fw_time,primal,dual_gap,smallest_dual_gap,iterations,iter_not_converging,fallback_helped,average_iter,std_iter,average_gap,std_gap
4,160000,3601.356444449,3601.130376935,8.550365805884426e-12,0.1360501094833646,0.054051376058939615,3731,0,0,3.0643259179844544,0.24536550384724437,Inf,Inf
