seed,dimension,time,fw_time,primal,dual_gap,smallest_dual_gap,iterations,iter_not_converging,fallback_helped,average_iter,std_iter,average_gap,std_gap
1,160000,3602.768460256,3602.255968713,7.484873856079634e-12,0.12767266671905872,0.017142419110331597,3894,0,0,3.059065228556754,0.2357770203975212,Inf,Inf
