seed,dimension,time,fw_time,primal,dual_gap,smallest_dual_gap,iterations
5,640000,3615.37234197,3611.431114793,4.1286034971643955e7,8.127612669122815e6,9.259156919659615e6,740
