seed,dimension,time,fw_time,primal,dual_gap,smallest_dual_gap,iterations,iter_not_converging,fallback_helped,average_iter,std_iter,average_gap,std_gap
5,160000,3601.396454553,3601.219976976,7.431529805394311e-12,0.1467404158612905,0.02435846151816645,3681,0,0,3.031784841075795,0.1754506415123669,Inf,Inf
