seed,dimension,time,fw_time,primal,dual_gap,smallest_dual_gap,iterations,iter_not_converging,fallback_helped,average_iter,std_iter,average_gap,std_gap
2,160000,3601.192472539,3601.046352069,7.1443097339584344e-12,0.12510486150336972,0.01270859582428498,3817,0,0,3.036940005239717,0.18863924288794606,Inf,Inf
