seed,dimension,time,fw_time,primal,dual_gap,smallest_dual_gap,iterations,iter_not_converging,fallback_helped,average_iter,std_iter,average_gap,std_gap
1,160000,3609.188419284,3608.779971776,7.490327163929726e-12,0.12774939064066235,0.02193779538452925,3819,13,0,3.068632567849687,0.2528612741740172,3.691133268344814e-8,1.1340795351760065
