seed,dimension,time,fw_time,primal,dual_gap,smallest_dual_gap,iterations,iter_not_converging,fallback_helped,average_iter,std_iter,average_gap,std_gap
3,160000,3602.954795802,3602.507826537,1.4346782600757273e-9,1.6396316224720908,1.6387608508718716,2488,0,0,3.087620578778135,0.28421741525466676,Inf,Inf
