seed,dimension,time,fw_time,primal,dual_gap,smallest_dual_gap,iterations,iter_not_converging,fallback_helped,average_iter,std_iter,average_gap,std_gap
4,810000,3619.57644117,3614.348852709,2.801495617692765e8,1.8402652111257076e7,1.7751757801977634e7,632,0,0,4.44620253164557,1.1428624266591907,Inf,Inf
