seed,dimension,time,fw_time,primal,dual_gap,iterations
2,90000,3601.244418743,3600.915989385,5.709100334750271e-12,0.12691550709801958,3926
