seed,dimension,time,fw_time,primal,dual_gap,smallest_dual_gap,iterations,iter_not_converging,fallback_helped,average_iter,std_iter,average_gap,std_gap
5,250000,3601.968397802,3601.446054772,1.0112208815675452e-8,3.8816860840497664,3.7451657703445886,3435,0,0,3.089665211062591,0.2877741355886251,Inf,Inf
