seed,dimension,time,fw_time,primal,dual_gap,iterations
3,250000,3602.432399715,3602.074147014,4.380687152803989e-10,0.786536996428238,3498
