seed,dimension,time,fw_time,primal,dual_gap,iterations
5,810000,3616.244278816,3611.406665999,1.8422394560177717e9,1.085642594453907e7,645
