seed,dimension,time,fw_time,primal,dual_gap,smallest_dual_gap,iterations,iter_not_converging,fallback_helped,average_iter,std_iter,average_gap,std_gap
2,640000,3618.332416479,3611.506945539,1.1074855616687365e9,1.3258373168916702e7,1.2223382016091347e7,634,0,0,5.188383045525903,1.7144383326447339,Inf,Inf
