seed,dimension,time,fw_time,primal,dual_gap,smallest_dual_gap,iterations,iter_not_converging,fallback_helped,average_iter,std_iter,average_gap,std_gap
3,160000,3602.256368631,3601.927944648,1.0924933102919304e-10,0.4512769117540274,0.43653676329570784,2979,0,0,3.0842564618999666,0.2778186812143279,Inf,Inf
