seed,dimension,time,fw_time,primal,dual_gap,smallest_dual_gap,iterations
2,640000,3612.528532407,3608.707091948,1.1070615514034767e9,1.3679753353653908e7,1.3287041040288925e7,614
