seed,dimension,time,fw_time,primal,dual_gap,smallest_dual_gap,iterations,iter_not_converging,fallback_helped,average_iter,std_iter,average_gap,std_gap
5,1000000,3617.000480803,3611.746799597,6.222317495108776e8,7.772636236172199e6,8.2334941984910965e6,610,0,0,4.563934426229508,1.1023236819546747,Inf,Inf
