seed,dimension,time,fw_time,primal,dual_gap,smallest_dual_gap,iterations
2,360000,3602.560387905,3602.122748848,1.8852987690987236e-8,4.650866112493096,5.03503460297469,3414
