seed,dimension,time,fw_time,primal,dual_gap,smallest_dual_gap,iterations,iter_not_converging,fallback_helped,average_iter,std_iter,average_gap,std_gap
4,90000,3601.752440512,3601.607646419,5.45824999309504e-12,0.13014400527438608,0.0006498894043582084,4008,0,0,3.041170634920635,0.19870935244344398,Inf,Inf
