seed,dimension,time,fw_time,primal,dual_gap,smallest_dual_gap,iterations,iter_not_converging,fallback_helped,average_iter,std_iter,average_gap,std_gap
2,490000,3622.488403638,3617.509968284,0.007803585008767877,7018.529916867386,7048.993920426683,522,0,0,3.0900383141762453,0.28651121121695494,Inf,Inf
