seed,dimension,time,fw_time,primal,dual_gap,smallest_dual_gap,iterations,iter_not_converging,fallback_helped,average_iter,std_iter,average_gap,std_gap
4,160000,3601.688431028,3601.539975037,8.344335437235652e-12,0.13625306427771677,0.051184124965719315,3790,0,0,3.0591638180383907,0.23707412379665366,Inf,Inf
