seed,dimension,time,fw_time,primal,dual_gap,smallest_dual_gap,iterations,iter_not_converging,fallback_helped,average_iter,std_iter,average_gap,std_gap
1,360000,3603.348480746,3602.88764768,1.0695701804455139e-7,11.963530510713163,11.371566097327925,3596,28,0,3.1029126213592235,0.3093167695009214,8.969769500463283e-8,1.1144350567749945
