seed,dimension,time,fw_time,primal,dual_gap,smallest_dual_gap,iterations,iter_not_converging,fallback_helped,average_iter,std_iter,average_gap,std_gap
2,250000,3601.352395561,3601.077965928,2.40611478384219e-10,0.5993612052187517,0.5994889660329733,3539,0,0,3.0430864545198535,0.2030803438165233,Inf,Inf
