seed,dimension,time,fw_time,primal,dual_gap,smallest_dual_gap,iterations,iter_not_converging,fallback_helped,average_iter,std_iter,average_gap,std_gap
2,1000000,3617.637597909,3612.497868263,7.218922177014552e9,1.2363214571224213e7,1.10366415252285e7,610,0,0,3.8278688524590163,0.3863989564476552,Inf,Inf
