seed,dimension,time,fw_time,primal,dual_gap,smallest_dual_gap,iterations,iter_not_converging,fallback_helped,average_iter,std_iter,average_gap,std_gap
1,250000,3603.412471554,3602.995934948,5.372317050311761e-10,0.8831243309683152,0.9257948862279616,3432,0,0,3.0447284345047922,0.21091085292359746,Inf,Inf
