seed,dimension,time,fw_time,primal,dual_gap,smallest_dual_gap,iterations,iter_not_converging,fallback_helped,average_iter,std_iter,average_gap,std_gap
4,40000,3600.964262752,3600.767989563,3.2686278653031624e-12,0.12760753715052925,0.00013603997177100136,3484,0,0,2.942020665901263,0.29557370818730155,Inf,Inf
