seed,dimension,time,fw_time,primal,dual_gap,smallest_dual_gap,iterations,iter_not_converging,fallback_helped,average_iter,std_iter,average_gap,std_gap
2,640000,3619.288335471,3615.34438999,1.1070838294941986e9,1.0096423168758392e7,9.345342424117088e6,646,0,0,4.694915254237288,1.1423343683725427,Inf,Inf
