seed,dimension,time,fw_time,primal,dual_gap,smallest_dual_gap,iterations,iter_not_converging,fallback_helped,average_iter,std_iter,average_gap,std_gap
1,640000,3617.052376634,3612.931930882,4.638584993063033e8,1.9975217188871384e7,2.1516803069508553e7,641,0,0,5.138198757763975,2.2171045492980013,Inf,Inf
