seed,dimension,time,fw_time,primal,dual_gap,smallest_dual_gap,iterations,iter_not_converging,fallback_helped,average_iter,std_iter,average_gap,std_gap
2,160000,3601.760457818,3601.614433283,7.114520302483448e-12,0.1300846370846227,0.016252918753335552,3766,0,0,3.041765794343114,0.20007997111743936,Inf,Inf
