seed,dimension,time,fw_time,primal,dual_gap,smallest_dual_gap,iterations,iter_not_converging,fallback_helped,average_iter,std_iter,average_gap,std_gap
3,160000,3601.901044583,3601.6519964,7.71912160835831e-12,0.14280701350160285,0.03316830273938114,3988,0,0,3.0692076228686056,0.25482487142374594,Inf,Inf
