seed,dimension,time,fw_time,primal,dual_gap,iterations
4,490000,3618.464420189,3615.347121898,0.005024925926039982,4981.45743942516,729
