seed,dimension,time,fw_time,primal,dual_gap,smallest_dual_gap,iterations,iter_not_converging,fallback_helped,average_iter,std_iter,average_gap,std_gap
5,40000,1454.634981984,1454.35853577,3.549196140877354e-12,0.23481757241104068,-0.0025691098562058137,1909,0,0,2.930909090909091,0.2617418356105659,Inf,Inf
