seed,dimension,time,fw_time,primal,dual_gap,smallest_dual_gap,iterations,iter_not_converging,fallback_helped,average_iter,std_iter,average_gap,std_gap
5,1000000,3613.094683938,3609.166696936,6.223772602531532e8,8.86377783177805e6,8.822070034264565e6,602,0,0,5.2275747508305646,2.256372841802741,Inf,Inf
