seed,dimension,time,fw_time,primal,dual_gap,smallest_dual_gap,iterations,iter_not_converging,fallback_helped,average_iter,std_iter,average_gap,std_gap
2,40000,3601.044424331,3600.968001569,3.2145253446523975e-12,0.12834536292437537,0.00019507852400631634,4484,0,0,2.9660377358490564,0.30310844215453986,Inf,Inf
