seed,dimension,time,fw_time,primal,dual_gap,smallest_dual_gap,iterations
1,90000,3602.412401851,3602.012006058,5.013164463418359e-12,0.12330402967829102,0.0005969271409214278,3995
