seed,dimension,time,fw_time,primal,dual_gap,smallest_dual_gap,iterations,iter_not_converging,fallback_helped,average_iter,std_iter,average_gap,std_gap
2,360000,3601.800410827,3601.390668468,1.3189479496083469e-8,3.9375603687191654,3.6824356721395066,3509,0,0,3.072955257908236,0.2601001111840199,Inf,Inf
