seed,dimension,time,fw_time,primal,dual_gap,smallest_dual_gap,iterations,iter_not_converging,fallback_helped,average_iter,std_iter,average_gap,std_gap
4,90000,3601.608608984,3601.471999819,5.38729931402266e-12,0.12778264444244866,0.0009900322489426845,3930,0,0,3.0323155216284987,0.17685923151262017,Inf,Inf
