seed,dimension,time,fw_time,primal,dual_gap,smallest_dual_gap,iterations,iter_not_converging,fallback_helped,average_iter,std_iter,average_gap,std_gap
2,490000,3623.612474104,3619.09199416,0.0017971935675663265,2821.105618909186,3070.4536224629237,641,0,0,3.108695652173913,0.316452204022223,Inf,Inf
