seed,dimension,time,fw_time,primal,dual_gap,iterations
1,640000,3615.000396584,3610.815601061,4.6382367340621275e8,2.690437330758381e7,670
