seed,dimension,time,fw_time,primal,dual_gap,smallest_dual_gap,iterations,iter_not_converging,fallback_helped,average_iter,std_iter,average_gap,std_gap
3,90000,3601.937233525,3601.707982726,4.678568306376934e-12,0.12881716525686465,0.00038697789618932825,3694,0,0,3.0008121277747697,0.028490137849640055,Inf,Inf
