seed,dimension,time,fw_time,primal,dual_gap,smallest_dual_gap,iterations,iter_not_converging,fallback_helped,average_iter,std_iter,average_gap,std_gap
1,360000,3603.684392276,3603.216008036,1.8043102900107495e-7,14.47884562556927,14.446480210569547,3370,0,0,3.1014836795252227,0.30397220936656894,Inf,Inf
