seed,dimension,time,fw_time,primal,dual_gap,smallest_dual_gap,iterations
3,490000,3622.964457809,3618.467368376,0.008014800316482643,6253.499828569116,5807.107329952443,672
