seed,dimension,time,fw_time,primal,dual_gap,smallest_dual_gap,iterations,iter_not_converging,fallback_helped,average_iter,std_iter,average_gap,std_gap
5,40000,1063.620442248,1063.475690695,3.5217297206748224e-12,0.22099432872058344,-0.004671558941083795,1525,0,0,2.9243697478991595,0.2923687225492804,Inf,Inf
