seed,dimension,time,fw_time,primal,dual_gap,smallest_dual_gap,iterations,iter_not_converging,fallback_helped,average_iter,std_iter,average_gap,std_gap
1,250000,3602.412361489,3602.007932884,2.5408876907914263e-10,0.6183174696638383,0.6188460348415789,3641,0,0,3.0400988739357317,0.19761320611803276,Inf,Inf
