seed,dimension,time,fw_time,primal,dual_gap,smallest_dual_gap,iterations,iter_not_converging,fallback_helped,average_iter,std_iter,average_gap,std_gap
3,160000,3601.780422787,3601.44797837,8.646181576459787e-12,0.13889512238462953,0.046406052618885744,3846,0,0,3.079430789133247,0.27044493462555447,Inf,Inf
