seed,dimension,time,fw_time,primal,dual_gap,smallest_dual_gap,iterations,iter_not_converging,fallback_helped,average_iter,std_iter,average_gap,std_gap
5,640000,3612.34042673,3608.479818512,4.1697601132687226e7,1.4018598280756116e7,1.3216676473605514e7,768,0,0,3.5538261997405964,0.5103044834783802,Inf,Inf
