seed,dimension,time,fw_time,primal,dual_gap,smallest_dual_gap,iterations,iter_not_converging,fallback_helped,average_iter,std_iter,average_gap,std_gap
5,250000,3602.216451466,3601.818582452,6.31590290141485e-9,2.83085284790777,3.0338226844682854,3557,0,0,3.089635854341737,0.28569937322410366,Inf,Inf
