seed,dimension,time,fw_time,primal,dual_gap,smallest_dual_gap,iterations,iter_not_converging,fallback_helped,average_iter,std_iter,average_gap,std_gap
2,40000,3601.610976293,3601.450514173,3.238041670641376e-12,0.12728295548768534,0.003573624131472335,4272,0,0,2.9258914006059196,0.3627252022573102,Inf,Inf
