seed,dimension,time,fw_time,primal,dual_gap,smallest_dual_gap,iterations,iter_not_converging,fallback_helped,average_iter,std_iter,average_gap,std_gap
2,40000,3601.816224197,3601.167975507,3.4025827678693273e-12,0.1299417472018893,0.0009835543459341504,3370,0,0,2.9688427299703264,0.2755110670548813,Inf,Inf
