seed,dimension,time,fw_time,primal,dual_gap,smallest_dual_gap,iterations,iter_not_converging,fallback_helped,average_iter,std_iter,average_gap,std_gap
4,1000000,3613.900248632,3609.737956642,1.5905546957432075e9,2.8637328807640076e7,2.675030463271904e7,568,0,0,5.133802816901408,1.61552814648672,Inf,Inf
