seed,dimension,time,fw_time,primal,dual_gap,smallest_dual_gap,iterations,iter_not_converging,fallback_helped,average_iter,std_iter,average_gap,std_gap
2,90000,3601.895215543,3601.459963367,5.1970228131765405e-12,0.12865559225382917,8.533149104560827e-6,3861,0,0,3.038850038850039,0.1959251298873413,Inf,Inf
