seed,dimension,time,fw_time,primal,dual_gap,smallest_dual_gap,iterations,iter_not_converging,fallback_helped,average_iter,std_iter,average_gap,std_gap
1,810000,3615.952351092,3611.003996343,1.4468936750372997e8,1.6321637241774559e7,1.5608793963426828e7,706,0,0,4.257790368271955,1.3030690194565218,Inf,Inf
