seed,dimension,time,fw_time,primal,dual_gap,smallest_dual_gap,iterations,iter_not_converging,fallback_helped,average_iter,std_iter,average_gap,std_gap
4,160000,3601.369641507,3601.079982584,8.393361547584671e-12,0.129863927202094,0.046935989405472237,3813,0,0,3.056386047731445,0.23183027843760248,Inf,Inf
