seed,dimension,time,fw_time,primal,dual_gap,smallest_dual_gap,iterations,iter_not_converging,fallback_helped,average_iter,std_iter,average_gap,std_gap
2,1000000,3618.0870527,3613.30030324,7.219284145026133e9,1.4943845555164337e7,1.3197833960113525e7,579,0,0,4.773747841105354,1.1371068788609733,Inf,Inf
