seed,dimension,time,fw_time,primal,dual_gap,smallest_dual_gap,iterations,iter_not_converging,fallback_helped,average_iter,std_iter,average_gap,std_gap
1,250000,3603.036712535,3602.591934003,1.3880844966940215e-9,1.4099444443747098,1.4777869927854215,3166,0,0,3.0445356917245734,0.20631458630045293,Inf,Inf
