seed,dimension,time,fw_time,primal,dual_gap,iterations
2,490000,3616.100445148,3612.931093645,0.0011099049197175713,2285.0256858608923,694
