seed,dimension,time,fw_time,primal,dual_gap,smallest_dual_gap,iterations,iter_not_converging,fallback_helped,average_iter,std_iter,average_gap,std_gap
3,1000000,3621.820393033,3616.769958127,2.3993530926429486e9,1.2536760072944641e7,1.3733051662433624e7,469,3,0,5.6716417910447765,3.726043947049443,1.6555209588065097e-7,1.017979152630073
