seed,dimension,time,fw_time,primal,dual_gap,smallest_dual_gap,iterations,iter_not_converging,fallback_helped,average_iter,std_iter,average_gap,std_gap
4,40000,3600.915620012,3600.627978135,3.083346886839816e-12,0.12606846270343364,0.00028800402545850034,4430,0,0,2.9270880361173814,0.32417790693638704,Inf,Inf
