seed,dimension,time,fw_time,primal,dual_gap,smallest_dual_gap,iterations
4,40000,3601.360414115,3601.207667181,3.435780943840856e-12,0.12976833912445743,1.8885449349799472e-5,4638
