seed,dimension,time,fw_time,primal,dual_gap,smallest_dual_gap,iterations,iter_not_converging,fallback_helped,average_iter,std_iter,average_gap,std_gap
3,40000,3601.054978244,3600.814526623,3.211523937127005e-12,0.1267965723588776,0.0008950230265329665,4382,0,0,3.00636219041127,0.2843740569089194,Inf,Inf
