seed,dimension,time,fw_time,primal,dual_gap,smallest_dual_gap,iterations,iter_not_converging,fallback_helped,average_iter,std_iter,average_gap,std_gap
5,160000,3601.652423046,3601.21200304,7.37768133161238e-12,0.12923150387844737,0.022185750060609296,3687,0,0,3.036343911038785,0.18716979672326062,Inf,Inf
