seed,dimension,time,fw_time,primal,dual_gap,smallest_dual_gap,iterations,iter_not_converging,fallback_helped,average_iter,std_iter,average_gap,std_gap
2,90000,3600.972405878,3600.895994451,5.589874359625308e-12,0.13371707236383792,4.105482523644186e-6,3924,0,0,3.061926605504587,0.24315866599806393,Inf,Inf
