seed,dimension,time,fw_time,primal,dual_gap,smallest_dual_gap,iterations,iter_not_converging,fallback_helped,average_iter,std_iter,average_gap,std_gap
5,490000,3617.564357787,3612.518627762,0.010919424127943028,6646.749507229744,7668.997339582864,681,0,0,3.1248164464023493,0.33952952322424435,Inf,Inf
