seed,dimension,time,fw_time,primal,dual_gap,smallest_dual_gap,iterations,iter_not_converging,fallback_helped,average_iter,std_iter,average_gap,std_gap
5,360000,3602.524010656,3602.250671094,3.15750172656248e-8,6.711369128897765,6.40552365269925,3446,0,0,3.0989553105049334,0.298645339711089,Inf,Inf
