seed,dimension,time,fw_time,primal,dual_gap,smallest_dual_gap,iterations,iter_not_converging,fallback_helped,average_iter,std_iter,average_gap,std_gap
4,40000,3601.524409819,3601.395971222,3.1964128180040454e-12,0.12846694875915016,1.4944168820264665e-7,4989,3,0,2.9252541359378115,0.33915479809183874,9.443641991008965e-8,5.222607969260932
