seed,dimension,time,fw_time,primal,dual_gap,smallest_dual_gap,iterations,iter_not_converging,fallback_helped,average_iter,std_iter,average_gap,std_gap
4,810000,3617.221800874,3611.723432022,2.795603599100604e8,1.6567011153059006e7,1.4568865948772907e7,589,0,0,4.814940577249575,1.6092993589556421,Inf,Inf
