seed,dimension,time,fw_time,primal,dual_gap,iterations
3,1000000,3614.288340941,3609.640651749,2.398995698593352e9,1.2087647077791214e7,604
