seed,dimension,time,fw_time,primal,dual_gap,smallest_dual_gap,iterations,iter_not_converging,fallback_helped,average_iter,std_iter,average_gap,std_gap
5,250000,3602.709859556,3602.291944842,9.987474234282503e-9,3.6281446489229943,3.916989839599379,3430,0,0,3.088611272515979,0.28524377470716344,Inf,Inf
