seed,dimension,time,fw_time,primal,dual_gap,smallest_dual_gap,iterations,iter_not_converging,fallback_helped,average_iter,std_iter,average_gap,std_gap
5,810000,3614.636403138,3610.560644295,1.8428693021309624e9,1.0634014952534676e7,1.155837972129345e7,659,0,0,5.003021148036254,1.662068575033795,Inf,Inf
