seed,dimension,time,fw_time,primal,dual_gap,smallest_dual_gap,iterations,iter_not_converging,fallback_helped,average_iter,std_iter,average_gap,std_gap
3,250000,3601.616443346,3601.130719648,4.5458434985472965e-10,0.8024702050651162,0.8416943048216406,3488,0,0,3.057175528873642,0.23587636422673045,Inf,Inf
