seed,dimension,time,fw_time,primal,dual_gap,smallest_dual_gap,iterations,iter_not_converging,fallback_helped,average_iter,std_iter,average_gap,std_gap
1,640000,3614.42043351,3609.796987323,4.638500308376229e8,2.1637518978504658e7,2.4286369481568813e7,651,0,0,4.925076452599388,1.6581178771744387,Inf,Inf
