seed,dimension,time,fw_time,primal,dual_gap,smallest_dual_gap,iterations,iter_not_converging,fallback_helped,average_iter,std_iter,average_gap,std_gap
2,10000,0.6244649,0.621771224,1.7186545880753303e-12,0.13121554941512686,9.687445993124422e-8,465,2,0,2.952450621799561,0.30118031646926996,9.429482377482426e-7,3.0381998652988114
