seed,dimension,time,fw_time,primal,dual_gap,smallest_dual_gap,iterations,iter_not_converging,fallback_helped,average_iter,std_iter,average_gap,std_gap
5,90000,3601.368430833,3601.139987912,5.807108206078492e-12,0.13303162106115532,4.005470669311146e-7,3832,4,0,3.0487931481962107,0.3026479230935393,1.3669441829367381e-7,2.107868263183507
