seed,dimension,time,fw_time,primal,dual_gap,iterations
5,10000,0.633837641,0.630097503,1.786534753042075e-12,0.1419618453575777,468
