seed,dimension,time,fw_time,primal,dual_gap,smallest_dual_gap,iterations,iter_not_converging,fallback_helped,average_iter,std_iter,average_gap,std_gap
4,250000,3602.268432597,3601.890514925,9.097798844084496e-10,1.188286033394641,1.1605435624934288,3471,0,0,3.074095347501436,0.26196361476816643,Inf,Inf
