seed,dimension,time,fw_time,primal,dual_gap,smallest_dual_gap,iterations,iter_not_converging,fallback_helped,average_iter,std_iter,average_gap,std_gap
5,810000,3619.848388431,3615.081734836,1.8426360651341164e9,1.114635609058094e7,1.1876083425266266e7,680,0,0,3.820588235294118,0.39157505427555245,Inf,Inf
