seed,dimension,time,fw_time,primal,dual_gap,smallest_dual_gap,iterations
2,1000000,3621.072419462,3616.88921517,7.219423913738674e9,1.4144442060186386e7,1.6699103408031464e7,582
