seed,dimension,time,fw_time,primal,dual_gap,smallest_dual_gap,iterations,iter_not_converging,fallback_helped,average_iter,std_iter,average_gap,std_gap
5,810000,3614.300377119,3609.209972102,1.8431988959865441e9,1.5917879277413368e7,1.6618744251530647e7,633,0,0,5.29874213836478,2.3701686021660993,Inf,Inf
