seed,dimension,time,fw_time,primal,dual_gap,iterations
3,10000,0.829393936,0.792988433,1.7764430197244817e-12,0.12668323093946787,425
