seed,dimension,time,fw_time,primal,dual_gap,smallest_dual_gap,iterations,iter_not_converging,fallback_helped,average_iter,std_iter,average_gap,std_gap
3,810000,3614.936430671,3610.427386,8.065656734669708e8,1.6570166758899212e7,1.8379260068893433e7,695,0,0,3.776978417266187,0.4301860308603094,Inf,Inf
