seed,dimension,time,fw_time,primal,dual_gap,smallest_dual_gap,iterations,iter_not_converging,fallback_helped,average_iter,std_iter,average_gap,std_gap
2,1000000,3624.312312227,3618.290089154,7.218649488126536e9,9.721323047502518e6,9.628983729600906e6,459,1,0,6.071895424836601,3.500663521316615,9.033828973770142e-8,1.0
