seed,dimension,time,fw_time,primal,dual_gap,smallest_dual_gap,iterations,iter_not_converging,fallback_helped,average_iter,std_iter,average_gap,std_gap
2,1000000,3616.164494866,3612.714093771,7.221106037386941e9,1.7568701374595642e7,1.8677204641002655e7,677,0,0,3.846381093057607,0.368957498390167,Inf,Inf
