seed,dimension,time,fw_time,primal,dual_gap,smallest_dual_gap,iterations,iter_not_converging,fallback_helped,average_iter,std_iter,average_gap,std_gap
1,640000,3624.863743746,3619.42290043,4.640389601450319e8,2.4149481937182903e7,2.474557146060753e7,477,2,0,5.1928721174004195,3.2000051750218015,3.608615433687339e-8,1.0167728003497558
