seed,dimension,time,fw_time,primal,dual_gap,smallest_dual_gap,iterations,iter_not_converging,fallback_helped,average_iter,std_iter,average_gap,std_gap
3,360000,3602.252402635,3601.888002146,9.449944865509568e-12,0.13165583963429217,0.05427470318987465,3229,0,0,3.0030873726458784,0.05548685712519903,Inf,Inf
