seed,dimension,time,fw_time,primal,dual_gap,smallest_dual_gap,iterations,iter_not_converging,fallback_helped,average_iter,std_iter,average_gap,std_gap
4,160000,3601.176431008,3601.023997506,7.636757695759303e-12,0.13292812316758496,0.034129203343943454,3870,0,0,3.057010785824345,0.2318930047853491,Inf,Inf
