seed,dimension,time,fw_time,primal,dual_gap,smallest_dual_gap,iterations,iter_not_converging,fallback_helped,average_iter,std_iter,average_gap,std_gap
2,160000,3602.368450466,3602.243999173,7.138025719677222e-12,0.13240426111839168,0.019746696817300582,3688,0,0,3.0534412955465586,0.224942171283304,Inf,Inf
