seed,dimension,time,fw_time,primal,dual_gap,smallest_dual_gap,iterations,iter_not_converging,fallback_helped,average_iter,std_iter,average_gap,std_gap
4,490000,3614.244358617,3610.689761735,0.005811360862957261,5200.30455992101,5240.757822933716,715,0,0,3.1356643356643357,0.34267149387988255,Inf,Inf
