seed,dimension,time,fw_time,primal,dual_gap,smallest_dual_gap,iterations,iter_not_converging,fallback_helped,average_iter,std_iter,average_gap,std_gap
5,360000,3601.660352213,3601.216015942,3.70001931638864e-8,6.0928291012169415,6.748087444325574,3454,0,0,3.0906195715112914,0.28710891713322423,Inf,Inf
