seed,dimension,time,fw_time,primal,dual_gap,smallest_dual_gap,iterations,iter_not_converging,fallback_helped,average_iter,std_iter,average_gap,std_gap
1,250000,3603.752426822,3603.19195433,3.490870701347433e-10,0.7558381411952071,0.7259262255410065,3560,0,0,3.0411534154535276,0.1986727508325277,Inf,Inf
