seed,dimension,time,fw_time,primal,dual_gap,smallest_dual_gap,iterations,iter_not_converging,fallback_helped,average_iter,std_iter,average_gap,std_gap
4,160000,3601.160499106,3600.956014127,1.4407774889942568e-11,0.16396012321062498,0.17088760370649686,3317,0,0,3.063913174555321,0.24463508124912506,Inf,Inf
