seed,dimension,time,fw_time,primal,dual_gap,smallest_dual_gap,iterations,iter_not_converging,fallback_helped,average_iter,std_iter,average_gap,std_gap
2,90000,3601.932453507,3601.8519861,5.127864413973494e-12,0.1389746268103182,0.0009966526784305333,3868,5,0,3.0275418275418273,0.16367703282505502,2.2765838274444092e-7,1.6535158323978485
