seed,dimension,time,fw_time,primal,dual_gap,smallest_dual_gap,iterations,iter_not_converging,fallback_helped,average_iter,std_iter,average_gap,std_gap
2,1000000,3623.900396675,3617.73308353,7.218823985380405e9,7.959866722791672e6,7.885127012411118e6,528,0,0,3.847457627118644,0.37022193190237734,Inf,Inf
