seed,dimension,time,fw_time,primal,dual_gap,smallest_dual_gap,iterations
5,360000,3602.480411443,3601.979542441,3.123150812210443e-8,6.243142835523521,5.957617929588238,3427
