seed,dimension,time,fw_time,primal,dual_gap,smallest_dual_gap,iterations,iter_not_converging,fallback_helped,average_iter,std_iter,average_gap,std_gap
2,40000,3601.716366824,3601.139991547,3.5286357642987957e-12,0.12992677822867726,0.002847128884864766,4293,0,0,2.9659911483810855,0.28022537347690335,Inf,Inf
