seed,dimension,time,fw_time,primal,dual_gap,smallest_dual_gap,iterations,iter_not_converging,fallback_helped,average_iter,std_iter,average_gap,std_gap
4,40000,3601.540438251,3601.183975779,3.3409317919446605e-12,0.1286316428938014,7.545731022580534e-5,4532,0,0,2.931019332161687,0.31665830643838305,Inf,Inf
