seed,dimension,time,fw_time,primal,dual_gap,smallest_dual_gap,iterations,iter_not_converging,fallback_helped,average_iter,std_iter,average_gap,std_gap
4,360000,3601.849881536,3601.415675115,1.6947633385160796e-8,4.710681370038166,4.709535216454769,3346,0,0,3.0800956365809924,0.2736752952562046,Inf,Inf
