seed,dimension,time,fw_time,primal,dual_gap,smallest_dual_gap,iterations,iter_not_converging,fallback_helped,average_iter,std_iter,average_gap,std_gap
3,490000,3617.096452787,3613.770809631,0.006369162728140769,5399.732354482553,4949.575584062373,699,34,0,3.1424501424501425,0.38099461724097733,7.361721969833669e-8,1.1127871041147632
