seed,dimension,time,fw_time,primal,dual_gap,smallest_dual_gap,iterations
5,810000,3614.692361582,3608.595816333,1.8426110110016887e9,9.034947630476952e6,8.30348358230114e6,663
