seed,dimension,time,fw_time,primal,dual_gap,smallest_dual_gap,iterations,iter_not_converging,fallback_helped,average_iter,std_iter,average_gap,std_gap
2,640000,3616.932437537,3612.432033737,1.106924640722934e9,1.1413442785878181e7,1.2106242804401398e7,626,0,0,5.3036565977742445,2.3502952754679853,Inf,Inf
