seed,dimension,time,fw_time,primal,dual_gap,smallest_dual_gap,iterations,iter_not_converging,fallback_helped,average_iter,std_iter,average_gap,std_gap
4,490000,3621.048432812,3616.092002182,0.008689686656228301,6672.246552822723,6192.885212655169,680,0,0,3.1259150805270863,0.331996765068044,Inf,Inf
