seed,dimension,time,fw_time,primal,dual_gap,smallest_dual_gap,iterations
2,10000,0.648818074,0.645590051,1.7186545880753303e-12,0.13121554941512686,9.687445993124422e-8,465
