seed,dimension,time,fw_time,primal,dual_gap,iterations
2,360000,3602.592399052,3602.26202688,1.9902339193473893e-8,4.786439434911635,3440
