seed,dimension,time,fw_time,primal,dual_gap,smallest_dual_gap,iterations,iter_not_converging,fallback_helped,average_iter,std_iter,average_gap,std_gap
2,160000,3601.508392312,3601.258503395,7.28571506097346e-12,0.12722836478432328,0.01750429920242857,3759,12,0,3.0538604404351286,0.22694449373267667,9.022535848930349e-8,1.302762433558618
