seed,dimension,time,fw_time,primal,dual_gap,smallest_dual_gap,iterations,iter_not_converging,fallback_helped,average_iter,std_iter,average_gap,std_gap
4,360000,3601.676435531,3601.225300351,1.6885852871033734e-8,4.670797264071806,4.4275006627357785,3383,0,0,3.080402010050251,0.27195475524787444,Inf,Inf
