seed,dimension,time,fw_time,primal,dual_gap,iterations
5,640000,3611.596251348,3608.175060764,4.204795200840944e7,1.5150807152522087e7,744
