seed,dimension,time,fw_time,primal,dual_gap,smallest_dual_gap,iterations,iter_not_converging,fallback_helped,average_iter,std_iter,average_gap,std_gap
2,490000,3621.71639862,3617.803980927,0.001523228807469107,2589.3831184612836,2583.903400002494,658,0,0,3.0835866261398177,0.27697742233707456,Inf,Inf
