seed,dimension,time,fw_time,primal,dual_gap,smallest_dual_gap,iterations,iter_not_converging,fallback_helped,average_iter,std_iter,average_gap,std_gap
5,250000,3602.352504583,3601.874635288,5.638868553916877e-7,29.50044592593222,28.333110717814577,2245,19,0,3.0964444444444443,0.29676749335364816,8.795712985155649e-8,1.0982081715816745
