seed,dimension,time,fw_time,primal,dual_gap,smallest_dual_gap,iterations,iter_not_converging,fallback_helped,average_iter,std_iter,average_gap,std_gap
4,90000,3601.216391786,3601.094421584,5.7170949469396376e-12,0.1385371686650045,2.2001018389976518e-5,3943,0,0,3.0395637839208725,0.19754200479937997,Inf,Inf
