seed,dimension,time,fw_time,primal,dual_gap,smallest_dual_gap,iterations
3,640000,3615.976398602,3611.319087586,2.676093594740381e8,1.975313838522339e7,1.68039052056818e7,669
