seed,dimension,time,fw_time,primal,dual_gap,smallest_dual_gap,iterations,iter_not_converging,fallback_helped,average_iter,std_iter,average_gap,std_gap
3,250000,3601.435505325,3601.115921076,3.7721907739205483e-10,0.7146917266738506,0.7567130659398369,3509,0,0,3.0481618694784838,0.2154657679677803,Inf,Inf
