seed,dimension,time,fw_time,primal,dual_gap,smallest_dual_gap,iterations,iter_not_converging,fallback_helped,average_iter,std_iter,average_gap,std_gap
3,90000,3601.572471552,3601.327955458,4.854201180238516e-12,0.12765701385915496,0.00019159455008560175,3780,0,0,3.0029100529100528,0.05387348438877636,Inf,Inf
