seed,dimension,time,fw_time,primal,dual_gap,smallest_dual_gap,iterations,iter_not_converging,fallback_helped,average_iter,std_iter,average_gap,std_gap
4,490000,3621.695609436,3617.259998822,0.008464341365924272,6607.907891142979,6626.4746990909425,676,0,0,3.136094674556213,0.34314296759315144,Inf,Inf
