seed,dimension,time,fw_time,primal,dual_gap,smallest_dual_gap,iterations,iter_not_converging,fallback_helped,average_iter,std_iter,average_gap,std_gap
4,90000,3601.276405172,3601.131990552,6.783147016108264e-12,0.2530884249648892,0.26182178098441705,4012,0,0,3.036640079760718,0.19183917958547356,Inf,Inf
