seed,dimension,time,fw_time,primal,dual_gap,iterations
1,250000,3603.05463284,3602.567951833,4.4350379726521386e-10,0.8336830368811692,3491
