seed,dimension,time,fw_time,primal,dual_gap,smallest_dual_gap,iterations,iter_not_converging,fallback_helped,average_iter,std_iter,average_gap,std_gap
3,360000,3602.329586829,3601.912011842,9.825925218404647e-12,0.1387160699443091,0.0025258205580910294,3121,0,0,3.0016020506247996,0.03999995892175777,Inf,Inf
