seed,dimension,time,fw_time,primal,dual_gap,smallest_dual_gap,iterations,iter_not_converging,fallback_helped,average_iter,std_iter,average_gap,std_gap
3,40000,3601.244386463,3601.100001131,3.3104878982043177e-12,0.12845270180677126,0.018903184045102255,4151,0,0,3.0021681522524695,0.29329063123224564,Inf,Inf
