seed,dimension,time,fw_time,primal,dual_gap,smallest_dual_gap,iterations,iter_not_converging,fallback_helped,average_iter,std_iter,average_gap,std_gap
1,160000,3603.308456756,3602.967973035,8.340524450990568e-12,0.13558838590133435,0.037907694284502524,3615,0,0,3.062517289073306,0.24212619605738633,Inf,Inf
