seed,dimension,time,fw_time,primal,dual_gap,iterations
1,1000000,3615.400396596,3611.588039104,1.624773528330886e9,2.8581667311437607e7,607
