seed,dimension,time,fw_time,primal,dual_gap,iterations
3,40000,3601.544418865,3601.390681853,3.221954092586574e-12,0.12834308842467446,4618
