seed,dimension,time,fw_time,primal,dual_gap,smallest_dual_gap,iterations,iter_not_converging,fallback_helped,average_iter,std_iter,average_gap,std_gap
3,90000,3601.564431987,3601.323655448,5.122568357118452e-12,0.13139554960079386,0.00040089095375510353,3696,5,0,2.8940700808625337,0.3465228198082734,1.0243322625724448e-7,2.2305027281697263
