seed,dimension,time,fw_time,primal,dual_gap,smallest_dual_gap,iterations,iter_not_converging,fallback_helped,average_iter,std_iter,average_gap,std_gap
4,1000000,3616.920486916,3612.476920137,1.589465429767083e9,1.3155216032618523e7,1.4457451111294746e7,616,0,0,5.266558966074314,2.2270104805723,Inf,Inf
