seed,dimension,time,fw_time,primal,dual_gap,smallest_dual_gap,iterations,iter_not_converging,fallback_helped,average_iter,std_iter,average_gap,std_gap
3,250000,3602.525379462,3602.218179504,5.226488679194298e-10,0.8957581338792177,0.891123583812162,3426,0,0,3.053415061295972,0.22489254127043987,Inf,Inf
