seed,dimension,time,fw_time,primal,dual_gap,smallest_dual_gap,iterations,iter_not_converging,fallback_helped,average_iter,std_iter,average_gap,std_gap
2,1000000,3617.468433737,3612.778213214,7.221808457931941e9,2.7845033580701828e7,2.9788248056440353e7,544,0,0,5.766544117647059,2.4021748521182826,Inf,Inf
