seed,dimension,time,fw_time,primal,dual_gap,smallest_dual_gap,iterations,iter_not_converging,fallback_helped,average_iter,std_iter,average_gap,std_gap
5,640000,3612.083134319,3608.135977188,4.126922081573271e7,8.199331797758937e6,8.673731662558436e6,716,0,0,3.7304469273743015,0.9759171816456075,Inf,Inf
