seed,dimension,time,fw_time,primal,dual_gap,smallest_dual_gap,iterations,iter_not_converging,fallback_helped,average_iter,std_iter,average_gap,std_gap
5,1000000,3612.764409253,3608.443167839,6.229790098559936e8,1.2487907854438782e7,1.3159653616235256e7,591,0,0,4.915824915824916,1.6197512174384472,Inf,Inf
