seed,dimension,time,fw_time,primal,dual_gap,smallest_dual_gap,iterations
1,360000,3603.280391026,3602.77594598,1.5488644027969116e-7,13.445368788444792,13.45632451753405,3435
