seed,dimension,time,fw_time,primal,dual_gap,smallest_dual_gap,iterations,iter_not_converging,fallback_helped,average_iter,std_iter,average_gap,std_gap
5,360000,3602.848380493,3602.423997852,3.540850455684303e-8,6.067430456104368,6.738060591840412,3346,0,0,3.099222952779438,0.3000039758965369,Inf,Inf
