seed,dimension,time,fw_time,primal,dual_gap,smallest_dual_gap,iterations,iter_not_converging,fallback_helped,average_iter,std_iter,average_gap,std_gap
4,250000,3601.868420805,3601.510383117,5.847074887648007e-10,0.9475151054889469,0.9473834219704185,3544,0,0,3.0674379232505644,0.2508142744466334,Inf,Inf
