seed,dimension,time,fw_time,primal,dual_gap,smallest_dual_gap,iterations,iter_not_converging,fallback_helped,average_iter,std_iter,average_gap,std_gap
5,40000,1394.24368574,1394.019964347,3.5221526826164705e-12,0.23627781652486762,9.904930204564083e-8,1909,0,0,2.93661602933473,0.2740817904497365,Inf,Inf
