seed,dimension,time,fw_time,primal,dual_gap,smallest_dual_gap,iterations
1,1000000,3617.33234961,3613.380098417,1.6247951271956e9,2.991272502796173e7,2.773460671770668e7,596
