seed,dimension,time,fw_time,primal,dual_gap,smallest_dual_gap,iterations,iter_not_converging,fallback_helped,average_iter,std_iter,average_gap,std_gap
2,160000,3601.81239532,3601.558641174,1.5349852693031494e-11,0.17506778033364637,0.1751400892693197,2924,0,0,3.0471956224350207,0.21209332832328748,Inf,Inf
