seed,dimension,time,fw_time,primal,dual_gap,smallest_dual_gap,iterations,iter_not_converging,fallback_helped,average_iter,std_iter,average_gap,std_gap
3,640000,3618.356414867,3612.246698401,2.6848908886984426e8,1.6336445135550499e7,1.8161249996807575e7,659,0,0,4.377643504531722,1.0984717232951766,Inf,Inf
