seed,dimension,time,fw_time,primal,dual_gap,smallest_dual_gap,iterations,iter_not_converging,fallback_helped,average_iter,std_iter,average_gap,std_gap
2,90000,3601.400462884,3601.275970364,5.391828885263409e-12,0.13258940323738883,8.535082609731849e-6,3861,0,0,3.0313390313390314,0.175735299953467,Inf,Inf
