seed,dimension,time,fw_time,primal,dual_gap,smallest_dual_gap,iterations
3,90000,3601.348412189,3601.030606834,4.853824348670327e-12,0.12763977074292893,0.00040716987133468336,3686
