seed,dimension,time,fw_time,primal,dual_gap,smallest_dual_gap,iterations,iter_not_converging,fallback_helped,average_iter,std_iter,average_gap,std_gap
5,40000,1991.648206164,1991.443968036,3.744480635009989e-12,0.23906916817586807,-0.0024484835939799798,1906,0,0,2.9296587926509186,0.2658566680942575,Inf,Inf
