seed,dimension,time,fw_time,primal,dual_gap,smallest_dual_gap,iterations,iter_not_converging,fallback_helped,average_iter,std_iter,average_gap,std_gap
5,810000,3617.968403279,3610.210924554,1.842803041763227e9,1.4347987323870659e7,1.2604239206598282e7,574,0,0,5.048780487804878,1.6629806428208869,Inf,Inf
