seed,dimension,time,fw_time,primal,dual_gap,smallest_dual_gap,iterations
2,490000,3616.132656152,3611.538489804,0.002107869108954536,3078.5801234037017,3076.754736906116,667
