seed,dimension,time,fw_time,primal,dual_gap,smallest_dual_gap,iterations,iter_not_converging,fallback_helped,average_iter,std_iter,average_gap,std_gap
3,360000,3601.697676976,3601.303971888,9.074115292528963e-12,0.13006684947002656,0.08216318250997631,3139,0,0,3.0025485823510674,0.05042714722176198,Inf,Inf
