seed,dimension,time,fw_time,primal,dual_gap,smallest_dual_gap,iterations,iter_not_converging,fallback_helped,average_iter,std_iter,average_gap,std_gap
1,160000,3606.116431541,3605.619978185,7.487259335555025e-12,0.12795825130460828,0.022522435677916976,3805,0,0,3.061912225705329,0.24102754646981905,Inf,Inf
