seed,dimension,time,fw_time,primal,dual_gap,smallest_dual_gap,iterations,iter_not_converging,fallback_helped,average_iter,std_iter,average_gap,std_gap
1,490000,3635.316403485,3628.035836303,0.06843504683937009,17194.751900666728,20635.581557096717,470,0,0,3.129787234042553,0.3427064572314827,Inf,Inf
