seed,dimension,time,fw_time,primal,dual_gap,smallest_dual_gap,iterations,iter_not_converging,fallback_helped,average_iter,std_iter,average_gap,std_gap
1,250000,3602.759060015,3602.427964579,3.7934518595406174e-10,0.7538809433273812,0.753707360633787,3522,0,0,3.042305508233958,0.2013138323486472,Inf,Inf
