seed,dimension,time,fw_time,primal,dual_gap,iterations
2,160000,3601.652399391,3601.441835338,7.201518693968041e-12,0.12828352828305128,3827
