seed,dimension,time,fw_time,primal,dual_gap,smallest_dual_gap,iterations,iter_not_converging,fallback_helped,average_iter,std_iter,average_gap,std_gap
3,490000,3621.476421744,3617.506048217,0.0063575949556213115,5614.171545304132,5429.165201620341,678,0,0,3.1253687315634218,0.3358088579753306,Inf,Inf
