seed,dimension,time,fw_time,primal,dual_gap,smallest_dual_gap,iterations,iter_not_converging,fallback_helped,average_iter,std_iter,average_gap,std_gap
2,490000,3620.136408087,3615.845355515,0.0017727641198246745,2897.0028886314653,2893.869560547552,655,0,0,3.09618320610687,0.3002049707919176,Inf,Inf
