seed,dimension,time,fw_time,primal,dual_gap,smallest_dual_gap,iterations,iter_not_converging,fallback_helped,average_iter,std_iter,average_gap,std_gap
1,1000000,3624.588388932,3618.991999217,1.6251506360055842e9,3.790150080859375e7,3.2748407478092194e7,473,2,0,5.735729386892178,3.5819599115525187,7.256721095015858e-8,1.0977231107092913
