seed,dimension,time,fw_time,primal,dual_gap,smallest_dual_gap,iterations,iter_not_converging,fallback_helped,average_iter,std_iter,average_gap,std_gap
4,640000,3630.580583324,3622.814528168,1.184890240198537e8,1.787425240557623e7,1.8982776123375654e7,357,0,0,3.697478991596639,0.4720494733773507,Inf,Inf
