seed,dimension,time,fw_time,primal,dual_gap,iterations
4,360000,3601.676463564,3601.133139503,1.658451252443109e-8,4.4829535441594075,3411
