seed,dimension,time,fw_time,primal,dual_gap,smallest_dual_gap,iterations,iter_not_converging,fallback_helped,average_iter,std_iter,average_gap,std_gap
1,160000,3602.731678932,3602.479975366,9.035462243383104e-12,0.138465680489063,0.082526517268307,3330,0,0,3.060660660660661,0.23874266783262885,Inf,Inf
