seed,dimension,time,fw_time,primal,dual_gap,smallest_dual_gap,iterations,iter_not_converging,fallback_helped,average_iter,std_iter,average_gap,std_gap
1,90000,3603.124399453,3602.671953563,5.0127307544098455e-12,0.12331330401780162,0.0011332176198753947,3869,0,0,3.026880330834841,0.16175457106329283,Inf,Inf
