seed,dimension,time,fw_time,primal,dual_gap,smallest_dual_gap,iterations,iter_not_converging,fallback_helped,average_iter,std_iter,average_gap,std_gap
1,90000,3603.532450726,3603.127957402,5.012490532477573e-12,0.12332414424721022,0.0014371811663038852,3822,0,0,3.0293888166449934,0.16891576239786063,Inf,Inf
