seed,dimension,time,fw_time,primal,dual_gap,smallest_dual_gap,iterations,iter_not_converging,fallback_helped,average_iter,std_iter,average_gap,std_gap
1,90000,3603.201087499,3602.916675353,5.458062498042873e-12,0.1288495620984165,2.27860147748847e-5,3678,0,0,3.027732463295269,0.16587534003534668,Inf,Inf
