seed,dimension,time,fw_time,primal,dual_gap,smallest_dual_gap,iterations,iter_not_converging,fallback_helped,average_iter,std_iter,average_gap,std_gap
4,1000000,3616.696406749,3612.782710285,1.590629162508092e9,2.866909807511711e7,2.088895436060238e7,596,0,0,4.679530201342282,1.1374379794386764,Inf,Inf
