seed,dimension,time,fw_time,primal,dual_gap,smallest_dual_gap,iterations,iter_not_converging,fallback_helped,average_iter,std_iter,average_gap,std_gap
3,810000,3616.196370944,3610.905471096,8.072697725870515e8,2.3643207983089924e7,2.6664278119176388e7,594,0,0,5.154882154882155,2.277446738224256,Inf,Inf
