seed,dimension,time,fw_time,primal,dual_gap,smallest_dual_gap,iterations,iter_not_converging,fallback_helped,average_iter,std_iter,average_gap,std_gap
4,810000,3622.812333434,3616.549731727,2.806616595027132e8,2.3529679841356754e7,2.7263524763166428e7,528,0,0,3.824858757062147,0.4044839815537155,Inf,Inf
