seed,dimension,time,fw_time,primal,dual_gap,smallest_dual_gap,iterations,iter_not_converging,fallback_helped,average_iter,std_iter,average_gap,std_gap
5,40000,1216.618940945,1216.542536305,3.5407530729680506e-12,0.24075566299113788,-0.007037235031121131,1910,3,0,2.9295336787564765,0.27550470233980234,2.8619893126838895e-7,9.372069586656675
