seed,dimension,time,fw_time,primal,dual_gap,smallest_dual_gap,iterations,iter_not_converging,fallback_helped,average_iter,std_iter,average_gap,std_gap
1,360000,3606.032462394,3605.551986396,1.68790483233255e-7,13.708665166779147,12.819423049753588,3398,0,0,3.101291837933059,0.3036993237885645,Inf,Inf
