seed,dimension,time,fw_time,primal,dual_gap,iterations
5,250000,3601.576446919,3601.142878731,9.214846787146395e-9,3.5236580394013366,3507
