seed,dimension,time,fw_time,primal,dual_gap,iterations
5,1000000,3618.504465212,3613.921373268,6.225175127381475e8,8.954503317377567e6,632
