seed,dimension,time,fw_time,primal,dual_gap,iterations
5,40000,1319.656397598,1319.427996967,3.49141667943293e-12,0.23083349713033785,1900
