seed,dimension,time,fw_time,primal,dual_gap,smallest_dual_gap,iterations,iter_not_converging,fallback_helped,average_iter,std_iter,average_gap,std_gap
1,360000,3603.176405637,3602.643958463,1.3749801022020126e-7,12.844586234617887,12.842852607404344,3492,0,0,3.1010882016036656,0.30620240928087816,Inf,Inf
