seed,dimension,time,fw_time,primal,dual_gap,smallest_dual_gap,iterations,iter_not_converging,fallback_helped,average_iter,std_iter,average_gap,std_gap
1,40000,3602.77641343,3602.3319931,3.4037124608244686e-12,0.12862431141545264,5.431719851380531e-5,4560,0,0,2.9412280701754385,0.30433337474659194,Inf,Inf
