seed,dimension,time,fw_time,primal,dual_gap,iterations
3,90000,3601.472398731,3601.336012955,4.896723299070646e-12,0.12744015598540603,3729
