seed,dimension,time,fw_time,primal,dual_gap,smallest_dual_gap,iterations,iter_not_converging,fallback_helped,average_iter,std_iter,average_gap,std_gap
4,490000,3623.980541225,3619.656932227,0.12169413188112509,32858.86399830984,32585.016414308244,470,0,0,3.1319148936170214,0.3449955241999608,Inf,Inf
