seed,dimension,time,fw_time,primal,dual_gap,smallest_dual_gap,iterations,iter_not_converging,fallback_helped,average_iter,std_iter,average_gap,std_gap
4,160000,3602.9732509,3602.455982814,6.773664133939732e-10,1.1410149274939694,1.1410878038972618,2555,0,0,3.0688845401174167,0.2533072710884361,Inf,Inf
