seed,dimension,time,fw_time,primal,dual_gap,smallest_dual_gap,iterations,iter_not_converging,fallback_helped,average_iter,std_iter,average_gap,std_gap
5,40000,1440.216410225,1440.053468488,3.5852889661123185e-12,0.22988421282971122,-0.007902306818072038,1899,0,0,2.935194942044257,0.2648130977457763,Inf,Inf
