seed,dimension,time,fw_time,primal,dual_gap,smallest_dual_gap,iterations,iter_not_converging,fallback_helped,average_iter,std_iter,average_gap,std_gap
1,40000,3603.204447492,3602.899996014,3.3985367024514486e-12,0.1287216195749638,0.007075872766739365,4220,0,0,2.9533128979014385,0.30820384770736364,Inf,Inf
