seed,dimension,time,fw_time,primal,dual_gap,iterations
1,40000,3603.39239531,3602.899980525,3.5242830359340204e-12,0.13207345090436254,4690
