seed,dimension,time,fw_time,primal,dual_gap,smallest_dual_gap,iterations
5,1000000,3615.328262094,3611.549596296,6.22945273573673e8,1.1434189823917389e7,1.520854976417923e7,641
