seed,dimension,time,fw_time,primal,dual_gap,smallest_dual_gap,iterations,iter_not_converging,fallback_helped,average_iter,std_iter,average_gap,std_gap
1,40000,3602.92039282,3602.411996352,3.528910705496353e-12,0.13208454572197512,0.0018617597984585382,4314,0,0,2.9455261937876682,0.3000110731166505,Inf,Inf
