seed,dimension,time,fw_time,primal,dual_gap,smallest_dual_gap,iterations,iter_not_converging,fallback_helped,average_iter,std_iter,average_gap,std_gap
3,160000,3601.607400345,3601.283958965,8.68439086146324e-12,0.135929437523696,0.060023842920341346,3816,0,0,3.0670859538784065,0.2502035846332668,Inf,Inf
