seed,dimension,time,fw_time,primal,dual_gap,smallest_dual_gap,iterations,iter_not_converging,fallback_helped,average_iter,std_iter,average_gap,std_gap
4,250000,3603.28988802,3602.77743472,6.383915481714905e-8,10.2743275592061,10.242354521191775,2230,13,0,3.074306177260519,0.26232722510148737,1.1621538187725779e-7,1.424113749990571
