seed,dimension,time,fw_time,primal,dual_gap,smallest_dual_gap,iterations,iter_not_converging,fallback_helped,average_iter,std_iter,average_gap,std_gap
3,160000,3601.801675771,3601.267950554,1.826214722241314e-11,0.17667114816918858,0.1842655283257955,3299,0,0,3.078811761139739,0.2706084053890654,Inf,Inf
