seed,dimension,time,fw_time,primal,dual_gap,smallest_dual_gap,iterations,iter_not_converging,fallback_helped,average_iter,std_iter,average_gap,std_gap
4,10000,0.466203597,0.464203544,1.670587164539287e-12,0.14293066610934202,-0.005068637203878137,472,0,0,2.9256900212314223,0.3524961166018162,Inf,Inf
