seed,dimension,time,fw_time,primal,dual_gap,smallest_dual_gap,iterations,iter_not_converging,fallback_helped,average_iter,std_iter,average_gap,std_gap
3,40000,3601.42444057,3601.279992853,3.3848094164510505e-12,0.13110616025743932,9.901654951648416e-5,4555,0,0,2.9954158480681072,0.2898967339138831,Inf,Inf
