seed,dimension,time,fw_time,primal,dual_gap,iterations
5,90000,3601.004395744,3600.859974978,5.2757421463886235e-12,0.1379373803396754,3935
