seed,dimension,time,fw_time,primal,dual_gap,smallest_dual_gap,iterations,iter_not_converging,fallback_helped,average_iter,std_iter,average_gap,std_gap
3,160000,3601.952445393,3601.527975736,8.772706068778156e-12,0.14803122375747985,0.06003430023389955,3741,0,0,3.0808510638297872,0.2745870568106871,Inf,Inf
