seed,dimension,time,fw_time,primal,dual_gap,smallest_dual_gap,iterations,iter_not_converging,fallback_helped,average_iter,std_iter,average_gap,std_gap
1,490000,3626.004443871,3621.188008894,0.006012973308935807,5534.0206434542815,5525.332502666412,665,0,0,3.1353383458646618,0.34234210341609483,Inf,Inf
