seed,dimension,time,fw_time,primal,dual_gap,smallest_dual_gap,iterations,iter_not_converging,fallback_helped,average_iter,std_iter,average_gap,std_gap
4,250000,3602.83639811,3602.346641583,2.7000075297157315e-9,2.067800088798543,2.0661013369280643,3106,0,0,3.077269800386349,0.2682652855219848,Inf,Inf
