seed,dimension,time,fw_time,primal,dual_gap,smallest_dual_gap,iterations,iter_not_converging,fallback_helped,average_iter,std_iter,average_gap,std_gap
3,90000,3601.480756825,3601.334746707,5.100279534154274e-12,0.13061722520004634,0.0002540465615687331,3771,0,0,3.0010607265977196,0.03987965016118555,Inf,Inf
