seed,dimension,time,fw_time,primal,dual_gap,smallest_dual_gap,iterations,iter_not_converging,fallback_helped,average_iter,std_iter,average_gap,std_gap
1,360000,3604.116449926,3603.7717932,2.3587948305045637e-7,14.877272257012276,17.224827041774414,3249,0,0,3.1095721760541704,0.3133878055445255,Inf,Inf
