seed,dimension,time,fw_time,primal,dual_gap,smallest_dual_gap,iterations,iter_not_converging,fallback_helped,average_iter,std_iter,average_gap,std_gap
5,490000,3621.760318347,3615.458769338,0.01617440625308525,8748.623580699352,8706.102434876751,636,0,0,3.1210691823899372,0.32646441234703394,Inf,Inf
