seed,dimension,time,fw_time,primal,dual_gap,smallest_dual_gap,iterations,iter_not_converging,fallback_helped,average_iter,std_iter,average_gap,std_gap
1,810000,3616.960378704,3612.852004456,1.447262292945685e8,1.8579507384430885e7,1.6719160758789778e7,649,0,0,4.325115562403698,1.6472951156500388,Inf,Inf
