seed,dimension,time,fw_time,primal,dual_gap,smallest_dual_gap,iterations,iter_not_converging,fallback_helped,average_iter,std_iter,average_gap,std_gap
4,40000,1384.456432525,1384.25214934,4.081061254823898e-12,0.2824546131921557,-0.005491989557785846,1868,0,0,2.8954907161803716,0.3601807689927292,Inf,Inf
