seed,dimension,time,fw_time,primal,dual_gap,smallest_dual_gap,iterations,iter_not_converging,fallback_helped,average_iter,std_iter,average_gap,std_gap
4,640000,3615.120448005,3610.522492285,1.1889907835548192e8,1.1304299470031023e7,1.1534803365329504e7,762,0,0,3.6993464052287583,0.4701142687239689,Inf,Inf
