seed,dimension,time,fw_time,primal,dual_gap,smallest_dual_gap,iterations,iter_not_converging,fallback_helped,average_iter,std_iter,average_gap,std_gap
4,160000,3601.377161359,3601.063952594,8.084045214596084e-11,0.3869929881292868,0.40069563275636927,2993,0,0,3.0634814567323754,0.24386765172480393,Inf,Inf
