seed,dimension,time,fw_time,primal,dual_gap,smallest_dual_gap,iterations,iter_not_converging,fallback_helped,average_iter,std_iter,average_gap,std_gap
2,160000,3601.512448352,3601.362425393,7.363771267383572e-12,0.15212520933983883,0.013822638784844792,3829,0,0,3.047012987012987,0.21169413352902008,Inf,Inf
