seed,dimension,time,fw_time,primal,dual_gap,smallest_dual_gap,iterations,iter_not_converging,fallback_helped,average_iter,std_iter,average_gap,std_gap
2,490000,3638.56041335,3631.131480026,0.022982575820506067,12405.193459596878,12506.294776758423,458,0,0,3.1026200873362444,0.3246841788003089,Inf,Inf
