seed,dimension,time,fw_time,primal,dual_gap,smallest_dual_gap,iterations,iter_not_converging,fallback_helped,average_iter,std_iter,average_gap,std_gap
5,810000,3617.892396036,3611.667641004,1.8419702365567997e9,9.63437366515255e6,9.766796588575363e6,601,0,0,5.286189683860233,2.404431802032808,Inf,Inf
