seed,dimension,time,fw_time,primal,dual_gap,smallest_dual_gap,iterations,iter_not_converging,fallback_helped,average_iter,std_iter,average_gap,std_gap
3,250000,3601.793465168,3601.307992169,3.444422496171417e-10,0.7197274197949409,0.7190811972668583,3535,0,0,3.0545968882602548,0.2272238403379623,Inf,Inf
