seed,dimension,time,fw_time,primal,dual_gap,smallest_dual_gap,iterations,iter_not_converging,fallback_helped,average_iter,std_iter,average_gap,std_gap
2,160000,3602.597850548,3602.051996662,1.0451864281745392e-10,0.456303934082932,0.4688598162348082,2579,0,0,3.055835595191935,0.23630829744216783,Inf,Inf
