seed,dimension,time,fw_time,primal,dual_gap,smallest_dual_gap,iterations,iter_not_converging,fallback_helped,average_iter,std_iter,average_gap,std_gap
5,160000,3601.336463485,3601.120001054,7.0921233646850135e-12,0.13035202587009442,0.014374435050390438,3858,0,0,3.039483870967742,0.19740113733107345,Inf,Inf
