seed,dimension,time,fw_time,primal,dual_gap,smallest_dual_gap,iterations,iter_not_converging,fallback_helped,average_iter,std_iter,average_gap,std_gap
2,640000,3616.480401618,3611.167741322,1.107004731442226e9,8.73098274693966e6,8.777319056397438e6,671,0,0,4.773472429210134,1.1625806402715642,Inf,Inf
