seed,dimension,time,fw_time,primal,dual_gap,smallest_dual_gap,iterations,iter_not_converging,fallback_helped,average_iter,std_iter,average_gap,std_gap
3,360000,3601.68579209,3601.32001522,1.2251877252245758e-11,0.3159618349353435,0.3542649403346507,3007,0,0,3.0026604589291654,0.05151954563423001,Inf,Inf
