seed,dimension,time,fw_time,primal,dual_gap,smallest_dual_gap,iterations,iter_not_converging,fallback_helped,average_iter,std_iter,average_gap,std_gap
5,360000,3601.972417056,3601.485995425,5.818963717691918e-8,8.508473587399921,8.481410899364695,3213,0,0,3.091192032368503,0.2879268094633252,Inf,Inf
