seed,dimension,time,fw_time,primal,dual_gap,smallest_dual_gap,iterations,iter_not_converging,fallback_helped,average_iter,std_iter,average_gap,std_gap
5,810000,3623.800570763,3616.352756203,1.8429713845650926e9,1.162793660153675e7,1.2613318949669838e7,525,0,0,3.859848484848485,0.35822879663385204,Inf,Inf
