seed,dimension,time,fw_time,primal,dual_gap,smallest_dual_gap,iterations,iter_not_converging,fallback_helped,average_iter,std_iter,average_gap,std_gap
4,160000,3601.184384768,3600.931970391,6.348722221740633e-12,0.12180379032900968,0.10184937312852008,4111,0,0,3.0498662126003406,0.2176949731114338,Inf,Inf
