seed,dimension,time,fw_time,primal,dual_gap,smallest_dual_gap,iterations,iter_not_converging,fallback_helped,average_iter,std_iter,average_gap,std_gap
4,90000,3601.675733012,3601.37197393,5.3286904042937195e-12,0.13094880003660805,0.0010821160010644742,3909,0,0,3.039907904834996,0.19707064471562905,Inf,Inf
