seed,dimension,time,fw_time,primal,dual_gap,smallest_dual_gap,iterations,iter_not_converging,fallback_helped,average_iter,std_iter,average_gap,std_gap
4,640000,3618.936578336,3613.791400332,1.1896480122573887e8,1.711411578735137e7,1.7431883254969597e7,683,0,0,4.266471449487555,1.0635952669032434,Inf,Inf
