seed,dimension,time,fw_time,primal,dual_gap,iterations
3,360000,3601.648449695,3601.254933445,9.136452754397747e-12,0.12987001512250054,3153
