seed,dimension,time,fw_time,primal,dual_gap,smallest_dual_gap,iterations,iter_not_converging,fallback_helped,average_iter,std_iter,average_gap,std_gap
2,360000,3602.008446701,3601.626665863,1.49853555004211e-8,4.075970748306946,4.434145891015283,3370,0,0,3.0694362017804155,0.2542321672992918,Inf,Inf
