seed,dimension,time,fw_time,primal,dual_gap,smallest_dual_gap,iterations
4,1000000,3614.368428684,3609.371922777,1.5900034864387498e9,3.179031365362358e7,3.623961280742836e7,620
