seed,dimension,time,fw_time,primal,dual_gap,smallest_dual_gap,iterations,iter_not_converging,fallback_helped,average_iter,std_iter,average_gap,std_gap
3,160000,3602.016466545,3601.87052704,8.80486494086473e-12,0.1387621697350534,0.04150592198792961,3906,0,0,3.0706605222734256,0.2562897367347717,Inf,Inf
