seed,dimension,time,fw_time,primal,dual_gap,smallest_dual_gap,iterations,iter_not_converging,fallback_helped,average_iter,std_iter,average_gap,std_gap
4,40000,1415.728447262,1415.583997072,4.24459718026136e-12,0.30460222951459626,-0.008075625150894269,1854,0,0,2.9033998920669184,0.3567526478823201,Inf,Inf
