seed,dimension,time,fw_time,primal,dual_gap,smallest_dual_gap,iterations,iter_not_converging,fallback_helped,average_iter,std_iter,average_gap,std_gap
3,490000,3628.264452993,3621.49470262,0.13550897192870925,31421.88191203907,29494.633110555733,455,0,0,3.156043956043956,0.38105140634180057,Inf,Inf
