seed,dimension,time,fw_time,primal,dual_gap,smallest_dual_gap,iterations,iter_not_converging,fallback_helped,average_iter,std_iter,average_gap,std_gap
2,810000,3618.648445393,3613.724310293,6.008182429140503e8,2.3193439220761776e7,2.3550466907778263e7,638,0,0,4.471786833855799,1.090124186759442,Inf,Inf
