seed,dimension,time,fw_time,primal,dual_gap,smallest_dual_gap,iterations,iter_not_converging,fallback_helped,average_iter,std_iter,average_gap,std_gap
4,90000,3601.388309639,3601.060002736,5.290755119106394e-12,0.1280519359458486,0.0030189008277025447,3703,0,0,3.0448285174183094,0.20695527988851434,Inf,Inf
