seed,dimension,time,fw_time,primal,dual_gap,smallest_dual_gap,iterations,iter_not_converging,fallback_helped,average_iter,std_iter,average_gap,std_gap
4,360000,3602.396395202,3602.001962462,1.343617176869477e-8,3.8810757462595005,4.295653596950707,3434,0,0,3.0684333139196274,0.25252478152964924,Inf,Inf
