seed,dimension,time,fw_time,primal,dual_gap,smallest_dual_gap,iterations,iter_not_converging,fallback_helped,average_iter,std_iter,average_gap,std_gap
5,160000,3601.240438842,3600.943972097,6.793918996360809e-12,0.12573822735618506,0.015622287067814456,3752,0,0,3.0410813676119797,0.19850474191064937,Inf,Inf
