seed,dimension,time,fw_time,primal,dual_gap,smallest_dual_gap,iterations,iter_not_converging,fallback_helped,average_iter,std_iter,average_gap,std_gap
5,640000,3624.400765158,3616.018148384,4.206210360339442e7,2.1653186905649304e7,2.0615620974204898e7,401,0,0,3.561097256857855,0.511744851481142,Inf,Inf
