seed,dimension,time,fw_time,primal,dual_gap,smallest_dual_gap,iterations,iter_not_converging,fallback_helped,average_iter,std_iter,average_gap,std_gap
1,160000,3602.996442974,3602.287948848,2.248388689336316e-11,0.20983691282092748,0.2027200497431226,2976,0,0,3.067540322580645,0.25099760296240015,Inf,Inf
