seed,dimension,time,fw_time,primal,dual_gap,smallest_dual_gap,iterations,iter_not_converging,fallback_helped,average_iter,std_iter,average_gap,std_gap
1,250000,3608.272427588,3607.791918719,3.43153753144978e-8,7.383773485663177,7.016111043077447,2289,16,0,3.0491518051326665,0.21823511369093984,1.180851296513533e-7,1.4552192432449476
