seed,dimension,time,fw_time,primal,dual_gap,smallest_dual_gap,iterations,iter_not_converging,fallback_helped,average_iter,std_iter,average_gap,std_gap
1,40000,3603.220453364,3602.815985194,3.4039518912711283e-12,0.12860468993977497,0.0006285230535572515,4393,0,0,2.9576635725605613,0.2975911320917397,Inf,Inf
