seed,dimension,time,fw_time,primal,dual_gap,smallest_dual_gap,iterations,iter_not_converging,fallback_helped,average_iter,std_iter,average_gap,std_gap
3,810000,3621.012291744,3615.462726574,8.057083272031447e8,1.4891328112659454e7,1.4368853774612904e7,604,0,0,4.604612850082372,1.1767179590488688,Inf,Inf
