seed,dimension,time,fw_time,primal,dual_gap,smallest_dual_gap,iterations,iter_not_converging,fallback_helped,average_iter,std_iter,average_gap,std_gap
5,160000,3601.920415337,3601.633438137,7.391438641957274e-12,0.13706257744026473,0.020010463273330854,3741,12,0,3.0402344790834,0.19788634828758275,7.184475138497668e-8,1.2859372284597126
