seed,dimension,time,fw_time,primal,dual_gap,smallest_dual_gap,iterations
4,250000,3601.980373363,3601.551993516,8.497267906456718e-10,1.1302428740195218,1.0629168440151415,3508
