seed,dimension,time,fw_time,primal,dual_gap,smallest_dual_gap,iterations,iter_not_converging,fallback_helped,average_iter,std_iter,average_gap,std_gap
5,90000,3602.132432298,3601.971996082,5.347078721351385e-12,0.1561455266481039,0.0005743915705041164,3916,0,0,3.033003300330033,0.18008347688869997,Inf,Inf
