seed,dimension,time,fw_time,primal,dual_gap,smallest_dual_gap,iterations
1,10000,2.438733584,2.419660289,1.6827138821703029e-12,0.12665924232071252,-0.0015888150182645686,450
