seed,dimension,time,fw_time,primal,dual_gap,smallest_dual_gap,iterations,iter_not_converging,fallback_helped,average_iter,std_iter,average_gap,std_gap
1,360000,3603.208482953,3602.61639075,1.7897911526036223e-7,14.556303285231701,14.524972265895524,3377,0,0,3.1021616819662423,0.3077562796153278,Inf,Inf
