seed,dimension,time,fw_time,primal,dual_gap,smallest_dual_gap,iterations,iter_not_converging,fallback_helped,average_iter,std_iter,average_gap,std_gap
4,90000,3601.976462628,3601.75999188,5.496733235689564e-12,0.13322810980046668,1.4290187961636724e-5,3959,10,0,3.0432486799094796,0.20589967171603016,7.391993863584674e-8,1.452344842963298
