seed,dimension,time,fw_time,primal,dual_gap,smallest_dual_gap,iterations,iter_not_converging,fallback_helped,average_iter,std_iter,average_gap,std_gap
3,360000,3601.793569625,3601.395993234,9.1723468651449e-12,0.13107801170458044,0.09176075286266087,3117,0,0,3.0028873917228105,0.05366543254601898,Inf,Inf
