seed,dimension,time,fw_time,primal,dual_gap,smallest_dual_gap,iterations,iter_not_converging,fallback_helped,average_iter,std_iter,average_gap,std_gap
2,160000,3601.36449773,3601.131934791,8.058899040224173e-12,0.1366208332965734,0.06333521267099976,3258,0,0,3.0460405156537753,0.20960503719037107,Inf,Inf
