seed,dimension,time,fw_time,primal,dual_gap,smallest_dual_gap,iterations,iter_not_converging,fallback_helped,average_iter,std_iter,average_gap,std_gap
3,250000,3602.948461553,3602.479975177,4.393998699730284e-8,8.312862590549283,8.311324723370113,2223,14,0,3.062387791741472,0.2437619553195685,1.2610601134608016e-7,1.4709012168872009
