seed,dimension,time,fw_time,primal,dual_gap,smallest_dual_gap,iterations,iter_not_converging,fallback_helped,average_iter,std_iter,average_gap,std_gap
2,1000000,3615.324503103,3610.837887111,7.219639752729963e9,1.431917687984085e7,1.6367858496212006e7,565,0,0,5.44070796460177,1.7378064130112767,Inf,Inf
