seed,dimension,time,fw_time,primal,dual_gap,smallest_dual_gap,iterations,iter_not_converging,fallback_helped,average_iter,std_iter,average_gap,std_gap
4,160000,3601.389864226,3601.092003865,8.498092931818542e-12,0.13978748217241238,0.04345527533682407,3851,11,0,3.0559295701708957,0.22981542363707516,8.59427235200647e-8,1.413109207689776
