seed,dimension,time,fw_time,primal,dual_gap,smallest_dual_gap,iterations,iter_not_converging,fallback_helped,average_iter,std_iter,average_gap,std_gap
2,640000,3625.760530243,3621.560765504,1.1073167631760354e9,9.774788696822166e6,9.5689027784729e6,756,0,0,3.8155467720685112,0.3948490043876923,Inf,Inf
