seed,dimension,time,fw_time,primal,dual_gap,smallest_dual_gap,iterations,iter_not_converging,fallback_helped,average_iter,std_iter,average_gap,std_gap
4,810000,3622.204418959,3616.465340336,2.799570511343987e8,1.746547505940962e7,1.8021035058818817e7,480,3,0,5.4625,3.7792215676803136,1.5599510602679642e-8,1.006472494591548
