seed,dimension,time,fw_time,primal,dual_gap,smallest_dual_gap,iterations,iter_not_converging,fallback_helped,average_iter,std_iter,average_gap,std_gap
2,160000,3601.436489589,3601.292063077,7.138823603647448e-12,0.12766019624254368,0.008430739918854862,3976,0,0,3.045774647887324,0.20902229069809997,Inf,Inf
