seed,dimension,time,fw_time,primal,dual_gap,smallest_dual_gap,iterations,iter_not_converging,fallback_helped,average_iter,std_iter,average_gap,std_gap
4,160000,3601.280453562,3601.143995595,8.738477457150313e-12,0.1363563472203921,0.04489892373746976,3810,0,0,3.05745625489684,0.23274273512411767,Inf,Inf
