seed,dimension,time,fw_time,primal,dual_gap,smallest_dual_gap,iterations,iter_not_converging,fallback_helped,average_iter,std_iter,average_gap,std_gap
1,490000,3622.420465012,3617.103942606,0.009653654927621654,7126.455189432419,6670.291870099447,622,0,0,3.1382636655948555,0.34545432000816917,Inf,Inf
