seed,dimension,time,fw_time,primal,dual_gap,smallest_dual_gap,iterations,iter_not_converging,fallback_helped,average_iter,std_iter,average_gap,std_gap
1,490000,3621.36047853,3617.759897909,0.031211416407246038,14551.74661096436,13873.464951110605,525,0,0,3.118095238095238,0.3230286519743488,Inf,Inf
