seed,dimension,time,fw_time,primal,dual_gap,smallest_dual_gap,iterations,iter_not_converging,fallback_helped,average_iter,std_iter,average_gap,std_gap
5,250000,3601.628432275,3601.315985238,3.8707737554332476e-9,2.299180736181657,2.297619444214297,3698,0,0,3.0957274202271496,0.29517465167324536,Inf,Inf
