seed,dimension,time,fw_time,primal,dual_gap,smallest_dual_gap,iterations,iter_not_converging,fallback_helped,average_iter,std_iter,average_gap,std_gap
5,640000,3617.008510201,3612.779252651,4.134849148096886e7,1.1114860598852754e7,9.655297175964117e6,719,0,0,3.6717663421418636,0.8163858603041632,Inf,Inf
