seed,dimension,time,fw_time,primal,dual_gap,smallest_dual_gap,iterations,iter_not_converging,fallback_helped,average_iter,std_iter,average_gap,std_gap
2,90000,3601.264422253,3601.191969802,5.197948435296816e-12,0.1327731587322796,0.0011944070328184998,3850,0,0,3.023489932885906,0.15147302901787796,Inf,Inf
