seed,dimension,time,fw_time,primal,dual_gap,smallest_dual_gap,iterations
4,810000,3617.192278635,3613.249931367,2.7959175073050904e8,1.6936244947903633e7,1.6838007992821693e7,684
