seed,dimension,time,fw_time,primal,dual_gap,smallest_dual_gap,iterations
4,490000,3621.18441085,3615.895241276,0.011219424237372669,7536.693308198759,7569.236099432884,683
