seed,dimension,time,fw_time,primal,dual_gap,smallest_dual_gap,iterations,iter_not_converging,fallback_helped,average_iter,std_iter,average_gap,std_gap
4,40000,3600.960391857,3600.731976108,3.414419471866808e-12,0.12887187798339725,0.006571489014573224,4223,0,0,2.923514089509827,0.3140085760217008,Inf,Inf
