seed,dimension,time,fw_time,primal,dual_gap,smallest_dual_gap,iterations,iter_not_converging,fallback_helped,average_iter,std_iter,average_gap,std_gap
1,360000,3603.629951674,3603.123968385,1.3834280994195877e-7,12.427682563264682,12.181001190390836,3486,0,0,3.10071530758226,0.3009944459240343,Inf,Inf
