seed,dimension,time,fw_time,primal,dual_gap,smallest_dual_gap,iterations
1,810000,3616.32052912,3612.151917113,1.446756873332242e8,2.0211808198512316e7,1.7540856420397043e7,713
