seed,dimension,time,fw_time,primal,dual_gap,iterations
1,90000,3602.749319127,3602.311976342,5.445942343519957e-12,0.12867099182914918,3932
