seed,dimension,time,fw_time,primal,dual_gap,smallest_dual_gap,iterations,iter_not_converging,fallback_helped,average_iter,std_iter,average_gap,std_gap
4,250000,3602.172432604,3601.842577499,7.798902161595637e-10,1.0376799870685922,1.1039934987403677,3519,0,0,3.0664961636828645,0.24918280178074104,Inf,Inf
