seed,dimension,time,fw_time,primal,dual_gap,iterations
2,810000,3613.520465979,3608.760103115,5.998739186980294e8,2.1054937123625755e7,649
