seed,dimension,time,fw_time,primal,dual_gap,smallest_dual_gap,iterations,iter_not_converging,fallback_helped,average_iter,std_iter,average_gap,std_gap
2,1000000,3615.756415794,3610.931255263,7.219001827422109e9,1.0926268641260147e7,1.0100006695652008e7,569,0,0,5.1223776223776225,1.672604838707754,Inf,Inf
