seed,dimension,time,fw_time,primal,dual_gap,smallest_dual_gap,iterations,iter_not_converging,fallback_helped,average_iter,std_iter,average_gap,std_gap
4,640000,3617.272396425,3612.710857608,1.1864329795436646e8,1.379293708995843e7,1.2585606047543049e7,677,0,0,4.304411764705883,1.3524574070404005,Inf,Inf
