seed,dimension,time,fw_time,primal,dual_gap,smallest_dual_gap,iterations,iter_not_converging,fallback_helped,average_iter,std_iter,average_gap,std_gap
1,640000,3613.904430416,3610.128035386,4.6386952865020764e8,2.2057464616782665e7,2.3344008260214806e7,629,0,0,5.124006359300477,2.2024622526803466,Inf,Inf
