seed,dimension,time,fw_time,primal,dual_gap,smallest_dual_gap,iterations,iter_not_converging,fallback_helped,average_iter,std_iter,average_gap,std_gap
3,1000000,3621.424461905,3616.10123734,2.401472999250105e9,2.2224093140844345e7,2.2566001337661743e7,525,0,0,3.8541666666666665,0.36385776495531813,Inf,Inf
