seed,dimension,time,fw_time,primal,dual_gap,smallest_dual_gap,iterations,iter_not_converging,fallback_helped,average_iter,std_iter,average_gap,std_gap
1,40000,3603.112456523,3602.695985157,3.400613423180772e-12,0.12890782423865083,0.008139403438512433,4208,0,0,2.9493821292775664,0.31073740612994666,Inf,Inf
