seed,dimension,time,fw_time,primal,dual_gap,smallest_dual_gap,iterations,iter_not_converging,fallback_helped,average_iter,std_iter,average_gap,std_gap
1,40000,3609.200447433,3608.735998544,3.534827227307559e-12,0.13225177690663906,0.00042866464800566463,4425,0,0,2.949921401302493,0.3078168761141557,Inf,Inf
