seed,dimension,time,fw_time,primal,dual_gap,smallest_dual_gap,iterations
4,40000,234.371462764,234.206158188,0.8999787304282103,1.0158719148910256e-6,2.3776200705830086e-7,1453
