seed,dimension,time,fw_time,primal,dual_gap,smallest_dual_gap,iterations
4,90000,1829.318110241,1829.153308534,1.0047025294252832,1.1961132149670983e-7,3.521882587266545e-7,5604
