seed,dimension,time,fw_time,primal,dual_gap,smallest_dual_gap,iterations
5,40000,184.495524945,184.350839429,0.9841335937677621,1.5379148504066076e-6,1.2922336477781682e-6,2395
