seed,dimension,time,fw_time,primal,dual_gap,smallest_dual_gap,iterations
1,40000,61.187596735,61.101026969,0.9719551701210136,9.969625068551036e-8,1.0023770962569456e-7,738
