seed,dimension,time,fw_time,primal,dual_gap,smallest_dual_gap,iterations
5,10000,2.564378238,2.542125704,0.8882113650782746,4.973515245670912e-6,3.3613955182226762e-6,1279
