seed,dimension,time,fw_time,primal,dual_gap,smallest_dual_gap,iterations
3,10000,34.64624181,34.606171954,1.1516198954558345,1.3795258149013057e-7,3.266623439246441e-7,18906
