seed,dimension,time,fw_time,primal,dual_gap,smallest_dual_gap,iterations
5,90000,51.682548838,51.545455208,1.0558753007635706,9.965325799624059e-8,1.0031375902858075e-7,605
