seed,dimension,time,fw_time,primal,dual_gap,smallest_dual_gap,iterations
3,90000,47.858529844,47.725979588,0.9517979244447887,9.956771556893229e-8,1.0025498078936046e-7,581
