seed,dimension,time,fw_time,primal,dual_gap,smallest_dual_gap,iterations
2,10000,2.237867733,2.215106156,1.1453848716370691,9.979464362513957e-8,1.0018351694757177e-7,1028
