seed,dimension,time,fw_time,primal,dual_gap,smallest_dual_gap,iterations
1,90000,62.490578854,62.434932473,0.9879848903808072,9.956584874973307e-8,1.0007228721728434e-7,788
