seed,dimension,time,fw_time,primal,dual_gap,smallest_dual_gap,iterations
5,10000,37.514839701,37.442593707,0.8882114155030159,2.0996177556298345e-7,3.0421555505949494e-7,18209
