seed,dimension,time,fw_time,primal,dual_gap,smallest_dual_gap,iterations
1,90000,74.968942735,74.890653038,0.9879848904767418,9.96615886761365e-8,1.0017703152426227e-7,775
