seed,dimension,time,fw_time,primal,dual_gap,smallest_dual_gap,iterations,average_iter,std_iter
1,90000,151.546502787,151.469186846,0.9879848867857451,1.4072718188366806e-6,1.0751911957637694e-7,573,0.1518324607329843,0.3591719690483279
