seed,dimension,time,fw_time,primal,dual_gap,smallest_dual_gap,iterations
2,40000,95.839539903,95.703519953,0.881598541178854,2.281656012900063e-6,2.325222810128924e-6,1206
