seed,dimension,time,fw_time,primal,dual_gap,smallest_dual_gap,iterations
2,40000,2600.319473875,2600.161812408,0.8815985967509989,1.3701916709227269e-7,1.920333459644319e-7,13906
