seed,dimension,time,fw_time,primal,dual_gap,smallest_dual_gap,iterations
1,90000,97.906932466,97.806030911,0.9879848864110432,1.0441404928868137e-7,1.4737094360464664e-7,516
