seed,dimension,time,fw_time,primal,dual_gap,smallest_dual_gap,iterations
2,90000,56.48270514,56.375739919,0.8570335419965243,2.7146834924614283e-6,1.9064597172688963e-6,687
