seed,dimension,time,fw_time,primal,dual_gap,smallest_dual_gap,iterations
4,10000,2.423034147,2.401424496,0.8282948292087572,5.433556501191483e-6,4.39295114414151e-6,1037
