seed,dimension,time,fw_time,primal,dual_gap,smallest_dual_gap,iterations
4,10000,35.822558321,35.782059846,0.8282948578600534,1.8023734196792596e-7,2.466156540509301e-7,17045
