seed,dimension,time,fw_time,primal,dual_gap,smallest_dual_gap,iterations
1,90000,195.154490609,195.086441496,0.9879848687371602,1.5848978949378756e-7,5.802714953123678e-7,705
