seed,dimension,time,fw_time,primal,dual_gap,smallest_dual_gap,iterations
2,40000,3602.207612887,3602.059740451,0.8815985182983836,2.896967122707067e-6,5.35032823227935e-6,14832
