seed,dimension,time,fw_time,primal,dual_gap,smallest_dual_gap,iterations
3,40000,5.711507944,5.570286166,0.9154352105500984,3.8904013884948074e-6,3.786148022242447e-6,8
