seed,dimension,time,fw_time,primal,dual_gap,smallest_dual_gap,iterations
5,40000,3602.277296716,3602.254853777,0.9841336077857936,9.48432775857086e-6,2.8256222253941754e-6,14861
