seed,dimension,time,fw_time,primal,dual_gap,smallest_dual_gap,iterations
2,90000,3602.33123147,3602.246658591,0.8570334754088836,2.540940196117669e-6,2.540937540542257e-6,9170
