seed,dimension,time,fw_time,primal,dual_gap,smallest_dual_gap,iterations
4,10000,3601.154602094,3601.128517206,0.8282947659956377,5.794743730157259e-6,8.871415265385152e-6,3567525
