seed,dimension,time,fw_time,primal,dual_gap,smallest_dual_gap,iterations
4,90000,3602.139258842,3602.0582281,1.0047025357317794,1.4971144792833013e-6,2.488984499070951e-6,10063
