seed,dimension,time,fw_time,primal,dual_gap,smallest_dual_gap,iterations
3,10000,3601.097983455,3601.073294107,1.1516198216737754,9.02516143772708e-6,7.775963810463526e-6,4103212
