seed,dimension,time,fw_time,primal,dual_gap,smallest_dual_gap,iterations
1,90000,3602.119057043,3601.994910637,0.987985028326044,5.054003717055305e-6,5.054001780045725e-6,9859
