seed,dimension,time,fw_time,primal,dual_gap,smallest_dual_gap,iterations
1,90000,3601.582465826,3601.446811384,0.9879850290190733,8.494538247388883e-7,8.494519465537809e-7,10360
