seed,dimension,time,fw_time,primal,dual_gap,smallest_dual_gap,iterations
4,90000,2846.498602428,2846.360150891,1.0047025400228302,1.635072564218354e-7,1.2863113841785068e-7,14641
