seed,dimension,time,fw_time,primal,dual_gap,smallest_dual_gap,iterations
1,40000,60.651498247,60.507561657,0.9719551701391713,9.971440883063676e-8,1.0025744110950252e-7,736
