seed,dimension,time,fw_time,primal,dual_gap,smallest_dual_gap,iterations
2,90000,1965.566679076,1965.423085173,0.8570335719326101,1.456481624490663e-7,1.5677492671423154e-7,10904
