seed,dimension,time,fw_time,primal,dual_gap,smallest_dual_gap,iterations
1,90000,3466.242653476,3466.184305711,0.9879848908133925,9.999288829928843e-8,1.0000466604820346e-7,16980
