seed,dimension,time,fw_time,primal,dual_gap,smallest_dual_gap,iterations
5,10000,37.169815575,37.143520051,0.8882114155211387,1.9395702367808187e-7,1.631553309816569e-7,33548
