seed,dimension,time,fw_time,primal,dual_gap,smallest_dual_gap,iterations
5,40000,2380.055529157,2379.97889318,0.9841336827820325,1.6544229744161476e-7,1.5324802958918693e-7,26272
