seed,dimension,time,fw_time,primal,dual_gap,smallest_dual_gap,iterations
1,90000,1605.370777747,1605.232931556,0.9879848908136643,9.999316092842991e-8,1.0000539328244851e-7,16349
