seed,dimension,time,fw_time,primal,dual_gap,smallest_dual_gap,iterations
5,90000,49.125134773,48.978424503,1.0558753007659432,9.965563462638327e-8,1.0034114080598178e-7,583
