seed,dimension,time,fw_time,primal,dual_gap,smallest_dual_gap,iterations
1,10000,39.718769399,39.691152221,1.23666289245654,9.999663080906274e-8,1.0000178328473108e-7,38816
