seed,dimension,time,fw_time,primal,dual_gap,smallest_dual_gap,iterations
3,160000,3600.936374673,3600.599424458,0.0002261495143839802,0.0004846062682639184,0.0004847197343056146,6077
