seed,dimension,time,fw_time,primal,dual_gap,smallest_dual_gap,iterations
2,250000,3600.860454451,3600.493259449,0.00012874285412475296,0.00027812889247328873,0.00027816295733735613,10583
