seed,dimension,time,fw_time,primal,dual_gap,smallest_dual_gap,iterations
5,22500,3600.886882474,3600.56665634,0.00010587978100603066,0.0003908375898415599,0.00039092663987007884,5817
