seed,dimension,time,fw_time,primal,dual_gap,iterations
5,1000000,3601.700394523,3601.246193298,0.0004350251072368935,0.0008753727648284211,3363
