seed,dimension,time,fw_time,primal,dual_gap,smallest_dual_gap,iterations
1,62500,3600.465545973,3600.140288336,3.776630035877748e-5,0.00013988194875013484,0.00013989167830450475,16246
