seed,dimension,time,fw_time,primal,dual_gap,smallest_dual_gap,iterations
5,90000,3600.780387029,3600.651522164,0.00015304165114476417,0.0003612386672692449,0.0003613048734631923,6370
