seed,dimension,time,fw_time,primal,dual_gap,smallest_dual_gap,iterations,average_iter,std_iter
1,640000,3602.688396907,3602.227541828,0.0003756081432696557,0.0007595057901739357,0.0007597233565106319,3875,0.15225806451612903,0.3593172201866115
