seed,dimension,time,fw_time,primal,dual_gap,smallest_dual_gap,iterations
2,360000,3602.216452358,3601.755788953,0.0003262368592454242,0.0006671412144963574,0.0006671844962740915,4412
