seed,dimension,time,fw_time,primal,dual_gap,smallest_dual_gap,iterations
2,490000,3601.852416483,3601.442965129,0.000342943331582201,0.000696701814118231,0.0006969173224906192,3317
