seed,dimension,time,fw_time,primal,dual_gap,smallest_dual_gap,iterations
2,90000,3600.677683777,3600.380587908,5.8243337636067215e-5,0.00016701945186011705,0.0001670335489528137,14038
