seed,dimension,time,fw_time,primal,dual_gap,smallest_dual_gap,iterations
1,10000,1.822596613,1.805705296,1.1936419556663803e-12,5.424494187572313e-8,0.0,0
