seed,dimension,time,fw_time,primal,dual_gap,smallest_dual_gap,iterations
5,360000,3600.611929433,3600.319996658,0.0001753675235951075,0.00036529278596631403,0.0003652149410192015,10392
