seed,dimension,time,fw_time,primal,dual_gap,smallest_dual_gap,iterations
4,490000,3601.436478893,3600.859472165,0.00039109009045091344,0.0007930125174382535,0.0007933194574791243,3716
