seed,dimension,time,fw_time,primal,dual_gap,smallest_dual_gap,iterations
4,490000,3601.012400895,3600.725176398,0.0003533173473903821,0.0007174600745193166,0.0007177139545157523,3220
