seed,dimension,time,fw_time,primal,dual_gap,smallest_dual_gap,iterations
1,40000,3602.206667801,3601.829687465,2.260073947276639e-5,0.00012691417729587237,0.00012692366616467434,16544
