seed,dimension,time,fw_time,primal,dual_gap,smallest_dual_gap,iterations
4,360000,3601.732383962,3601.41937517,0.00021742757062761416,0.00044946205022880953,0.0004495501769373211,5147
