seed,dimension,time,fw_time,primal,dual_gap,smallest_dual_gap,iterations
2,810000,3601.291938224,3600.919985302,0.0002467378362669132,0.0005000291392490662,0.0005001538059317428,7569
