seed,dimension,time,fw_time,primal,dual_gap,smallest_dual_gap,iterations,average_iter,std_iter
5,640000,3601.528420049,3601.261459252,0.00035867852276924935,0.0007256504786467291,0.0007258520678806276,4055,NaN,NaN
