seed,dimension,time,fw_time,primal,dual_gap,smallest_dual_gap,iterations
5,490000,3601.028518265,3600.681452859,0.0003737426757985061,0.0007583001465786836,0.0007585759758028037,3049
