seed,dimension,time,fw_time,primal,dual_gap,smallest_dual_gap,iterations,average_iter,std_iter
3,160000,3600.576492717,3600.301154367,0.00010898100677077675,0.00024936856627248716,0.0002493727940716733,11785,NaN,NaN
