seed,dimension,time,fw_time,primal,dual_gap,smallest_dual_gap,iterations
2,1000000,3601.344402665,3600.897199143,0.0008215068806553125,0.0016483465667705012,0.0016485296228288635,1787
