seed,dimension,time,fw_time,primal,dual_gap,smallest_dual_gap,iterations
4,250000,3600.908418558,3600.452273957,0.0001608216227993841,0.0003424203730328821,0.00034247083870991374,6752
