seed,dimension,time,fw_time,primal,dual_gap,smallest_dual_gap,iterations
4,360000,3601.452455433,3600.853622711,0.0003323666181099686,0.0006794091178193691,0.0006796400129010981,4332
