seed,dimension,time,fw_time,primal,dual_gap,smallest_dual_gap,iterations
1,90000,3602.752405139,3602.399194392,0.00014366427726819394,0.00034220721695562715,0.000342265442056274,6725
