seed,dimension,time,fw_time,primal,dual_gap,smallest_dual_gap,iterations
2,10000,0.005018897,0.004764557,1.1279976560267898e-12,5.7992516837600924e-8,0.0,0
