seed,dimension,time,fw_time,primal,dual_gap,smallest_dual_gap,iterations
3,22500,3600.363058206,3600.163996631,2.897372323907316e-5,0.00018883398394576833,0.00018883398576532783,42355
