seed,dimension,time,fw_time,primal,dual_gap,smallest_dual_gap,iterations
1,360000,3603.008419479,3602.212632339,0.00031224300183768574,0.0006391643094791018,0.0006393687093472354,4605
