seed,dimension,time,fw_time,primal,dual_gap,smallest_dual_gap,iterations
2,360000,3601.907591768,3601.539807279,0.00020064974147615406,0.0004158820717087207,0.00041596620325226575,5735
