seed,dimension,time,fw_time,primal,dual_gap,smallest_dual_gap,iterations
4,1000000,3601.952553816,3601.466318253,0.0005659038065950215,0.001137125423411356,0.001137772327919413,2033
