seed,dimension,time,fw_time,primal,dual_gap,smallest_dual_gap,iterations
2,810000,3601.808392417,3601.306395719,0.0005509523862086969,0.0011084779472670318,0.001109085749754953,2085
