seed,dimension,time,fw_time,primal,dual_gap,smallest_dual_gap,iterations
1,250000,3602.580908543,3602.231989742,0.00010762894105253457,0.0002357758793067692,0.0002357437851641076,16169
