seed,dimension,time,fw_time,primal,dual_gap,smallest_dual_gap,iterations
5,160000,3601.095239863,3600.606925649,0.00020783686743318621,0.0004479547669991784,0.0004479731806319972,6587
