seed,dimension,time,fw_time,primal,dual_gap,smallest_dual_gap,iterations
1,490000,3602.808401573,3602.329315936,0.00028524410664747154,0.000581288182602164,0.0005814384462764865,5066
