seed,dimension,time,fw_time,primal,dual_gap,smallest_dual_gap,iterations
3,250000,3601.229890907,3600.82049927,0.0002672968851040388,0.0005555529263618053,0.0005556760227547692,5299
