seed,dimension,time,fw_time,primal,dual_gap,smallest_dual_gap,iterations
1,40000,3602.372249034,3602.078570607,0.0003531718575238537,0.0008300210121701723,0.0008303568128778737,3544
