seed,dimension,time,fw_time,primal,dual_gap,smallest_dual_gap,iterations
5,160000,3601.048527764,3600.794542397,8.343772996356788e-5,0.00019785091629048103,0.00019786992879240216,12011
