seed,dimension,time,fw_time,primal,dual_gap,smallest_dual_gap,iterations,average_iter,std_iter
1,2500,0.544521396,0.543257328,6.138464229947976e-13,6.30298605945701e-8,6.304439723691484e-8,9183,0.15202003702493738,0.35905986240024923
