seed,dimension,time,fw_time,primal,dual_gap,smallest_dual_gap,iterations
4,160000,3600.672440947,3600.203916059,0.00012046011766596113,0.0002725399167589297,0.0002725467949576611,10781
