seed,dimension,time,fw_time,primal,dual_gap,smallest_dual_gap,iterations
4,160000,3600.686372299,3600.405794243,0.00013562520296678498,0.00030303856476156206,0.00030307913617304467,7634
