seed,dimension,time,fw_time,primal,dual_gap,smallest_dual_gap,iterations
4,810000,3601.317831474,3600.874531414,0.00042552093040285494,0.0008576019987621388,0.0008576546178279841,3434
