seed,dimension,time,fw_time,primal,dual_gap,smallest_dual_gap,iterations
1,360000,3602.904409194,3602.112668873,0.0003104468268304003,0.0006355710524156197,0.0006357726471389758,4631
