seed,dimension,time,fw_time,primal,dual_gap,smallest_dual_gap,iterations,average_iter,std_iter
3,40000,3600.399234175,3600.169713165,6.580300970963326e-5,0.00023460893449859594,0.00023463478661416,12048,0.15205843293492696,0.35909242363373406
