seed,dimension,time,fw_time,primal,dual_gap,smallest_dual_gap,iterations
2,40000,3600.368369209,3600.302158386,0.00013096403834186632,0.0003759539409112645,0.0003760196842300682,6037
