seed,dimension,time,fw_time,primal,dual_gap,smallest_dual_gap,iterations,average_iter,std_iter
2,160000,3600.740481663,3600.531645025,9.944867923480467e-5,0.00023018595563643703,0.0002302124203027155,12757,NaN,NaN
