seed,dimension,time,fw_time,primal,dual_gap,smallest_dual_gap,iterations
5,810000,3601.668147531,3601.168460657,0.0007931206094960457,0.0015928148613090535,0.0015940657613881502,1848
