seed,dimension,time,fw_time,primal,dual_gap,smallest_dual_gap,iterations
2,40000,3600.332389115,3600.253811299,6.541985303604738e-5,0.00023406111542740167,0.00023408747537701275,12057
