seed,dimension,time,fw_time,primal,dual_gap,smallest_dual_gap,iterations
1,90000,3602.520418848,3602.059350188,0.00018721828495153598,0.00043021198569100376,0.00043029483723426945,6825
