seed,dimension,time,fw_time,primal,dual_gap,smallest_dual_gap,iterations
5,22500,3600.371664009,3600.156002072,4.299057118956574e-5,0.00023014659226662702,0.00023014659144173465,34752
