seed,dimension,time,fw_time,primal,dual_gap,smallest_dual_gap,iterations
4,360000,3601.113029673,3600.73446896,0.00019997077458892336,0.00041452946173008685,0.00041460742555426863,5753
