seed,dimension,time,fw_time,primal,dual_gap,smallest_dual_gap,iterations
3,250000,3601.038563945,3600.742844044,0.00013352955115793287,0.0002876933892217834,0.00028769938142116336,8286
