seed,dimension,time,fw_time,primal,dual_gap,smallest_dual_gap,iterations
5,90000,3600.512359829,3600.383845773,9.128967208484753e-5,0.00023562185667611873,0.00023564402661895077,12383
