seed,dimension,time,fw_time,primal,dual_gap,smallest_dual_gap,iterations
4,10000,9.286260649,9.283513052,1.825188748682989e-12,5.4179904809580626e-8,5.4179904809580626e-8,32559
