seed,dimension,time,fw_time,primal,dual_gap,smallest_dual_gap,iterations
5,250000,3601.168383438,3600.623611992,0.00018639457403881867,0.00039362414885440653,0.0003936338637301906,5872
