seed,dimension,time,fw_time,primal,dual_gap,smallest_dual_gap,iterations
5,1000000,3601.704369823,3601.278143109,0.0005586682459661884,0.0011226617022389658,0.0011232920501978974,2059
