seed,dimension,time,fw_time,primal,dual_gap,smallest_dual_gap,iterations,average_iter,std_iter
2,490000,3601.336389839,3601.045355651,0.0002531076647641985,0.0005170057138909192,0.0005171374179793101,5696,0.15203651685393257,0.3590878054827861
