seed,dimension,time,fw_time,primal,dual_gap,smallest_dual_gap,iterations
5,250000,3601.077835469,3600.664482898,0.00016486687007016308,0.00035050895684829425,0.0003505670519393926,6596
