seed,dimension,time,fw_time,primal,dual_gap,smallest_dual_gap,iterations
3,90000,3601.0235338,3600.762506871,0.00021617412311020212,0.0004885060761798786,0.0004885987118916821,6033
