seed,dimension,time,fw_time,primal,dual_gap,smallest_dual_gap,iterations
3,90000,3600.988227375,3600.721985007,0.0003614718297072184,0.0007802217346312308,0.0007802610480837229,3769
