seed,dimension,time,fw_time,primal,dual_gap,smallest_dual_gap,iterations
1,640000,3603.872478383,3603.367221824,0.0004942996714229749,0.0009968972864281681,0.0009969599250222254,2319
