seed,dimension,time,fw_time,primal,dual_gap,iterations
3,490000,3601.696391741,3601.277110306,0.00029649611997504036,0.0006037885173187486,4874
