seed,dimension,time,fw_time,primal,dual_gap,smallest_dual_gap,iterations
4,810000,3601.879215439,3601.39099648,0.0005405173343469713,0.0010875990634487613,0.001088189043887577,2131
