seed,dimension,time,fw_time,primal,dual_gap,smallest_dual_gap,iterations
2,810000,3601.308686852,3600.756386988,0.0002636372999650964,0.0005338307015492512,0.0005339715237561609,4468
