seed,dimension,time,fw_time,primal,dual_gap,smallest_dual_gap,iterations
4,640000,3601.554774878,3601.012946056,0.0002480663043179191,0.0005044084469816014,0.0005045340101294473,4729
