seed,dimension,time,fw_time,primal,dual_gap,smallest_dual_gap,iterations
2,360000,3600.844397282,3600.549674821,0.00028642026621232325,0.0005874886403864295,0.0005875212427602918,5011
