seed,dimension,time,fw_time,primal,dual_gap,iterations
3,250000,3600.572366022,3600.232636657,0.0001123461981056,0.00024521593829253586,12006
