seed,dimension,time,fw_time,primal,dual_gap,smallest_dual_gap,iterations
3,10000,0.005105019,0.004870578,1.833162574731693e-12,9.35583276805793e-8,0.0,0
