seed,dimension,time,fw_time,primal,dual_gap,smallest_dual_gap,iterations
3,490000,3601.217130065,3600.749157672,0.0003514150373167104,0.0007136384753297434,0.0007136706724472011,3247
