seed,dimension,time,fw_time,primal,dual_gap,smallest_dual_gap,iterations
4,810000,3601.752366617,3601.09745085,0.0007881382357673425,0.0015828456324721212,0.0015838366245527812,1856
