seed,dimension,time,fw_time,primal,dual_gap,smallest_dual_gap,iterations,average_iter,std_iter
4,90000,3600.620360644,3600.156423118,0.00010084338365183542,0.00025518116769881577,0.0002551874482011395,11455,0.1520733304233959,0.3591076306820043
