seed,dimension,time,fw_time,primal,dual_gap,smallest_dual_gap,iterations
1,250000,3602.42442386,3601.933039532,0.00015283021882036044,0.0003264155826835109,0.0003264637280945002,7084
