seed,dimension,time,fw_time,primal,dual_gap,smallest_dual_gap,iterations
5,360000,3600.776435354,3600.501404341,0.0003248005257427145,0.0006642737284712492,0.0006643155885341353,4430
