seed,dimension,time,fw_time,primal,dual_gap,smallest_dual_gap,iterations
2,40000,3600.924452833,3600.755184513,0.00019596692980295533,0.0005109678327949456,0.0005110841901387732,5712
