seed,dimension,time,fw_time,primal,dual_gap,smallest_dual_gap,iterations
3,640000,3602.680388858,3602.290447548,0.0006552511130400159,0.0013188077510203336,0.0013189301164558628,2227
