seed,dimension,time,fw_time,primal,dual_gap,smallest_dual_gap,iterations
1,810000,3602.609662261,3602.161067481,0.0002640646508397299,0.0005346769477993965,0.0005348193945061857,4461
