seed,dimension,time,fw_time,primal,dual_gap,smallest_dual_gap,iterations
3,40000,3600.464318919,3600.245575466,0.00010211475519988734,0.0003144954096396594,0.0003145490670057487,7171
