seed,dimension,time,fw_time,primal,dual_gap,smallest_dual_gap,iterations
5,40000,3600.412376774,3600.340977262,9.305027967038711e-5,0.00029455707455887083,0.0002946018942490328,7630
