seed,dimension,time,fw_time,primal,dual_gap,smallest_dual_gap,iterations
4,40000,3600.615711272,3600.320821557,0.0003252519771956378,0.0007740736552823372,0.00077411729853477,3786
