seed,dimension,time,fw_time,primal,dual_gap,smallest_dual_gap,iterations
2,40000,3600.580405837,3600.441066773,0.000172165229783915,0.0004619647595979841,0.0004620740164646488,6302
