seed,dimension,time,fw_time,primal,dual_gap,iterations
4,250000,3600.944409513,3600.518666895,0.00011301519819555693,0.0002465905911005125,11934
