seed,dimension,time,fw_time,primal,dual_gap,smallest_dual_gap,iterations
2,250000,3600.976417682,3600.765161661,0.0002671105572614975,0.0005552143778545988,0.0005553645286030452,5302
