seed,dimension,time,fw_time,primal,dual_gap,smallest_dual_gap,iterations
5,490000,3600.864384667,3600.28660051,0.0002949014771490166,0.0006006013700693359,0.0006006338750165475,4903
