seed,dimension,time,fw_time,primal,dual_gap,smallest_dual_gap,iterations
2,90000,3600.588440949,3600.380949803,0.00012074283437635123,0.0002957560245042245,0.0002958002708533974,7773
