seed,dimension,time,fw_time,primal,dual_gap,smallest_dual_gap,iterations
1,40000,3602.658753965,3602.175994722,5.89459899267502e-5,0.00021721127451955664,0.0002172300880440851,37395
