seed,dimension,time,fw_time,primal,dual_gap,smallest_dual_gap,iterations
1,490000,3603.580396647,3603.009232003,0.000327772407116549,0.0006663548599423361,0.0006665715503627765,3472
