seed,dimension,time,fw_time,primal,dual_gap,smallest_dual_gap,iterations
2,490000,3601.71570394,3601.193798991,0.00023100800711055815,0.0004727961615308283,0.0004729069576364678,5045
