seed,dimension,time,fw_time,primal,dual_gap,iterations
5,90000,3600.412358264,3600.213420922,9.947992405204769e-5,0.0002523993366442718,11580
