seed,dimension,time,fw_time,primal,dual_gap,smallest_dual_gap,iterations
3,90000,3600.425375767,3600.163993969,5.432218176444738e-5,0.00015870413940758402,0.00015869465636364073,27940
