seed,dimension,time,fw_time,primal,dual_gap,smallest_dual_gap,iterations
1,90000,3602.920469271,3602.490917375,0.00011514676012757126,0.0002843326556180315,0.0002843742598916847,8079
