seed,dimension,time,fw_time,primal,dual_gap,smallest_dual_gap,iterations
1,640000,3602.593820689,3602.079699173,0.0004157865391816157,0.000839866203089461,0.000840211285184121,2755
