seed,dimension,time,fw_time,primal,dual_gap,smallest_dual_gap,iterations
2,1000000,3601.968376998,3601.273831602,0.0008438233218357587,0.0016929796489040419,0.0016943429968152661,1741
