seed,dimension,time,fw_time,primal,dual_gap,smallest_dual_gap,iterations
4,250000,3600.504394546,3600.15217654,0.00022613940928429115,0.00047321079141772997,0.0004732974115910073,6224
