seed,dimension,time,fw_time,primal,dual_gap,smallest_dual_gap,iterations
2,360000,3601.000415416,3600.700230434,0.00018857931745322684,0.00039172899820897434,0.0003918058161572652,5901
