seed,dimension,time,fw_time,primal,dual_gap,smallest_dual_gap,iterations
2,40000,3600.442346355,3600.23599311,6.684664000442893e-5,0.0002361147496982346,0.00023614205353224843,34470
