seed,dimension,time,fw_time,primal,dual_gap,smallest_dual_gap,iterations
5,490000,3602.011800842,3601.411945053,0.00034842421237003677,0.0007076587523048567,0.0007078981083570531,3274
