seed,dimension,time,fw_time,primal,dual_gap,smallest_dual_gap,iterations
2,640000,3601.764421745,3601.444246398,0.0005884852187496521,0.0011852843220329437,0.0011853876418699701,2483
