seed,dimension,time,fw_time,primal,dual_gap,smallest_dual_gap,iterations
1,490000,3602.756320384,3602.267266808,0.00023369042549194378,0.0004781627346912901,0.00047827479076380025,4988
