seed,dimension,time,fw_time,primal,dual_gap,smallest_dual_gap,iterations
2,90000,3600.660397253,3600.461373822,0.00011939212903985382,0.0002930127766391935,0.0002930557537767191,7847
