seed,dimension,time,fw_time,primal,dual_gap,smallest_dual_gap,iterations,average_iter,std_iter
4,160000,3600.45637073,3600.192025317,0.00010104621681695323,0.00023343467214594467,0.00023345920441102155,12575,0.15204771371769385,0.3590814115293559
