seed,dimension,time,fw_time,primal,dual_gap,smallest_dual_gap,iterations
3,360000,3600.644362019,3600.357563594,0.0001946394444284124,0.00040385270647020277,0.0004039343424539403,5724
