seed,dimension,time,fw_time,primal,dual_gap,smallest_dual_gap,iterations
5,40000,3600.451996154,3600.23364632,2.0460635842559754e-5,0.00012043264041553607,0.00012044975044592694,17208
