seed,dimension,time,fw_time,primal,dual_gap,smallest_dual_gap,iterations
4,2500,0.437603793,0.436186702,1.4801243560034039e-12,9.95519990642206e-8,9.963891860411032e-8,7341
