seed,dimension,time,fw_time,primal,dual_gap,smallest_dual_gap,iterations
3,640000,3601.308393412,3600.995004427,0.0005722920002777662,0.0011528864826383764,0.0011535512678175696,2552
