seed,dimension,time,fw_time,primal,dual_gap,smallest_dual_gap,iterations
4,1000000,3602.452446515,3601.849132742,0.0005844278891131663,0.0011741738684164678,0.0011748636196523047,1968
