seed,dimension,time,fw_time,primal,dual_gap,smallest_dual_gap,iterations,average_iter,std_iter
3,810000,3601.412445964,3600.993824245,0.00043956191711470616,0.0008856841224829301,0.000886068549715732,3325,NaN,NaN
