seed,dimension,time,fw_time,primal,dual_gap,smallest_dual_gap,iterations
3,40000,3600.42836804,3600.358039152,0.00010553881147760419,0.0003218356239064405,0.0003218927770800332,7021
