seed,dimension,time,fw_time,primal,dual_gap,smallest_dual_gap,iterations
5,490000,3600.913621112,3600.521088893,0.0002222319561279558,0.0004552348305499669,0.0004552498394389074,5240
