seed,dimension,time,fw_time,primal,dual_gap,smallest_dual_gap,iterations
3,810000,3601.400770494,3600.963200292,0.0002628687275905023,0.0005322839337889897,0.0005324244716267258,4481
