seed,dimension,time,fw_time,primal,dual_gap,smallest_dual_gap,iterations
4,40000,3600.600383761,3600.460334837,0.00011342325623121564,0.0003382612885468457,0.00033826843763029715,6688
