seed,dimension,time,fw_time,primal,dual_gap,smallest_dual_gap,iterations,average_iter,std_iter
2,1000000,3602.028432108,3601.27174088,0.0004595245638908696,0.0009243766814307834,0.0009247842540036325,3187,NaN,NaN
