seed,dimension,time,fw_time,primal,dual_gap,smallest_dual_gap,iterations
2,250000,3600.932379393,3600.454561191,0.00016593045895452722,0.00035264931977362535,0.00035270396394768264,6555
