seed,dimension,time,fw_time,primal,dual_gap,smallest_dual_gap,iterations,average_iter,std_iter
3,90000,3600.867126359,3600.412231887,9.474918553017904e-5,0.00024272037826959342,0.00024272406906571218,12063,0.15203514880212218,0.359069840672525
