seed,dimension,time,fw_time,primal,dual_gap,smallest_dual_gap,iterations
4,360000,3601.096457785,3600.30500247,0.00023394389146395256,0.0004825086088693319,0.0004826247750221206,4793
