seed,dimension,time,fw_time,primal,dual_gap,smallest_dual_gap,iterations
2,810000,3601.959292381,3601.452521967,0.0005476134905627832,0.0011018000317489763,0.0011023985078502756,2104
