seed,dimension,time,fw_time,primal,dual_gap,smallest_dual_gap,iterations
5,490000,3601.782987267,3601.463242642,0.0003818974403247133,0.0007746110462740105,0.0007748497808522179,3799
