seed,dimension,time,fw_time,primal,dual_gap,smallest_dual_gap,iterations
1,250000,3602.536417558,3601.927380036,0.0002237023721910201,0.0004683350682433678,0.0004683555048988708,6289
