seed,dimension,time,fw_time,primal,dual_gap,smallest_dual_gap,iterations
1,40000,3602.472440268,3601.985024929,0.00017387655712841355,0.00046477390718472304,0.00046479482817883615,6268
