seed,dimension,time,fw_time,primal,dual_gap,smallest_dual_gap,iterations
3,250000,3601.272454569,3600.718497896,0.00014170742450543097,0.0003040936468627868,0.0003041393709266852,9674
