seed,dimension,time,fw_time,primal,dual_gap,smallest_dual_gap,iterations
4,250000,3601.51638508,3601.287805492,0.00013846281234360582,0.0002976174321458404,0.000297660542853677,7769
