seed,dimension,time,fw_time,primal,dual_gap,smallest_dual_gap,iterations
5,90000,3600.380451451,3600.161934628,0.00011882880841532694,0.0002918444721050073,0.0002918876890053895,7880
