seed,dimension,time,fw_time,primal,dual_gap,smallest_dual_gap,iterations,average_iter,std_iter
3,1000000,3601.785243231,3601.364371375,0.00045224272233067054,0.000909806464214965,0.0009102179866767676,3236,0.15203955500618047,0.35911471904305503
