seed,dimension,time,fw_time,primal,dual_gap,smallest_dual_gap,iterations
3,90000,3600.867581315,3600.6433072,0.00013122963380230433,0.0003170323453097251,0.00031708077584492104,7274
