seed,dimension,time,fw_time,primal,dual_gap,smallest_dual_gap,iterations
2,250000,3600.888413484,3600.421392294,0.0002428013201246286,0.0005065632858071154,0.0005066883787691727,5814
