seed,dimension,time,fw_time,primal,dual_gap,smallest_dual_gap,iterations,average_iter,std_iter
4,90000,3600.611115062,3600.334590186,9.55256939612336e-5,0.00024428787220465777,0.0002443149938655663,11983,0.15204873570892097,0.35908310734215365
