seed,dimension,time,fw_time,primal,dual_gap,smallest_dual_gap,iterations
4,640000,3602.004806236,3601.549040848,0.00048679193135359796,0.0009818878125503194,0.0009823669967010508,2361
