seed,dimension,time,fw_time,primal,dual_gap,smallest_dual_gap,iterations
2,10000,3600.016669307,3600.01444139,2.4875106977708896e-11,3.6927337717003037e-7,3.6929867636732734e-7,20049240
