seed,dimension,time,fw_time,primal,dual_gap,smallest_dual_gap,iterations
2,10000,0.003870714,0.003609901,1.83952190985325e-12,6.56027136269948e-8,0.0,0
