seed,dimension,time,fw_time,primal,dual_gap,iterations
2,10000,0.004799064,0.004566829,8.512149978944179e-13,6.422714519152155e-8,0
