seed,dimension,time,fw_time,primal,dual_gap,smallest_dual_gap,iterations
3,160000,3600.823018196,3600.541840037,0.0001292457727916939,0.00029015116088107186,0.0002901912330253052,7971
