seed,dimension,time,fw_time,primal,dual_gap,smallest_dual_gap,iterations
3,90000,3600.604353595,3600.439637758,0.00023978774339834366,0.000535996911446059,0.0005361372444708102,5485
