seed,dimension,time,fw_time,primal,dual_gap,smallest_dual_gap,iterations
3,90000,3600.424381316,3600.218562891,0.00011237435008345094,0.0002787016912392414,0.0002787365095161856,8246
