seed,dimension,time,fw_time,primal,dual_gap,smallest_dual_gap,iterations
3,40000,3600.368360999,3600.241882512,0.00017713287197957753,0.00047204128475044515,0.0004720557286794635,6172
