seed,dimension,time,fw_time,primal,dual_gap,smallest_dual_gap,iterations
4,10000,5.448726692,5.44688063,1.4581828265652135e-12,4.9660532986025244e-8,4.9660532986025244e-8,27753
