seed,dimension,time,fw_time,primal,dual_gap,smallest_dual_gap,iterations
3,810000,3601.688385181,3601.28489216,0.00042554736665695965,0.0008576544350662364,0.0008579735578695081,3434
