seed,dimension,time,fw_time,primal,dual_gap,smallest_dual_gap,iterations
3,810000,3601.191262214,3600.782502406,0.0002485005582903647,0.0005035455326001351,0.0005036719390124804,7515
