seed,dimension,time,fw_time,primal,dual_gap,smallest_dual_gap,iterations
5,250000,3601.013948639,3600.530001607,0.0002130791830943652,0.000447054790984315,0.00044715381255983647,6592
