seed,dimension,time,fw_time,primal,dual_gap,smallest_dual_gap,iterations
3,10000,5.5798283,5.549033538,1.4635202072388962e-12,9.805030444427022e-8,9.805030444427022e-8,27672
