seed,dimension,time,fw_time,primal,dual_gap,smallest_dual_gap,iterations,average_iter,std_iter
4,490000,3601.172369127,3600.742547686,0.00025194727469360687,0.0005146938958427826,0.0005148097934475124,5726,0.15211316800558855,0.3591619139968416
