seed,dimension,time,fw_time,primal,dual_gap,smallest_dual_gap,iterations
5,10000,9.201544614,9.1999416,1.8419397020107686e-12,9.854491282683268e-8,9.854491282683268e-8,32524
