seed,dimension,time,fw_time,primal,dual_gap,smallest_dual_gap,iterations
2,250000,3600.775664562,3600.486580908,0.00013494020085144578,0.0002905494793593051,0.0002905919248773088,8204
