seed,dimension,time,fw_time,primal,dual_gap,smallest_dual_gap,iterations
5,1000000,3601.43274244,3601.027997076,0.0002586304843704556,0.0005225745798598144,0.0005227107126750733,7238
