seed,dimension,time,fw_time,primal,dual_gap,smallest_dual_gap,iterations
3,640000,3601.57833594,3601.149367704,0.00048441721459180543,0.000977132664802222,0.000977593784629838,2373
