seed,dimension,time,fw_time,primal,dual_gap,smallest_dual_gap,iterations
2,40000,3600.299968907,3600.171997763,5.834246451522064e-5,0.00021627696942595618,0.00021629667076249851,37498
