seed,dimension,time,fw_time,primal,dual_gap,smallest_dual_gap,iterations
5,160000,3600.828420641,3600.555490255,0.00021356266397027442,0.00045943196108502596,0.00045944771077604445,6411
