seed,dimension,time,fw_time,primal,dual_gap,smallest_dual_gap,iterations
2,360000,3602.064415628,3601.13229658,0.0003162697035231593,0.0006472025184764546,0.00064740736143272,4551
