seed,dimension,time,fw_time,primal,dual_gap,iterations
1,40000,3602.428412175,3601.972958097,6.769279340586689e-5,0.0002385091186281343,11839
