seed,dimension,time,fw_time,primal,dual_gap,smallest_dual_gap,iterations,average_iter,std_iter
3,490000,3600.952371186,3600.647046702,0.00025898953910834737,0.0005287637815567656,0.0005289035470774779,5572,0.15201005025125627,0.35906285395276805
