seed,dimension,time,fw_time,primal,dual_gap,smallest_dual_gap,iterations
2,160000,3600.32541368,3600.172005076,5.1412050202843214e-5,0.00013259672901811502,0.00013258675717901179,29069
