seed,dimension,time,fw_time,primal,dual_gap,smallest_dual_gap,iterations
4,490000,3600.959442273,3600.717422781,0.00020422537890421973,0.0004192270023351241,0.000419314644800284,9044
