seed,dimension,time,fw_time,primal,dual_gap,smallest_dual_gap,iterations
4,490000,3602.621116016,3601.962250126,0.0003512840311415615,0.0007133930716744253,0.0007136389790130112,3248
