seed,dimension,time,fw_time,primal,dual_gap,smallest_dual_gap,iterations
5,90000,3600.613237251,3600.39599599,5.255954443862793e-5,0.0001550149270797192,0.0001550279644884531,31923
