seed,dimension,time,fw_time,primal,dual_gap,smallest_dual_gap,iterations
3,1000000,3602.980450388,3602.538991421,0.0005905824477369894,0.001186488729939104,0.0011871930284980603,1948
