seed,dimension,time,fw_time,primal,dual_gap,smallest_dual_gap,iterations
3,40000,3600.422262036,3600.179997906,5.979804814049973e-5,0.00021955747419323296,0.00021955753445394068,37014
