seed,dimension,time,fw_time,primal,dual_gap,smallest_dual_gap,iterations
3,250000,3601.292326532,3600.832098627,0.00021892710360491244,0.00045874321984524244,0.0004588476535211965,6420
