seed,dimension,time,fw_time,primal,dual_gap,smallest_dual_gap,iterations
4,160000,3600.717907668,3600.510746191,0.00024235883276278524,0.0005171501744529271,0.0005171698909630573,5694
