seed,dimension,time,fw_time,primal,dual_gap,smallest_dual_gap,iterations
2,810000,3603.000378071,3602.222645509,0.0007602236997807714,0.001527024761788171,0.0015281758140541202,1928
