seed,dimension,time,fw_time,primal,dual_gap,smallest_dual_gap,iterations
5,40000,3600.454416743,3600.204004815,6.241249217985729e-5,0.00022528881925259998,0.00022531197623493657,36093
