seed,dimension,time,fw_time,primal,dual_gap,smallest_dual_gap,iterations
1,10000,6.025626663,6.022086512,1.4557812306884122e-12,5.757057772217232e-8,5.757057772217232e-8,27766
