seed,dimension,time,fw_time,primal,dual_gap,smallest_dual_gap,iterations,average_iter,std_iter
5,22500,3600.682905911,3600.394483843,4.024809781639177e-5,0.00022646029366096213,0.00022651378045334775,11463,0.1520544360115153,0.3590893110534672
