seed,dimension,time,fw_time,primal,dual_gap,smallest_dual_gap,iterations
5,90000,3601.012409666,3600.669665742,0.0002412911224767581,0.0005390649985356048,0.0005392095882472763,5455
