seed,dimension,time,fw_time,primal,dual_gap,smallest_dual_gap,iterations
1,810000,3603.774851079,3603.255645036,0.0005515576530859764,0.0011096796204014552,0.001109760236408832,2089
