seed,dimension,time,fw_time,primal,dual_gap,smallest_dual_gap,iterations
3,490000,3601.344370582,3600.511478661,0.0002782693652020546,0.000567329554491985,0.0005673497555927631,4076
