seed,dimension,time,fw_time,primal,dual_gap,smallest_dual_gap,iterations
1,22500,3600.39110953,3600.156000271,4.888732450955356e-5,0.0002465924661212484,0.0002466230695173779,32437
