seed,dimension,time,fw_time,primal,dual_gap,smallest_dual_gap,iterations,average_iter,std_iter
4,160000,3600.456453212,3600.187208958,0.0001001619870969961,0.00023165448573292478,0.00023168135031089904,12676,NaN,NaN
