seed,dimension,time,fw_time,primal,dual_gap,smallest_dual_gap,iterations
2,90000,3600.539137567,3600.162975838,5.009102551624082e-5,0.00014977660498362514,0.00014978839214338128,15592
