seed,dimension,time,fw_time,primal,dual_gap,smallest_dual_gap,iterations
3,40000,3600.888459762,3600.720980906,0.00010751113088591217,0.0003260352715368944,0.00032608996127064035,6932
