seed,dimension,time,fw_time,primal,dual_gap,smallest_dual_gap,iterations
2,160000,3600.540381218,3600.287888316,0.00018749900839609604,0.0004071722581759039,0.0004072519736627395,7228
