seed,dimension,time,fw_time,primal,dual_gap,smallest_dual_gap,iterations
1,810000,3603.712398853,3602.882732317,0.000797753948019699,0.001602075734177849,0.0016033108169864183,1840
