seed,dimension,time,fw_time,primal,dual_gap,smallest_dual_gap,iterations
5,40000,3600.556433409,3600.401319457,9.247181071588638e-5,0.00029331544599422435,0.00029335910313985726,7663
