seed,dimension,time,fw_time,primal,dual_gap,smallest_dual_gap,iterations,average_iter,std_iter
2,250000,3600.872351001,3600.663323916,0.0001421679382853092,0.00030504296235416006,0.000305049414637532,9648,0.15205223880597016,0.35909012865970563
