seed,dimension,time,fw_time,primal,dual_gap,smallest_dual_gap,iterations
2,1000000,3601.420516584,3601.063993272,0.0002605554333957787,0.0005264286100280173,0.0005262654958654085,7188
