seed,dimension,time,fw_time,primal,dual_gap,smallest_dual_gap,iterations
1,360000,3602.404451755,3601.982971959,0.00029197471299042784,0.0005986177900575911,0.0005987566565240829,4919
