seed,dimension,time,fw_time,primal,dual_gap,smallest_dual_gap,iterations
3,40000,3600.388400649,3600.232219024,6.918894296676752e-5,0.00024224622234864763,0.00024227806489421973,11670
