seed,dimension,time,fw_time,primal,dual_gap,smallest_dual_gap,iterations
1,490000,3602.908154167,3602.356152784,0.00037387882227555934,0.0007585766186679524,0.0007586147482988447,3056
