seed,dimension,time,fw_time,primal,dual_gap,smallest_dual_gap,iterations
2,640000,3601.940486076,3601.562393285,0.00048606647933330813,0.0009804417873763625,0.0009805086549713289,2359
