seed,dimension,time,fw_time,primal,dual_gap,smallest_dual_gap,iterations
4,360000,3600.828394107,3600.513733455,0.0002783092360410373,0.0005712699294812895,0.0005714302440349032,5153
