seed,dimension,time,fw_time,primal,dual_gap,smallest_dual_gap,iterations,average_iter,std_iter
2,40000,3600.600406498,3600.332662796,5.401306550297378e-5,0.00020770191253873774,0.00020772681960087096,13431,NaN,NaN
