seed,dimension,time,fw_time,primal,dual_gap,smallest_dual_gap,iterations
3,640000,3602.148431329,3601.769029339,0.0006660420396889198,0.0013403898024089127,0.001341259035486481,2196
