seed,dimension,time,fw_time,primal,dual_gap,smallest_dual_gap,iterations
3,1000000,3601.369559778,3600.913851571,0.0002732126581495855,0.0005517378096685383,0.0005518891163026343,4323
