seed,dimension,time,fw_time,primal,dual_gap,smallest_dual_gap,iterations,average_iter,std_iter
4,250000,3600.913839184,3600.517771242,0.00012929589623350625,0.00027924213172785136,0.00027928079681911766,10536,NaN,NaN
