seed,dimension,time,fw_time,primal,dual_gap,smallest_dual_gap,iterations
2,90000,3600.436388562,3600.283297551,9.432666596384389e-5,0.0002418639255053546,0.00024186940357871027,12076
