seed,dimension,time,fw_time,primal,dual_gap,smallest_dual_gap,iterations
4,490000,3601.325885169,3600.795989347,0.000346451164762192,0.0007037265116522938,0.0007039415361884653,4182
