seed,dimension,time,fw_time,primal,dual_gap,smallest_dual_gap,iterations,average_iter,std_iter
3,2500,0.549573061,0.548156225,7.398240768637605e-13,6.85800393950604e-8,7.195301275326652e-8,9081,0.15207576258121352,0.3591140855187799
