seed,dimension,time,fw_time,primal,dual_gap,smallest_dual_gap,iterations
5,360000,3601.08102033,3600.688830715,0.00019748871910793753,0.0004095633492169151,0.00040964668816556777,5823
