seed,dimension,time,fw_time,primal,dual_gap,smallest_dual_gap,iterations
2,90000,3600.68457672,3600.256003447,5.3991031140553635e-5,0.0001580456442144845,0.00015805838632455875,29400
