seed,dimension,time,fw_time,primal,dual_gap,smallest_dual_gap,iterations
3,810000,3601.520452991,3601.054485515,0.0005552518104665167,0.0011170679223509168,0.0011176211042686075,2069
