seed,dimension,time,fw_time,primal,dual_gap,smallest_dual_gap,iterations
5,40000,3600.500406626,3600.269432643,0.0001611166002955624,0.00043852599973787467,0.00043862340408164116,6633
