seed,dimension,time,fw_time,primal,dual_gap,smallest_dual_gap,iterations
2,360000,3600.97155032,3600.73200809,0.00017528738659329876,0.0003651238456201167,0.0003651903605799996,10402
