seed,dimension,time,fw_time,primal,dual_gap,smallest_dual_gap,iterations
3,90000,3600.53509857,3600.282553378,4.7819016808756546e-5,0.0001449034878092076,0.0001449152199630109,16096
