seed,dimension,time,fw_time,primal,dual_gap,smallest_dual_gap,iterations,average_iter,std_iter
4,640000,3601.591568658,3601.095362175,0.0003823931481965337,0.0007730826321996182,0.000773125311167834,3819,0.15213406650955746,0.3591978240962799
