seed,dimension,time,fw_time,primal,dual_gap,smallest_dual_gap,iterations
2,490000,3602.219687629,3601.732661246,0.0003514269568278135,0.0007136707430110429,0.0007138961591426767,3246
