seed,dimension,time,fw_time,primal,dual_gap,smallest_dual_gap,iterations
1,90000,3602.746051044,3602.327794671,0.00012313579568974122,0.00030058690839124085,0.00030062782499851046,7667
