seed,dimension,time,fw_time,primal,dual_gap,smallest_dual_gap,iterations
5,810000,3601.000403552,3600.608117767,0.0005046850899040898,0.001015938565100602,0.0010164511338158326,2276
