seed,dimension,time,fw_time,primal,dual_gap,smallest_dual_gap,iterations
4,22500,3600.38306263,3600.175986053,3.64001625258556e-5,0.00021152744201683287,0.00021152744413646587,37815
