seed,dimension,time,fw_time,primal,dual_gap,smallest_dual_gap,iterations
3,360000,3601.216490967,3600.571110453,0.00020044057322143985,0.0004154616733924041,0.00041547235632491197,5566
