seed,dimension,time,fw_time,primal,dual_gap,smallest_dual_gap,iterations
4,1000000,3602.841811968,3602.168970909,0.0008487791181514784,0.001702878825554748,0.0017043291474681094,1730
