seed,dimension,time,fw_time,primal,dual_gap,smallest_dual_gap,iterations,average_iter,std_iter
3,490000,3602.048489766,3601.425109975,0.0003272002503034357,0.0006652041311697192,0.000665380372328428,4426,NaN,NaN
