seed,dimension,time,fw_time,primal,dual_gap,iterations
3,810000,3601.320398264,3600.940715422,0.00040114235023679595,0.0008088431925103192,3639
