seed,dimension,time,fw_time,primal,dual_gap,smallest_dual_gap,iterations
3,1000000,3601.7323963,3601.171283663,0.0005691251873500805,0.0011435738654368964,0.001144228129969958,2021
