seed,dimension,time,fw_time,primal,dual_gap,iterations
2,90000,3600.368379091,3600.163596759,8.493527162697055e-5,0.0002225764522054669,13104
