seed,dimension,time,fw_time,primal,dual_gap,smallest_dual_gap,iterations
3,90000,3600.84439426,3600.396779586,8.918984742912666e-5,0.00023132301983001528,0.000231344334451288,12614
