seed,dimension,time,fw_time,primal,dual_gap,smallest_dual_gap,iterations
3,160000,3600.664415481,3600.155105484,0.00011602873535708066,0.0002635644714675191,0.00026359453871564726,11150
