seed,dimension,time,fw_time,primal,dual_gap,iterations
4,640000,3601.040393741,3600.63948852,0.0003553143899984195,0.0007189223139576421,4094
