seed,dimension,time,fw_time,primal,dual_gap,smallest_dual_gap,iterations,average_iter,std_iter
1,360000,3603.124436643,3602.314632451,0.00017160681222868973,0.0003577784251264041,0.0003578289916376151,8229,NaN,NaN
