seed,dimension,time,fw_time,primal,dual_gap,smallest_dual_gap,iterations
1,40000,3602.810873342,3602.342017181,0.00010468826594237043,0.0003196003055017583,0.00031965359969064435,7085
