seed,dimension,time,fw_time,primal,dual_gap,smallest_dual_gap,iterations
5,1000000,3601.956384806,3601.465044559,0.0005899470358207648,0.001185219706025835,0.001185842368654965,1950
