seed,dimension,time,fw_time,primal,dual_gap,smallest_dual_gap,iterations
1,360000,3603.423665339,3602.563601119,0.0003563961870706381,0.0007274867231594303,0.000727751463892934,3185
