seed,dimension,time,fw_time,primal,dual_gap,smallest_dual_gap,iterations
1,160000,3602.844471529,3602.407105878,0.00013937102105176895,0.0003105817268892545,0.0003106301435616212,7436
