seed,dimension,time,fw_time,primal,dual_gap,smallest_dual_gap,iterations
1,360000,3602.670088792,3602.308016375,0.0001687238269926695,0.00035200450186832885,0.00035206632527342863,10785
