seed,dimension,time,fw_time,primal,dual_gap,smallest_dual_gap,iterations
1,810000,3603.552397239,3602.87500727,0.0004349710498156358,0.0008765027298000178,0.0008768865248565735,3358
