seed,dimension,time,fw_time,primal,dual_gap,smallest_dual_gap,iterations
5,640000,3601.868442625,3601.363619833,0.0004753691197096999,0.0009590406726477137,0.0009590999028118244,2411
