seed,dimension,time,fw_time,primal,dual_gap,smallest_dual_gap,iterations
5,250000,3601.616430392,3601.047850278,0.0001970554376534135,0.0004149712387519776,0.0004150454983668234,5570
