seed,dimension,time,fw_time,primal,dual_gap,smallest_dual_gap,iterations
2,490000,3600.572368995,3600.280324784,0.00027849413891611283,0.0005677868036622161,0.000567940668335748,4070
