seed,dimension,time,fw_time,primal,dual_gap,smallest_dual_gap,iterations
5,40000,3600.728254211,3600.645943049,8.823053415813792e-5,0.00028407314857318254,0.0002841129311569277,7899
