seed,dimension,time,fw_time,primal,dual_gap,smallest_dual_gap,iterations,average_iter,std_iter
1,40000,3602.880039359,3602.42187453,8.954624019129863e-5,0.00028698942571261975,0.0002870317977308494,9991,0.15203683314983485,0.3590745599233175
