seed,dimension,time,fw_time,primal,dual_gap,smallest_dual_gap,iterations
1,40000,3602.990989287,3602.620145783,0.00010468826594237043,0.0003196003055017583,0.0003196535996906443,7069
