seed,dimension,time,fw_time,primal,dual_gap,smallest_dual_gap,iterations
2,640000,3601.506127874,3601.051612332,0.0002457554131639642,0.0004997915907139995,0.0004998093479670939,4773
