seed,dimension,time,fw_time,primal,dual_gap,iterations
2,810000,3601.596373431,3601.213989463,0.00039463349553501827,0.0007958338332550432,3700
