seed,dimension,time,fw_time,primal,dual_gap,smallest_dual_gap,iterations
5,490000,3601.644431821,3601.074957444,0.00042320911096801285,0.0008572405793626694,0.0008575911703660972,3436
