seed,dimension,time,fw_time,primal,dual_gap,smallest_dual_gap,iterations,average_iter,std_iter
1,10000,9.803312991,9.763227986,1.8350772609538624e-12,6.200403462150599e-8,6.200403462150599e-8,32570,0.15201572047038595,0.3590416400449166
