seed,dimension,time,fw_time,primal,dual_gap,smallest_dual_gap,iterations
2,1000000,3602.782993919,3602.391108894,0.0005589805627118504,0.0011232908388902445,0.0011239136053957767,2058
