seed,dimension,time,fw_time,primal,dual_gap,smallest_dual_gap,iterations
3,1000000,3601.762988505,3601.324620642,0.0005740127668032387,0.0011533491088207381,0.0011534372588571208,2004
