seed,dimension,time,fw_time,primal,dual_gap,iterations
4,490000,3601.164380732,3600.835018571,0.0002918037401200715,0.0005944190090030079,4952
