seed,dimension,time,fw_time,primal,dual_gap,smallest_dual_gap,iterations
4,10000,3600.002794687,3600.000855829,2.50062691991072e-11,3.793155329437953e-7,3.793265921671839e-7,20010371
