seed,dimension,time,fw_time,primal,dual_gap,smallest_dual_gap,iterations
4,160000,3600.692312252,3600.497597671,0.00013344208979374576,0.00029864925661878764,0.00029869216264715793,7728
