seed,dimension,time,fw_time,primal,dual_gap,smallest_dual_gap,iterations
1,250000,3602.600408232,3602.202932141,0.0002272315191104359,0.00047539886777376916,0.0004755119157135519,6197
