seed,dimension,time,fw_time,primal,dual_gap,smallest_dual_gap,iterations
1,1000000,3602.973645541,3602.443298364,0.00027434515329162717,0.0005540024271402177,0.0005540238563055502,4306
