seed,dimension,time,fw_time,primal,dual_gap,smallest_dual_gap,iterations,average_iter,std_iter
3,160000,3600.444320283,3600.175126028,0.00011420918127380608,0.00025989960663307034,0.00025992892248933425,11298,0.15206231191361302,0.35909717181084905
