seed,dimension,time,fw_time,primal,dual_gap,smallest_dual_gap,iterations,average_iter,std_iter
2,360000,3600.941518233,3600.378178819,0.00018660201712697726,0.0003877726564492114,0.0003877872046369855,7593,0.15211378901619912,0.35915480298714025
