seed,dimension,time,fw_time,primal,dual_gap,smallest_dual_gap,iterations
5,160000,3600.540438964,3600.336636465,0.00013356890751850656,0.0002989086980120644,0.0002989536258808916,7725
