seed,dimension,time,fw_time,primal,dual_gap,smallest_dual_gap,iterations
3,640000,3601.412428503,3601.019862708,0.0006282159282113717,0.0012647364232628421,0.0012653650376659744,2323
