seed,dimension,time,fw_time,primal,dual_gap,smallest_dual_gap,iterations
2,40000,3600.696440042,3600.621409463,0.00010243708927152445,0.0003154256698993441,0.0003154773754286364,7155
