seed,dimension,time,fw_time,primal,dual_gap,smallest_dual_gap,iterations
3,40000,3601.353872211,3601.047408479,0.0003528866807264656,0.0008300190407164126,0.0008303547645433723,3531
