seed,dimension,time,fw_time,primal,dual_gap,smallest_dual_gap,iterations
1,10000,3600.002656942,3600.000781544,2.4851915683248437e-11,3.1105200447162306e-7,3.110275319665921e-7,20041230
