seed,dimension,time,fw_time,primal,dual_gap,iterations
2,1000000,3601.764405254,3601.316217593,0.0004371410968789849,0.0008796091320659713,3347
