seed,dimension,time,fw_time,primal,dual_gap,smallest_dual_gap,iterations
5,1000000,3602.78133495,3602.284815958,0.0008542654882695172,0.0017138588144340553,0.0017149879650689046,1719
