seed,dimension,time,fw_time,primal,dual_gap,iterations
4,160000,3600.812379299,3600.365522086,0.00010185477200570064,0.00023506423007932319,12497
