seed,dimension,time,fw_time,primal,dual_gap,smallest_dual_gap,iterations
5,40000,3600.528447601,3600.265130986,9.877575998737121e-5,0.0003068984700031603,0.00030694476389398146,7339
