seed,dimension,time,fw_time,primal,dual_gap,smallest_dual_gap,iterations
1,490000,3602.893844416,3602.508023665,0.00020502936109540764,0.00042082584235883334,0.0004209141457914779,9004
