seed,dimension,time,fw_time,primal,dual_gap,smallest_dual_gap,iterations
4,640000,3602.500394929,3601.863583958,0.0006296853103275136,0.0012676808142768222,0.001267834724583582,2317
