seed,dimension,time,fw_time,primal,dual_gap,smallest_dual_gap,iterations,average_iter,std_iter
2,90000,3600.668224587,3600.22416919,8.711293189975863e-5,0.00022705535297618565,0.0002270808075553357,12873,0.15202361531888448,0.3590577260750786
