seed,dimension,time,fw_time,primal,dual_gap,smallest_dual_gap,iterations
5,360000,3600.733824963,3600.220475132,0.00031026532398086107,0.0006351968407650124,0.0006353741678946425,4634
