seed,dimension,time,fw_time,primal,dual_gap,smallest_dual_gap,iterations
5,250000,3600.85637586,3600.650792113,0.0002398421395671741,0.0005006262764045902,0.0005007470280443355,5886
