seed,dimension,time,fw_time,primal,dual_gap,smallest_dual_gap,iterations
3,62500,3600.605542587,3600.272175024,4.4083940399869193e-5,0.00015432994455637035,0.0001543430956129005,14842
