seed,dimension,time,fw_time,primal,dual_gap,smallest_dual_gap,iterations
4,810000,3601.740431234,3601.391394794,0.0005254040287093272,0.0010573719772489164,0.001057931297438373,2186
