seed,dimension,time,fw_time,primal,dual_gap,smallest_dual_gap,iterations
3,1000000,3601.752406262,3601.172818673,0.0008441453198492925,0.0016936172518401571,0.0016938781784181132,1739
