seed,dimension,time,fw_time,primal,dual_gap,smallest_dual_gap,iterations
5,90000,3600.72958756,3600.524808159,0.0001351594976644695,0.00032503148424448304,0.00032508211588665853,7096
