seed,dimension,time,fw_time,primal,dual_gap,smallest_dual_gap,iterations
5,90000,3600.654112948,3600.366530531,0.00020935787923276667,0.0004748418801088228,0.0004749393766349289,6206
