seed,dimension,time,fw_time,primal,dual_gap,smallest_dual_gap,iterations
4,360000,3600.892365361,3600.444624567,0.0002975123507984544,0.0006096864164169823,0.0006097222057109339,4830
