seed,dimension,time,fw_time,primal,dual_gap,smallest_dual_gap,iterations
4,640000,3601.136397167,3600.768923644,0.00037660442979981347,0.0007615046223317165,0.0007615606918436454,3866
