seed,dimension,time,fw_time,primal,dual_gap,smallest_dual_gap,iterations,average_iter,std_iter
1,1000000,3603.192393623,3602.456024093,0.00045994880145620496,0.0009252178745742493,0.0009252990267430487,3183,NaN,NaN
