seed,dimension,time,fw_time,primal,dual_gap,smallest_dual_gap,iterations
1,360000,3602.841889789,3602.380528993,0.0001943345060215109,0.0004032622257894254,0.0004033435684855751,5737
