seed,dimension,time,fw_time,primal,dual_gap,smallest_dual_gap,iterations,average_iter,std_iter
5,90000,3600.509809608,3600.190841162,8.694616019695622e-5,0.00022670092483765856,0.00022672758560044007,12860,0.15202177293934682,0.3590559545067062
