seed,dimension,time,fw_time,primal,dual_gap,iterations
1,90000,3602.472386642,3602.067704588,0.00011877214339352362,0.00029173628602433504,10029
