seed,dimension,time,fw_time,primal,dual_gap,smallest_dual_gap,iterations
2,250000,3600.692383907,3600.268090603,0.0002116093835489284,0.0004441236763550796,0.0004442099355805558,6636
