seed,dimension,time,fw_time,primal,dual_gap,smallest_dual_gap,iterations
2,160000,3600.680341501,3600.420234254,0.00013775363635537934,0.0003072966831335783,0.0003073443739155401,7510
