seed,dimension,time,fw_time,primal,dual_gap,smallest_dual_gap,iterations
3,250000,3601.180482108,3600.617237845,0.0002059770041608479,0.0004328169004302677,0.00043290688338319357,5343
