seed,dimension,time,fw_time,primal,dual_gap,smallest_dual_gap,iterations
2,250000,3600.767584034,3600.422961816,0.00018365481269332605,0.0003881472229880902,0.0003882226398387807,5967
