seed,dimension,time,fw_time,primal,dual_gap,smallest_dual_gap,iterations
1,160000,3602.644492936,3602.099593246,0.00010916332728250314,0.0002497967047387856,0.00024982394163351344,11760
