seed,dimension,time,fw_time,primal,dual_gap,smallest_dual_gap,iterations
3,360000,3601.332452849,3601.067249154,0.00032999852050558364,0.0006746635034407515,0.0006748836232078396,4364
