seed,dimension,time,fw_time,primal,dual_gap,smallest_dual_gap,iterations
2,360000,3601.256501379,3600.952271285,0.00022041334613699754,0.0004554300539310172,0.00045552153294360577,5078
