seed,dimension,time,fw_time,primal,dual_gap,smallest_dual_gap,iterations
2,160000,3600.565781593,3600.372319015,0.00013224014901050619,0.0002962089564407303,0.00029621450104518326,7793
