seed,dimension,time,fw_time,primal,dual_gap,smallest_dual_gap,iterations
1,640000,3602.748394198,3602.312658147,0.00044112301825837406,0.0008905409978516103,0.0008909360679377066,2598
