seed,dimension,time,fw_time,primal,dual_gap,smallest_dual_gap,iterations
4,250000,3601.128464463,3600.895634236,0.0002082976043804818,0.0004374952511477377,0.00043759102259800184,5284
