seed,dimension,time,fw_time,primal,dual_gap,smallest_dual_gap,iterations
5,160000,3600.436371683,3600.280165598,0.00013717081466459177,0.00030614750661281354,0.0003061928617635447,7541
