seed,dimension,time,fw_time,primal,dual_gap,smallest_dual_gap,iterations
1,10000,3601.175779422,3601.146843169,2.1993214236643278e-11,3.0453078396217143e-7,3.045594673212183e-7,21308619
