seed,dimension,time,fw_time,primal,dual_gap,smallest_dual_gap,iterations
3,10000,0.56367464,0.559596677,1.833162574731693e-12,9.35583276805793e-8,9.35583276805793e-8,1619
