seed,dimension,time,fw_time,primal,dual_gap,smallest_dual_gap,iterations
1,62500,3600.589497257,3600.236002124,6.611158916854231e-5,0.00020258338218371468,0.0002026020436541141,34549
