seed,dimension,time,fw_time,primal,dual_gap,smallest_dual_gap,iterations
1,810000,3603.325871843,3602.787800924,0.0005455094110879703,0.0010975829818161025,0.0010981856633510382,2107
