seed,dimension,time,fw_time,primal,dual_gap,smallest_dual_gap,iterations
3,1000000,3602.212438864,3601.602921449,0.0005649487438595718,0.0011352209036795983,0.0011358326541293388,2037
