seed,dimension,time,fw_time,primal,dual_gap,smallest_dual_gap,iterations
3,160000,3600.492418476,3600.292887783,0.00014231340447459428,0.00031641905621187583,0.00031646773214959254,7294
