seed,dimension,time,fw_time,primal,dual_gap,smallest_dual_gap,iterations
3,810000,3602.544455022,3602.036959814,0.0008007022135483597,0.001607973347556047,0.0016082114892848535,1832
