seed,dimension,time,fw_time,primal,dual_gap,smallest_dual_gap,iterations
1,160000,3603.030507721,3602.643776589,0.00014113282851238877,0.000314122908633538,0.0003141704097008715,7366
