seed,dimension,time,fw_time,primal,dual_gap,smallest_dual_gap,iterations
1,250000,3602.784421853,3602.047941737,0.00023777186015666826,0.0004964956336705603,0.0004966190031563246,5934
