seed,dimension,time,fw_time,primal,dual_gap,smallest_dual_gap,iterations,average_iter,std_iter
4,250000,3600.756356345,3600.449029636,0.00012151145792120562,0.0002636349344337063,0.0002636624915368253,11165,0.15208240035826243,0.35911682594746297
