seed,dimension,time,fw_time,primal,dual_gap,smallest_dual_gap,iterations
5,62500,3600.537439292,3600.311998251,6.750480808022193e-5,0.00020568986383974719,0.00020569500753006722,29232
