seed,dimension,time,fw_time,primal,dual_gap,smallest_dual_gap,iterations
2,22500,3600.506938181,3600.231992235,4.6782232040127944e-5,0.00024120313252542678,0.00024120313137960018,33161
