seed,dimension,time,fw_time,primal,dual_gap,smallest_dual_gap,iterations
5,10000,3600.069286096,3600.06739659,2.4799892776061277e-11,3.348947425974333e-7,3.348766047639041e-7,20099238
