seed,dimension,time,fw_time,primal,dual_gap,smallest_dual_gap,iterations
2,640000,3601.458122323,3600.946781815,0.00046492429436455044,0.0009381562158945761,0.0009382081726776469,2471
