seed,dimension,time,fw_time,primal,dual_gap,smallest_dual_gap,iterations
5,250000,3600.392381815,3600.194638622,0.00013312942185555654,0.000286914085045055,0.00028695354750739966,8057
