seed,dimension,time,fw_time,primal,dual_gap,smallest_dual_gap,iterations
1,360000,3602.7058647,3602.181246571,0.00019442343586686766,0.0004034403790574074,0.0004035204714704066,5732
