seed,dimension,time,fw_time,primal,dual_gap,smallest_dual_gap,iterations
1,160000,3602.838809583,3602.446227799,0.00021459429904696585,0.00046151932340192907,0.0004616255292100305,6394
