seed,dimension,time,fw_time,primal,dual_gap,smallest_dual_gap,iterations,average_iter,std_iter
1,1000000,3603.04039079,3602.509688191,0.0004498282421823267,0.0009049765453980051,0.0009053640444562463,3254,0.15212046711739396,0.35919281744428416
