seed,dimension,time,fw_time,primal,dual_gap,smallest_dual_gap,iterations
1,160000,3602.536402623,3601.961065602,0.00013645627775065957,0.00030472424560885143,0.0003047708639243798,7574
