seed,dimension,time,fw_time,primal,dual_gap,smallest_dual_gap,iterations
3,490000,3601.023045656,3600.617451928,0.00038928698558952723,0.000789388840025249,0.0007897005771521762,2928
