seed,dimension,time,fw_time,primal,dual_gap,smallest_dual_gap,iterations
3,250000,3600.584372465,3600.245468723,0.0002236709778880674,0.0004682395569023983,0.0004683358452047953,6292
