seed,dimension,time,fw_time,primal,dual_gap,smallest_dual_gap,iterations
3,490000,3601.69636714,3600.973184687,0.0003985265348154571,0.0008078697530512322,0.0008081947360829967,3644
