seed,dimension,time,fw_time,primal,dual_gap,smallest_dual_gap,iterations
2,810000,3602.180464855,3601.737553277,0.0005533847454366331,0.0011133427274361773,0.0011139042629294603,2075
