seed,dimension,time,fw_time,primal,dual_gap,smallest_dual_gap,iterations
5,40000,3600.536330294,3600.400568183,0.00017968087095818943,0.00047696720799393297,0.0004770575511099577,6109
