seed,dimension,time,fw_time,primal,dual_gap,smallest_dual_gap,iterations
2,640000,3601.384318218,3601.112021085,0.0002272972477748352,0.00046286978645886074,0.00046297662268113537,8183
