seed,dimension,time,fw_time,primal,dual_gap,smallest_dual_gap,iterations
1,1000000,3602.848522613,3602.309124471,0.0006034478584602669,0.0012122184152494728,0.0012129159197802031,1907
