seed,dimension,time,fw_time,primal,dual_gap,smallest_dual_gap,iterations,average_iter,std_iter
2,90000,3600.560397955,3600.421183712,9.374151439913797e-5,0.00024066675958022056,0.00024068922362236562,12125,NaN,NaN
