seed,dimension,time,fw_time,primal,dual_gap,smallest_dual_gap,iterations
1,810000,3603.916443742,3603.03011592,0.0007933430995742265,0.0015932540175010268,0.0015934922693225937,1850
