seed,dimension,time,fw_time,primal,dual_gap,iterations
3,360000,3600.828358325,3600.56244005,0.00015567143181876596,0.0003258643748509703,9035
