seed,dimension,time,fw_time,primal,dual_gap,smallest_dual_gap,iterations
5,360000,3601.072394257,3600.345361176,0.0003023586992747728,0.0006193796352352679,0.0006195613969423494,4754
