seed,dimension,time,fw_time,primal,dual_gap,smallest_dual_gap,iterations,average_iter,std_iter
5,62500,3600.813224839,3600.416233113,0.00010903028074445465,0.00029306120208559235,0.00029310381497442086,9952,0.1520297427652733,0.359067758550169
