seed,dimension,time,fw_time,primal,dual_gap,smallest_dual_gap,iterations,average_iter,std_iter
3,90000,3600.643542693,3600.377201937,9.486709584134654e-5,0.0002429594253478619,0.00024298786560310263,12050,0.1520331950207469,0.3590679632063794
