seed,dimension,time,fw_time,primal,dual_gap,smallest_dual_gap,iterations
4,90000,3600.587541705,3600.191978628,5.3808926541263815e-5,0.00015754145508131717,0.00015754949958268533,29500
