seed,dimension,time,fw_time,primal,dual_gap,smallest_dual_gap,iterations
2,40000,3600.391397333,3600.321637144,0.00010234132952094244,0.0003152174518535026,0.0003152668248313368,7175
