seed,dimension,time,fw_time,primal,dual_gap,smallest_dual_gap,iterations,average_iter,std_iter
2,90000,3600.396380363,3600.203031412,9.17493634942694e-5,0.00023658443776262451,0.00023661181890539918,12340,0.15202593192868719,0.3590605737754924
