seed,dimension,time,fw_time,primal,dual_gap,smallest_dual_gap,iterations
2,640000,3601.264389014,3600.900417157,0.0006648436728193892,0.0013380040132209968,0.0013388845560586848,2196
