seed,dimension,time,fw_time,primal,dual_gap,smallest_dual_gap,iterations,average_iter,std_iter
2,810000,3601.444441809,3601.042809726,0.0004444957872124179,0.0008955608190071203,0.0008958619544840548,3288,NaN,NaN
