seed,dimension,time,fw_time,primal,dual_gap,smallest_dual_gap,iterations
4,40000,3600.69236534,3600.545825029,9.580160224321966e-5,0.00030039731054652083,0.00030044472623838743,7487
