seed,dimension,time,fw_time,primal,dual_gap,smallest_dual_gap,iterations
3,10000,5.874897453,5.871232693,1.2189125038042892e-12,9.495663319686797e-8,9.495663319686797e-8,25430
