seed,dimension,time,fw_time,primal,dual_gap,smallest_dual_gap,iterations
2,250000,3600.952374442,3600.687930273,0.00021275254976710044,0.0004464126139274216,0.0004465120008433761,6598
