seed,dimension,time,fw_time,primal,dual_gap,smallest_dual_gap,iterations
5,1000000,3602.31133435,3601.842998704,0.000987781792795411,0.001980892035747253,0.001982852748002128,1493
