seed,dimension,time,fw_time,primal,dual_gap,smallest_dual_gap,iterations
2,250000,3601.360492787,3600.581235096,0.00020263526985324037,0.00042615524060495404,0.0004262461413050728,5423
