seed,dimension,time,fw_time,primal,dual_gap,smallest_dual_gap,iterations
5,250000,3601.746032742,3601.102953132,0.0001275620302205924,0.00027574956060001605,0.00027578749790500693,8644
