seed,dimension,time,fw_time,primal,dual_gap,smallest_dual_gap,iterations
3,640000,3600.89095051,3600.556415999,0.00037890153686952064,0.0007660930743961441,0.0007663742301120396,3843
