seed,dimension,time,fw_time,primal,dual_gap,smallest_dual_gap,iterations
5,160000,3601.068328487,3600.769774718,0.00022898258480375815,0.0004903345117441421,0.0004904281982081502,6007
