seed,dimension,time,fw_time,primal,dual_gap,smallest_dual_gap,iterations
2,1000000,3602.700422342,3602.149806045,0.0008145785935851946,0.001634489953167972,0.0016355207344732456,1803
