seed,dimension,time,fw_time,primal,dual_gap,smallest_dual_gap,iterations,average_iter,std_iter
1,40000,3602.944435163,3602.529952035,5.70652721948101e-5,0.0002143059452330788,0.00021432956548741707,13064,NaN,NaN
