seed,dimension,time,fw_time,primal,dual_gap,smallest_dual_gap,iterations
1,640000,3603.81473112,3603.242326694,0.0004899533081123205,0.0009882043680509997,0.0009886433630435657,2345
