seed,dimension,time,fw_time,primal,dual_gap,iterations
2,160000,3600.696381392,3600.179549278,0.00010250561186095255,0.00023635306606459676,12426
