seed,dimension,time,fw_time,primal,dual_gap,smallest_dual_gap,iterations
5,160000,3600.512470757,3600.246889891,0.00014007466409636315,0.00031198301345715975,0.00031203187116994537,7402
