seed,dimension,time,fw_time,primal,dual_gap,smallest_dual_gap,iterations
2,1000000,3601.340215602,3600.944538829,0.0002730688502263164,0.000551456622315314,0.00055159173349361,4325
