seed,dimension,time,fw_time,primal,dual_gap,smallest_dual_gap,iterations
3,1000000,3601.49639879,3601.01408046,0.00046166621177435126,0.0009286537153117852,0.0009290310458509615,3170
