seed,dimension,time,fw_time,primal,dual_gap,smallest_dual_gap,iterations
2,62500,3600.493533118,3600.209459815,6.735909430366393e-5,0.00020560003616607871,0.00020559764078964136,33508
