seed,dimension,time,fw_time,primal,dual_gap,smallest_dual_gap,iterations
2,490000,3600.923740919,3600.675999396,0.0002082903199093503,0.00042734813602938234,0.0004274550241048547,8873
