seed,dimension,time,fw_time,primal,dual_gap,smallest_dual_gap,iterations
5,90000,3600.648428329,3600.442564944,0.00011485769650967395,0.0002837769293283528,0.00028381667425509744,8097
