seed,dimension,time,fw_time,primal,dual_gap,smallest_dual_gap,iterations
4,22500,3600.503142593,3600.25744984,8.020330094265952e-6,0.00010646713358811691,0.00010646831002989615,15510
