seed,dimension,time,fw_time,primal,dual_gap,smallest_dual_gap,iterations
2,1000000,3603.690769792,3603.109583126,0.0009975314582306768,0.002000396975753338,0.0020023699918432117,1479
