seed,dimension,time,fw_time,primal,dual_gap,smallest_dual_gap,iterations
1,40000,3600.383188155,3600.1774239,3.472008616316327e-5,0.00015970362622635915,0.00015971855662999263,13704
