seed,dimension,time,fw_time,primal,dual_gap,smallest_dual_gap,iterations
5,250000,3600.969028461,3600.544005135,0.00011412946617502525,0.0002488035992349446,0.00024883456399115686,15313
