seed,dimension,time,fw_time,primal,dual_gap,smallest_dual_gap,iterations,average_iter,std_iter
5,40000,3600.45992639,3600.263751351,6.516568867540868e-5,0.0002329217114268756,0.00023292697108021548,12133,0.1520646171598121,0.359098311801591
