seed,dimension,time,fw_time,primal,dual_gap,smallest_dual_gap,iterations
3,10000,0.00481808,0.004563956,1.833162574731693e-12,9.35583276805793e-8,0.0,0
