seed,dimension,time,fw_time,primal,dual_gap,smallest_dual_gap,iterations
1,90000,3602.668270329,3602.307805224,0.0003577707235563042,0.0007728355024124594,0.0007730655961119766,3806
