seed,dimension,time,fw_time,primal,dual_gap,smallest_dual_gap,iterations
1,90000,3600.521249246,3600.190538431,4.370805068097645e-5,0.0001360382408527457,0.00013604830370549792,17092
