seed,dimension,time,fw_time,primal,dual_gap,smallest_dual_gap,iterations
4,40000,3600.584400014,3600.428325893,9.883514103822919e-5,0.00030699215652931725,0.0003070407557272417,7336
