seed,dimension,time,fw_time,primal,dual_gap,smallest_dual_gap,iterations
4,90000,3600.804372461,3600.456609773,0.00012896540094359054,0.0003124385195105132,0.00031248764507575634,7380
