seed,dimension,time,fw_time,primal,dual_gap,smallest_dual_gap,iterations
4,40000,3600.596418046,3600.465982529,0.00018568955857443508,0.0004893861594864915,0.0004895074538045153,5954
