seed,dimension,time,fw_time,primal,dual_gap,smallest_dual_gap,iterations,average_iter,std_iter
5,160000,3600.480520861,3600.201615958,0.0001024736377090253,0.00023631537623835245,0.0002363206876762356,12438,NaN,NaN
