seed,dimension,time,fw_time,primal,dual_gap,smallest_dual_gap,iterations
4,250000,3601.393024459,3601.203991941,0.00011609264037859851,0.00025275435505896194,0.0002527862746945814,15079
