seed,dimension,time,fw_time,primal,dual_gap,smallest_dual_gap,iterations
2,160000,3600.537091834,3600.333960139,0.0001279020350224887,0.0002874863634724232,0.00028752779843213534,8028
