seed,dimension,time,fw_time,primal,dual_gap,smallest_dual_gap,iterations
5,10000,5.964161263,5.960790225,1.4592770795414158e-12,9.384118990521693e-8,9.384118990521693e-8,27687
