seed,dimension,time,fw_time,primal,dual_gap,smallest_dual_gap,iterations
2,2500,1590.666069279,1590.663944455,1.771310859952207e-12,5.7173599746473825e-8,5.7090360809975996e-8,37437260
