seed,dimension,time,fw_time,primal,dual_gap,smallest_dual_gap,iterations
1,640000,3602.432393323,3601.939328593,0.0006880860257702952,0.0013844770466151764,0.0013853245091215935,2121
