seed,dimension,time,fw_time,primal,dual_gap,smallest_dual_gap,iterations
4,250000,3601.256432181,3600.764056404,0.0002636607946582173,0.0005483081356418621,0.0005484582043921662,5370
