seed,dimension,time,fw_time,primal,dual_gap,smallest_dual_gap,iterations
1,360000,3603.228456132,3602.683140856,0.00017799739514981917,0.000370568715655353,0.00037063733678785357,7949
