seed,dimension,time,fw_time,primal,dual_gap,iterations
4,90000,3600.480365516,3600.222893849,9.520399718944569e-5,0.00024362594089994398,11980
