seed,dimension,time,fw_time,primal,dual_gap,smallest_dual_gap,iterations
5,90000,3600.50430837,3600.249323864,0.00012126654183055034,0.0002968051105255666,0.000296850237146075,7745
