seed,dimension,time,fw_time,primal,dual_gap,smallest_dual_gap,iterations
5,160000,3600.463611573,3600.271989829,5.350949752872502e-5,0.00013691909573100612,0.00013692860449905037,28107
