seed,dimension,time,fw_time,primal,dual_gap,smallest_dual_gap,iterations,average_iter,std_iter
5,490000,3601.673795496,3601.275838273,0.0002580554179016522,0.0005268976051425956,0.0005270018092044711,5592,0.15218168812589414,0.35922903380847704
