seed,dimension,time,fw_time,primal,dual_gap,smallest_dual_gap,iterations
2,640000,3602.494938042,3602.181825461,0.0004250648946359642,0.0008584349320993713,0.0008587862887577032,2695
