seed,dimension,time,fw_time,primal,dual_gap,smallest_dual_gap,iterations
4,90000,3601.752434833,3601.485001422,0.0002582156320763337,0.0005730389914547076,0.0005731986648714434,5123
