seed,dimension,time,fw_time,primal,dual_gap,smallest_dual_gap,iterations
4,10000,0.00466208,0.004424781,1.825188748682989e-12,5.4179904809580626e-8,0.0,0
