seed,dimension,time,fw_time,primal,dual_gap,smallest_dual_gap,iterations
1,250000,3602.920391247,3602.341039648,0.00015672374017500652,0.0003342165820509889,0.0003342715289253868,6913
