seed,dimension,time,fw_time,primal,dual_gap,smallest_dual_gap,iterations
5,490000,3600.862518688,3600.503969086,0.000203061906006503,0.0004168842290119516,0.0004169708901373799,9091
