seed,dimension,time,fw_time,primal,dual_gap,smallest_dual_gap,iterations
5,360000,3601.428483478,3600.826975233,0.00022421999291763077,0.00046305252149799787,0.00046315412263200087,4994
