seed,dimension,time,fw_time,primal,dual_gap,smallest_dual_gap,iterations,average_iter,std_iter
3,10000,6.819173344,6.817368814,1.833162574731693e-12,9.35583276805793e-8,9.35583276805793e-8,32509,0.1520241171403962,0.3590497885268272
