seed,dimension,time,fw_time,primal,dual_gap,iterations
5,490000,3600.864383081,3600.387080577,0.0002841606096005488,0.0005791164872149398,5082
