seed,dimension,time,fw_time,primal,dual_gap,smallest_dual_gap,iterations,average_iter,std_iter
5,2500,0.557503306,0.556236938,6.446526252866299e-13,6.37356070942855e-8,6.378711279564892e-8,9130,0.152026286966046,0.3590660335385898
