seed,dimension,time,fw_time,primal,dual_gap,smallest_dual_gap,iterations
1,640000,3603.408421664,3602.706150399,0.00038021144611085185,0.0007687128065753253,0.0007689974503814156,3829
