seed,dimension,time,fw_time,primal,dual_gap,smallest_dual_gap,iterations
1,640000,3603.908422725,3603.441057367,0.0006441741314702504,0.0012966518799630278,0.0012974924207802183,2270
