seed,dimension,time,fw_time,primal,dual_gap,smallest_dual_gap,iterations
1,40000,3600.442346611,3600.143998701,6.633923227871744e-5,0.00023430442752023326,0.00023430459680501498,34719
