seed,dimension,time,fw_time,primal,dual_gap,smallest_dual_gap,iterations,average_iter,std_iter
1,40000,3600.438348609,3600.25092746,6.921456932892375e-5,0.00024196976530039635,0.00024197568854905316,11718,0.15207373271889402,0.35910766865005106
