seed,dimension,time,fw_time,primal,dual_gap,smallest_dual_gap,iterations
5,810000,3601.992354064,3601.601509683,0.0007927875757656554,0.001592148793012477,0.0015932532913274103,1851
