seed,dimension,time,fw_time,primal,dual_gap,smallest_dual_gap,iterations
3,250000,3600.689014687,3600.315996407,0.0001175076077721232,0.00025555898686609613,0.0002555916952149091,14914
