seed,dimension,time,fw_time,primal,dual_gap,smallest_dual_gap,iterations,average_iter,std_iter
5,1000000,3601.760351609,3601.114354407,0.00045579421411388383,0.0009169115505225044,0.0009172898182015288,3212,NaN,NaN
