seed,dimension,time,fw_time,primal,dual_gap,smallest_dual_gap,iterations
5,490000,3600.996349371,3600.635047084,0.00027603653237906483,0.000562865629263008,0.0005630214449725986,5233
