seed,dimension,time,fw_time,primal,dual_gap,smallest_dual_gap,iterations,average_iter,std_iter
1,90000,3602.788431762,3602.330607752,9.08613456334271e-5,0.00023472629035136105,0.00023475376572234925,12439,0.15202186670954257,0.3590565179134598
