seed,dimension,time,fw_time,primal,dual_gap,smallest_dual_gap,iterations
3,250000,3600.368335532,3600.168435434,0.00015017434416817949,0.0003210574374345622,0.0003211075922695295,7202
