seed,dimension,time,fw_time,primal,dual_gap,smallest_dual_gap,iterations
4,160000,3601.168366147,3600.745379145,0.0001469295635373355,0.00032575691365451713,0.000325807926434934,7090
