seed,dimension,time,fw_time,primal,dual_gap,smallest_dual_gap,iterations
3,1000000,3602.064396535,3601.545913567,0.0008480727157849749,0.0017014720682728677,0.0017017332639411068,1732
