seed,dimension,time,fw_time,primal,dual_gap,smallest_dual_gap,iterations,average_iter,std_iter
4,10000,6.816042385,6.814190043,1.825188748682989e-12,5.4179904809580626e-8,5.4179904809580626e-8,32559,0.15200565145279193,0.359031882410405
