seed,dimension,time,fw_time,primal,dual_gap,smallest_dual_gap,iterations
2,40000,3601.374991621,3601.122272064,0.0003257536708377053,0.0007752587371614063,0.0007755304220438435,3779
