seed,dimension,time,fw_time,primal,dual_gap,iterations
4,40000,3600.412361638,3600.338071676,6.839543857537915e-5,0.00024012527516252053,11762
