seed,dimension,time,fw_time,primal,dual_gap,smallest_dual_gap,iterations
4,40000,3600.646186594,3600.365281967,2.272328889880342e-5,0.00012690042881349144,0.00012690883989546086,16509
