seed,dimension,time,fw_time,primal,dual_gap,smallest_dual_gap,iterations
3,490000,3600.918785179,3600.584020159,0.00020375180859312424,0.0004182611435023204,0.0004183483892895914,9065
