seed,dimension,time,fw_time,primal,dual_gap,smallest_dual_gap,iterations,average_iter,std_iter
4,810000,3602.188390513,3601.565083851,0.0004212752669338231,0.0008491104243861874,0.0008494672268996059,3466,0.15204847085978074,0.3591196771652071
