seed,dimension,time,fw_time,primal,dual_gap,smallest_dual_gap,iterations
3,40000,3600.896372885,3600.757499174,0.00015944905309796524,0.00043533003079486757,0.00043542604945221943,6677
