seed,dimension,time,fw_time,primal,dual_gap,smallest_dual_gap,iterations
1,250000,3603.804856119,3603.064349363,0.0001864142267888504,0.000393679623147615,0.00039375727891682985,5883
