seed,dimension,time,fw_time,primal,dual_gap,smallest_dual_gap,iterations
2,250000,3600.872376864,3600.615540122,0.00014028160404906605,0.0003012598359570071,0.00030130537248052443,7673
