seed,dimension,time,fw_time,primal,dual_gap,smallest_dual_gap,iterations
3,490000,3601.168457456,3600.841132417,0.0003073769537283284,0.0006255527312208348,0.0006255793192514457,3694
