seed,dimension,time,fw_time,primal,dual_gap,smallest_dual_gap,iterations
4,640000,3601.240407869,3600.917172113,0.0006454068946881237,0.0012991244571648756,0.0012992461197249882,2266
