seed,dimension,time,fw_time,primal,dual_gap,smallest_dual_gap,iterations
5,250000,3601.354024153,3600.755607093,0.00018528490384921482,0.00039140227756060797,0.00039147011018986184,5917
