seed,dimension,time,fw_time,primal,dual_gap,smallest_dual_gap,iterations,average_iter,std_iter
1,22500,3600.598926154,3600.324654423,3.423866500798176e-5,0.00020866941136682307,0.00020870386781710553,12206,0.15205636572177617,0.3590902275152567
