seed,dimension,time,fw_time,primal,dual_gap,smallest_dual_gap,iterations,average_iter,std_iter
1,810000,3603.504465259,3602.828714827,0.00044528506362874243,0.0008971311596939177,0.0008974456255063389,3280,NaN,NaN
