seed,dimension,time,fw_time,primal,dual_gap,iterations
5,10000,0.004142006,0.00391117,8.733806786932205e-13,9.711067003066386e-8,0
