seed,dimension,time,fw_time,primal,dual_gap,smallest_dual_gap,iterations,average_iter,std_iter
4,360000,3601.660348422,3601.074476844,0.00020050235775524982,0.0004155952018558615,0.00041566283197958057,7086,0.1521309624611911,0.3591731314927188
