seed,dimension,time,fw_time,primal,dual_gap,smallest_dual_gap,iterations
4,250000,3600.828434328,3600.363015161,0.00013533679592299893,0.0002913529792139729,0.0002913954783145888,10098
