seed,dimension,time,fw_time,primal,dual_gap,smallest_dual_gap,iterations
2,250000,3601.272382877,3601.07690678,0.00015704875932279788,0.00033485893952146697,0.00033490906955632683,6904
