seed,dimension,time,fw_time,primal,dual_gap,smallest_dual_gap,iterations
5,640000,3601.139839993,3600.762102369,0.00024410467356251965,0.0004964841983460924,0.0004966040433296296,4804
