seed,dimension,time,fw_time,primal,dual_gap,smallest_dual_gap,iterations
4,640000,3601.809836083,3601.338626108,0.0004489556372676823,0.0009062128729436679,0.0009066182542022746,2550
