seed,dimension,time,fw_time,primal,dual_gap,smallest_dual_gap,iterations
5,640000,3601.800454719,3601.421516856,0.00065269302846499,0.0013136965131269882,0.001314534270551123,2235
