seed,dimension,time,fw_time,primal,dual_gap,smallest_dual_gap,iterations
1,360000,3602.424414021,3602.033234046,0.00031014554306420944,0.0006349683132290711,0.0006350063609589069,4636
