seed,dimension,time,fw_time,primal,dual_gap,smallest_dual_gap,iterations
5,160000,3600.849859057,3600.415989202,0.00022700492542325796,0.0004863732495002749,0.000486476229796296,6053
