seed,dimension,time,fw_time,primal,dual_gap,smallest_dual_gap,iterations,average_iter,std_iter
4,40000,3600.260400496,3600.185983525,6.880771456548486e-5,0.00024103636026377544,0.00024106773580378447,11723,NaN,NaN
