seed,dimension,time,fw_time,primal,dual_gap,smallest_dual_gap,iterations
2,90000,3600.745756465,3600.552153645,0.00011815133097015878,0.00029048691981961106,0.00029052833940922,7912
