seed,dimension,time,fw_time,primal,dual_gap,smallest_dual_gap,iterations,average_iter,std_iter
1,360000,3602.544403179,3602.037991869,0.0002054603827074472,0.0004255266000007704,0.00042560433756927624,6923,0.152101690018778,0.3591453707668892
