seed,dimension,time,fw_time,primal,dual_gap,smallest_dual_gap,iterations
5,1000000,3602.000388626,3601.538489638,0.0008482034724679381,0.0017017347666646973,0.0017028800534854486,1731
