seed,dimension,time,fw_time,primal,dual_gap,smallest_dual_gap,iterations
1,640000,3603.664415096,3602.780875096,0.0007217289305419547,0.0014517634815566878,0.0014528013944873509,2025
