seed,dimension,time,fw_time,primal,dual_gap,smallest_dual_gap,iterations
3,160000,3600.55384367,3600.175985862,5.3035455198412854e-5,0.00013590790540682433,0.000135897404079297,28328
