seed,dimension,time,fw_time,primal,dual_gap,smallest_dual_gap,iterations
1,10000,2.217642913,2.198080917,1.1936419556663803e-12,5.424494187572313e-8,0.0,0
