seed,dimension,time,fw_time,primal,dual_gap,smallest_dual_gap,iterations,average_iter,std_iter
3,250000,3601.056453912,3600.68396531,0.00012910035554882012,0.0002788201995885886,0.0002788550898501787,10559,NaN,NaN
