seed,dimension,time,fw_time,primal,dual_gap,smallest_dual_gap,iterations
4,810000,3602.316426111,3601.942501298,0.0005361193316983918,0.0010788029565057197,0.0010793696232445273,2143
