seed,dimension,time,fw_time,primal,dual_gap,smallest_dual_gap,iterations
4,160000,3600.606834704,3600.338134898,0.00020494840942898495,0.0004421748784263891,0.0004422589196308681,6673
