seed,dimension,time,fw_time,primal,dual_gap,smallest_dual_gap,iterations
1,1000000,3603.212471745,3602.682870083,0.0008205703219816613,0.00164646490961874,0.0016475220962883042,1790
