seed,dimension,time,fw_time,primal,dual_gap,smallest_dual_gap,iterations
4,640000,3601.48432062,3601.143413815,0.0004519764416415755,0.000912254671585422,0.0009123129170381383,2536
