seed,dimension,time,fw_time,primal,dual_gap,iterations
3,160000,3600.540402405,3600.344900699,0.00010382454903852546,0.00023897116036623395,12296
