seed,dimension,time,fw_time,primal,dual_gap,smallest_dual_gap,iterations
1,490000,3604.556408629,3603.77678649,0.0005209728342327589,0.001052782516589031,0.0010533351388179353,2802
