seed,dimension,time,fw_time,primal,dual_gap,smallest_dual_gap,iterations
1,810000,3603.028456684,3602.456674269,0.0005251656445164773,0.0010568949036014416,0.0010569628430481298,2188
