seed,dimension,time,fw_time,primal,dual_gap,smallest_dual_gap,iterations
4,90000,3600.505357475,3600.219993053,5.2953133908196224e-5,0.00015573160448067053,0.00015573847162247834,31061
