seed,dimension,time,fw_time,primal,dual_gap,smallest_dual_gap,iterations
5,640000,3601.326520355,3600.881315339,0.0002263500259232438,0.0004609703807312213,0.0004610763299877496,8213
