seed,dimension,time,fw_time,primal,dual_gap,smallest_dual_gap,iterations
2,360000,3600.852384974,3600.551663765,0.0001974936376125638,0.000409567567213465,0.0004096490194213114,5645
