seed,dimension,time,fw_time,primal,dual_gap,smallest_dual_gap,iterations
5,2500,0.454493205,0.453079074,4.943301918911217e-13,5.79231076560409e-8,5.800566606099277e-8,7665
