seed,dimension,time,fw_time,primal,dual_gap,smallest_dual_gap,iterations
4,360000,3600.584368696,3600.272527181,0.00019707469417213957,0.0004087351164487894,0.00040874571589274343,5659
