seed,dimension,time,fw_time,primal,dual_gap,smallest_dual_gap,iterations
1,10000,11.859187525,11.831422362,1.8350772609538624e-12,6.200403462150599e-8,6.200403462150599e-8,32570
