seed,dimension,time,fw_time,primal,dual_gap,smallest_dual_gap,iterations
5,1000000,3601.448398733,3600.968533742,0.0008083506579103882,0.0016220289129429716,0.001623322884485289,1816
