seed,dimension,time,fw_time,primal,dual_gap,smallest_dual_gap,iterations
1,160000,3603.544253169,3602.727180378,9.403745058829752e-5,0.00021925937058775473,0.00021928204673312486,10844
