seed,dimension,time,fw_time,primal,dual_gap,smallest_dual_gap,iterations
2,490000,3601.276462453,3600.906706615,0.00038143169755841625,0.0007736860344430501,0.0007739508839789676,2988
