seed,dimension,time,fw_time,primal,dual_gap,smallest_dual_gap,iterations
5,810000,3601.784406565,3601.268059392,0.00041562858452161327,0.0008378218216660131,0.0008381573694682345,3515
