seed,dimension,time,fw_time,primal,dual_gap,smallest_dual_gap,iterations
4,1000000,3601.640647762,3601.120303587,0.00096171410921188,0.0019287494522488295,0.0019301585522178988,1533
