seed,dimension,time,fw_time,primal,dual_gap,smallest_dual_gap,iterations
3,640000,3601.160474104,3600.639987606,0.0004767728551811211,0.0009618434687764194,0.0009622419639357776,2404
