seed,dimension,time,fw_time,primal,dual_gap,smallest_dual_gap,iterations,average_iter,std_iter
2,360000,3600.89642378,3600.327557731,0.00018375776988046507,0.0003820804631362117,0.0003821495844519201,7708,NaN,NaN
