seed,dimension,time,fw_time,primal,dual_gap,iterations
3,1000000,3601.500407997,3601.114275919,0.0004257860087434731,0.0008568921760867908,3437
