seed,dimension,time,fw_time,primal,dual_gap,smallest_dual_gap,iterations,average_iter,std_iter
1,490000,3603.296408253,3602.801716901,0.0002935279666334369,0.0005978583674271696,0.0005980198819257192,4924,0.15211210398050365,0.35916599234702506
