seed,dimension,time,fw_time,primal,dual_gap,smallest_dual_gap,iterations
1,22500,3600.735322471,3600.366462084,4.074382423602624e-6,8.072707797212852e-5,8.074702146641234e-5,18217
