seed,dimension,time,fw_time,primal,dual_gap,smallest_dual_gap,iterations
1,160000,3602.464410123,3602.012247218,0.00021999805597950153,0.0004723533973651852,0.0004724645575186749,6236
