seed,dimension,time,fw_time,primal,dual_gap,smallest_dual_gap,iterations
3,90000,3600.452439558,3600.245891549,0.00012445126591995717,0.00030329120257013836,0.0003033377084300565,7582
