seed,dimension,time,fw_time,primal,dual_gap,smallest_dual_gap,iterations
5,250000,3601.004441238,3600.523397446,0.00013783774570871928,0.00029635366874817144,0.0002963886628386526,9928
