seed,dimension,time,fw_time,primal,dual_gap,smallest_dual_gap,iterations
3,360000,3600.788412857,3600.434980797,0.0001995041860436673,0.000413587820687059,0.00041367255443531685,5591
