seed,dimension,time,fw_time,primal,dual_gap,smallest_dual_gap,iterations
5,490000,3600.952386196,3600.62255561,0.000275337883059721,0.0005614680130449235,0.0005616229802820239,4117
