seed,dimension,time,fw_time,primal,dual_gap,smallest_dual_gap,iterations,average_iter,std_iter
5,160000,3600.612358211,3600.325587063,0.00010266776803826401,0.00023670708612271303,0.00023671061801978043,12405,0.1520354695687223,0.35906974119032464
