seed,dimension,time,fw_time,primal,dual_gap,smallest_dual_gap,iterations
1,160000,3602.732412237,3602.280197615,0.00019415411253248126,0.00042053873864037893,0.00042062683204555117,6999
