seed,dimension,time,fw_time,primal,dual_gap,iterations
1,490000,3602.480427664,3602.00211745,0.00033015714940367664,0.0006711250218201473,4384
