seed,dimension,time,fw_time,primal,dual_gap,smallest_dual_gap,iterations
1,40000,3603.068501553,3602.609356323,0.0001876061977677379,0.0004931086524857804,0.0004932180168784078,5915
