seed,dimension,time,fw_time,primal,dual_gap,smallest_dual_gap,iterations
2,810000,3602.16042335,3601.739485342,0.0005401973789628671,0.0010869676333426237,0.0010875587120736676,2127
