seed,dimension,time,fw_time,primal,dual_gap,smallest_dual_gap,iterations
4,40000,3600.575994559,3600.233880385,0.00011155059152629331,0.00033428635295431746,0.0003343438085287759,6781
