seed,dimension,time,fw_time,primal,dual_gap,smallest_dual_gap,iterations
4,160000,3600.772401599,3600.507372285,0.000211812947183721,0.0004559365195405924,0.0004559564153085689,6455
