seed,dimension,time,fw_time,primal,dual_gap,smallest_dual_gap,iterations
5,90000,3600.29952667,3600.148001961,5.394155554255962e-5,0.00015793868782261754,0.00015795133689135109,29321
