seed,dimension,time,fw_time,primal,dual_gap,smallest_dual_gap,iterations
1,10000,2.01534886,1.997768462,1.8350772609538624e-12,6.200403462150599e-8,0.0,0
