seed,dimension,time,fw_time,primal,dual_gap,smallest_dual_gap,iterations
3,250000,3601.030934533,3600.548303816,0.00023014212857916643,0.0004811928752559814,0.0004812100043259048,6128
