seed,dimension,time,fw_time,primal,dual_gap,smallest_dual_gap,iterations
2,250000,3600.953489003,3600.662753773,0.00024383675912103073,0.0005086359037001082,0.0005087494408666716,5805
