seed,dimension,time,fw_time,primal,dual_gap,smallest_dual_gap,iterations,average_iter,std_iter
5,250000,3600.82845376,3600.614035131,0.00012842744458874464,0.00027749039526646314,0.0002775198261637313,10604,NaN,NaN
