seed,dimension,time,fw_time,primal,dual_gap,iterations
2,40000,3600.428383528,3600.35815443,7.006007242195186e-5,0.0002445591298603622,11575
