seed,dimension,time,fw_time,primal,dual_gap,smallest_dual_gap,iterations
2,40000,3600.764404953,3600.57063756,0.00018000935882090505,0.0004781345680350433,0.00047825233487007294,6096
