seed,dimension,time,fw_time,primal,dual_gap,smallest_dual_gap,iterations
5,640000,3602.292387845,3601.835358878,0.0006210976669878722,0.0012505047096322286,0.0012512837904439713,2348
