seed,dimension,time,fw_time,primal,dual_gap,smallest_dual_gap,iterations,average_iter,std_iter
2,2500,0.545411325,0.544025532,5.089718629504463e-13,5.704111763814774e-8,6.080935853709956e-8,9241,0.1520398225300292,0.3590789156690542
