seed,dimension,time,fw_time,primal,dual_gap,smallest_dual_gap,iterations
5,490000,3601.308384839,3601.025699861,0.00031390231458051357,0.0006386074586831495,0.0006388114687580692,3620
