seed,dimension,time,fw_time,primal,dual_gap,smallest_dual_gap,iterations,average_iter,std_iter
1,250000,3602.980519787,3602.606654021,0.00011411975549725133,0.00024881324510039134,0.0002488405658004781,11828,NaN,NaN
