seed,dimension,time,fw_time,primal,dual_gap,smallest_dual_gap,iterations
4,40000,3600.382335802,3600.183997649,7.170929272310539e-5,0.00024652275408670177,0.00024655675491134886,32954
