seed,dimension,time,fw_time,primal,dual_gap,smallest_dual_gap,iterations
1,90000,3603.110403574,3602.606943327,0.00020913454195823063,0.00047438209249034267,0.0004744704770563692,6211
