seed,dimension,time,fw_time,primal,dual_gap,smallest_dual_gap,iterations
3,10000,3600.032654388,3600.030344363,2.54396591912389e-11,3.281196228902503e-7,3.281060519096774e-7,19852603
