seed,dimension,time,fw_time,primal,dual_gap,smallest_dual_gap,iterations
3,810000,3601.265851094,3600.761764048,0.0005533892986249655,0.0011133428575325018,0.001113904382404976,2075
