seed,dimension,time,fw_time,primal,dual_gap,smallest_dual_gap,iterations
4,810000,3601.284386659,3600.894150087,0.0007964783503262881,0.001599525861347397,0.001600806070252171,1842
