seed,dimension,time,fw_time,primal,dual_gap,smallest_dual_gap,iterations
3,2500,1435.017453904,1435.015507078,2.4514757065053574e-12,5.933782437528489e-8,5.924009988184752e-8,31625039
