seed,dimension,time,fw_time,primal,dual_gap,smallest_dual_gap,iterations
4,360000,3600.931991988,3600.560008218,0.00017417075156238033,0.00036289621284046273,0.000362819496824666,10466
