seed,dimension,time,fw_time,primal,dual_gap,smallest_dual_gap,iterations
4,360000,3601.506401814,3600.805296835,0.00023679317804657437,0.000488209443665319,0.00048822440540898204,4747
