seed,dimension,time,fw_time,primal,dual_gap,smallest_dual_gap,iterations
2,360000,3601.052419943,3600.743607647,0.00019581270446091843,0.0004062040017854187,0.000406286538681143,5691
