seed,dimension,time,fw_time,primal,dual_gap,smallest_dual_gap,iterations
1,810000,3603.100409194,3602.601889348,0.000777309861999819,0.001561187374461633,0.0015622797963681303,1886
