seed,dimension,time,fw_time,primal,dual_gap,smallest_dual_gap,iterations
3,360000,3601.948443586,3601.301244654,0.0001778713517676962,0.0003702977213494672,0.00037036569670847796,7952
