seed,dimension,time,fw_time,primal,dual_gap,smallest_dual_gap,iterations
3,1000000,3603.155057234,3602.564603838,0.0005806502707617375,0.0011666242319244662,0.00116730514599273,1987
