seed,dimension,time,fw_time,primal,dual_gap,smallest_dual_gap,iterations
2,40000,3600.519948152,3600.317599148,2.0637995080791447e-5,0.00012120959056185007,0.00012121788318444706,17096
