seed,dimension,time,fw_time,primal,dual_gap,smallest_dual_gap,iterations,average_iter,std_iter
3,40000,3600.416417315,3600.284334759,5.415850062765813e-5,0.0002078050052094999,0.00020782744026833468,13417,NaN,NaN
