seed,dimension,time,fw_time,primal,dual_gap,smallest_dual_gap,iterations
2,10000,5.847788808,5.844221048,1.1279976560267898e-12,5.7992516837600924e-8,5.7992516837600924e-8,25229
