seed,dimension,time,fw_time,primal,dual_gap,smallest_dual_gap,iterations
3,490000,3601.020403887,3600.586869854,0.0003135065519988403,0.0006378134664304431,0.0006380169645688881,3625
