seed,dimension,time,fw_time,primal,dual_gap,smallest_dual_gap,iterations
2,1000000,3602.340431056,3601.85275503,0.0008628938731580954,0.0017311209085775108,0.001732540530973335,1703
