seed,dimension,time,fw_time,primal,dual_gap,smallest_dual_gap,iterations
5,10000,0.004108738,0.003865745,1.8419397020107686e-12,9.854491282683268e-8,0.0,0
