seed,dimension,time,fw_time,primal,dual_gap,smallest_dual_gap,iterations
5,10000,2.023403556,2.008359913,1.1898872795838766e-12,9.095456252725717e-8,0.0,0
