seed,dimension,time,fw_time,primal,dual_gap,smallest_dual_gap,iterations
2,490000,3600.949770426,3600.506695326,0.0004067640491029813,0.0008243550924355908,0.000824399723195671,3576
