seed,dimension,time,fw_time,primal,dual_gap,smallest_dual_gap,iterations
2,810000,3601.888404505,3601.489097903,0.0005197142267496452,0.001046000645666425,0.0010465466669771534,2210
