seed,dimension,time,fw_time,primal,dual_gap,smallest_dual_gap,iterations
2,160000,3600.872458353,3600.440304489,0.00022140892609549763,0.0004751631343716056,0.0004752759552160389,6196
