seed,dimension,time,fw_time,primal,dual_gap,smallest_dual_gap,iterations
5,810000,3601.086352142,3600.811999297,0.0002543988757757344,0.0005153490767419823,0.0005151927180202737,7342
