seed,dimension,time,fw_time,primal,dual_gap,smallest_dual_gap,iterations,average_iter,std_iter
2,62500,3600.621432521,3600.340231663,7.861375357522e-5,0.00022972226080674224,0.000229725676057566,12609,0.15203426124197003,0.3590683359641504
