seed,dimension,time,fw_time,primal,dual_gap,smallest_dual_gap,iterations
3,10000,0.003148995,0.002876789,1.2189125038042892e-12,9.495663319686797e-8,0.0,0
