seed,dimension,time,fw_time,primal,dual_gap,smallest_dual_gap,iterations,average_iter,std_iter
5,640000,3601.76434838,3601.34101414,0.00038034505120377357,0.0007689857091314015,0.0007692095424115396,3829,0.15225907547662576,0.35931875596753116
