seed,dimension,time,fw_time,primal,dual_gap,smallest_dual_gap,iterations
3,160000,3600.805054029,3600.536663127,0.00021087025394601574,0.0004539822324316557,0.00045406055050326943,6500
