seed,dimension,time,fw_time,primal,dual_gap,smallest_dual_gap,iterations
5,640000,3602.13635509,3601.683566963,0.0004597489667331255,0.0009277994859492294,0.0009282262082702226,2491
