seed,dimension,time,fw_time,primal,dual_gap,iterations
5,160000,3600.548370882,3600.348712718,0.00011374336392754019,0.0002590232838914176,11339
