seed,dimension,time,fw_time,primal,dual_gap,smallest_dual_gap,iterations
3,160000,3600.88845911,3600.623035526,0.00014538031728764992,0.00032257905340459686,0.0003226313160818068,7160
