seed,dimension,time,fw_time,primal,dual_gap,smallest_dual_gap,iterations
5,360000,3601.336420869,3601.029699795,0.00017160580053141917,0.00035776869282246325,0.0003577802387309011,8231
