seed,dimension,time,fw_time,primal,dual_gap,smallest_dual_gap,iterations
4,160000,3600.92845749,3600.643234916,0.00014206595064703513,0.0003159851513506926,0.00031603527186223,7308
