seed,dimension,time,fw_time,primal,dual_gap,smallest_dual_gap,iterations
5,810000,3601.044417007,3600.725112984,0.0007517253381740849,0.0015100238389558,0.0015102435939317964,1950
