seed,dimension,time,fw_time,primal,dual_gap,smallest_dual_gap,iterations
3,10000,3600.004119372,3600.000808699,2.1480590592703325e-11,3.150522012794839e-7,3.150379916711152e-7,21617743
