seed,dimension,time,fw_time,primal,dual_gap,smallest_dual_gap,iterations
4,810000,3601.284435784,3600.880859688,0.0007944449772590517,0.0015954590904999942,0.0015965682018601033,1846
