seed,dimension,time,fw_time,primal,dual_gap,smallest_dual_gap,iterations
4,490000,3602.020455598,3601.674906589,0.0003102325417144477,0.000631281060542583,0.0006314704415506312,3662
