seed,dimension,time,fw_time,primal,dual_gap,smallest_dual_gap,iterations
5,90000,3600.555528327,3600.26878904,6.135926592581924e-5,0.00017358004939210152,0.00017359532033751863,13527
