seed,dimension,time,fw_time,primal,dual_gap,smallest_dual_gap,iterations
3,490000,3601.28439829,3600.573502463,0.00030296080159788287,0.0006167193975778015,0.0006167552071319039,4771
