seed,dimension,time,fw_time,primal,dual_gap,smallest_dual_gap,iterations
3,1000000,3601.294994529,3601.007980802,0.0002591048975420131,0.0005235209432200034,0.0005236575693120389,7225
