seed,dimension,time,fw_time,primal,dual_gap,smallest_dual_gap,iterations
1,250000,3602.854745611,3602.342320523,0.00013126039503653694,0.0002831818774921434,0.0002832174888927006,8417
