seed,dimension,time,fw_time,primal,dual_gap,smallest_dual_gap,iterations
4,640000,3601.42036031,3601.074703048,0.00044770569287040494,0.0009037128837971995,0.0009041160467004523,2558
