seed,dimension,time,fw_time,primal,dual_gap,smallest_dual_gap,iterations
3,810000,3601.756029114,3601.299721871,0.0005570735712431498,0.0011207115138776303,0.0011207983104688927,2069
