seed,dimension,time,fw_time,primal,dual_gap,smallest_dual_gap,iterations
5,360000,3601.305993641,3600.992696791,0.00021999785663363465,0.00045460476326723875,0.00045470440862770774,5090
