seed,dimension,time,fw_time,primal,dual_gap,smallest_dual_gap,iterations,average_iter,std_iter
1,160000,3602.436380079,3601.940185398,0.00010709166976123314,0.00024562131536569304,0.00024564528110985844,11961,0.15207758548616337,0.35911109040364114
