seed,dimension,time,fw_time,primal,dual_gap,smallest_dual_gap,iterations
4,10000,0.557564883,0.553817393,1.8251887486829894e-12,5.417990480958059e-8,5.417990480958059e-8,1586
