seed,dimension,time,fw_time,primal,dual_gap,smallest_dual_gap,iterations
5,1000000,3601.524429019,3601.064705748,0.0004535009674915407,0.000912325014018435,0.0009127388057845542,3228
