seed,dimension,time,fw_time,primal,dual_gap,smallest_dual_gap,iterations
3,40000,3600.84044568,3600.632837268,0.0001743125016429772,0.0004662016062961529,0.0004663136164721196,6244
