seed,dimension,time,fw_time,primal,dual_gap,smallest_dual_gap,iterations
4,160000,3600.504432307,3600.248606941,0.0002202374246594771,0.0004728228944842483,0.00047293317891912716,6230
