seed,dimension,time,fw_time,primal,dual_gap,smallest_dual_gap,iterations,average_iter,std_iter
1,40000,3602.504432051,3601.957640864,6.122188798219509e-5,0.0002238334069984769,0.00022386395321662643,12558,0.152014652014652,0.35904938834623124
