seed,dimension,time,fw_time,primal,dual_gap,smallest_dual_gap,iterations
5,640000,3602.34036706,3601.979727561,0.00043984031531969596,0.0008879809070213009,0.0008883696844653476,2604
