seed,dimension,time,fw_time,primal,dual_gap,iterations
5,250000,3600.788353119,3600.306995972,0.00011196939674760437,0.0002444836347653626,12038
