seed,dimension,time,fw_time,primal,dual_gap,smallest_dual_gap,iterations
2,810000,3601.872418683,3601.405473778,0.0004293772130860656,0.0008653229976426702,0.0008656787851145767,3402
