seed,dimension,time,fw_time,primal,dual_gap,smallest_dual_gap,iterations,average_iter,std_iter
5,810000,3601.828411743,3601.221399667,0.00041290346180712466,0.0008323714395613483,0.0008326702511512069,3535,0.15219236209335218,0.3592580660279766
