seed,dimension,time,fw_time,primal,dual_gap,smallest_dual_gap,iterations
5,62500,3600.529480859,3600.276377956,3.928775268501286e-5,0.0001435228714092134,0.00014353420440997783,15870
