seed,dimension,time,fw_time,primal,dual_gap,smallest_dual_gap,iterations
1,40000,3602.772422105,3602.297812779,0.00016884525196266554,0.0004543964222047532,0.0004545012592025108,6407
