seed,dimension,time,fw_time,primal,dual_gap,iterations
4,1000000,3601.588400726,3601.07169927,0.00042526556581171543,0.0008558457153476642,3441
