seed,dimension,time,fw_time,primal,dual_gap,smallest_dual_gap,iterations
2,10000,3600.002106381,3600.000868146,2.1776207729150258e-11,3.7008760235449905e-7,3.700877287534862e-7,21434261
