seed,dimension,time,fw_time,primal,dual_gap,smallest_dual_gap,iterations
3,490000,3601.888492534,3601.543952763,0.0003657776342957434,0.0007423664873512132,0.000742578961573102,3963
