seed,dimension,time,fw_time,primal,dual_gap,smallest_dual_gap,iterations,average_iter,std_iter
4,22500,3600.518953689,3600.310661039,3.5378404346208946e-5,0.0002124838254002325,0.00021248883366562833,12021,0.1520672157058481,0.3591009676481892
