seed,dimension,time,fw_time,primal,dual_gap,smallest_dual_gap,iterations,average_iter,std_iter
2,490000,3601.264452664,3600.584087163,0.000339039989851894,0.0006888946646060457,0.0006891304765863485,4272,NaN,NaN
