seed,dimension,time,fw_time,primal,dual_gap,smallest_dual_gap,iterations
5,360000,3600.792381317,3600.510875845,0.0001956852215022134,0.00040595559512015904,0.0004060266741960978,5693
