seed,dimension,time,fw_time,primal,dual_gap,smallest_dual_gap,iterations
5,10000,0.540227654,0.538273122,1.841939702010731e-12,9.854491282683214e-8,9.85449128267895e-8,1549
