seed,dimension,time,fw_time,primal,dual_gap,smallest_dual_gap,iterations,average_iter,std_iter
3,360000,3601.352368729,3600.703075028,0.00019553327109068529,0.00040564214771153116,0.00040570818406175874,7264,0.15212004405286345,0.35916193379639183
