seed,dimension,time,fw_time,primal,dual_gap,smallest_dual_gap,iterations
2,810000,3602.484361866,3602.007045474,0.0007948712598153107,0.0015963204347358686,0.0015975811154909478,1841
