seed,dimension,time,fw_time,primal,dual_gap,smallest_dual_gap,iterations
2,640000,3601.62040318,3601.286014852,0.000455347276864696,0.0009190015683781167,0.0009193686668120757,2516
