seed,dimension,time,fw_time,primal,dual_gap,smallest_dual_gap,iterations
3,250000,3601.574043488,3600.87473837,0.00022823504244112242,0.00047737477336761455,0.00047748886058935936,6184
