seed,dimension,time,fw_time,primal,dual_gap,smallest_dual_gap,iterations
5,40000,3601.291555987,3600.841807949,0.000333428082964368,0.0007905926239270559,0.0007909058514216224,3710
