seed,dimension,time,fw_time,primal,dual_gap,smallest_dual_gap,iterations,average_iter,std_iter
3,250000,3601.00837585,3600.530452307,0.00011998213726882444,0.00026053510431014765,0.0002605416383897679,11297,0.15207577232893688,0.35911021599579995
