seed,dimension,time,fw_time,primal,dual_gap,smallest_dual_gap,iterations,average_iter,std_iter
3,40000,3600.456358231,3600.309819312,6.51365766116966e-5,0.00023310784918872891,0.0002331330132352639,12094,0.1520588721680172,0.3590927925748958
