seed,dimension,time,fw_time,primal,dual_gap,smallest_dual_gap,iterations
2,490000,3600.904394506,3600.552144374,0.00027173583231465253,0.0005542686277825808,0.0005543898352940507,5315
