seed,dimension,time,fw_time,primal,dual_gap,smallest_dual_gap,iterations
3,640000,3601.002018955,3600.659986172,0.00022752777170369708,0.0004633196187490174,0.00046319370873054526,8177
