seed,dimension,time,fw_time,primal,dual_gap,smallest_dual_gap,iterations
2,640000,3602.313826988,3601.790281307,0.0006230645172197447,0.0012544442640629407,0.0012552315612082816,2342
