seed,dimension,time,fw_time,primal,dual_gap,smallest_dual_gap,iterations
3,490000,3601.012388743,3600.519892072,0.0002733317089502976,0.0005574528612325829,0.0005574738247653917,5284
