seed,dimension,time,fw_time,primal,dual_gap,iterations
4,810000,3602.076388984,3601.631997208,0.0003898666133698308,0.0007862915450496588,3743
