seed,dimension,time,fw_time,primal,dual_gap,smallest_dual_gap,iterations
1,640000,3603.720425457,3602.979775644,0.0005775976349759736,0.0011634967278480405,0.001164139596627121,2531
