seed,dimension,time,fw_time,primal,dual_gap,smallest_dual_gap,iterations
1,490000,3602.960456951,3602.136315729,0.00035727384377733594,0.0007253638667513415,0.0007255922820638037,4058
