seed,dimension,time,fw_time,primal,dual_gap,smallest_dual_gap,iterations
2,1000000,3602.084462285,3601.544478036,0.0005940872269092955,0.0011935047226884006,0.0011942173771508824,1936
