seed,dimension,time,fw_time,primal,dual_gap,smallest_dual_gap,iterations
4,40000,3600.511235539,3600.203994185,5.963438786073612e-5,0.00021873291925136195,0.00021875447477872527,37108
