seed,dimension,time,fw_time,primal,dual_gap,smallest_dual_gap,iterations
4,490000,3600.808396812,3600.446769787,0.00026835008413580926,0.0005475050313316743,0.0005475316378262649,5382
