seed,dimension,time,fw_time,primal,dual_gap,smallest_dual_gap,iterations
1,640000,3602.745561908,3602.392033152,0.00022720481779143044,0.0004626749471140069,0.00046278168403968123,8183
