seed,dimension,time,fw_time,primal,dual_gap,smallest_dual_gap,iterations
5,1000000,3602.764404934,3602.321734043,0.0008389354194531386,0.0016831986188028353,0.0016834747476121923,1751
