seed,dimension,time,fw_time,primal,dual_gap,smallest_dual_gap,iterations
1,160000,3602.33357914,3602.031987009,5.383530067124989e-5,0.00013758793281345386,0.00013757716170572325,27972
