seed,dimension,time,fw_time,primal,dual_gap,smallest_dual_gap,iterations
3,160000,3601.180358873,3600.90511102,0.00022093123920505556,0.0004741494256594801,0.000474237362201241,6211
