seed,dimension,time,fw_time,primal,dual_gap,smallest_dual_gap,iterations,average_iter,std_iter
1,62500,3600.661563738,3600.364539085,8.627261608843521e-5,0.0002454757830939961,0.00024550625975946973,11827,0.15202502747949606,0.35906032828274614
