seed,dimension,time,fw_time,primal,dual_gap,smallest_dual_gap,iterations
1,250000,3602.843702341,3602.392819367,0.00013810716119787793,0.00029691291844572413,0.00029691892142571846,9910
