seed,dimension,time,fw_time,primal,dual_gap,smallest_dual_gap,iterations,average_iter,std_iter
2,90000,3600.511547661,3600.367021663,9.842964794061248e-5,0.0002502730298768486,0.00025030130687621387,11700,0.15205128205128204,0.3590859373775644
