seed,dimension,time,fw_time,primal,dual_gap,smallest_dual_gap,iterations
2,90000,3600.439424633,3600.194704656,0.00021422476008962476,0.0004847060878057566,0.00048472867399667176,6080
