seed,dimension,time,fw_time,primal,dual_gap,smallest_dual_gap,iterations
1,90000,3602.53769564,3602.100001759,5.3774461034624753e-5,0.0001575164438837195,0.00015750935195420367,30631
