seed,dimension,time,fw_time,primal,dual_gap,smallest_dual_gap,iterations
5,40000,3600.53205922,3600.456176894,0.00010757901169549088,0.0003258573407234773,0.00032590863940753346,6950
