seed,dimension,time,fw_time,primal,dual_gap,smallest_dual_gap,iterations
4,490000,3601.680394093,3601.112289168,0.0003055277414872306,0.0006218705557678936,0.0006220628918104698,4736
