seed,dimension,time,fw_time,primal,dual_gap,smallest_dual_gap,iterations
1,1000000,3604.120429259,3603.598398417,0.0005503835423342193,0.0011060890116698073,0.0011066776941256315,2090
