seed,dimension,time,fw_time,primal,dual_gap,iterations
5,40000,3600.404347159,3600.26780838,5.9620268710996015e-5,0.00022019675333767043,12734
