seed,dimension,time,fw_time,primal,dual_gap,smallest_dual_gap,iterations,average_iter,std_iter
2,40000,3600.439459838,3600.357643408,6.383685459580388e-5,0.0002304889709727237,0.00023051530306095473,12254,0.1520319895544312,0.3590665468541823
