seed,dimension,time,fw_time,primal,dual_gap,smallest_dual_gap,iterations
1,160000,3602.882981204,3602.424833975,0.0001383307612910884,0.00030849105538082583,0.0003085395966401379,7482
