seed,dimension,time,fw_time,primal,dual_gap,smallest_dual_gap,iterations
2,1000000,3602.016406571,3601.471386828,0.00046189183750854177,0.000929111318702178,0.0009294449654031069,3170
