seed,dimension,time,fw_time,primal,dual_gap,smallest_dual_gap,iterations,average_iter,std_iter
2,640000,3601.28038553,3600.875317627,0.0003785707147876384,0.0007654429791228097,0.0007657289477408482,3847,0.1520665453600208,0.35913206134267706
