seed,dimension,time,fw_time,primal,dual_gap,smallest_dual_gap,iterations
5,810000,3602.260661284,3601.759836096,0.0005458077283919339,0.0010981850384884585,0.0010987844419638195,2111
