seed,dimension,time,fw_time,primal,dual_gap,smallest_dual_gap,iterations
2,360000,3600.793139868,3600.430446831,0.0002265725971181808,0.0004677535366771679,0.0004678630170355106,4954
