seed,dimension,time,fw_time,primal,dual_gap,smallest_dual_gap,iterations
4,160000,3600.816372486,3600.510492901,0.0002066163043365227,0.000445518211399905,0.0004456171401487537,6611
