seed,dimension,time,fw_time,primal,dual_gap,smallest_dual_gap,iterations
2,40000,3600.552338942,3600.429614413,9.365841175062977e-5,0.0002963738630601062,0.0002964136607818285,7588
