seed,dimension,time,fw_time,primal,dual_gap,iterations
2,490000,3600.996391307,3600.720805983,0.0002939169552811368,0.0005986373328668708,4917
