seed,dimension,time,fw_time,primal,dual_gap,smallest_dual_gap,iterations
2,250000,3600.490657697,3600.263986523,0.00011176545442443272,0.00024406416944001416,0.00024409405250587864,15632
