seed,dimension,time,fw_time,primal,dual_gap,smallest_dual_gap,iterations
4,90000,3601.676256435,3601.457501298,0.00035309887306784744,0.00076343804598855,0.0007634936446549219,3854
