seed,dimension,time,fw_time,primal,dual_gap,iterations
5,640000,3601.288398877,3600.892817058,0.00034528465180132836,0.0006988612135669776,4211
