seed,dimension,time,fw_time,primal,dual_gap,smallest_dual_gap,iterations
1,250000,3602.992483546,3602.184054405,0.00019556796379469431,0.000412008190798204,0.00041208389442308116,5609
