seed,dimension,time,fw_time,primal,dual_gap,smallest_dual_gap,iterations
3,62500,3600.450857906,3600.271985716,6.543302884252775e-5,0.00020126162455918665,0.00020127890045518242,33262
