seed,dimension,time,fw_time,primal,dual_gap,smallest_dual_gap,iterations
3,90000,3600.996474397,3600.560344509,0.0002434706652591316,0.0005433960970728563,0.0005434120297385483,5408
