seed,dimension,time,fw_time,primal,dual_gap,smallest_dual_gap,iterations
5,40000,3600.360008792,3600.17599703,6.003044195718792e-5,0.00021974133803183318,0.00021974666724458618,36966
