seed,dimension,time,fw_time,primal,dual_gap,smallest_dual_gap,iterations
4,10000,0.002567185,0.002313528,1.1515799346118122e-12,4.273942867150136e-8,0.0,0
