seed,dimension,time,fw_time,primal,dual_gap,smallest_dual_gap,iterations
5,10000,5.814411404,5.810926373,1.4592770795414158e-12,9.384118990521693e-8,9.384118990521693e-8,27687
