seed,dimension,time,fw_time,primal,dual_gap,smallest_dual_gap,iterations
2,10000,5.621329571,5.617872999,1.4735247882723925e-12,6.132709668483432e-8,6.132709668483432e-8,27663
