seed,dimension,time,fw_time,primal,dual_gap,smallest_dual_gap,iterations
4,1000000,3601.688675195,3601.257354514,0.00027389366473419183,0.0005530942967681097,0.0005531153644181341,4313
