seed,dimension,time,fw_time,primal,dual_gap,smallest_dual_gap,iterations,average_iter,std_iter
4,40000,3600.691196627,3600.357598441,7.149524600576125e-5,0.00024711040134866295,0.00024714304216675545,11483,0.1520508577897762,0.3590858162565053
