seed,dimension,time,fw_time,primal,dual_gap,smallest_dual_gap,iterations
2,160000,3600.900454072,3600.179432657,0.00011052703039555637,0.0002525184852575046,0.00025254345507906643,11637
