seed,dimension,time,fw_time,primal,dual_gap,smallest_dual_gap,iterations
5,90000,3600.468346698,3600.187649761,0.00022912242954349916,0.0005145992307773847,0.0005146236677993263,5712
