seed,dimension,time,fw_time,primal,dual_gap,smallest_dual_gap,iterations
2,810000,3603.228458788,3602.70318467,0.0007864363350858676,0.0015794504096878505,0.001580426835177249,1864
