seed,dimension,time,fw_time,primal,dual_gap,smallest_dual_gap,iterations
1,360000,3603.972467553,3603.459326402,0.0002138764284909712,0.0004423661206188163,0.0004424640358152777,5227
