seed,dimension,time,fw_time,primal,dual_gap,smallest_dual_gap,iterations
5,40000,3600.490614266,3600.313512013,3.0364902605299207e-5,0.00014830511781613255,0.00014830665183768389,14576
