seed,dimension,time,fw_time,primal,dual_gap,smallest_dual_gap,iterations
1,90000,3602.832467264,3602.37044497,0.00023415851604497703,0.0005247361910261387,0.0005248728957464732,5603
