seed,dimension,time,fw_time,primal,dual_gap,smallest_dual_gap,iterations
4,160000,3600.804414665,3600.331727924,0.00013070833146477378,0.0002931530474252875,0.0002931958159100298,7874
