seed,dimension,time,fw_time,primal,dual_gap,smallest_dual_gap,iterations
1,1000000,3602.736401355,3602.169956877,0.0008418543379595949,0.0016890330689486755,0.00169014952279105,1744
