seed,dimension,time,fw_time,primal,dual_gap,smallest_dual_gap,iterations,average_iter,std_iter
1,90000,3600.397151015,3600.13036919,8.500227050051921e-5,0.0002226891392876116,0.0002227140510543689,13123,0.1520231654347329,0.35905702433939163
