seed,dimension,time,fw_time,primal,dual_gap,smallest_dual_gap,iterations
3,40000,3600.42647069,3600.253399175,2.4854213144206155e-5,0.00013355348883513729,0.0001335551152189585,15865
