seed,dimension,time,fw_time,primal,dual_gap,smallest_dual_gap,iterations,average_iter,std_iter
3,360000,3601.388420223,3600.809922147,0.00017851435624929228,0.0003715844055950685,0.0003716518229593646,7925,NaN,NaN
