seed,dimension,time,fw_time,primal,dual_gap,smallest_dual_gap,iterations,average_iter,std_iter
1,250000,3602.944367028,3602.219930248,0.00012048341959898679,0.000261578161727828,0.00026161186113598937,11255,0.15202132385606398,0.3590575101815309
