seed,dimension,time,fw_time,primal,dual_gap,smallest_dual_gap,iterations
3,490000,3601.223806131,3600.81693155,0.00022876826435173144,0.00046830780330257745,0.00046841619322497474,5093
