seed,dimension,time,fw_time,primal,dual_gap,smallest_dual_gap,iterations
3,90000,3600.533372631,3600.294877788,6.133014826640585e-5,0.00017349664023059194,0.0001735133242033237,13533
