seed,dimension,time,fw_time,primal,dual_gap,smallest_dual_gap,iterations
4,90000,3600.500341544,3600.251632373,0.00012309258184785063,0.000300509571309234,0.00030055027943748104,7654
