seed,dimension,time,fw_time,primal,dual_gap,smallest_dual_gap,iterations
1,1000000,3603.656389822,3602.987381116,0.0004642248229126938,0.0009337700270435957,0.000934184256241553,3154
