seed,dimension,time,fw_time,primal,dual_gap,smallest_dual_gap,iterations
1,1000000,3603.736382805,3603.061518401,0.0005684864835130173,0.0011422952184532804,0.0011429183388466217,2024
