seed,dimension,time,fw_time,primal,dual_gap,smallest_dual_gap,iterations
1,90000,3602.428414459,3602.010933553,0.0002477191013537487,0.0005519963772354765,0.0005520164019478902,5326
