seed,dimension,time,fw_time,primal,dual_gap,smallest_dual_gap,iterations,average_iter,std_iter
1,640000,3603.193864136,3602.742994882,0.0003700223593764047,0.0007483336849537259,0.0007483737114294439,3933,NaN,NaN
