seed,dimension,time,fw_time,primal,dual_gap,smallest_dual_gap,iterations
5,640000,3601.436978492,3601.006873096,0.0004688696028081055,0.0009460412771512403,0.0009460974728230635,2451
