seed,dimension,time,fw_time,primal,dual_gap,smallest_dual_gap,iterations
4,1000000,3602.199039353,3601.805768092,0.0004560239495976228,0.0009173633825235135,0.0009177002670526429,3209
