seed,dimension,time,fw_time,primal,dual_gap,smallest_dual_gap,iterations
3,810000,3602.540411621,3602.190751513,0.0007637498224290475,0.0015340679751260121,0.0015351284853572426,1919
