seed,dimension,time,fw_time,primal,dual_gap,smallest_dual_gap,iterations
4,490000,3600.956397894,3600.645613619,0.0002832129758109975,0.0005772350407659631,0.0005773981792334143,4005
