seed,dimension,time,fw_time,primal,dual_gap,iterations
3,90000,3600.676377579,3600.355601621,8.806676487800214e-5,0.00022902510681745733,12745
