seed,dimension,time,fw_time,primal,dual_gap,smallest_dual_gap,iterations
2,640000,3601.68842246,3601.3739189,0.00038720222508650625,0.0007827067274625253,0.0007829420175387129,3760
