seed,dimension,time,fw_time,primal,dual_gap,smallest_dual_gap,iterations
2,160000,3600.532399613,3600.26178189,0.0002073127507595285,0.00044690952041784104,0.0004469278632014781,6587
