seed,dimension,time,fw_time,primal,dual_gap,smallest_dual_gap,iterations
1,160000,3603.216465714,3602.825241616,0.0002265337776093081,0.00048545152282492997,0.0004855413982693761,6069
