seed,dimension,time,fw_time,primal,dual_gap,smallest_dual_gap,iterations
4,490000,3602.144463691,3601.793109892,0.00039442790710673064,0.0007996884658441957,0.000799994032088344,2891
