seed,dimension,time,fw_time,primal,dual_gap,smallest_dual_gap,iterations
3,640000,3601.112382998,3600.792664306,0.00044094861563157434,0.0008901924334181178,0.0008905872264872676,2598
