seed,dimension,time,fw_time,primal,dual_gap,smallest_dual_gap,iterations
3,40000,3600.95595986,3600.679619654,0.00010631014686335477,0.0003234733311279234,0.00032352738745381203,7000
