seed,dimension,time,fw_time,primal,dual_gap,smallest_dual_gap,iterations
2,90000,3600.348459923,3600.160264688,0.0002294944867502038,0.0005154246833168006,0.0005154390715162156,5705
