seed,dimension,time,fw_time,primal,dual_gap,smallest_dual_gap,iterations
3,360000,3601.196495045,3600.792269991,0.00024377934966691558,0.0005021771489892695,0.0005022863799462964,4606
