seed,dimension,time,fw_time,primal,dual_gap,iterations
1,640000,3602.944430232,3602.389332848,0.0003509178426641822,0.0007101226113441604,4144
