seed,dimension,time,fw_time,primal,dual_gap,smallest_dual_gap,iterations
2,160000,3600.792437872,3600.579023606,0.00014542992529185223,0.0003227220047588231,0.0003227725251108196,7156
