seed,dimension,time,fw_time,primal,dual_gap,iterations
1,810000,3603.294702088,3602.73451598,0.00040552668432674254,0.0008176125001604198,3600
