seed,dimension,time,fw_time,primal,dual_gap,smallest_dual_gap,iterations
1,10000,8.214406982,8.187941654,1.1936419556663803e-12,5.424494187572313e-8,5.424494187572313e-8,25288
