seed,dimension,time,fw_time,primal,dual_gap,smallest_dual_gap,iterations
1,1000000,3602.872926446,3602.312009544,0.00026013870095702786,0.0005255886872573049,0.0005257263936831816,7194
