seed,dimension,time,fw_time,primal,dual_gap,iterations
4,360000,3601.168362984,3600.413980403,0.00015939341578047033,0.00033332272929235767,8834
