seed,dimension,time,fw_time,primal,dual_gap,smallest_dual_gap,iterations
1,90000,3602.844429324,3602.231313237,8.905693855910368e-5,0.00023102710036489028,0.00023103218118234242,12628
