seed,dimension,time,fw_time,primal,dual_gap,smallest_dual_gap,iterations,average_iter,std_iter
3,1000000,3602.232394008,3601.707661156,0.00045810410747559524,0.0009215294007760217,0.0009218505728555367,3196,NaN,NaN
