seed,dimension,time,fw_time,primal,dual_gap,smallest_dual_gap,iterations
1,90000,3600.408681564,3600.159991316,5.240114153944625e-5,0.0001546198192526367,0.00015461463753159974,33724
