seed,dimension,time,fw_time,primal,dual_gap,smallest_dual_gap,iterations
4,1000000,3601.700448108,3601.221875538,0.0005888900214483553,0.0011830982088003427,0.0011837837531656031,1953
