seed,dimension,time,fw_time,primal,dual_gap,smallest_dual_gap,iterations
1,1000000,3603.184387932,3602.565158543,0.0006082126653708044,0.0012217480918379838,0.0012224948842532652,1890
