seed,dimension,time,fw_time,primal,dual_gap,smallest_dual_gap,iterations
1,1000000,3604.478542146,3603.904151699,0.0005892311403981742,0.0011837848199208354,0.0011844486353355744,1958
