seed,dimension,time,fw_time,primal,dual_gap,smallest_dual_gap,iterations
5,1000000,3601.224219166,3600.786771525,0.00027366320679217973,0.0005526410865552314,0.0005527936826012519,4316
