seed,dimension,time,fw_time,primal,dual_gap,smallest_dual_gap,iterations,average_iter,std_iter
5,90000,3600.592404961,3600.252648723,8.501909248032207e-5,0.00022273689472649856,0.00022275678737175488,13089,NaN,NaN
