seed,dimension,time,fw_time,primal,dual_gap,smallest_dual_gap,iterations
1,810000,3603.780445683,3603.187602362,0.0005446212859458314,0.0010958067081225037,0.0010963778999349995,2110
