seed,dimension,time,fw_time,primal,dual_gap,iterations
1,360000,3602.748420909,3601.978549773,0.00017059489652867214,0.0003557530226779488,8279
