seed,dimension,time,fw_time,primal,dual_gap,smallest_dual_gap,iterations
3,160000,3600.66833204,3600.40203434,0.0002028902045857099,0.00043798456790309595,0.0004379962655007153,6721
