seed,dimension,time,fw_time,primal,dual_gap,smallest_dual_gap,iterations,average_iter,std_iter
3,40000,3600.546328865,3600.297310482,7.278982029902415e-5,0.00025028306324283953,0.00025032125135579443,11347,0.15202256102934697,0.35905857994317647
