seed,dimension,time,fw_time,primal,dual_gap,smallest_dual_gap,iterations
5,1000000,3601.388937036,3601.0462435,0.0005187130344577581,0.0010427506910039273,0.0010432946431621383,1917
