seed,dimension,time,fw_time,primal,dual_gap,smallest_dual_gap,iterations
2,1000000,3602.379132981,3602.003626015,0.000501874788992267,0.00100907815106901,0.0010095875318587963,1981
