seed,dimension,time,fw_time,primal,dual_gap,smallest_dual_gap,iterations
4,640000,3601.472397436,3601.174940341,0.00046031235359849114,0.0009289271860619285,0.0009293588487902494,2145
