seed,dimension,time,fw_time,primal,dual_gap,smallest_dual_gap,iterations
3,90000,3600.292361319,3600.223988301,0.00010142597291379816,0.0002563608305171571,0.00025639398547386787,7724
