seed,dimension,time,fw_time,primal,dual_gap,smallest_dual_gap,iterations
1,360000,3602.608449927,3602.23996026,0.0003712769474751271,0.0007572528178209306,0.0007575396997032313,2631
