seed,dimension,time,fw_time,primal,dual_gap,smallest_dual_gap,iterations
4,22500,3600.515255671,3600.287993958,0.00017247625678516558,0.0005390079910320617,0.0005390194210255806,13707
