seed,dimension,time,fw_time,primal,dual_gap,smallest_dual_gap,iterations
4,90000,3600.443135244,3600.199982212,0.00025219481509195944,0.000560906453095915,0.0005609067520562116,16176
