seed,dimension,time,fw_time,primal,dual_gap,smallest_dual_gap,iterations
4,160000,3600.652351981,3600.426788919,0.0001852097208851717,0.0004025917532365615,0.00040267301290443835,4944
