seed,dimension,time,fw_time,primal,dual_gap,smallest_dual_gap,iterations
1,90000,3602.211541425,3601.696000213,0.0002473207222937284,0.0005511733949280455,0.0005511736445980079,16909
