seed,dimension,time,fw_time,primal,dual_gap,smallest_dual_gap,iterations
2,90000,3600.240405794,3600.155998784,0.00010378075983109305,0.00026118456232160375,0.00026121977732848325,7583
