seed,dimension,time,fw_time,primal,dual_gap,smallest_dual_gap,iterations
5,250000,3600.700428357,3600.531985653,0.000325458773887161,0.0006719510875582304,0.0006721769927821181,2962
