seed,dimension,time,fw_time,primal,dual_gap,iterations
1,490000,3602.824425634,3602.395985108,0.00040357737308463926,0.0008179784974717564,2437
