seed,dimension,time,fw_time,primal,dual_gap,smallest_dual_gap,iterations
2,10000,13.273203842,13.271258952,1.8759632543709394e-12,6.154422999212001e-8,6.15454654916498e-8,51320
