seed,dimension,time,fw_time,primal,dual_gap,smallest_dual_gap,iterations
4,640000,3601.064405356,3600.798545757,0.00043195467325253745,0.000872209783082715,0.0008725903334676733,2285
