seed,dimension,time,fw_time,primal,dual_gap,iterations
2,250000,3601.120381489,3601.043993132,0.0003145272794641857,0.0006500972783091019,3065
