seed,dimension,time,fw_time,primal,dual_gap,smallest_dual_gap,iterations
1,10000,16.256195104,16.203235449,1.8799906082423038e-12,5.8121449295521354e-8,5.8121449295521354e-8,51380
