seed,dimension,time,fw_time,primal,dual_gap,iterations
5,40000,3600.968368792,3600.891985474,6.921239748778349e-5,0.00024194769464714764,7925
