seed,dimension,time,fw_time,primal,dual_gap,smallest_dual_gap,iterations
5,40000,3600.588383811,3600.46398452,6.615551143100927e-5,0.00023504646581254914,0.00023507691682371495,8134
