seed,dimension,time,fw_time,primal,dual_gap,smallest_dual_gap,iterations
5,40000,3600.846326102,3600.367995158,0.00023070102697040433,0.0005815149035511159,0.0005816100564645028,13626
