seed,dimension,time,fw_time,primal,dual_gap,smallest_dual_gap,iterations
3,90000,3600.416384268,3600.271985939,0.00012867505974502753,0.0003118495888099217,0.0003118984689295544,6359
