seed,dimension,time,fw_time,primal,dual_gap,iterations
5,810000,3601.760420004,3601.454650399,0.0004791065865066906,0.0009647807225030405,2066
