seed,dimension,time,fw_time,primal,dual_gap,smallest_dual_gap,iterations
5,810000,3601.840432409,3601.458800523,0.0004807410088402435,0.0009680496289535263,0.0009685184262791058,2059
