seed,dimension,time,fw_time,primal,dual_gap,smallest_dual_gap,iterations
3,90000,3600.406428472,3600.279992934,0.00011547433056154897,0.0002850192720434978,0.00028506019656789316,6975
