seed,dimension,time,fw_time,primal,dual_gap,iterations
5,360000,3601.396357426,3601.060697484,0.0003572022455978751,0.0007290890163038553,2733
