seed,dimension,time,fw_time,primal,dual_gap,smallest_dual_gap,iterations
5,360000,3601.540323032,3601.299987586,0.0003654930977837312,0.0007456735016546453,0.0007459516566608822,2672
