seed,dimension,time,fw_time,primal,dual_gap,smallest_dual_gap,iterations
1,360000,3603.212390847,3602.823962139,0.00035920259836029033,0.0007331006825149021,0.0007333695526247897,2719
