seed,dimension,time,fw_time,primal,dual_gap,smallest_dual_gap,iterations
1,250000,3603.448382333,3602.947990915,0.00031368680298159585,0.0006484154061402787,0.000648625751305812,3073
