seed,dimension,time,fw_time,primal,dual_gap,smallest_dual_gap,iterations
5,490000,3600.892494716,3600.727987601,0.00047883989487665493,0.0009685086961271691,0.0009689779502350084,2057
