seed,dimension,time,fw_time,primal,dual_gap,smallest_dual_gap,iterations
5,40000,3601.044354063,3600.843990916,8.498484651538005e-5,0.0002769701187752951,0.00027701081608742686,6985
