seed,dimension,time,fw_time,primal,dual_gap,smallest_dual_gap,iterations
4,490000,3601.293496515,3600.918913841,0.0004103734928627748,0.0008315824313490914,0.0008319283499148,2404
