seed,dimension,time,fw_time,primal,dual_gap,iterations
2,810000,3601.030978323,3600.701782882,0.00047817533554005614,0.0009629213988488421,2070
