seed,dimension,time,fw_time,primal,dual_gap,smallest_dual_gap,iterations
4,40000,3600.492999499,3600.307994293,0.00023068071242895132,0.0005815651582818944,0.0005815654497598425,13549
