seed,dimension,time,fw_time,primal,dual_gap,smallest_dual_gap,iterations
1,10000,3601.104545234,3601.079883566,3.025403231209698e-12,3.081358955402915e-7,3.081358955402915e-7,7804432
