seed,dimension,time,fw_time,primal,dual_gap,iterations
5,10000,3600.038149822,3600.034946983,7.75781842613426e-12,4.6012438117228134e-7,9149212
