seed,dimension,time,fw_time,primal,dual_gap,smallest_dual_gap,iterations
3,62500,3600.462157784,3600.160114703,0.00020968752655419826,0.0004983246275047052,0.0004983597923662215,20183
