seed,dimension,time,fw_time,primal,dual_gap,smallest_dual_gap,iterations
3,160000,3600.988284762,3600.743105887,0.00018217196008054408,0.00039643044667783504,0.0003965092019200435,5019
