seed,dimension,time,fw_time,primal,dual_gap,iterations
1,250000,3603.009251716,3602.586229056,0.0003127435606357342,0.0006465282360619124,3077
