seed,dimension,time,fw_time,primal,dual_gap,smallest_dual_gap,iterations
3,40000,3600.640381589,3600.567999226,9.297457351992946e-5,0.00029472852059426546,0.00029477326999597503,6582
