seed,dimension,time,fw_time,primal,dual_gap,smallest_dual_gap,iterations
1,40000,3600.527516824,3600.25598917,0.00022796697478952736,0.0005756358141211115,0.0005756479697585857,13830
