seed,dimension,time,fw_time,primal,dual_gap,smallest_dual_gap,iterations
5,90000,3600.323494362,3600.186994582,0.00022853387732572298,0.0005133865651494968,0.0005134003162324078,19876
