seed,dimension,time,fw_time,primal,dual_gap,smallest_dual_gap,iterations
4,360000,3602.016395267,3601.798847957,0.00036410747086644877,0.0007429022783861755,0.0007431783833229365,2682
