seed,dimension,time,fw_time,primal,dual_gap,smallest_dual_gap,iterations
5,490000,3601.228380903,3600.954574619,0.0003899949654488354,0.0007908073754417891,0.0007911202039601179,2520
