seed,dimension,time,fw_time,primal,dual_gap,smallest_dual_gap,iterations
5,640000,3601.732382403,3601.45081892,0.0004444767255724866,0.0008972541524240036,0.000897656879662807,2221
