seed,dimension,time,fw_time,primal,dual_gap,smallest_dual_gap,iterations
3,1000000,3602.564398054,3602.217876814,0.0005026429009858314,0.0010106079831150021,0.0010111189141698887,1972
