seed,dimension,time,fw_time,primal,dual_gap,smallest_dual_gap,iterations
3,640000,3601.908442447,3601.55476677,0.0004402916823057072,0.0008888786360277985,0.0008892738756569371,2241
