seed,dimension,time,fw_time,primal,dual_gap,smallest_dual_gap,iterations
3,1000000,3602.480368787,3602.146641,0.0004983392246737254,0.0010020005279108757,0.001002502789220436,1989
