seed,dimension,time,fw_time,primal,dual_gap,smallest_dual_gap,iterations
2,1000000,3602.314992648,3601.945888566,0.0004933657286313372,0.0009920598456601324,0.0009925521832721599,2009
