seed,dimension,time,fw_time,primal,dual_gap,smallest_dual_gap,iterations
3,22500,3600.507389449,3600.283993718,6.910238089915873e-5,0.00030308969753005367,0.0003031286164889055,19927
