seed,dimension,time,fw_time,primal,dual_gap,smallest_dual_gap,iterations
4,160000,3600.888423607,3600.480016312,0.00047416849307816355,0.000981198340117334,0.000981680145029446,2029
