seed,dimension,time,fw_time,primal,dual_gap,smallest_dual_gap,iterations
1,90000,3602.560414834,3602.087992703,0.00015932965430092685,0.0003739116819677715,0.00037398208469200474,5311
