seed,dimension,time,fw_time,primal,dual_gap,smallest_dual_gap,iterations
1,40000,3602.468448979,3602.123958447,7.464283457559253e-5,0.00025410098596531704,0.0002541407709845057,7573
