seed,dimension,time,fw_time,primal,dual_gap,iterations
2,40000,3600.420362895,3600.35198621,7.698833744820741e-5,0.0002597910212055741,7416
