seed,dimension,time,fw_time,primal,dual_gap,iterations
4,810000,3601.732441673,3601.466706913,0.00048004139378874153,0.000966645278890429,2061
