seed,dimension,time,fw_time,primal,dual_gap,smallest_dual_gap,iterations
5,90000,3600.587608572,3600.459991424,0.00012018003462282818,0.00029460003719185095,0.00029464403363635986,6750
