seed,dimension,time,fw_time,primal,dual_gap,smallest_dual_gap,iterations
2,90000,3600.331102618,3600.152001927,0.00026020389686024,0.0005771124207830516,0.0005771130240156751,15217
