seed,dimension,time,fw_time,primal,dual_gap,smallest_dual_gap,iterations
5,490000,3601.869144723,3601.53598701,0.0004105542051346823,0.0008319289045633287,0.0008322751285824541,2403
