seed,dimension,time,fw_time,primal,dual_gap,smallest_dual_gap,iterations
1,360000,3603.767593255,3603.42794494,0.000359875627798727,0.0007344468958853381,0.0007347167228114649,2722
