seed,dimension,time,fw_time,primal,dual_gap,iterations
3,90000,3600.264379797,3600.199991546,0.00011212420045475967,0.00027820347824561106,7124
