seed,dimension,time,fw_time,primal,dual_gap,smallest_dual_gap,iterations
5,2500,1.170554247,1.169181814,6.175392538270019e-13,5.8584018829800634e-8,6.526004137462465e-8,13968
