seed,dimension,time,fw_time,primal,dual_gap,smallest_dual_gap,iterations
4,250000,3601.530997765,3601.325795112,0.00032590270044781806,0.0006728544049006113,0.0006730809140332076,2958
