seed,dimension,time,fw_time,primal,dual_gap,smallest_dual_gap,iterations
1,250000,3603.680453134,3603.243982436,0.0003353278963969099,0.0006917160021319217,0.0006919553789743032,2880
