seed,dimension,time,fw_time,primal,dual_gap,smallest_dual_gap,iterations
4,10000,3600.005034108,3600.000810484,4.004697263799135e-12,3.8312110766312425e-7,3.8312110766312425e-7,7736297
