seed,dimension,time,fw_time,primal,dual_gap,smallest_dual_gap,iterations
3,10000,15.974269186,15.971406853,1.9295142183042027e-12,9.846087903783948e-8,9.846087903783948e-8,51118
