seed,dimension,time,fw_time,primal,dual_gap,smallest_dual_gap,iterations
3,490000,3601.548090009,3601.247980979,0.00041055440033573037,0.0008319272533129877,0.0008322734792008304,2403
