seed,dimension,time,fw_time,primal,dual_gap,smallest_dual_gap,iterations
3,250000,3601.596392796,3601.526894757,0.00032134192739760446,0.0006636966592769606,0.0006639170289299227,3000
