seed,dimension,time,fw_time,primal,dual_gap,smallest_dual_gap,iterations
1,90000,3602.30571147,3601.863985279,0.00012099761677979733,0.0002962416516472422,0.0002962861718106616,6713
