seed,dimension,time,fw_time,primal,dual_gap,smallest_dual_gap,iterations
5,10000,14.763408977,14.760331589,1.8689911796104357e-12,9.400962974148748e-8,9.400923026761662e-8,51320
