seed,dimension,time,fw_time,primal,dual_gap,smallest_dual_gap,iterations
2,160000,3601.072418294,3600.999972227,0.00024762173350962316,0.0005276811072869042,0.0005278207143778108,3771
