seed,dimension,time,fw_time,primal,dual_gap,smallest_dual_gap,iterations
2,250000,3600.614074765,3600.443999038,0.000322649630516201,0.0006663490780492006,0.0006665712141302811,3000
