seed,dimension,time,fw_time,primal,dual_gap,smallest_dual_gap,iterations
1,40000,3600.526336861,3600.21344284,0.00011623541482925843,0.00034366510818605495,0.0003436762993263202,21383
