seed,dimension,time,fw_time,primal,dual_gap,smallest_dual_gap,iterations
4,360000,3600.825525508,3600.51200147,0.00036716795637470616,0.0007490241926225867,0.0007493048495441104,2669
