seed,dimension,time,fw_time,primal,dual_gap,smallest_dual_gap,iterations
1,10000,3601.212231286,3601.183837575,3.0254032312096964e-12,3.081358955402894e-7,3.081358955402894e-7,7364112
