seed,dimension,time,fw_time,primal,dual_gap,smallest_dual_gap,iterations
2,250000,3600.790968933,3600.661344016,0.00032077317255810875,0.0006625949213295868,0.0006628145508280789,3004
