seed,dimension,time,fw_time,primal,dual_gap,smallest_dual_gap,iterations
1,250000,3603.068433942,3602.700006556,0.00032077586811184107,0.0006626004342866567,0.0006628201326306885,3005
