seed,dimension,time,fw_time,primal,dual_gap,smallest_dual_gap,iterations
5,490000,3602.348360356,3602.110914502,0.0004140437667967639,0.0008389086070305016,0.0008392606557242125,2375
