seed,dimension,time,fw_time,primal,dual_gap,smallest_dual_gap,iterations
3,810000,3601.364381957,3601.014029092,0.0004646621113947538,0.0009358855857039653,0.0009363237354122307,2129
