seed,dimension,time,fw_time,primal,dual_gap,smallest_dual_gap,iterations
5,40000,3600.760380646,3600.691973164,7.804586015013948e-5,0.0002616329598748158,0.0002616732088816336,7363
