seed,dimension,time,fw_time,primal,dual_gap,smallest_dual_gap,iterations
1,160000,3603.388403544,3602.887988177,0.00016818929058836477,0.00036844916613465884,0.0003685173834504179,5404
