seed,dimension,time,fw_time,primal,dual_gap,smallest_dual_gap,iterations
4,90000,3600.984330597,3600.755994542,0.00015937544781341828,0.00037401164463154855,0.00037408197368762636,5311
