seed,dimension,time,fw_time,primal,dual_gap,smallest_dual_gap,iterations
2,90000,3600.30358788,3600.237755372,0.00011896635923066851,0.00029214295854285404,0.0002921862203057984,6805
