seed,dimension,time,fw_time,primal,dual_gap,smallest_dual_gap,iterations
3,40000,3600.688539674,3600.315996811,0.00011751521419970573,0.00034688500752287865,0.00034694227832287135,21276
