seed,dimension,time,fw_time,primal,dual_gap,smallest_dual_gap,iterations
4,640000,3601.356450743,3601.014737012,0.0004430717172435482,0.0008944446804391523,0.0008948448876353962,2228
