seed,dimension,time,fw_time,primal,dual_gap,smallest_dual_gap,iterations
4,490000,3601.060406145,3600.830611144,0.00038998724606621515,0.0007908065892386802,0.000791119425338255,2519
