seed,dimension,time,fw_time,primal,dual_gap,iterations
1,640000,3603.812417821,3603.355971846,0.00046489110225061107,0.0009380788026500263,2124
