seed,dimension,time,fw_time,primal,dual_gap,iterations
1,360000,3603.048387675,3602.691953756,0.0003582644917287838,0.0007312241913590951,2721
