seed,dimension,time,fw_time,primal,dual_gap,smallest_dual_gap,iterations
5,40000,3600.507467136,3600.287987419,0.00015087499455364558,0.0004168411150477261,0.00041692817606342285,19972
