seed,dimension,time,fw_time,primal,dual_gap,smallest_dual_gap,iterations
2,490000,3601.753179692,3601.379995082,0.0004308762629430472,0.000872582746037272,0.0008729636318132018,2291
