seed,dimension,time,fw_time,primal,dual_gap,smallest_dual_gap,iterations
3,10000,3600.002383712,3600.001000036,8.299565699881674e-12,4.6642698987237386e-7,4.6642698987237386e-7,9112691
