seed,dimension,time,fw_time,primal,dual_gap,smallest_dual_gap,iterations
3,250000,3601.965274178,3601.823035497,0.00032569307304833805,0.0006724024843656991,0.0006726286758891423,2973
