seed,dimension,time,fw_time,primal,dual_gap,smallest_dual_gap,iterations
4,10000,15.400323708,15.397979331,1.8818145553160958e-12,5.026304791156737e-8,9.60300025131302e-8,51288
