seed,dimension,time,fw_time,primal,dual_gap,smallest_dual_gap,iterations
2,40000,3600.670742091,3600.303995373,0.0001327452563234922,0.00037918107634566745,0.00037924997868746073,20412
