seed,dimension,time,fw_time,primal,dual_gap,smallest_dual_gap,iterations
2,90000,3600.795728918,3600.555976277,0.0003701223075276961,0.0007976731780576209,0.0007979764850600302,11682
