seed,dimension,time,fw_time,primal,dual_gap,iterations
5,1000000,3602.390972907,3602.037210471,0.00045271035659586476,0.0009107437914379411,2188
