seed,dimension,time,fw_time,primal,dual_gap,smallest_dual_gap,iterations
3,810000,3601.360376621,3601.030646941,0.0004681920682630971,0.0009429456309586133,0.0009433904197404208,2113
