seed,dimension,time,fw_time,primal,dual_gap,smallest_dual_gap,iterations
4,1000000,3601.309627024,3600.982769372,0.00048753633135462695,0.0009803890184245164,0.0009808698376510894,2033
