seed,dimension,time,fw_time,primal,dual_gap,smallest_dual_gap,iterations
4,90000,3600.692382811,3600.56323344,9.700044068262074e-5,0.0002472987074388696,0.0002473295780354716,7998
