seed,dimension,time,fw_time,primal,dual_gap,smallest_dual_gap,iterations
5,810000,3602.580358486,3602.310580423,0.0004631319891446261,0.0009328309109672313,0.0009332662043747111,2136
