seed,dimension,time,fw_time,primal,dual_gap,smallest_dual_gap,iterations
1,640000,3603.960497395,3603.467992857,0.00045582969918474844,0.0009199554660637217,0.0009203788400359948,2165
