seed,dimension,time,fw_time,primal,dual_gap,smallest_dual_gap,iterations
5,640000,3601.268428011,3600.930748662,0.0004402895833573115,0.0008888795885390787,0.0008892748310976965,2241
