seed,dimension,time,fw_time,primal,dual_gap,smallest_dual_gap,iterations
1,22500,3600.89126023,3600.691994996,0.0001935860756891657,0.0005840282161156488,0.0005840309319099312,12083
