seed,dimension,time,fw_time,primal,dual_gap,smallest_dual_gap,iterations
5,810000,3603.079705163,3602.754975352,0.000486669751957469,0.0009799073285377314,0.0009803876851188413,2040
