seed,dimension,time,fw_time,primal,dual_gap,smallest_dual_gap,iterations
5,1000000,3602.596390541,3602.224106401,0.0004953446739240111,0.000996013481448628,0.0009965097515251895,2001
