seed,dimension,time,fw_time,primal,dual_gap,smallest_dual_gap,iterations
3,490000,3602.278983559,3602.040041647,0.0004151022590113856,0.0008410237432829662,0.0008413775681153852,2370
