seed,dimension,time,fw_time,primal,dual_gap,smallest_dual_gap,iterations
5,250000,3600.984142754,3600.907985659,0.00032321625585927135,0.0006674644955977558,0.0006676874100567737,2995
