seed,dimension,time,fw_time,primal,dual_gap,smallest_dual_gap,iterations
4,40000,3600.832010838,3600.591990991,9.179002769232959e-5,0.0002916604358495434,0.0002917086120615143,6664
