seed,dimension,time,fw_time,primal,dual_gap,smallest_dual_gap,iterations
5,1000000,3602.144394445,3601.830127322,0.0004965878230333635,0.0009984998140962703,0.0009989985669870125,1996
