seed,dimension,time,fw_time,primal,dual_gap,smallest_dual_gap,iterations
5,22500,3600.31154624,3600.159989302,6.529502385748797e-5,0.0002923172450016145,0.00029233366423379035,20450
