seed,dimension,time,fw_time,primal,dual_gap,iterations
3,1000000,3602.492402692,3602.194630706,0.00045250370515840187,0.0009103284327530048,2189
