seed,dimension,time,fw_time,primal,dual_gap,smallest_dual_gap,iterations
3,10000,13.236720969,13.233508664,1.9295142183042027e-12,9.846087903783948e-8,9.846087903783948e-8,51118
