seed,dimension,time,fw_time,primal,dual_gap,smallest_dual_gap,iterations
3,810000,3602.40441242,3602.122852716,0.0004869122049433134,0.0009803865350558462,0.0009808673553960985,2033
