seed,dimension,time,fw_time,primal,dual_gap,smallest_dual_gap,iterations
1,640000,3603.026091948,3602.506616031,0.0004624835466112551,0.0009332635735053841,0.0009336992717141179,2142
