seed,dimension,time,fw_time,primal,dual_gap,smallest_dual_gap,iterations
3,62500,3600.710168899,3600.439994415,0.00026845393424882586,0.0006169599237773545,0.0006169594578065448,12879
