seed,dimension,time,fw_time,primal,dual_gap,smallest_dual_gap,iterations
1,490000,3603.46842315,3603.049832734,0.0004133394850240644,0.0008375041905524768,0.0008378550647233514,2380
