seed,dimension,time,fw_time,primal,dual_gap,iterations
2,490000,3602.404398105,3602.239198767,0.0004035752281417303,0.0008179769591067913,2436
