seed,dimension,time,fw_time,primal,dual_gap,smallest_dual_gap,iterations
3,160000,3601.66041682,3601.36799184,0.00046967695107282627,0.0009721353379824268,0.0009726082334492553,2049
