seed,dimension,time,fw_time,primal,dual_gap,iterations
4,250000,3600.850940221,3600.705770515,0.00031794630736831737,0.000656935201271512,3030
