seed,dimension,time,fw_time,primal,dual_gap,iterations
4,40000,3600.492308158,3600.339990936,6.784021144961192e-5,0.0002387592337771032,8018
