seed,dimension,time,fw_time,primal,dual_gap,smallest_dual_gap,iterations
3,22500,3600.531757958,3600.243984815,0.00018960771832594072,0.0005763945072751259,0.0005763969563840449,12386
