seed,dimension,time,fw_time,primal,dual_gap,smallest_dual_gap,iterations
3,160000,3600.956289914,3600.879994674,0.0001824867755766534,0.00039706236661555194,0.00039714149016104223,5017
