seed,dimension,time,fw_time,primal,dual_gap,iterations
3,10000,3600.004059111,3600.000892315,8.299565699881674e-12,4.6642698987237386e-7,8927923
