seed,dimension,time,fw_time,primal,dual_gap,smallest_dual_gap,iterations
4,360000,3602.197869628,3602.003992556,0.0003768072405865598,0.0007683057823973073,0.0007686010768476114,2592
