seed,dimension,time,fw_time,primal,dual_gap,iterations
5,250000,3600.864387956,3600.635242789,0.00031968986110076525,0.0006604087478253193,3014
