seed,dimension,time,fw_time,primal,dual_gap,smallest_dual_gap,iterations
1,160000,3603.288579022,3602.691954692,0.00046941372375769105,0.0009716760997579795,0.0009721486778205609,2047
