seed,dimension,time,fw_time,primal,dual_gap,smallest_dual_gap,iterations
1,160000,3602.564396476,3602.247992151,0.00019092058707960002,0.0004140519714079135,0.0004141378933967276,4810
