seed,dimension,time,fw_time,primal,dual_gap,smallest_dual_gap,iterations
3,250000,3600.512423272,3600.375990734,0.0003517577356529822,0.0007245510682290828,0.0007248136926952078,2746
