seed,dimension,time,fw_time,primal,dual_gap,smallest_dual_gap,iterations
2,640000,3601.544452598,3601.274430456,0.0004503870952223227,0.0009090809100187628,0.0009094943195987386,2192
