seed,dimension,time,fw_time,primal,dual_gap,smallest_dual_gap,iterations
5,90000,3600.473293414,3600.203996322,0.00023957345212878862,0.0005355909370374737,0.0005355910385716925,18046
