seed,dimension,time,fw_time,primal,dual_gap,smallest_dual_gap,iterations
5,360000,3600.900360453,3600.674426013,0.00036730899460751424,0.0007493057971226648,0.000749586648214165,2660
