seed,dimension,time,fw_time,primal,dual_gap,smallest_dual_gap,iterations
5,10000,3600.002578855,3600.00090137,7.75781842613426e-12,4.6012438117228134e-7,4.6012438117228134e-7,8901100
