seed,dimension,time,fw_time,primal,dual_gap,iterations
3,360000,3601.940407251,3601.787156752,0.00035680736099230213,0.0007282907748605023,2735
