seed,dimension,time,fw_time,primal,dual_gap,smallest_dual_gap,iterations
2,640000,3601.436409224,3601.182581898,0.00044935640259990826,0.0009070194800716209,0.000907431018409279,2197
