seed,dimension,time,fw_time,primal,dual_gap,smallest_dual_gap,iterations
2,90000,3600.540319748,3600.467992996,0.00016302596190873817,0.00038146130020634707,0.00038153459506542873,5209
