seed,dimension,time,fw_time,primal,dual_gap,smallest_dual_gap,iterations
1,62500,3600.665673113,3600.321371346,0.00021537023969763814,0.000509719594672318,0.0005097341788300615,19155
