seed,dimension,time,fw_time,primal,dual_gap,smallest_dual_gap,iterations
5,160000,3600.488255456,3600.334178476,0.00018121033514924948,0.0003945646141172583,0.0003946425458039861,5050
