seed,dimension,time,fw_time,primal,dual_gap,smallest_dual_gap,iterations
3,40000,3600.666775119,3600.471994843,0.0002317102093899731,0.0005838652364183673,0.0005838646526821162,13475
