seed,dimension,time,fw_time,primal,dual_gap,smallest_dual_gap,iterations
3,360000,3601.091676488,3600.854543762,0.00036773387186320915,0.0007501473339344965,0.0007504288337432048,2665
