seed,dimension,time,fw_time,primal,dual_gap,smallest_dual_gap,iterations
2,40000,3600.500379878,3600.43599583,6.302339652492373e-5,0.00022853275652603777,0.0002285628005865688,8352
