seed,dimension,time,fw_time,primal,dual_gap,smallest_dual_gap,iterations
3,90000,3600.351732029,3600.167986008,0.00024015661380280903,0.0005367056878811755,0.0005367164553200992,17945
