seed,dimension,time,fw_time,primal,dual_gap,iterations
4,360000,3601.892396555,3601.594668357,0.00035693595417131597,0.0007285567287404188,2729
