seed,dimension,time,fw_time,primal,dual_gap,smallest_dual_gap,iterations
3,810000,3601.535816457,3601.194896683,0.00048956971866873,0.0009857016518744677,0.0009861877181504368,2028
