seed,dimension,time,fw_time,primal,dual_gap,smallest_dual_gap,iterations
1,640000,3602.736400791,3602.307988955,0.0004503936460665456,0.0009090829897972232,0.0009094963996486795,2192
