seed,dimension,time,fw_time,primal,dual_gap,smallest_dual_gap,iterations
1,40000,3602.636008444,3602.227989375,8.021214277399594e-5,0.0002664545686433521,0.00026649261382934966,7264
