seed,dimension,time,fw_time,primal,dual_gap,smallest_dual_gap,iterations
2,360000,3602.056417704,3601.707987945,0.0003648006740203226,0.0007442838201660354,0.0007445609619679106,2678
