seed,dimension,time,fw_time,primal,dual_gap,smallest_dual_gap,iterations
1,810000,3603.594007193,3603.270296953,0.0004845216994380574,0.0009756058702064501,0.000976082024776503,2049
