seed,dimension,time,fw_time,primal,dual_gap,smallest_dual_gap,iterations
2,160000,3603.384403466,3602.863997086,0.00046082466485070946,0.0009544936476891851,0.0009549495218142585,2085
