seed,dimension,time,fw_time,primal,dual_gap,smallest_dual_gap,iterations
3,10000,3600.002693069,3600.001361819,8.299565699881674e-12,4.6642698987237386e-7,4.6642698987237386e-7,8974102
