seed,dimension,time,fw_time,primal,dual_gap,smallest_dual_gap,iterations
4,10000,3600.00220107,3600.000935951,4.004697263799135e-12,3.8312110766312425e-7,3.8312110766312425e-7,7568706
