seed,dimension,time,fw_time,primal,dual_gap,smallest_dual_gap,iterations
1,1000000,3602.596409891,3601.967434418,0.000494356311531189,0.0009940336486626306,0.0009945279486024564,2005
