seed,dimension,time,fw_time,primal,dual_gap,smallest_dual_gap,iterations
3,40000,3600.592379895,3600.527987935,6.530533448404945e-5,0.00023339275095203224,0.00023342287114888692,8184
