seed,dimension,time,fw_time,primal,dual_gap,smallest_dual_gap,iterations
4,40000,3600.344369372,3600.270806624,7.092079723452077e-5,0.00024574510671116596,0.0002457806178615383,7806
