seed,dimension,time,fw_time,primal,dual_gap,smallest_dual_gap,iterations
5,640000,3600.964385602,3600.660081772,0.0004285585025895845,0.0008654166196370365,0.0008657912807338681,2303
