seed,dimension,time,fw_time,primal,dual_gap,smallest_dual_gap,iterations
3,160000,3600.81100107,3600.655984393,0.0001955092766812636,0.00042318438824757976,0.0004232741873041483,4721
