seed,dimension,time,fw_time,primal,dual_gap,smallest_dual_gap,iterations
4,160000,3600.737799724,3600.48398346,0.00020308130321932113,0.0004384276918576908,0.0004385240664684446,4557
