seed,dimension,time,fw_time,primal,dual_gap,smallest_dual_gap,iterations
3,250000,3601.289869001,3600.995984553,0.0003218934594507609,0.0006648002062880521,0.000665021309594312,2992
