seed,dimension,time,fw_time,primal,dual_gap,smallest_dual_gap,iterations
3,490000,3602.072402124,3601.810903589,0.0004061038669483902,0.000823025599322753,0.0008233644639883467,2421
