seed,dimension,time,fw_time,primal,dual_gap,smallest_dual_gap,iterations
2,810000,3601.924394583,3601.591208329,0.0004765581550640648,0.0009596869703134924,0.0009601476982438062,2076
