seed,dimension,time,fw_time,primal,dual_gap,iterations
5,90000,3600.652365294,3600.579988355,0.00010975039591780142,0.0002733701472716815,7253
