seed,dimension,time,fw_time,primal,dual_gap,iterations
2,10000,3600.016957441,3600.015361121,5.0583562790277404e-12,3.6776039600440474e-7,8215852
