seed,dimension,time,fw_time,primal,dual_gap,smallest_dual_gap,iterations
5,90000,3600.744311098,3600.591994497,0.00016300045809339092,0.00038136093147945734,0.0003814341551807548,5213
