seed,dimension,time,fw_time,primal,dual_gap,iterations
1,1000000,3602.960373399,3602.471340515,0.00046484674010948345,0.000935013900858686,2132
