seed,dimension,time,fw_time,primal,dual_gap,smallest_dual_gap,iterations
5,640000,3601.828417022,3601.522957378,0.00043950087859290503,0.0008873021314106825,0.0008876959790074332,2246
