seed,dimension,time,fw_time,primal,dual_gap,smallest_dual_gap,iterations
2,810000,3602.144388211,3601.886423583,0.00047290222763159926,0.0009523749194565203,0.000952828673820056,2093
