seed,dimension,time,fw_time,primal,dual_gap,smallest_dual_gap,iterations
2,810000,3601.580371144,3601.233566537,0.0004944715722348406,0.000995514456733584,0.0009960102329048756,2002
