seed,dimension,time,fw_time,primal,dual_gap,smallest_dual_gap,iterations
4,250000,3600.716406753,3600.570947292,0.00032556349315506427,0.0006721756407111785,0.0006724016615925846,2958
