seed,dimension,time,fw_time,primal,dual_gap,smallest_dual_gap,iterations
2,640000,3601.408403284,3601.039582731,0.00042780760070115195,0.0008639205156049435,0.0008642938650027006,2307
