seed,dimension,time,fw_time,primal,dual_gap,smallest_dual_gap,iterations
4,90000,3600.525349152,3600.243992253,0.00035913064431222585,0.0007754829189705999,0.0007757639889359746,11730
