seed,dimension,time,fw_time,primal,dual_gap,smallest_dual_gap,iterations
3,1000000,3601.360417703,3600.93814412,0.0005206233118689485,0.0010465692342781301,0.0010471171814762383,1904
