seed,dimension,time,fw_time,primal,dual_gap,smallest_dual_gap,iterations
1,160000,3602.9804379,3602.455999615,0.00020804764660110805,0.00044839268548623737,0.0004484936426839532,4438
