seed,dimension,time,fw_time,primal,dual_gap,smallest_dual_gap,iterations
5,250000,3601.214928427,3600.985512962,0.0003158107366809051,0.0006526472514720838,0.0006528603347480226,3052
