seed,dimension,time,fw_time,primal,dual_gap,smallest_dual_gap,iterations
5,810000,3601.704376912,3601.345989626,0.00046796756304963677,0.0009425022749998342,0.0009429466426125832,2114
