seed,dimension,time,fw_time,primal,dual_gap,smallest_dual_gap,iterations
3,490000,3601.375776696,3600.835994673,0.00046963801190303106,0.0009501020997461502,0.0009505537180785976,2097
