seed,dimension,time,fw_time,primal,dual_gap,iterations
4,10000,3600.004143591,3600.000859889,4.004697263799135e-12,3.8312110766312425e-7,7826845
