seed,dimension,time,fw_time,primal,dual_gap,iterations
1,90000,3602.660409156,3602.127968885,0.0001069984457141448,0.00026772056360486204,7400
