seed,dimension,time,fw_time,primal,dual_gap,smallest_dual_gap,iterations
5,90000,3600.79341675,3600.463990561,0.00032025722176149356,0.0006975466116649747,0.0006977522619176618,12284
