seed,dimension,time,fw_time,primal,dual_gap,smallest_dual_gap,iterations
3,90000,3601.126903867,3600.898535089,0.0001596631081664761,0.00037457318578287206,0.00037464379569407337,5304
