seed,dimension,time,fw_time,primal,dual_gap,smallest_dual_gap,iterations
2,250000,3601.284411077,3601.138844756,0.0003164402968696374,0.0006539252998385847,0.0006541393474795059,3043
