seed,dimension,time,fw_time,primal,dual_gap,smallest_dual_gap,iterations
1,40000,3602.71640826,3602.288010593,6.81469581788039e-5,0.00023949734335914044,0.00023952828662497628,8006
