seed,dimension,time,fw_time,primal,dual_gap,smallest_dual_gap,iterations
1,810000,3603.060405831,3602.52278547,0.0004765633352902425,0.0009596889143720463,0.0009601496396258334,2076
