seed,dimension,time,fw_time,primal,dual_gap,iterations
1,40000,3602.500411683,3601.999961396,9.717696408107023e-5,0.00030342426253835575,6405
