seed,dimension,time,fw_time,primal,dual_gap,smallest_dual_gap,iterations
1,62500,3600.718024611,3600.451993077,0.0003350620573337611,0.000751061079049568,0.0007513206788569093,11590
