seed,dimension,time,fw_time,primal,dual_gap,smallest_dual_gap,iterations
4,90000,3600.319478544,3600.251993829,0.0002477299239183321,0.0005519275178158523,0.0005519904903500395,16769
