seed,dimension,time,fw_time,primal,dual_gap,smallest_dual_gap,iterations
5,40000,3600.75606768,3600.611991407,7.778971532022445e-5,0.0002610682736380478,0.0002611041606634194,7398
