seed,dimension,time,fw_time,primal,dual_gap,smallest_dual_gap,iterations
4,40000,3600.556409133,3600.411994955,7.057467255709706e-5,0.00024495966081771565,0.0002449927453868688,7830
