seed,dimension,time,fw_time,primal,dual_gap,smallest_dual_gap,iterations
3,640000,3601.94440317,3601.60660595,0.00044956753739248294,0.0009074310345351986,0.0009078429419455566,2195
