seed,dimension,time,fw_time,primal,dual_gap,smallest_dual_gap,iterations
2,810000,3602.50448582,3602.170339173,0.00048523138556186485,0.0009770337287213673,0.0009775112699222056,2040
