seed,dimension,time,fw_time,primal,dual_gap,smallest_dual_gap,iterations
5,90000,3600.256361244,3600.180583607,0.0001050281231637649,0.00026372647353792474,0.0002637619048804066,7511
