seed,dimension,time,fw_time,primal,dual_gap,smallest_dual_gap,iterations
1,640000,3602.592466769,3602.018535397,0.0004332938233957115,0.0008748822101172389,0.0008752650913862057,2279
