seed,dimension,time,fw_time,primal,dual_gap,smallest_dual_gap,iterations
2,40000,3600.340395113,3600.267987652,6.993036953162946e-5,0.0002441577505143697,0.00024419039953760155,7857
