seed,dimension,time,fw_time,primal,dual_gap,smallest_dual_gap,iterations
1,1000000,3602.48843205,3602.108008944,0.0005065033385578614,0.0010183279349914528,0.0010188466982101786,1957
