seed,dimension,time,fw_time,primal,dual_gap,smallest_dual_gap,iterations
1,250000,3602.778261455,3602.355985558,0.0003163360521629707,0.0006537165219844103,0.000653930338597319,3058
