seed,dimension,time,fw_time,primal,dual_gap,smallest_dual_gap,iterations
4,40000,3600.544295701,3600.351995473,6.323467355315055e-5,0.0002282743111933144,0.0002283025153290713,8351
