seed,dimension,time,fw_time,primal,dual_gap,smallest_dual_gap,iterations
2,40000,3600.568024763,3600.499992264,7.857879131816063e-5,0.00026331939010833266,0.0002633591549455413,7339
