seed,dimension,time,fw_time,primal,dual_gap,smallest_dual_gap,iterations
1,90000,3602.68840983,3602.227991257,0.0001102673183157283,0.0002743807925228789,0.0002744189171437108,7224
