seed,dimension,time,fw_time,primal,dual_gap,smallest_dual_gap,iterations
3,360000,3601.532393579,3601.387994505,0.00036301098091842486,0.0007407001234624458,0.0007409745764767324,2690
