seed,dimension,time,fw_time,primal,dual_gap,smallest_dual_gap,iterations
1,810000,3603.708468098,3603.275994916,0.0004781805222647076,0.0009629233288991017,0.0009633871791979321,2070
