seed,dimension,time,fw_time,primal,dual_gap,smallest_dual_gap,iterations
2,90000,3600.568411044,3600.495994097,0.00013169415790888263,0.00031800789311593595,0.0003180603085154713,6240
