seed,dimension,time,fw_time,primal,dual_gap,iterations
5,640000,3601.752397252,3601.494571929,0.0004418754359128661,0.0008920513868193792,2234
