seed,dimension,time,fw_time,primal,dual_gap,smallest_dual_gap,iterations
2,10000,3600.002353797,3600.000877562,5.0583562790277404e-12,3.6776039600440474e-7,3.6776039600440474e-7,8127206
