seed,dimension,time,fw_time,primal,dual_gap,smallest_dual_gap,iterations
1,40000,3602.079539981,3601.655969497,0.00011519711024923837,0.0003414523016120293,0.00034150232555134357,21452
