seed,dimension,time,fw_time,primal,dual_gap,smallest_dual_gap,iterations
4,62500,3600.558183404,3600.231998512,0.00026243274464749346,0.0006047591761116732,0.0006047592077319872,13308
