seed,dimension,time,fw_time,primal,dual_gap,smallest_dual_gap,iterations
1,90000,3600.665343649,3600.365427134,0.00033072199828102666,0.0007185444241928436,0.000718769980296743,12122
