seed,dimension,time,fw_time,primal,dual_gap,smallest_dual_gap,iterations
4,62500,3600.493978356,3600.211977747,0.0002118472677761753,0.0005026680354566105,0.0005027122068435407,19710
