seed,dimension,time,fw_time,primal,dual_gap,smallest_dual_gap,iterations
2,22500,3600.603522276,3600.379991949,0.00017427499230802463,0.0005433725580572584,0.0005434241158978266,13570
