seed,dimension,time,fw_time,primal,dual_gap,smallest_dual_gap,iterations
4,250000,3601.854126639,3601.547994343,0.0003226521124640432,0.000666350500757245,0.000666572675365893,3000
