seed,dimension,time,fw_time,primal,dual_gap,smallest_dual_gap,iterations
4,40000,3600.69636965,3600.623990342,8.736776032107935e-5,0.00028208297703276395,0.00028212869606443827,6864
