seed,dimension,time,fw_time,primal,dual_gap,smallest_dual_gap,iterations
3,810000,3601.232464603,3600.958050809,0.00048547469630400556,0.0009775114693876723,0.0009779894727645962,2039
