seed,dimension,time,fw_time,primal,dual_gap,smallest_dual_gap,iterations
1,90000,3602.764353191,3602.183986628,0.00012573184325130696,0.0003058532982736215,0.00030590131541696915,6484
