seed,dimension,time,fw_time,primal,dual_gap,smallest_dual_gap,iterations
3,90000,3600.440906977,3600.187976063,0.0002912273609703637,0.0006392505363494957,0.000639398458782066,12784
