seed,dimension,time,fw_time,primal,dual_gap,smallest_dual_gap,iterations
2,40000,3600.45156878,3600.19599938,0.0002213725421889344,0.0005628289968637779,0.0005628815555919853,14464
