seed,dimension,time,fw_time,primal,dual_gap,smallest_dual_gap,iterations
5,160000,3600.72437632,3600.543091911,0.0001592859809565573,0.00035057124392674544,0.0003506328796334044,5677
