seed,dimension,time,fw_time,primal,dual_gap,iterations
3,40000,3601.060391093,3600.931215044,7.601850225361092e-5,0.00025753641933922735,7481
