seed,dimension,time,fw_time,primal,dual_gap,smallest_dual_gap,iterations
1,40000,3602.656381053,3602.224006616,8.062177152149827e-5,0.0002673623370755896,0.000267399451675457,7224
