seed,dimension,time,fw_time,primal,dual_gap,smallest_dual_gap,iterations
4,490000,3601.916361177,3601.638945695,0.0004129830043936457,0.000836801869769302,0.0008371521482200312,2381
