seed,dimension,time,fw_time,primal,dual_gap,smallest_dual_gap,iterations
5,1000000,3602.68837027,3602.374118958,0.0005036657802943954,0.0010126558951074108,0.0010131688934950373,1968
