seed,dimension,time,fw_time,primal,dual_gap,smallest_dual_gap,iterations
4,160000,3601.256526678,3600.79198644,0.0002078943324282924,0.0004480786583852404,0.00044817918897965456,4443
