seed,dimension,time,fw_time,primal,dual_gap,smallest_dual_gap,iterations
2,490000,3601.524353435,3601.215994877,0.00041527510417072884,0.0008413782474446794,0.0008417324368006672,2368
