seed,dimension,time,fw_time,primal,dual_gap,smallest_dual_gap,iterations
1,360000,3602.984425497,3602.587077599,0.00036382846839567594,0.0007423536353949234,0.0007426293395703836,2684
