seed,dimension,time,fw_time,primal,dual_gap,smallest_dual_gap,iterations
2,160000,3601.524391404,3601.450204923,0.00019879813242950514,0.00042983051715266967,0.0004299231377850268,4631
