seed,dimension,time,fw_time,primal,dual_gap,smallest_dual_gap,iterations
2,490000,3600.900671259,3600.570808703,0.0004100319013719015,0.0008308910945032716,0.0008312364402528521,2398
