seed,dimension,time,fw_time,primal,dual_gap,smallest_dual_gap,iterations
4,490000,3602.093922312,3601.719832994,0.00047533985306857094,0.0009615229302389882,0.0009619854297386058,2072
