seed,dimension,time,fw_time,primal,dual_gap,smallest_dual_gap,iterations
2,490000,3602.680416437,3602.347941213,0.000518957037009485,0.001048753469715056,0.0010493037167330415,1900
