seed,dimension,time,fw_time,primal,dual_gap,smallest_dual_gap,iterations
4,1000000,3601.25234816,3600.878142391,0.0005018810322710152,0.0010090787413352216,0.0010095881221569881,1975
