seed,dimension,time,fw_time,primal,dual_gap,smallest_dual_gap,iterations
5,90000,3600.760347305,3600.599995305,0.00013025159955565817,0.0003150765395319923,0.000315126429156476,6296
