seed,dimension,time,fw_time,primal,dual_gap,smallest_dual_gap,iterations
2,360000,3600.800403037,3600.569028927,0.00036647000499613223,0.0007476228801600659,0.0007479025221137534,2667
