seed,dimension,time,fw_time,primal,dual_gap,smallest_dual_gap,iterations
2,40000,3600.363911864,3600.223977986,0.00016005482680016926,0.0004365792374958474,0.00043667888628229156,19722
