seed,dimension,time,fw_time,primal,dual_gap,smallest_dual_gap,iterations
3,90000,3600.431511764,3600.279989788,0.0002447788845145564,0.0005459941509853275,0.0005459946182580896,17257
