seed,dimension,time,fw_time,primal,dual_gap,smallest_dual_gap,iterations
1,1000000,3603.591028269,3603.026544715,0.0005120063869525474,0.001029334125393046,0.0010298641748150658,1936
