seed,dimension,time,fw_time,primal,dual_gap,smallest_dual_gap,iterations
3,40000,3600.636021467,3600.422793687,8.711507010418658e-5,0.0002819779482956433,0.00028202410447415857,6884
