seed,dimension,time,fw_time,primal,dual_gap,smallest_dual_gap,iterations
5,360000,3601.217841365,3601.043989136,0.0003746070674096074,0.0007639042883385838,0.0007641962033368998,2609
