seed,dimension,time,fw_time,primal,dual_gap,iterations
2,640000,3602.016390219,3601.751207686,0.0004452799560776197,0.0008988663737642264,2217
