seed,dimension,time,fw_time,primal,dual_gap,smallest_dual_gap,iterations
4,1000000,3601.579752768,3601.25396074,0.0005057285506473288,0.00101677386957633,0.0010172910495088868,1966
