seed,dimension,time,fw_time,primal,dual_gap,smallest_dual_gap,iterations
5,160000,3601.080417684,3600.739992813,0.0004689520815915848,0.0009707264158353449,0.0009711979047743622,2052
