seed,dimension,time,fw_time,primal,dual_gap,smallest_dual_gap,iterations
5,250000,3600.772333141,3600.627988244,0.00030933951680799375,0.0006396996338358667,0.0006399044089631315,3108
