seed,dimension,time,fw_time,primal,dual_gap,smallest_dual_gap,iterations
2,250000,3601.352313077,3601.055960617,0.00031805177273336343,0.0006571496350595478,0.0006573656917632204,3031
