seed,dimension,time,fw_time,primal,dual_gap,smallest_dual_gap,iterations
3,490000,3601.812383619,3601.5790944,0.0003893708579543549,0.0007895566738395359,0.0007898685088806085,2524
