seed,dimension,time,fw_time,primal,dual_gap,smallest_dual_gap,iterations
4,250000,3601.102929702,3600.957485312,0.00031957268888332013,0.0006601893525752499,0.000660407443977562,3012
