seed,dimension,time,fw_time,primal,dual_gap,smallest_dual_gap,iterations
2,360000,3600.904416609,3600.670850574,0.0003760727909020253,0.0007668312864402023,0.0007671254354925727,2599
