seed,dimension,time,fw_time,primal,dual_gap,smallest_dual_gap,iterations
2,1000000,3601.59094346,3601.297441468,0.00048585382362800305,0.0009770358779521684,0.000977513412631493,2040
