seed,dimension,time,fw_time,primal,dual_gap,smallest_dual_gap,iterations
1,490000,3602.916426702,3602.499996769,0.00038905738053126036,0.0007889363405331089,0.0007892476923440508,2527
