seed,dimension,time,fw_time,primal,dual_gap,smallest_dual_gap,iterations
2,1000000,3601.760392517,3601.390942117,0.0005008586011193375,0.001007045757258372,0.0010075530879563,1979
