seed,dimension,time,fw_time,primal,dual_gap,smallest_dual_gap,iterations
5,490000,3601.306966343,3601.114551581,0.00041246624527841623,0.0008357533075191082,0.0008361027340132262,2385
