seed,dimension,time,fw_time,primal,dual_gap,smallest_dual_gap,iterations
4,490000,3601.768379691,3601.523988935,0.00041438818290033584,0.0008396124107769578,0.0008399650521889971,2374
