seed,dimension,time,fw_time,primal,dual_gap,iterations
3,640000,3601.288394497,3601.03059342,0.00046357357910119663,0.0009354440612136841,2130
