seed,dimension,time,fw_time,primal,dual_gap,smallest_dual_gap,iterations
3,360000,3601.421857564,3601.127991672,0.0003769588891663333,0.0007686005176196957,0.0007688960372765963,2593
