seed,dimension,time,fw_time,primal,dual_gap,smallest_dual_gap,iterations
1,90000,3600.976048876,3600.742549182,0.00024442275311473285,0.0005453579342770505,0.0005455007821427887,3780
