seed,dimension,time,fw_time,primal,dual_gap,smallest_dual_gap,iterations
4,90000,3602.406499529,3601.943953249,0.0002489688218278717,0.0005544335429652342,0.0005545791847302769,3714
