seed,dimension,time,fw_time,primal,dual_gap,smallest_dual_gap,iterations
3,40000,3603.238606337,3602.766538452,0.00020571690261581897,0.0005307663481350511,0.0005309087105588047,3866
