seed,dimension,time,fw_time,primal,dual_gap,smallest_dual_gap,iterations
2,40000,3600.994458021,3600.691992322,0.0002013065361883263,0.0005218557183854481,0.0005219909464164065,3934
