seed,dimension,time,fw_time,primal,dual_gap,smallest_dual_gap,iterations
2,10000,3601.22733348,3601.196392184,4.6092724177991837e-5,0.0003638906779711627,0.0003638908425738941,11789413
