seed,dimension,time,fw_time,primal,dual_gap,smallest_dual_gap,iterations
5,40000,3602.484080112,3602.068005442,0.00020452615438204717,0.0005280174199118008,0.0005281544340264079,3887
