seed,dimension,time,fw_time,primal,dual_gap,smallest_dual_gap,iterations
1,40000,3601.238760355,3601.036000325,0.0002037675248457886,0.0005262449887921343,0.0005263796286077854,3901
