seed,dimension,time,fw_time,primal,dual_gap,smallest_dual_gap,iterations
4,40000,3601.31874127,3601.114498843,0.000202364139120014,0.0005236080523987246,0.0005237443228379606,3920
