seed,dimension,time,fw_time,primal,dual_gap,smallest_dual_gap,iterations
1,10000,3600.002793836,3600.000887942,6.087362287955105e-5,0.0004159394107532765,0.0004159393970916787,9355502
