seed,dimension,time,fw_time,primal,dual_gap,smallest_dual_gap,iterations
4,10000,3600.003331929,3600.001040244,5.978583149376636e-5,0.00041216100801660114,0.0004121610020444593,8874069
