seed,dimension,time,fw_time,primal,dual_gap,smallest_dual_gap,iterations
5,10000,3601.213313184,3601.183760843,4.679031702312825e-5,0.0003660467000749692,0.0003660466514050915,11791878
