seed,dimension,time,fw_time,primal,dual_gap,smallest_dual_gap,iterations
2,2500,3600.002815439,3600.000584609,8.397915647808952e-6,0.00040151396655760657,0.0004015140120767649,35954594
