seed,dimension,time,fw_time,primal,dual_gap,smallest_dual_gap,iterations
3,90000,3603.259348131,3602.72799411,0.00024985690914136805,0.000556212707788906,0.0005563591237485489,3701
