seed,dimension,time,fw_time,primal,dual_gap,smallest_dual_gap,iterations
4,62500,3601.53245507,3601.294506349,0.0002289829674149763,0.0005373415007986294,0.0005374805499022924,3833
