seed,dimension,time,fw_time,primal,dual_gap,smallest_dual_gap,iterations
5,2500,3600.002860756,3600.000665358,8.337396319957616e-6,0.000398369481147569,0.0003984411864060601,25254784
