seed,dimension,time,fw_time,primal,dual_gap,smallest_dual_gap,iterations
3,22500,3600.851205047,3600.637406123,0.00014550216110346826,0.00048087124208333755,0.0004808804003436479,4286
