seed,dimension,time,fw_time,primal,dual_gap,smallest_dual_gap,iterations
1,40000,3602.644186929,3602.183974539,0.00019772032914107176,0.0005138605076197329,0.0005139914441097106,3998
