seed,dimension,time,fw_time,primal,dual_gap,smallest_dual_gap,iterations
3,2500,3600.002891341,3600.000665822,9.64118831941759e-6,0.0004327857297135796,0.00043278567627841265,19364044
