seed,dimension,time,fw_time,primal,dual_gap,smallest_dual_gap,iterations
4,90000,3601.74173563,3601.388763353,0.0002449296276698637,0.0005463192090050195,0.0005464623181969645,3773
