seed,dimension,time,fw_time,primal,dual_gap,smallest_dual_gap,iterations
1,90000,3602.335509835,3601.923992917,0.00025035708159923316,0.0005572848339925883,0.0005574316564769125,3693
