seed,dimension,time,fw_time,primal,dual_gap,smallest_dual_gap,iterations
2,40000,3602.451960996,3601.926014886,0.00020572489162490364,0.0005309052684607387,0.0005310444792367409,3865
