seed,dimension,time,fw_time,primal,dual_gap,smallest_dual_gap,iterations
5,22500,3600.663193926,3600.51998293,0.0001465213717458635,0.0004822577682423862,0.00048226686555779777,4269
