seed,dimension,time,fw_time,primal,dual_gap,smallest_dual_gap,iterations
5,40000,3601.099564841,3600.927986572,0.00020305270226499773,0.0005250017674633447,0.0005250120474075253,3910
