seed,dimension,time,fw_time,primal,dual_gap,smallest_dual_gap,iterations
2,22500,3600.835229087,3600.559988581,0.0001452295389061004,0.0004801196256581212,0.000480128818470305,4302
