seed,dimension,time,fw_time,primal,dual_gap,smallest_dual_gap,iterations
1,2500,3600.002919348,3600.000583059,9.671670985041844e-6,0.00041041177456618166,0.000410338910946935,25219288
