seed,dimension,time,fw_time,primal,dual_gap,smallest_dual_gap,iterations
2,10000,3600.003077453,3600.000786564,4.6092724177991837e-5,0.0003638906779711627,0.00036389084257389413,9361749
