seed,dimension,time,fw_time,primal,dual_gap,smallest_dual_gap,iterations
5,10000,3600.027809997,3600.025930948,4.679026835325055e-5,0.0003660466514050915,0.0003660467000749692,9101633
