seed,dimension,time,fw_time,primal,dual_gap,smallest_dual_gap,iterations
5,62500,3600.925922858,3600.553438864,0.00023069434324680125,0.0005409791556399374,0.0005409901610266189,3807
