seed,dimension,time,fw_time,primal,dual_gap,smallest_dual_gap,iterations
5,90000,3600.859108577,3600.615988391,0.00024521007983156724,0.0005469257011827851,0.0005469369645706604,3769
