seed,dimension,time,fw_time,primal,dual_gap,smallest_dual_gap,iterations
4,2500,3600.002505221,3600.00069889,9.364186185174666e-6,0.00041487880423122435,0.0004148790231076711,19457324
