seed,dimension,time,fw_time,primal,dual_gap,smallest_dual_gap,iterations
3,90000,3601.369601828,3601.133444998,0.00024422904179362357,0.0005449059116275408,0.0005450479841115049,3783
