seed,dimension,time,fw_time,primal,dual_gap,smallest_dual_gap,iterations
4,40000,3602.61000198,3602.17599867,0.0002049133837073655,0.0005288683943243297,0.000529006271667073,3879
