seed,dimension,time,fw_time,primal,dual_gap,smallest_dual_gap,iterations
2,90000,3600.68317652,3600.471989947,0.00024586013148861707,0.0005483103261984636,0.0005483216800164952,3758
