seed,dimension,time,fw_time,primal,dual_gap,smallest_dual_gap,iterations
3,10000,3601.233561858,3601.20454217,5.999832926143549e-5,0.00041273244765946035,0.00041273244673900144,11613754
