seed,dimension,time,fw_time,primal,dual_gap,smallest_dual_gap,iterations
1,22500,3600.767009923,3600.567961015,0.0001468189351973177,0.0004829934742255044,0.00048300256154037546,4257
