seed,dimension,time,fw_time,primal,dual_gap,smallest_dual_gap,iterations
1,10000,3601.210012131,3601.180284751,6.087362287955105e-5,0.00041593941075327654,0.00041593939709167876,12251774
