seed,dimension,time,fw_time,primal,dual_gap,smallest_dual_gap,iterations
1,90000,3600.630848915,3600.307990383,5.4748491362624225e-5,0.0001593927165139813,0.00015940268624451993,25139
