seed,dimension,time,fw_time,primal,dual_gap,smallest_dual_gap,iterations
2,490000,3601.021492627,3600.707993094,0.00025458154157603264,0.0005199511646700999,0.0005199835295554598,7850
