seed,dimension,time,fw_time,primal,dual_gap,smallest_dual_gap,iterations
3,250000,3601.06249732,3600.763981058,0.00019407425395491835,0.00040897404370999357,0.00040903604541171594,9979
