seed,dimension,time,fw_time,primal,dual_gap,smallest_dual_gap,iterations
4,360000,3601.064162675,3600.760003264,0.0002168654741749852,0.00044833155721756305,0.00044835556954691327,9104
