seed,dimension,time,fw_time,primal,dual_gap,smallest_dual_gap,iterations
3,10000,1758.029044539,1758.024702331,8.198610276454479e-12,9.998534537040203e-8,9.999017779270877e-8,8672102
