seed,dimension,time,fw_time,primal,dual_gap,smallest_dual_gap,iterations
4,40000,3600.295927299,3600.167989577,2.7748931232612076e-5,0.00014162772470389506,0.00014163373210610838,37527
