seed,dimension,time,fw_time,primal,dual_gap,smallest_dual_gap,iterations
1,1000000,3602.98981203,3602.643978839,0.00040555403707663107,0.0008164268886661088,0.0008165079419302166,5002
