seed,dimension,time,fw_time,primal,dual_gap,smallest_dual_gap,iterations
4,62500,3600.433992951,3600.203997127,4.742978013388804e-5,0.00016173695979730538,0.00016174433704928832,27454
