seed,dimension,time,fw_time,primal,dual_gap,smallest_dual_gap,iterations
3,640000,3601.213133769,3600.883995861,0.0002632682713610487,0.0005348083587964644,0.0005348426691781763,7632
