seed,dimension,time,fw_time,primal,dual_gap,smallest_dual_gap,iterations
4,10000,1053.528566604,1053.526256879,2.331812416010979e-12,9.703062831659914e-8,9.702182775935221e-8,5001449
