seed,dimension,time,fw_time,primal,dual_gap,smallest_dual_gap,iterations
4,2500,225.802543195,225.800385734,7.52877737400597e-12,9.997970272935415e-8,9.998223301940599e-8,4539986
