seed,dimension,time,fw_time,primal,dual_gap,smallest_dual_gap,iterations
1,62500,3600.454023408,3600.155994972,4.0352997258961875e-5,0.0001459349275759794,0.0001459408064792923,31682
