seed,dimension,time,fw_time,primal,dual_gap,smallest_dual_gap,iterations
5,62500,3600.534679323,3600.343987534,5.499717036821544e-5,0.00017861938823911564,0.00017862318602860662,23845
