seed,dimension,time,fw_time,primal,dual_gap,smallest_dual_gap,iterations
4,490000,3601.491078286,3601.167993227,0.0002422319134188441,0.000495256358799153,0.000495347114226596,8241
