seed,dimension,time,fw_time,primal,dual_gap,smallest_dual_gap,iterations
3,22500,3600.411120249,3600.212000215,1.4741960443729764e-5,0.00014104413266232134,0.00014104792816476883,35254
