seed,dimension,time,fw_time,primal,dual_gap,smallest_dual_gap,iterations
5,810000,3600.8756284,3600.582934148,0.0002818505937852627,0.0005702553878498439,0.0005703757166598348,7157
