seed,dimension,time,fw_time,primal,dual_gap,smallest_dual_gap,iterations
5,40000,3600.517840456,3600.231990459,3.0731249957927655e-5,0.00014972550381910148,0.00014972896441833554,34958
