seed,dimension,time,fw_time,primal,dual_gap,smallest_dual_gap,iterations
5,2500,301.039939,301.037759208,1.2899620421595337e-13,8.19343577844025e-8,8.19343577844025e-8,6087543
