seed,dimension,time,fw_time,primal,dual_gap,smallest_dual_gap,iterations
1,10000,1125.133819651,1125.131633416,1.7469562220335275e-12,8.122288048735733e-8,8.122288048735733e-8,5562690
