seed,dimension,time,fw_time,primal,dual_gap,smallest_dual_gap,iterations
1,22500,3600.583494165,3600.393448263,2.2830987519080492e-5,0.00017184668044958645,0.00017184936004274357,29753
