seed,dimension,time,fw_time,primal,dual_gap,smallest_dual_gap,iterations
4,640000,3601.085100012,3600.790540919,0.0002696646456636345,0.0005476085596736873,0.0005477195267123171,7453
