seed,dimension,time,fw_time,primal,dual_gap,smallest_dual_gap,iterations
4,90000,3601.200680452,3600.567990771,0.00014074811319306161,0.0003362212237364062,0.00033626380702179607,12095
