seed,dimension,time,fw_time,primal,dual_gap,smallest_dual_gap,iterations
2,10000,169.137621898,169.136351707,7.894409672354307e-13,7.24196172901103e-8,7.24196172901103e-8,836822
