seed,dimension,time,fw_time,primal,dual_gap,smallest_dual_gap,iterations
1,10000,1091.865061068,1091.837616859,1.7469562220335275e-12,8.122288048735733e-8,8.122288048735733e-8,5562690
