seed,dimension,time,fw_time,primal,dual_gap,smallest_dual_gap,iterations
3,90000,3600.465375723,3600.195996493,4.2951795063463494e-5,0.00013423249328843912,0.00013423576046728126,30244
