seed,dimension,time,fw_time,primal,dual_gap,smallest_dual_gap,iterations
1,160000,3602.143039123,3601.762540958,7.559009950283644e-5,0.00018187856831803958,0.000181890992393673,22343
