seed,dimension,time,fw_time,primal,dual_gap,smallest_dual_gap,iterations
2,360000,3601.00300252,3600.647995776,0.000217918064492594,0.00045043162669184056,0.00045050670890231775,9061
