seed,dimension,time,fw_time,primal,dual_gap,smallest_dual_gap,iterations
5,640000,3601.130357264,3600.69200176,0.00026298563042863066,0.0005342493230211798,0.0005342835535377015,7640
