seed,dimension,time,fw_time,primal,dual_gap,smallest_dual_gap,iterations
4,160000,3600.45008406,3600.299994603,6.116776601002821e-5,0.0001525588603426056,0.00015256810198172244,26589
