seed,dimension,time,fw_time,primal,dual_gap,smallest_dual_gap,iterations
1,90000,3602.812781346,3602.351978923,0.00010192267546629065,0.0002571853940812157,0.0002572101538831583,15761
