seed,dimension,time,fw_time,primal,dual_gap,smallest_dual_gap,iterations
4,40000,3600.406681896,3600.267995927,3.4897710615112586e-5,0.00016060105161293288,0.0001606063420946422,32391
