seed,dimension,time,fw_time,primal,dual_gap,smallest_dual_gap,iterations
1,40000,3600.502679218,3600.255990909,2.8841575693991167e-5,0.00014466952302124363,0.00014467470860621946,35107
