seed,dimension,time,fw_time,primal,dual_gap,smallest_dual_gap,iterations
4,22500,3600.479060441,3600.247999614,1.6439333560981455e-5,0.00014774846171232046,0.00014775424624878362,33951
