seed,dimension,time,fw_time,primal,dual_gap,smallest_dual_gap,iterations
5,10000,246.011984423,246.010158898,2.092903361873964e-12,9.753870159017177e-8,9.75233149768217e-8,1250832
