seed,dimension,time,fw_time,primal,dual_gap,smallest_dual_gap,iterations
2,90000,3600.781014036,3600.603991432,5.333836773371794e-5,0.0001564579092284626,0.0001564607868791613,25594
