seed,dimension,time,fw_time,primal,dual_gap,smallest_dual_gap,iterations
4,250000,3600.834079808,3600.657445164,0.00016990426693989675,0.0003605990227596722,0.00036064716670239946,11319
