seed,dimension,time,fw_time,primal,dual_gap,smallest_dual_gap,iterations
5,22500,3600.375595366,3600.167995351,1.4013046479369718e-5,0.00013766333755566555,0.00013767011404719825,35899
