seed,dimension,time,fw_time,primal,dual_gap,smallest_dual_gap,iterations
3,490000,3601.259075529,3600.975982215,0.00024140216452013232,0.0004935793888252146,0.000493669523769051,8269
