seed,dimension,time,fw_time,primal,dual_gap,smallest_dual_gap,iterations
1,490000,3602.543975022,3602.231970078,0.0002423426152018772,0.0004954686549785747,0.0004954981068954175,8238
