seed,dimension,time,fw_time,primal,dual_gap,smallest_dual_gap,iterations
4,1000000,3601.599359907,3600.947955465,0.00031201279078906397,0.0006293348738470139,0.0006293826570244848,6486
