seed,dimension,time,fw_time,primal,dual_gap,smallest_dual_gap,iterations
3,40000,3600.411921709,3600.267990953,3.19022922026694e-5,0.00015328823622008493,0.00015329805512365147,33962
