seed,dimension,time,fw_time,primal,dual_gap,smallest_dual_gap,iterations
1,640000,3602.549268038,3602.062919288,0.00027391810993254804,0.0005561108754813166,0.0005562253221891631,7339
