seed,dimension,time,fw_time,primal,dual_gap,smallest_dual_gap,iterations
3,10000,1881.853448689,1881.852141974,8.198610276454479e-12,9.998534537040203e-8,9.999017779270877e-8,8672102
