seed,dimension,time,fw_time,primal,dual_gap,smallest_dual_gap,iterations
4,810000,3601.609128058,3601.278962599,0.0002822324416050939,0.0005710139491138724,0.0005710531619018515,7148
