seed,dimension,time,fw_time,primal,dual_gap,smallest_dual_gap,iterations
2,1000000,3601.253710794,3600.894563365,0.0003365494808072901,0.0006784213196472708,0.0006785915960437522,6017
