seed,dimension,time,fw_time,primal,dual_gap,smallest_dual_gap,iterations
5,160000,3600.998908323,3600.791990727,6.645039907549256e-5,0.00016331011123953539,0.00016332022450085102,24857
