seed,dimension,time,fw_time,primal,dual_gap,smallest_dual_gap,iterations
5,490000,3601.42027147,3601.131994104,0.0002403318869993946,0.0004914409812621517,0.0004915303406350367,8305
