seed,dimension,time,fw_time,primal,dual_gap,smallest_dual_gap,iterations
3,62500,3600.583779457,3600.139996077,4.175783543522394e-5,0.0001491766637293162,0.0001491803680587562,29799
