seed,dimension,time,fw_time,primal,dual_gap,smallest_dual_gap,iterations
3,90000,3600.904891426,3600.748404914,0.00013986976376592853,0.0003344214782111957,0.0003344347760782329,12160
