seed,dimension,time,fw_time,primal,dual_gap,smallest_dual_gap,iterations
1,250000,3602.56314754,3602.155588749,0.00017076755319396454,0.00036233058634479033,0.00036237917596066506,11265
