seed,dimension,time,fw_time,primal,dual_gap,smallest_dual_gap,iterations
2,810000,3601.322991673,3600.89201416,0.00028145100649626945,0.0005694595360556825,0.0005695795141341788,7167
