seed,dimension,time,fw_time,primal,dual_gap,smallest_dual_gap,iterations
2,40000,3600.223978757,3600.155996844,3.515806136272594e-5,0.00016156376821479103,0.000161565864671693,31182
