seed,dimension,time,fw_time,primal,dual_gap,smallest_dual_gap,iterations
3,1000000,3601.208238866,3600.890250468,0.0003106559267316947,0.0006266266446971774,0.0006266739908638523,6514
