seed,dimension,time,fw_time,primal,dual_gap,smallest_dual_gap,iterations
2,160000,3600.378887929,3600.226897308,7.97503618000016e-5,0.00019029153708878811,0.00019030502750051252,21363
