seed,dimension,time,fw_time,primal,dual_gap,smallest_dual_gap,iterations
4,90000,3600.553212101,3600.295981413,4.884223143710936e-5,0.00014679387009038076,0.00014679647193732763,27437
