seed,dimension,time,fw_time,primal,dual_gap,smallest_dual_gap,iterations
5,1000000,3601.210937223,3600.834981091,0.00031242203161095314,0.0006301611283429121,0.0006303080417351643,6477
