seed,dimension,time,fw_time,primal,dual_gap,smallest_dual_gap,iterations
5,90000,3601.001150101,3600.715978908,0.00015396008400719836,0.0003629869069494284,0.000363036234757605,11209
