seed,dimension,time,fw_time,primal,dual_gap,smallest_dual_gap,iterations
3,810000,3601.259431004,3600.807996219,0.00028215279684905964,0.0005708538795763578,0.0005708930549949816,7150
