seed,dimension,time,fw_time,primal,dual_gap,smallest_dual_gap,iterations
1,2500,204.421817821,204.419572664,2.1778295296348218e-12,6.978223211812134e-8,6.969070450230096e-8,4230399
