seed,dimension,time,fw_time,primal,dual_gap,smallest_dual_gap,iterations
2,62500,3600.423240083,3600.223990281,4.0552027489213875e-5,0.00014671900644360906,0.0001467224823826454,31336
