seed,dimension,time,fw_time,primal,dual_gap,smallest_dual_gap,iterations
5,250000,3600.86490946,3600.566962254,0.00017394281723374488,0.000368674014009699,0.0003687243635086201,11071
