seed,dimension,time,fw_time,primal,dual_gap,iterations
5,90000,3600.268369717,3600.199971975,7.571854760614823e-5,0.00020352508248185303,9690
