seed,dimension,time,fw_time,primal,dual_gap,iterations
2,1000000,3602.272390212,3601.923239607,0.00036647517730570875,0.0007382746142739891,2700
