seed,dimension,time,fw_time,primal,dual_gap,smallest_dual_gap,iterations
5,90000,3600.648392578,3600.579991487,8.31110747724518e-5,0.00021879155771011743,0.00021881717542531344,9024
