seed,dimension,time,fw_time,primal,dual_gap,iterations
5,360000,3600.980388061,3600.843233339,0.00014318515549283816,0.00030087773479032354,6628
