seed,dimension,time,fw_time,primal,dual_gap,iterations
5,640000,3601.008383321,3600.739150883,0.0003037312406213254,0.0006157488352590407,3237
