seed,dimension,time,fw_time,primal,dual_gap,iterations
3,40000,3600.580352073,3600.375990883,4.823350435960536e-5,0.00019366631180062742,9689
