seed,dimension,time,fw_time,primal,dual_gap,smallest_dual_gap,iterations
1,490000,3602.508501795,3602.156002206,0.0002664755617712333,0.0005437456871374211,0.0005438935816990581,3667
