seed,dimension,time,fw_time,primal,dual_gap,iterations
3,360000,3600.796394214,3600.659018207,0.0001430767365885969,0.0003006504121292002,6633
