seed,dimension,time,fw_time,primal,dual_gap,iterations
4,160000,3600.476351205,3600.407992442,0.00010134090044301997,0.0002340193879503703,8500
