seed,dimension,time,fw_time,primal,dual_gap,smallest_dual_gap,iterations
5,810000,3602.260510507,3601.727972,0.0005422671582660658,0.0010911038661795274,0.00109169945016189,1826
