seed,dimension,time,fw_time,primal,dual_gap,smallest_dual_gap,iterations
2,40000,3600.544422564,3600.467992144,5.71850086527449e-5,0.00021507052243903364,0.00021509892801731696,8826
