seed,dimension,time,fw_time,primal,dual_gap,smallest_dual_gap,iterations
1,40000,3602.340443016,3602.007971739,4.713058155158207e-5,0.00019070519719229737,0.00019072463673189955,9832
