seed,dimension,time,fw_time,primal,dual_gap,iterations
1,40000,3602.560406287,3602.075987479,4.555209585809964e-5,0.0001869130490572266,10012
