seed,dimension,time,fw_time,primal,dual_gap,smallest_dual_gap,iterations
2,160000,3602.144449672,3601.735989183,0.00027421564599441347,0.0005809509837133609,0.0005811199518922268,3428
