seed,dimension,time,fw_time,primal,dual_gap,iterations
2,810000,3601.922953474,3601.609757126,0.0003469766326302196,0.0007005172222434503,2846
