seed,dimension,time,fw_time,primal,dual_gap,smallest_dual_gap,iterations
2,640000,3601.881936239,3601.613741025,0.00032500932041098503,0.0006583139718366068,0.0006585307707489094,3029
