seed,dimension,time,fw_time,primal,dual_gap,smallest_dual_gap,iterations
2,90000,3600.388419921,3600.31199442,7.965339234596902e-5,0.0002116805689512291,0.000211704079802642,9326
