seed,dimension,time,fw_time,primal,dual_gap,iterations
2,160000,3600.300379393,3600.22799266,0.00010100813803914346,0.00023332555473442278,8528
