seed,dimension,time,fw_time,primal,dual_gap,iterations
1,640000,3602.441207186,3602.087434568,0.00030194374315007803,0.0006121682215914386,3256
