seed,dimension,time,fw_time,primal,dual_gap,smallest_dual_gap,iterations
5,250000,3600.464393986,3600.399993975,0.00013492926509585756,0.0002905219131763475,0.0002905641824630946,6861
