seed,dimension,time,fw_time,primal,dual_gap,smallest_dual_gap,iterations
3,640000,3601.860513156,3601.379097706,0.000326101872202297,0.0006604873217609769,0.0006607055432731089,3018
