seed,dimension,time,fw_time,primal,dual_gap,iterations
2,640000,3601.188377623,3600.925627641,0.00030582765790861436,0.000619947963264609,3215
