seed,dimension,time,fw_time,primal,dual_gap,smallest_dual_gap,iterations
2,360000,3601.188467229,3600.895064812,0.00015305227354986967,0.00032062286393325817,0.00032067435314512096,6224
