seed,dimension,time,fw_time,primal,dual_gap,iterations
1,360000,3602.854928393,3602.42492028,0.00014216905220693651,0.00029885193035263536,6675
