seed,dimension,time,fw_time,primal,dual_gap,smallest_dual_gap,iterations
4,1000000,3601.112404936,3600.787116272,0.0003574423263578464,0.0007201967126011856,0.000720456158908692,2767
