seed,dimension,time,fw_time,primal,dual_gap,iterations
3,90000,3600.272390685,3600.203973575,8.590869089099389e-5,0.00022456840710405047,8798
