seed,dimension,time,fw_time,primal,dual_gap,smallest_dual_gap,iterations
3,90000,3600.396398899,3600.311964346,7.617374006862255e-5,0.00020445849701342965,0.0002044810798169649,9650
