seed,dimension,time,fw_time,primal,dual_gap,iterations
1,90000,3602.612408843,3602.243983355,7.447213291059948e-5,0.00020091717806239008,9812
