seed,dimension,time,fw_time,primal,dual_gap,iterations
5,490000,3601.136394236,3600.931144928,0.00026040734096694163,0.0005316020912902439,3750
