seed,dimension,time,fw_time,primal,dual_gap,smallest_dual_gap,iterations
5,160000,3601.34046011,3600.814947958,0.0002684407737458714,0.0005693738679587477,0.0005695361833426109,3502
