seed,dimension,time,fw_time,primal,dual_gap,smallest_dual_gap,iterations
4,40000,3600.520396395,3600.375990154,5.49578136513279e-5,0.00020919493880766532,0.0002092190750769955,9042
