seed,dimension,time,fw_time,primal,dual_gap,smallest_dual_gap,iterations
4,490000,3601.188487155,3600.939992581,0.0002556129242663344,0.0005220263004466775,0.0005221626143895353,3820
