seed,dimension,time,fw_time,primal,dual_gap,iterations
4,90000,3600.436380656,3600.231994235,7.327046818003403e-5,0.00019838696369511876,9930
