seed,dimension,time,fw_time,primal,dual_gap,smallest_dual_gap,iterations
5,1000000,3601.1203787,3600.883093079,0.0003569207234841154,0.0007191611524673219,0.0007194198508247472,2772
