seed,dimension,time,fw_time,primal,dual_gap,smallest_dual_gap,iterations
2,250000,3600.460409199,3600.295989786,0.000135176038292584,0.0002910266979808866,0.0002910691608683537,6852
