seed,dimension,time,fw_time,primal,dual_gap,iterations
4,10000,0.00300333,0.002760014,3.881235654834429e-13,4.609662432762705e-8,0
