seed,dimension,time,fw_time,primal,dual_gap,smallest_dual_gap,iterations
5,40000,3600.280409201,3600.151989245,4.695031207138961e-5,0.0001903023171524762,0.0001903228385355416,9841
