seed,dimension,time,fw_time,primal,dual_gap,smallest_dual_gap,iterations
3,250000,3600.540389035,3600.463189829,0.0001367751170121752,0.0002942061648652543,0.00029424952576651177,6774
