seed,dimension,time,fw_time,primal,dual_gap,smallest_dual_gap,iterations
1,10000,2.008852008,1.992425768,1.455919745285899e-12,5.802284171483464e-8,0.0,0
