seed,dimension,time,fw_time,primal,dual_gap,iterations
1,1000000,3602.66040752,3602.235979636,0.00036661552577686333,0.0007385484817312177,2700
