seed,dimension,time,fw_time,primal,dual_gap,iterations
5,810000,3601.200371362,3600.891198696,0.000347593052649754,0.0007017467780773639,2840
