seed,dimension,time,fw_time,primal,dual_gap,iterations
5,1000000,3601.512424603,3601.083172439,0.0003648496850671728,0.0007350194489074939,2713
