seed,dimension,time,fw_time,primal,dual_gap,smallest_dual_gap,iterations
3,10000,0.004363568,0.00411661,1.277859745850448e-12,9.800906009430075e-8,0.0,0
