seed,dimension,time,fw_time,primal,dual_gap,iterations
3,490000,3601.364400477,3601.158702229,0.000262904147536495,0.0005365942027347969,3714
