seed,dimension,time,fw_time,primal,dual_gap,smallest_dual_gap,iterations
3,490000,3601.111054031,3600.837667525,0.00026240120886975276,0.0005355881960782809,0.0005357316706567467,3724
