seed,dimension,time,fw_time,primal,dual_gap,smallest_dual_gap,iterations
4,360000,3601.088485705,3600.871080879,0.000150794145013852,0.00031610855203284847,0.00031615855455332565,6305
