seed,dimension,time,fw_time,primal,dual_gap,iterations
5,250000,3600.7323624,3600.659989389,0.00011448566546261787,0.00024952786022860844,7987
