seed,dimension,time,fw_time,primal,dual_gap,smallest_dual_gap,iterations
1,1000000,3603.232412006,3602.915955803,0.0003580897629038669,0.0007214965616559118,0.0007217569516810957,2762
