seed,dimension,time,fw_time,primal,dual_gap,iterations
3,160000,3600.648373073,3600.503982502,0.0001025764284856296,0.00023644803082380602,8408
