seed,dimension,time,fw_time,primal,dual_gap,smallest_dual_gap,iterations
1,160000,3603.572437363,3603.259993902,0.0002413702482880217,0.0005151751353002174,0.00051530805015533,3864
