seed,dimension,time,fw_time,primal,dual_gap,iterations
4,490000,3601.148370469,3600.827143705,0.00024254046367025743,0.0004958762836422909,4019
