seed,dimension,time,fw_time,primal,dual_gap,smallest_dual_gap,iterations
3,1000000,3601.336412068,3601.05061822,0.0003556331628044592,0.0007165839283797122,0.0007168407718886206,2782
