seed,dimension,time,fw_time,primal,dual_gap,iterations
2,10000,0.00438668,0.004132393,6.165662903084573e-13,6.127218003642554e-8,0
