seed,dimension,time,fw_time,primal,dual_gap,smallest_dual_gap,iterations
4,640000,3601.048457828,3600.771171289,0.00031853313941269696,0.0006453552546326015,0.0006455635830612998,3089
