seed,dimension,time,fw_time,primal,dual_gap,smallest_dual_gap,iterations
5,490000,3600.85248416,3600.607993349,0.00026047800995166934,0.0005317434519509544,0.0005318848839643177,3751
