seed,dimension,time,fw_time,primal,dual_gap,iterations
3,640000,3601.173844436,3600.875214475,0.00030718426795799624,0.0006226496008561661,3201
