seed,dimension,time,fw_time,primal,dual_gap,smallest_dual_gap,iterations
3,810000,3602.612392782,3602.198829304,0.0005519625592210753,0.0011104893716364392,0.0011111063346250399,1794
