seed,dimension,time,fw_time,primal,dual_gap,smallest_dual_gap,iterations
3,160000,3600.724409891,3600.459975447,0.0002834779724376455,0.0005994458924754623,0.0005996258849533319,3323
