seed,dimension,time,fw_time,primal,dual_gap,smallest_dual_gap,iterations
2,10000,0.004296321,0.004038777,1.2871570625206693e-12,6.095279911823126e-8,0.0,0
