seed,dimension,time,fw_time,primal,dual_gap,smallest_dual_gap,iterations
5,10000,0.003413541,0.003137324,1.217375311611216e-12,9.388701159008356e-8,0.0,0
