seed,dimension,time,fw_time,primal,dual_gap,smallest_dual_gap,iterations
4,160000,3601.100434865,3600.755998315,0.0003016416582704969,0.0006358891824839254,0.0006360916146628652,3135
