seed,dimension,time,fw_time,primal,dual_gap,iterations
1,160000,3602.692395543,3602.296000901,9.7066542140565e-5,0.00022539087566320702,8825
