seed,dimension,time,fw_time,primal,dual_gap,iterations
2,250000,3600.601860298,3600.32799248,0.00011744394738145384,0.0002554657741380932,7805
