seed,dimension,time,fw_time,primal,dual_gap,smallest_dual_gap,iterations
5,360000,3601.168454368,3600.926666112,0.00015109438075663277,0.00031671204718866283,0.00031676229557127167,6299
