seed,dimension,time,fw_time,primal,dual_gap,smallest_dual_gap,iterations
1,810000,3603.856516739,3603.047002511,0.0005404902456345149,0.0010875446319261386,0.0010881363439866267,1832
