seed,dimension,time,fw_time,primal,dual_gap,smallest_dual_gap,iterations
5,640000,3601.652441492,3601.342761999,0.0003285163787007555,0.0006653226056394302,0.0006655440174784179,2997
