seed,dimension,time,fw_time,primal,dual_gap,iterations
4,1000000,3602.168384916,3601.847173282,0.00036230493651835346,0.0007299221956044429,2731
