seed,dimension,time,fw_time,primal,dual_gap,smallest_dual_gap,iterations
3,40000,3600.648414561,3600.511989116,5.254815985209034e-5,0.00020391008003358736,0.0002039334539926507,9263
