seed,dimension,time,fw_time,primal,dual_gap,smallest_dual_gap,iterations
2,490000,3601.460482051,3601.027475917,0.00026211055110788765,0.0005350144231326231,0.0005351575973414061,3729
