seed,dimension,time,fw_time,primal,dual_gap,smallest_dual_gap,iterations
4,810000,3602.228401129,3601.687172286,0.0005425670520994945,0.0010916986548962682,0.001092294886252147,1826
