seed,dimension,time,fw_time,primal,dual_gap,iterations
2,40000,3600.248394535,3600.175996229,4.9887027937569506e-5,0.0001978130148900767,9508
