seed,dimension,time,fw_time,primal,dual_gap,iterations
2,490000,3600.980367331,3600.851260199,0.00024490283554440316,0.0005005926412728518,3981
