seed,dimension,time,fw_time,primal,dual_gap,iterations
2,360000,3600.496389629,3600.263981223,0.0001497549142380114,0.0003140220433979359,6354
