seed,dimension,time,fw_time,primal,dual_gap,iterations
1,250000,3602.736390547,3602.319980336,0.00011478904324849897,0.000250154117957219,7966
