seed,dimension,time,fw_time,primal,dual_gap,iterations
1,810000,3603.472415241,3603.023635786,0.00034771893059459694,0.0007019938241027805,2840
