seed,dimension,time,fw_time,primal,dual_gap,smallest_dual_gap,iterations
3,360000,3600.588462312,3600.307075945,0.00015027573850919036,0.0003150625877643636,0.0003151122527054297,6331
