seed,dimension,time,fw_time,primal,dual_gap,smallest_dual_gap,iterations
1,810000,3603.084418123,3602.650671882,0.000349950609564127,0.00070645729838627,0.0007067069315197754,2822
