seed,dimension,time,fw_time,primal,dual_gap,iterations
4,640000,3600.93637955,3600.726574057,0.00029633023880120773,0.0006009458942131489,3316
