seed,dimension,time,fw_time,primal,dual_gap,smallest_dual_gap,iterations
2,490000,3601.680397023,3601.367987185,0.000251262635939251,0.0005133147378410068,0.0005134465416438905,3880
