seed,dimension,time,fw_time,primal,dual_gap,smallest_dual_gap,iterations
4,40000,3600.376343914,3600.307994284,5.07778363756879e-5,0.00019930845751414,0.0001993315877041146,9441
