seed,dimension,time,fw_time,primal,dual_gap,iterations
2,360000,3600.628377399,3600.467092282,0.00011461549084054808,0.00024365496711979136,8188
