seed,dimension,time,fw_time,primal,dual_gap,smallest_dual_gap,iterations
5,1000000,3601.393831174,3601.123154721,0.0003640410877076506,0.000733402227822971,0.0007336712701941457,2717
