seed,dimension,time,fw_time,primal,dual_gap,smallest_dual_gap,iterations
2,160000,3600.348408408,3600.203232463,8.370754731197758e-5,0.00019837073274040556,0.00019839066369011247,10017
