seed,dimension,time,fw_time,primal,dual_gap,smallest_dual_gap,iterations
5,640000,3602.212359218,3601.882559832,0.00030660135152719476,0.0006214895041555795,0.0006216826964179012,3206
