seed,dimension,time,fw_time,primal,dual_gap,iterations
2,810000,3601.740360458,3601.527979976,0.00034154165033092166,0.0006896469111711168,2890
