seed,dimension,time,fw_time,primal,dual_gap,iterations
4,360000,3600.776380067,3600.631232951,0.00011242558560668244,0.0002392784596527084,8330
