seed,dimension,time,fw_time,primal,dual_gap,smallest_dual_gap,iterations
5,250000,3600.822999646,3600.681430802,0.0001278066243887632,0.0002762443629060201,0.00027628259881820225,7219
