seed,dimension,time,fw_time,primal,dual_gap,iterations
1,810000,3602.816397961,3602.291982345,0.0003414274272624353,0.00068941030352587,2892
