seed,dimension,time,fw_time,primal,dual_gap,smallest_dual_gap,iterations
4,1000000,3601.733848392,3601.439124214,0.0003673006724561856,0.0007399138757710824,0.0007401877183677872,2694
