seed,dimension,time,fw_time,primal,dual_gap,smallest_dual_gap,iterations
1,40000,3602.468389605,3602.155978311,5.030825407711642e-5,0.0001983522392245265,0.0001983754285005144,9497
