seed,dimension,time,fw_time,primal,dual_gap,smallest_dual_gap,iterations
2,90000,3600.57636217,3600.511993491,7.153634325393306e-5,0.00019487171596019464,0.00019489118775731728,10108
