seed,dimension,time,fw_time,primal,dual_gap,smallest_dual_gap,iterations
4,160000,3600.620340835,3600.465785066,9.337132634039924e-5,0.00021794600436438264,0.0002179698402679445,9124
