seed,dimension,time,fw_time,primal,dual_gap,iterations
4,250000,3600.724368361,3600.595207055,0.00011336798299062545,0.0002472980327151755,8057
