seed,dimension,time,fw_time,primal,dual_gap,smallest_dual_gap,iterations
1,490000,3602.384422173,3602.039190889,0.00026729106415775627,0.0005453768574762218,0.000545525662025044,3655
