seed,dimension,time,fw_time,primal,dual_gap,iterations
5,490000,3600.958944226,3600.70324216,0.00022233489026499308,0.0004554416852027938,4378
