seed,dimension,time,fw_time,primal,dual_gap,iterations
5,1000000,3601.012351798,3600.692479801,0.0003543532244692033,0.0007140260425020828,2792
