seed,dimension,time,fw_time,primal,dual_gap,iterations
2,40000,3600.744368538,3600.545682899,6.260731535203892e-5,0.00022757184082996905,8378
