seed,dimension,time,fw_time,primal,dual_gap,iterations
1,490000,3602.196405017,3601.835631684,0.0002370163375680064,0.0004848166254802518,4112
