seed,dimension,time,fw_time,primal,dual_gap,smallest_dual_gap,iterations
2,640000,3601.30295736,3600.95854196,0.0003086393675661101,0.0006255718312465659,0.0006257675702997434,3187
