seed,dimension,time,fw_time,primal,dual_gap,iterations
2,640000,3601.924397002,3601.663996386,0.00030325492691568216,0.0006148021033482027,3241
