seed,dimension,time,fw_time,primal,dual_gap,iterations
3,640000,3601.584403086,3601.411160386,0.0002983325575680599,0.0006049446025960714,3295
