seed,dimension,time,fw_time,primal,dual_gap,smallest_dual_gap,iterations
5,90000,3600.580312509,3600.515251579,0.00010423321050730323,0.0002620988401941524,0.00026213422105854096,7546
