seed,dimension,time,fw_time,primal,dual_gap,iterations
4,1000000,3602.336381281,3601.919138045,0.00035679513749926607,0.0007189023135918597,2773
