seed,dimension,time,fw_time,primal,dual_gap,smallest_dual_gap,iterations
5,360000,3600.876413878,3600.609403551,0.00014323043285549206,0.00030096845455205906,0.0003010137980538151,6628
