seed,dimension,time,fw_time,primal,dual_gap,iterations
2,90000,3600.576373578,3600.507997451,7.37718664924703e-5,0.00019950793024264664,9877
