seed,dimension,time,fw_time,primal,dual_gap,smallest_dual_gap,iterations
2,1000000,3601.092403097,3600.867157789,0.0003696360484158963,0.0007445965040793662,0.0007448738248431411,2677
