seed,dimension,time,fw_time,primal,dual_gap,smallest_dual_gap,iterations
1,640000,3602.868382691,3602.53995016,0.0003096268902812195,0.0006275355979278455,0.0006277325696571071,3177
