seed,dimension,time,fw_time,primal,dual_gap,smallest_dual_gap,iterations
4,490000,3601.954951877,3601.701674944,0.0002544598675774272,0.0005197198637874226,0.0005198549694090753,3835
