seed,dimension,time,fw_time,primal,dual_gap,smallest_dual_gap,iterations
3,90000,3600.524375132,3600.447975138,0.00010187116111392,0.0002572686346547032,0.0002573028641174685,7694
