seed,dimension,time,fw_time,primal,dual_gap,smallest_dual_gap,iterations
2,360000,3600.596405734,3600.363132854,0.00014371078693411798,0.0003019209371096054,0.00030196661878285447,6608
