seed,dimension,time,fw_time,primal,dual_gap,smallest_dual_gap,iterations
3,160000,3600.468401684,3600.339996225,8.056787201649587e-5,0.0001919898247329371,0.0001920086262725857,10343
