seed,dimension,time,fw_time,primal,dual_gap,smallest_dual_gap,iterations
3,360000,3600.860396036,3600.611988089,0.00014800119606206313,0.0003105089382770258,0.00031055719501569726,6425
