seed,dimension,time,fw_time,primal,dual_gap,smallest_dual_gap,iterations
3,810000,3601.212397267,3600.83798204,0.0003504501933459421,0.0007074556998329698,0.0007077060457601773,2818
