seed,dimension,time,fw_time,primal,dual_gap,iterations
1,40000,3602.580385965,3602.135974833,5.344049218955893e-5,0.0002057005390060623,9195
