seed,dimension,time,fw_time,primal,dual_gap,iterations
2,490000,3600.928404437,3600.723992367,0.00023701526908256675,0.00048481406044840943,4114
