seed,dimension,time,fw_time,primal,dual_gap,smallest_dual_gap,iterations
3,640000,3600.848403818,3600.587256635,0.0003055452499651014,0.0006193712800661286,0.0006195631594525519,3219
