seed,dimension,time,fw_time,primal,dual_gap,iterations
4,90000,3600.500363178,3600.363991707,7.021321936139595e-5,0.0001920327877504769,10249
