seed,dimension,time,fw_time,primal,dual_gap,smallest_dual_gap,iterations
3,1000000,3602.072371199,3601.778579348,0.00036552702028912047,0.0007363720688677491,0.0007366432938925577,2707
