seed,dimension,time,fw_time,primal,dual_gap,iterations
5,90000,3600.816355075,3600.66399342,8.404060866810175e-5,0.0002207043760183578,8948
