seed,dimension,time,fw_time,primal,dual_gap,iterations
1,1000000,3602.44836218,3601.940001253,0.0003636397058818958,0.0007325966835766067,2722
