seed,dimension,time,fw_time,primal,dual_gap,smallest_dual_gap,iterations
4,640000,3601.368400942,3601.132549015,0.00030689093205519673,0.0006220689748426904,0.0006222625258634903,3203
