seed,dimension,time,fw_time,primal,dual_gap,smallest_dual_gap,iterations
3,40000,3600.624353494,3600.559993463,4.5479813687793186e-5,0.00018707040489227683,0.00018708924206096604,9990
