seed,dimension,time,fw_time,primal,dual_gap,smallest_dual_gap,iterations
5,490000,3601.72440456,3601.475192349,0.0002537265527381783,0.000518238028581808,0.0005183723715273708,3846
