seed,dimension,time,fw_time,primal,dual_gap,smallest_dual_gap,iterations
1,1000000,3603.248377634,3602.695572703,0.00037089174635088706,0.0007471011040345017,0.0007473803088083398,2667
