seed,dimension,time,fw_time,primal,dual_gap,smallest_dual_gap,iterations
2,40000,3600.472383242,3600.399994587,4.235594780542309e-5,0.00017950632177551827,0.00017952611372849976,10358
