seed,dimension,time,fw_time,primal,dual_gap,smallest_dual_gap,iterations
4,90000,3600.636324003,3600.499943821,7.419433856746596e-5,0.00020029827227951324,0.00020031866525288463,9836
