seed,dimension,time,fw_time,primal,dual_gap,iterations
4,490000,3600.784358555,3600.511109826,0.00022206852973413244,0.00045492394074649647,4380
