seed,dimension,time,fw_time,primal,dual_gap,iterations
2,1000000,3601.220391269,3600.867230609,0.000357565950291053,0.0007204557224499721,2767
