seed,dimension,time,fw_time,primal,dual_gap,smallest_dual_gap,iterations
5,810000,3601.100379456,3600.79910712,0.00035258763928655324,0.0007117363131140761,0.0007119896959529336,2801
