seed,dimension,time,fw_time,primal,dual_gap,iterations
1,360000,3602.432403807,3601.895509536,0.00011779042328036547,0.00025003399435977533,7976
