seed,dimension,time,fw_time,primal,dual_gap,iterations
3,360000,3600.704385789,3600.559133913,0.00011386409435973286,0.00024215032111261204,8234
