seed,dimension,time,fw_time,primal,dual_gap,iterations
3,160000,3600.520374589,3600.383990341,8.36505752547678e-5,0.00019823083273934664,10021
