seed,dimension,time,fw_time,primal,dual_gap,smallest_dual_gap,iterations
1,90000,3602.328395513,3601.903978012,0.0001028347456487326,0.0002592102014911835,0.0002592442327782311,7638
