seed,dimension,time,fw_time,primal,dual_gap,iterations
1,250000,3602.632373235,3602.259984487,0.0001119157013450052,0.0002443887997874837,8155
