seed,dimension,time,fw_time,primal,dual_gap,iterations
3,40000,3600.6163756,3600.539990487,6.372321919799241e-5,0.00022979085415060908,8301
