seed,dimension,time,fw_time,primal,dual_gap,smallest_dual_gap,iterations
3,490000,3601.08440145,3600.851123795,0.0002556892776937127,0.0005221619283350736,0.0005222983750153804,3818
