seed,dimension,time,fw_time,primal,dual_gap,smallest_dual_gap,iterations
2,40000,3876.950455289,3837.480746081,1237.1582170908798,7.502658135260697e7,7.764355033640139e7,18
