seed,dimension,time,fw_time,primal,dual_gap,smallest_dual_gap,iterations
3,3500,3616.668466915,3615.740756775,14.981144173061935,32.13907058916836,32.004696801324506,272
