seed,dimension,time,fw_time,primal,dual_gap,smallest_dual_gap,iterations
2,400,3600.226851285,3600.138192447,9.197251305486157,0.010997295358887271,0.011453033746368746,34115
