seed,dimension,time,fw_time,primal,dual_gap,smallest_dual_gap,iterations,average_iter,std_iter
1,5000,3628.150890422,3625.308546935,19.73502778858408,98.85393680261544,99.54099864120292,226,0.022123893805309734,0.14741295783498742
