seed,dimension,time,fw_time,primal,dual_gap,smallest_dual_gap,iterations
5,500,3600.506897531,3600.390037639,8.365022829279841,6.481539731595376e-7,6.481539731595376e-7,5643
