seed,dimension,time,fw_time,primal,dual_gap,smallest_dual_gap,iterations
5,4500,3628.788554776,3626.898291732,265.7013708409685,429140.03446868353,439083.5229608819,140
