seed,dimension,time,fw_time,primal,dual_gap,smallest_dual_gap,iterations
4,1000,3602.569140535,3602.14542326,8.61466221923689,0.5134487692209522,0.5196221570278361,4594
