seed,dimension,time,fw_time,primal,dual_gap,smallest_dual_gap,iterations
1,2500,3609.640454063,3608.66519471,13.073354707408647,18.00757853603922,18.073912332232936,308
