seed,dimension,time,fw_time,primal,dual_gap,smallest_dual_gap,iterations
5,4000,3614.408699641,3613.195819548,21.703973955244724,133.08724284312297,134.82612624576382,215
