seed,dimension,time,fw_time,primal,dual_gap,smallest_dual_gap,iterations
5,4500,3616.848593102,3614.821391072,12.040173870449784,13.185644493699241,13.34754851035142,498
