seed,dimension,time,fw_time,primal,dual_gap,smallest_dual_gap,iterations
2,2000,3614.245993739,3613.573043382,11.000628635039917,11.403870190722525,11.600663761690738,336
