seed,dimension,time,fw_time,primal,dual_gap,smallest_dual_gap,iterations
5,1000,3602.145112122,3601.793253197,8.441350291108138,0.3362091108872285,0.3443972941377691,1323
