seed,dimension,time,fw_time,primal,dual_gap,smallest_dual_gap,iterations
1,4500,3618.24848385,3616.117904162,39.686361395830296,862.4823827593302,861.1488071118729,129
