seed,dimension,time,fw_time,primal,dual_gap,smallest_dual_gap,iterations,average_iter,std_iter
1,500,3600.846903519,3600.641815862,8.254121055529014,9.131580043231224e-7,9.131578444510069e-7,10739,0.38960797094701555,0.6906420394587147
