seed,dimension,time,fw_time,primal,dual_gap,smallest_dual_gap,iterations
1,2500,3606.837341432,3606.032995804,10.044680277458799,3.8412964538729657,3.841571277327329,1117
