seed,dimension,time,fw_time,primal,dual_gap,smallest_dual_gap,iterations,average_iter,std_iter
3,3000,3607.052474394,3606.113027429,10.280263338450007,6.744571426889241,6.690336720496251,497,0.10865191146881288,0.31151553571742574
