seed,dimension,time,fw_time,primal,dual_gap,smallest_dual_gap,iterations,average_iter,std_iter
3,4000,3614.201892613,3613.243898812,12.047197633276651,13.313542012686261,13.270773937311201,407,NaN,NaN
