seed,dimension,time,fw_time,primal,dual_gap,smallest_dual_gap,iterations
5,500,3600.543014838,3600.454135281,8.365022829280269,1.2762632266571927e-6,1.2762622869644247e-6,11368
