seed,dimension,time,fw_time,primal,dual_gap,smallest_dual_gap,iterations
3,2000,3611.476488397,3610.762136002,11.302540921405914,13.791274377485566,13.834766158311707,331
