seed,dimension,time,fw_time,primal,dual_gap,smallest_dual_gap,iterations
3,3000,3606.607554515,3605.271434848,9.632718025485374,4.3465458640545,4.4279996927387195,1047
