seed,dimension,time,fw_time,primal,dual_gap,smallest_dual_gap,iterations
3,500,3600.258937333,3600.16990188,8.270115985403214,7.934603480919122e-7,7.934603480919122e-7,6170
