seed,dimension,time,fw_time,primal,dual_gap,smallest_dual_gap,iterations,average_iter,std_iter
5,2000,3604.966686138,3604.276456115,9.3460604415889,4.020673708004239,4.004645730135698,658,0.1033434650455927,0.3095945312586052
