seed,dimension,time,fw_time,primal,dual_gap,smallest_dual_gap,iterations
1,4000,3611.960386133,3610.548259379,15.270562304449744,34.58353883726438,34.67911092324021,208
