seed,dimension,time,fw_time,primal,dual_gap,smallest_dual_gap,iterations
5,3000,3613.5924888,3612.698415397,13.78682372080255,27.00051716962857,27.02492192572579,272
