seed,dimension,time,fw_time,primal,dual_gap,smallest_dual_gap,iterations
3,700,3602.137906521,3601.709468562,8.178874017590884,0.5055875512610406,0.48017753008328157,3649
