seed,dimension,time,fw_time,primal,dual_gap,smallest_dual_gap,iterations,average_iter,std_iter
1,1000,3603.606080607,3603.156538423,8.3460851531717,0.021249573302444702,0.021038964708449015,2139,0.1402524544179523,0.35001287138875203
