seed,dimension,time,fw_time,primal,dual_gap,smallest_dual_gap,iterations
5,1000,3602.784238552,3602.462096791,8.436369858110675,0.11777829421380659,0.1177464581036638,1464
