seed,dimension,time,fw_time,primal,dual_gap,smallest_dual_gap,iterations
1,1500,3608.580479614,3607.8315171,11.438702415249475,14.331896682541638,14.318451042080374,404
