seed,dimension,time,fw_time,primal,dual_gap,smallest_dual_gap,iterations
1,1000,3603.232437855,3602.72767057,8.347544725614206,0.22156209748653488,0.21819033011256828,1260
