seed,dimension,time,fw_time,primal,dual_gap,smallest_dual_gap,iterations
2,3500,3619.65643156,3618.635480389,15.294846182426951,34.35663615239085,34.31985907662923,251
