seed,dimension,time,fw_time,primal,dual_gap,smallest_dual_gap,iterations,average_iter,std_iter
5,4000,3609.120450752,3607.987658163,12.018303150020593,12.887543293364123,13.302091026307963,398,0.09296482412060302,0.2992867318775235
