seed,dimension,time,fw_time,primal,dual_gap,smallest_dual_gap,iterations,average_iter,std_iter
5,500,3600.464273406,3600.374002098,8.365022829279859,7.986456331821046e-7,7.986457006836645e-7,10525,0.3902137767220903,0.6846023309064553
