seed,dimension,time,fw_time,primal,dual_gap,smallest_dual_gap,iterations
1,3500,3616.188378033,3615.257193427,13.845347337298742,25.01519876664994,25.017481439535864,247
