seed,dimension,time,fw_time,primal,dual_gap,smallest_dual_gap,iterations
5,200,3600.030266681,3600.002578402,8.366717917742067,1.2644473876832762e-6,1.2644482563217707e-6,2321517
