seed,dimension,time,fw_time,primal,dual_gap,smallest_dual_gap,iterations
4,5000,3636.608396767,3634.465399918,35.49055918151493,677.725792197013,787.2486593097942,117
