seed,dimension,time,fw_time,primal,dual_gap,smallest_dual_gap,iterations
2,2000,3608.679166311,3607.843969316,11.534653383640796,13.903677201099818,13.888623680410664,366
