seed,dimension,time,fw_time,primal,dual_gap,smallest_dual_gap,iterations
4,4500,3622.70193803,3620.81888761,116.88610550299528,24778.40957531863,25352.50794949202,129
