seed,dimension,time,fw_time,primal,dual_gap,smallest_dual_gap,iterations,average_iter,std_iter
3,500,3600.53074279,3600.417840788,8.270115985403143,7.646367929936559e-7,7.646366526614656e-7,10553,0.36529896711835497,0.6725397757583832
