seed,dimension,time,fw_time,primal,dual_gap,smallest_dual_gap,iterations
5,2000,3607.132621329,3606.337028242,10.774362823825347,10.752795682449673,10.786428040997585,356
