seed,dimension,time,fw_time,primal,dual_gap,smallest_dual_gap,iterations
2,5000,3619.394409942,3617.185902634,19.707150313128626,88.81128315798006,90.77813537305639,261
