seed,dimension,time,fw_time,primal,dual_gap,smallest_dual_gap,iterations
4,3500,3612.009059076,3611.03761895,18.186362721212856,75.16556054592772,78.98902715140309,246
