seed,dimension,time,fw_time,primal,dual_gap,smallest_dual_gap,iterations
1,10000,3661.080481058,3656.817968642,104.95630574140684,13712.903074263812,13812.888650376744,77
