seed,dimension,time,fw_time,primal,dual_gap,smallest_dual_gap,iterations
1,1500,3606.413849294,3605.714451384,8.824837756487309,1.9854200359187697,1.971389539179924,1497
