seed,dimension,time,fw_time,primal,dual_gap,smallest_dual_gap,iterations
4,300,3600.119419278,3600.086980979,7.761391440218753,9.890768453146848e-7,9.89076482049711e-7,21350
