seed,dimension,time,fw_time,primal,dual_gap,smallest_dual_gap,iterations
2,2500,3605.932861043,3605.114130478,11.110810063045157,7.279746470802111,7.352456323478782,622
