seed,dimension,time,fw_time,primal,dual_gap,smallest_dual_gap,iterations
4,600,3600.394368048,3600.233361201,8.150090820853881,0.014310693066290625,0.012859721180554118,29362
