seed,dimension,time,fw_time,primal,dual_gap,smallest_dual_gap,iterations
4,1500,3611.047015013,3610.431037351,9.757437429742216,6.106198466011369,6.141923340319105,381
