seed,dimension,time,fw_time,primal,dual_gap,smallest_dual_gap,iterations
4,2500,3617.200426921,3616.265852452,12.26921419123337,14.084166817769237,14.47644913768651,288
