seed,dimension,time,fw_time,primal,dual_gap,smallest_dual_gap,iterations,average_iter,std_iter
2,4500,3626.940553827,3624.830625946,15.243546170239382,32.24918714694596,31.944898012608782,243,0.05761316872427984,0.2334914269035126
