seed,dimension,time,fw_time,primal,dual_gap,smallest_dual_gap,iterations,average_iter,std_iter
5,1000,3601.533836572,3601.206458886,8.435977098045754,0.0031209120061266304,0.0030962150252360487,3064,0.1452349869451697,0.35332034983571364
