seed,dimension,time,fw_time,primal,dual_gap,smallest_dual_gap,iterations
1,1500,3612.144670551,3611.41487821,11.31020419126396,13.797012387852261,13.878389107661421,374
