seed,dimension,time,fw_time,primal,dual_gap,smallest_dual_gap,iterations
4,4000,3614.395782231,3613.235693034,16.161453820731083,45.447477315843315,45.41191540324946,210
