seed,dimension,time,fw_time,primal,dual_gap,smallest_dual_gap,iterations
4,700,3601.266051177,3600.928825608,8.11815701491139,1.2853563529091616e-6,1.2853563404746637e-6,7936
