seed,dimension,time,fw_time,primal,dual_gap,smallest_dual_gap,iterations
5,2000,3605.63845572,3604.822221865,8.974264857779815,2.2386335291168624,2.2450620597019046,1378
