seed,dimension,time,fw_time,primal,dual_gap,smallest_dual_gap,iterations
3,3500,3606.468180852,3605.592190995,11.197803060804727,8.728621777465543,8.713545590942816,510
