seed,dimension,time,fw_time,primal,dual_gap,smallest_dual_gap,iterations
3,500,3600.696361884,3600.605762073,8.270115985403427,1.0957363834052103e-6,1.0957367155839393e-6,9519
