seed,dimension,time,fw_time,primal,dual_gap,smallest_dual_gap,iterations
2,500,3600.463050862,3600.331809734,8.682231613273037,1.335401476509901e-6,1.3354010839350394e-6,11702
