seed,dimension,time,fw_time,primal,dual_gap,smallest_dual_gap,iterations
1,4500,3621.388412013,3619.313535185,40.131871610073674,732.6164530510307,745.5180818162855,139
