seed,dimension,time,fw_time,primal,dual_gap,smallest_dual_gap,iterations
1,4000,3626.052407786,3624.914226432,15.141282305744985,34.96158916063707,34.42439054837978,212
