seed,dimension,time,fw_time,primal,dual_gap,smallest_dual_gap,iterations
3,1000,3601.773329243,3601.366836453,8.522422248176511,0.3967242995871647,0.4031408071223108,4862
