seed,dimension,time,fw_time,primal,dual_gap,smallest_dual_gap,iterations
4,1500,3608.504397754,3607.913605613,9.578110882565255,5.5505511981358335,5.379411828758926,380
