seed,dimension,time,fw_time,primal,dual_gap,smallest_dual_gap,iterations
5,1500,3611.703960138,3611.092522845,10.426782712382842,9.34172675666644,10.556984709310269,406
