seed,dimension,time,fw_time,primal,dual_gap,smallest_dual_gap,iterations,average_iter,std_iter
3,3500,3612.637904909,3611.644176859,11.266686388925256,8.834148642841736,8.810112966014133,454,0.1013215859030837,0.302086953873865
