seed,dimension,time,fw_time,primal,dual_gap,smallest_dual_gap,iterations
2,200,3600.044078892,3600.008490177,8.65091808959196,1.2783874865363032e-6,1.2783874634436643e-6,2322439
