seed,dimension,time,fw_time,primal,dual_gap,smallest_dual_gap,iterations
5,1000,3602.528955884,3602.056305996,8.435976729040803,0.000303848573608434,0.0002934202499194072,3027
