seed,dimension,time,fw_time,primal,dual_gap,smallest_dual_gap,iterations
3,4500,3612.711327164,3610.732272363,52.415549338751326,1830.6596171307035,1838.5236625134357,143
