seed,dimension,time,fw_time,primal,dual_gap,smallest_dual_gap,iterations,average_iter,std_iter
5,4500,3629.488427613,3627.314740258,15.642186616770159,36.735619671895506,37.62428954344316,246,0.04878048780487805,0.21584796374868806
