seed,dimension,time,fw_time,primal,dual_gap,smallest_dual_gap,iterations
1,800,3601.0379153,3600.717572654,8.572820310747177,0.18972160048818765,0.19014414478454178,9793
