seed,dimension,time,fw_time,primal,dual_gap,smallest_dual_gap,iterations,average_iter,std_iter
1,2500,3611.072423768,3610.298074678,10.46717380068277,5.1035409203994835,5.086446770745486,559,NaN,NaN
