seed,dimension,time,fw_time,primal,dual_gap,smallest_dual_gap,iterations
5,2500,3609.343114726,3608.571416267,13.699309659911629,22.33273321436706,22.453930761158237,286
