seed,dimension,time,fw_time,primal,dual_gap,smallest_dual_gap,iterations
3,4000,3628.420548578,3627.356857877,18.38655262066994,75.15256140324136,82.34157368729664,209
