seed,dimension,time,fw_time,primal,dual_gap,smallest_dual_gap,iterations,average_iter,std_iter
5,4500,3614.757765538,3612.544068896,31.757558549390957,463.6573402405847,505.9658100513725,251,0.0,0.0
