seed,dimension,time,fw_time,primal,dual_gap,smallest_dual_gap,iterations
1,2000,3613.548417632,3612.673059346,10.567472200747176,8.490622675546062,8.963312240441878,335
