seed,dimension,time,fw_time,primal,dual_gap,smallest_dual_gap,iterations
3,2500,3611.264562149,3610.5256349,13.381564202733085,20.95610198532045,19.95030666080148,305
