seed,dimension,time,fw_time,primal,dual_gap,smallest_dual_gap,iterations
5,40000,3976.972611237,3942.338162601,1324.6947823463072,1.872022573495906e8,1.9026655084230456e8,10
