seed,dimension,time,fw_time,primal,dual_gap,smallest_dual_gap,iterations,average_iter,std_iter
2,1000,3602.554037099,3602.059057733,8.39309144907944,0.018824277750013607,0.01899229765378152,2331,0.13728013728013727,0.34670141268545873
