seed,dimension,time,fw_time,primal,dual_gap,smallest_dual_gap,iterations
1,5000,3635.212417971,3632.952482734,37.69342568977279,878.9793789059897,901.324566663343,117
