seed,dimension,time,fw_time,primal,dual_gap,smallest_dual_gap,iterations
3,1000,3602.033282205,3601.756797383,8.519762599888812,0.04882263649736096,0.04898969436488976,1508
