seed,dimension,time,fw_time,primal,dual_gap,smallest_dual_gap,iterations,average_iter,std_iter
4,500,3600.472162055,3600.299958074,8.31030786197702,1.0518386446278782e-6,1.0518384314650575e-6,11191,0.3400053614511661,0.6555789042542141
