seed,dimension,time,fw_time,primal,dual_gap,smallest_dual_gap,iterations,average_iter,std_iter
5,500,3600.500160736,3600.309985368,8.36502282927982,6.661030003130008e-7,6.661030962362702e-7,9914,0.3601977002219084,0.7216677902793212
