seed,dimension,time,fw_time,primal,dual_gap,smallest_dual_gap,iterations
3,5000,3625.20320793,3623.071934941,143.78977242214282,55225.70633153086,59708.29437822715,118
