seed,dimension,time,fw_time,primal,dual_gap,smallest_dual_gap,iterations
3,200,3600.034586278,3600.031305591,7.4841846342883445,5.501411675989942e-5,7.621584308026286e-5,4176081
