seed,dimension,time,fw_time,primal,dual_gap,smallest_dual_gap,iterations
3,500,3600.32672809,3600.221526077,8.270167905609314,0.056254138174397283,0.05655920952139404,21235
