seed,dimension,time,fw_time,primal,dual_gap,smallest_dual_gap,iterations,average_iter,std_iter
5,4000,3614.149072739,3612.967345835,12.557496105204962,16.2851429280963,16.265207812002615,398,0.07035175879396985,0.25606079426991196
