seed,dimension,time,fw_time,primal,dual_gap,smallest_dual_gap,iterations
4,300,3600.127497659,3600.07093317,7.7613930007717755,0.0044219644530532065,0.004182507004571789,67492
