seed,dimension,time,fw_time,primal,dual_gap,smallest_dual_gap,iterations
4,500,3600.386951024,3600.237985076,8.31032712325282,0.03750991597344644,0.039883829104292445,22589
