seed,dimension,time,fw_time,primal,dual_gap,smallest_dual_gap,iterations
2,4500,3618.894658972,3616.444898419,101.83994914963792,16585.053571174714,19877.47808866461,144
