seed,dimension,time,fw_time,primal,dual_gap,smallest_dual_gap,iterations
5,1500,3614.872559437,3614.329471625,10.437226176641202,9.28650609189593,9.235431317317158,383
