seed,dimension,time,fw_time,primal,dual_gap,smallest_dual_gap,iterations
2,3500,3607.972445616,3607.047349048,17.11595561650116,50.99959703451559,50.84064865581337,271
