seed,dimension,time,fw_time,primal,dual_gap,smallest_dual_gap,iterations,average_iter,std_iter
2,4500,3611.800723977,3609.402764728,24.63367292732585,195.16939986844852,199.8921800575294,220,NaN,NaN
