seed,dimension,time,fw_time,primal,dual_gap,smallest_dual_gap,iterations
4,1500,3609.811181939,3609.262239417,9.80848033109825,6.439319938817459,6.536775587819591,401
