seed,dimension,time,fw_time,primal,dual_gap,smallest_dual_gap,iterations
3,4500,3626.077129551,3623.864078419,57.19010940681248,2804.1180164431985,2812.332603574047,130
