seed,dimension,time,fw_time,primal,dual_gap,smallest_dual_gap,iterations
1,1500,3608.016412259,3607.263402294,9.86794793562533,6.055820673224089,6.46804667618672,398
