seed,dimension,time,fw_time,primal,dual_gap,smallest_dual_gap,iterations
1,100,3600.127871418,3600.12458042,8.196005384164861,1.4252554665361572e-5,1.8557968475718667e-5,11587783
