seed,dimension,time,fw_time,primal,dual_gap,smallest_dual_gap,iterations
2,5000,3627.774312438,3625.371018947,61.61154154429388,3311.5801191283967,3786.7539724434337,132
