seed,dimension,time,fw_time,primal,dual_gap,smallest_dual_gap,iterations
1,3500,3621.652453396,3620.577533845,15.790299335323299,37.63183937500518,38.745829288834585,261
