seed,dimension,time,fw_time,primal,dual_gap,smallest_dual_gap,iterations
1,500,3600.652438044,3600.426017257,8.254121055529476,1.3234507552084551e-6,1.3234512064030923e-6,5925
