seed,dimension,time,fw_time,primal,dual_gap,smallest_dual_gap,iterations
2,2500,3608.596457233,3607.691595196,13.08493677586921,17.877386977858453,18.093341167777837,283
