seed,dimension,time,fw_time,primal,dual_gap,smallest_dual_gap,iterations,average_iter,std_iter
4,500,3600.21644064,3600.174220511,8.310307861977213,1.1487779261187825e-6,1.1487771818252668e-6,11224,1.5252825698988697,0.6542787244541819
