seed,dimension,time,fw_time,primal,dual_gap,smallest_dual_gap,iterations
4,1000,3601.668979759,3601.17839295,8.612455711157423,0.3644346523882813,0.36576741401463053,6194
