seed,dimension,time,fw_time,primal,dual_gap,smallest_dual_gap,iterations
2,1500,3606.514034983,3605.834078767,10.150834786000594,8.111152903260752,8.151614051614517,403
