seed,dimension,time,fw_time,primal,dual_gap,smallest_dual_gap,iterations
2,4500,3634.37653535,3632.351432559,101.83994914887373,16585.05356267465,19877.478084595175,143
