seed,dimension,time,fw_time,primal,dual_gap,smallest_dual_gap,iterations
4,4500,3638.096463892,3635.665038477,94.75783648061181,13687.165305822851,15369.460477167682,141
