seed,dimension,time,fw_time,primal,dual_gap,smallest_dual_gap,iterations
2,5000,3628.668513708,3626.431848547,44.86296291793529,1261.0193147569064,1260.3997807011287,125
