seed,dimension,time,fw_time,primal,dual_gap,smallest_dual_gap,iterations
1,1000,3601.832602273,3601.497973265,8.346064085381906,0.000391791278472553,0.00038845026721823217,2766
