seed,dimension,time,fw_time,primal,dual_gap,smallest_dual_gap,iterations,average_iter,std_iter
3,4500,3622.042539477,3620.168349845,15.840953295535499,39.741034554449826,42.0095477945732,247,0.044534412955465584,0.2066980187747478
