seed,dimension,time,fw_time,primal,dual_gap,smallest_dual_gap,iterations
2,4000,3620.620422692,3619.416235484,22.195766479853745,122.12815427586975,135.58156163013797,235
