seed,dimension,time,fw_time,primal,dual_gap,smallest_dual_gap,iterations
4,4000,3609.813662475,3608.740569032,10.723690108176777,7.219717689422229,7.4465584416587145,830
