seed,dimension,time,fw_time,primal,dual_gap,smallest_dual_gap,iterations
3,3000,3606.467337178,3605.500488639,12.577936508854162,19.873008511466338,19.890889379203056,264
