seed,dimension,time,fw_time,primal,dual_gap,smallest_dual_gap,iterations,average_iter,std_iter
2,1500,3606.408232295,3605.714401839,8.927530773591606,2.2233250380468057,2.223294528865207,713,0.1150070126227209,0.3236237606139267
