seed,dimension,time,fw_time,primal,dual_gap,smallest_dual_gap,iterations
3,4500,3612.966672528,3611.006490535,18.349623272733336,64.6807411538542,69.25636276486394,285
