seed,dimension,time,fw_time,primal,dual_gap,smallest_dual_gap,iterations
1,5000,3614.23085484,3611.781697484,20.882418760034973,100.77567683649379,105.31199270573555,262
