seed,dimension,time,fw_time,primal,dual_gap,smallest_dual_gap,iterations
5,2500,3609.020222063,3608.234141504,10.046565344177473,3.8212881431898147,3.8414875094280383,1120
