seed,dimension,time,fw_time,primal,dual_gap,smallest_dual_gap,iterations
5,700,3600.869968416,3600.676542019,8.421245509183558,1.9155514046076405e-6,1.915551642639457e-6,8047
