seed,dimension,time,fw_time,primal,dual_gap,smallest_dual_gap,iterations
3,1000,3601.653274854,3601.346113516,8.520570978726589,0.17120002037810345,0.1704169221270213,1276
