seed,dimension,time,fw_time,primal,dual_gap,smallest_dual_gap,iterations
3,4500,3631.756416417,3629.534988119,27.472021021350645,298.79167695712295,334.2300435463972,126
