seed,dimension,time,fw_time,primal,dual_gap,smallest_dual_gap,iterations
3,4500,3638.924475808,3637.049777314,57.19010940757533,2804.118016889941,2812.3326046941997,129
