seed,dimension,time,fw_time,primal,dual_gap,smallest_dual_gap,iterations
4,3500,3617.100413905,3616.128469075,13.74917845851087,24.64134872670176,24.661992127508164,243
