seed,dimension,time,fw_time,primal,dual_gap,smallest_dual_gap,iterations
2,5000,3616.595571156,3614.272537438,12.528488840644666,17.998884602034728,17.68440754660844,453
