seed,dimension,time,fw_time,primal,dual_gap,smallest_dual_gap,iterations
1,1500,3615.280550944,3614.567888937,9.86794793562533,6.055820673224089,6.46804667618672,398
