seed,dimension,time,fw_time,primal,dual_gap,smallest_dual_gap,iterations
2,1000,3604.403762239,3603.999014205,8.39937316216571,0.4122665739625422,0.4226858074257631,1207
