seed,dimension,time,fw_time,primal,dual_gap,smallest_dual_gap,iterations,average_iter,std_iter
1,3000,3609.292030457,3608.389997204,10.433054747085686,7.097458278247554,7.06292357273648,506,0.09881422924901186,0.3116843050507185
