seed,dimension,time,fw_time,primal,dual_gap,smallest_dual_gap,iterations
4,500,3600.458912096,3600.357600367,8.310307861977698,1.426654252512094e-6,1.4266544532404168e-6,11841
