seed,dimension,time,fw_time,primal,dual_gap,smallest_dual_gap,iterations
4,900,3601.325039196,3600.91964999,9.166862622731946,9.109107919513804e-6,9.732920647209653e-6,3674
