seed,dimension,time,fw_time,primal,dual_gap,smallest_dual_gap,iterations
2,100,3600.003375093,3600.001061147,10.085180701579311,1.6910531803304707e-5,1.5078857961370318e-5,12206444
