seed,dimension,time,fw_time,primal,dual_gap,smallest_dual_gap,iterations,average_iter,std_iter
2,2500,3607.716434302,3606.935867983,11.144671954853441,7.359951895159844,7.41254038854585,566,NaN,NaN
