seed,dimension,time,fw_time,primal,dual_gap,smallest_dual_gap,iterations
1,3500,3608.632901999,3607.598269955,10.474100485683678,5.758832130728349,5.715619247969981,956
