seed,dimension,time,fw_time,primal,dual_gap,smallest_dual_gap,iterations,average_iter,std_iter
5,200,3600.050258266,3600.002138687,8.366717917741529,7.351362132368422e-7,7.351359325724616e-7,1113722,0.5946115817053088,0.7797313500187215
