seed,dimension,time,fw_time,primal,dual_gap,smallest_dual_gap,iterations
4,2000,3605.212846871,3604.371838357,9.02206295910669,2.27046085599995,2.2891514750562507,1321
