seed,dimension,time,fw_time,primal,dual_gap,smallest_dual_gap,iterations
2,1500,3605.684477251,3604.951550544,10.159507151625618,8.128017539014037,8.141940903952321,399
