seed,dimension,time,fw_time,primal,dual_gap,smallest_dual_gap,iterations
4,5000,3636.552446299,3634.243684699,174.29970032555502,135485.358481937,143743.18378898458,130
