seed,dimension,time,fw_time,primal,dual_gap,smallest_dual_gap,iterations,average_iter,std_iter
2,2000,3625.931953663,3624.469117702,12.319111706583016,18.181040271093536,18.254906856707294,285,NaN,NaN
