seed,dimension,time,fw_time,primal,dual_gap,smallest_dual_gap,iterations
5,3000,3612.876409161,3611.888919981,14.817990623477568,34.84802600550667,34.79376899988985,305
