seed,dimension,time,fw_time,primal,dual_gap,smallest_dual_gap,iterations
4,4000,3618.133947671,3616.943813087,18.582732270340706,74.6276858645858,74.73686461960177,237
