seed,dimension,time,fw_time,primal,dual_gap,smallest_dual_gap,iterations
2,500,3600.33477158,3600.245573788,8.682267592299425,0.05527178330252269,0.05710519939050762,21030
