seed,dimension,time,fw_time,primal,dual_gap,smallest_dual_gap,iterations
2,2500,3605.490294622,3604.728511599,10.24898193683097,3.8270434364780392,3.8860717044995834,1118
