seed,dimension,time,fw_time,primal,dual_gap,smallest_dual_gap,iterations
5,3000,3615.915553004,3615.134521336,13.827128756136219,26.90623915654085,26.911235120562374,271
