seed,dimension,time,fw_time,primal,dual_gap,smallest_dual_gap,iterations,average_iter,std_iter
3,500,3600.588425093,3600.534109952,8.270115985403221,8.005857914383796e-7,8.005859459814246e-7,9455,1.515743073047859,0.6840547883617637
