seed,dimension,time,fw_time,primal,dual_gap,smallest_dual_gap,iterations
1,800,3600.721279729,3600.407619205,8.572338966092737,1.962337879746201e-6,1.9623375777655383e-6,7005
