seed,dimension,time,fw_time,primal,dual_gap,smallest_dual_gap,iterations
5,2500,3612.800576706,3611.854703381,13.618848966571445,21.987085881561736,22.261190875780557,288
