seed,dimension,time,fw_time,primal,dual_gap,smallest_dual_gap,iterations,average_iter,std_iter
2,4000,3612.925798461,3611.505057969,12.232507688648,13.427727667478338,13.36961764240445,409,NaN,NaN
