seed,dimension,time,fw_time,primal,dual_gap,smallest_dual_gap,iterations,average_iter,std_iter
4,2000,3610.18043346,3609.420762559,9.19247218001203,3.2206679688963433,3.2143782790874287,659,0.11836115326251896,0.32328065207864576
