seed,dimension,time,fw_time,primal,dual_gap,smallest_dual_gap,iterations
1,900,3601.748119744,3601.394848717,9.24266759563883,0.00010711765970050635,0.00011776441805722015,3809
