seed,dimension,time,fw_time,primal,dual_gap,smallest_dual_gap,iterations
3,200,3600.079979991,3600.02787042,7.484184634160078,1.0035443969158564e-6,1.003544317867977e-6,2336003
