seed,dimension,time,fw_time,primal,dual_gap,smallest_dual_gap,iterations
3,5000,3637.343259278,3635.200581162,51.865721266427606,1996.3045082458434,2035.4200335233463,126
