seed,dimension,time,fw_time,primal,dual_gap,smallest_dual_gap,iterations
5,3000,3612.93240538,3611.994644898,13.639732248581376,27.163540502370598,27.070738092295205,286
