seed,dimension,time,fw_time,primal,dual_gap,smallest_dual_gap,iterations
5,10000,3641.036418617,3636.824000695,176.27757033021933,76173.07951509414,82341.51431481977,75
