seed,dimension,time,fw_time,primal,dual_gap,smallest_dual_gap,iterations
2,4000,3609.261374447,3608.258185217,10.782739513450979,7.574933966015568,7.574198749739731,830
