seed,dimension,time,fw_time,primal,dual_gap,smallest_dual_gap,iterations,average_iter,std_iter
4,3000,3611.745850172,3610.834388532,10.106947478650193,5.879815575177137,5.797472012771488,500,0.104,0.305566263653182
