seed,dimension,time,fw_time,primal,dual_gap,smallest_dual_gap,iterations
1,500,3601.980457804,3601.757824463,8.254121055529795,1.7097299167545543e-6,1.7097299167545543e-6,6135
