seed,dimension,time,fw_time,primal,dual_gap,smallest_dual_gap,iterations
3,1000,3602.497250925,3602.034687826,8.519860519688788,0.07539779944753455,0.0761457533887242,1406
