seed,dimension,time,fw_time,primal,dual_gap,smallest_dual_gap,iterations
3,10000,3667.764509457,3663.486570051,403.568206750494,1.096806402073347e6,1.1018968725005717e6,76
