seed,dimension,time,fw_time,primal,dual_gap,smallest_dual_gap,iterations
1,300,3600.24332264,3600.174865654,7.964324292926829,0.00787698317069907,0.0077765688082491735,48096
