seed,dimension,time,fw_time,primal,dual_gap,smallest_dual_gap,iterations
5,5000,3641.709835348,3639.34781706,33.47369793350475,598.2417262059203,605.1016770882003,116
