seed,dimension,time,fw_time,primal,dual_gap,smallest_dual_gap,iterations
2,4500,3618.797055641,3616.680117415,12.234724331632233,13.598772149139036,13.594270740828621,498
