seed,dimension,time,fw_time,primal,dual_gap,smallest_dual_gap,iterations
3,4000,3619.124439652,3617.942417273,17.681114544901174,56.773210310593996,57.17096336312038,227
