seed,dimension,time,fw_time,primal,dual_gap,smallest_dual_gap,iterations
2,4500,3612.463904938,3610.366142942,22.089543234843504,114.36237848911465,122.16416668675737,287
