seed,dimension,time,fw_time,primal,dual_gap,smallest_dual_gap,iterations
4,2000,3611.455001217,3610.734207412,11.841406796752544,17.450152423946577,17.449725652926737,340
