seed,dimension,time,fw_time,primal,dual_gap,smallest_dual_gap,iterations
4,1000,3602.665133021,3602.225277688,8.608930733060058,0.0005937551097687788,0.0006008582617447189,2892
