seed,dimension,time,fw_time,primal,dual_gap,smallest_dual_gap,iterations
3,1500,3606.604128346,3605.964338645,8.595727521920827,1.2656293434138615,1.26916959015219,831
