seed,dimension,time,fw_time,primal,dual_gap,smallest_dual_gap,iterations
4,4500,3619.994943998,3617.61136238,25.42081839365953,205.1511188433323,219.32179513242914,124
