seed,dimension,time,fw_time,primal,dual_gap,smallest_dual_gap,iterations,average_iter,std_iter
5,1000,3602.504905667,3601.970192184,8.435995936570558,0.011905091249081678,0.012422536733552647,2507,0.1364180295173514,0.34561731780849825
