seed,dimension,time,fw_time,primal,dual_gap,smallest_dual_gap,iterations
1,3000,3610.957081431,3609.995596632,10.264950644604818,6.811766215905589,6.7775963073763705,568
