seed,dimension,time,fw_time,primal,dual_gap,smallest_dual_gap,iterations
5,4500,3641.548363482,3639.578069191,45.99110011313979,1251.784147982981,1501.9336324957787,129
