seed,dimension,time,fw_time,primal,dual_gap,smallest_dual_gap,iterations
4,200,3600.050487012,3600.047401822,7.930776554205714,6.831929554351746e-5,5.847061174346635e-5,4262658
