seed,dimension,time,fw_time,primal,dual_gap,smallest_dual_gap,iterations
5,3500,3608.790149969,3607.847374976,10.349590971321255,5.510387068913412,5.51332311251525,958
