seed,dimension,time,fw_time,primal,dual_gap,smallest_dual_gap,iterations
2,900,3602.260181015,3601.956499301,9.275490931189601,1.8900179625802593e-6,1.8900187832571191e-6,4567
