seed,dimension,time,fw_time,primal,dual_gap,smallest_dual_gap,iterations
4,500,3600.602935402,3600.501591521,8.310307861977698,1.4268737622558092e-6,1.4268735508693453e-6,9944
