seed,dimension,time,fw_time,primal,dual_gap,smallest_dual_gap,iterations
4,4000,3608.440499744,3607.238092805,18.968197353337356,77.59293814081295,79.42343880473179,224
