seed,dimension,time,fw_time,primal,dual_gap,smallest_dual_gap,iterations
2,2500,3619.680512488,3618.842137971,20.082101693607157,88.22827756755765,100.65139278341766,307
