seed,dimension,time,fw_time,primal,dual_gap,smallest_dual_gap,iterations
4,2000,3605.276421893,3604.513701176,10.571895329134632,9.626277044571037,9.666331201160435,355
