seed,dimension,time,fw_time,primal,dual_gap,smallest_dual_gap,iterations,average_iter,std_iter
2,500,3600.388378935,3600.302105769,8.682231613272227,8.709560681552375e-7,8.70955730647438e-7,10192,1.5040276179516685,0.9265887485361506
