seed,dimension,time,fw_time,primal,dual_gap,smallest_dual_gap,iterations
2,3000,3605.37645386,3604.443681582,14.289058915306079,29.204564736557664,29.227678979126107,299
