seed,dimension,time,fw_time,primal,dual_gap,smallest_dual_gap,iterations
2,4500,3613.452677412,3610.976808793,131.9274153265811,32075.013195666415,33073.53915226059,131
