seed,dimension,time,fw_time,primal,dual_gap,smallest_dual_gap,iterations
4,1000,3602.208082386,3601.712875431,8.608930588555118,0.00010081260883865184,0.00010994868164893035,3635
