seed,dimension,time,fw_time,primal,dual_gap,smallest_dual_gap,iterations
1,500,3602.174716726,3601.977871668,8.254121055529424,1.7096050370923876e-6,1.7096050370923876e-6,7561
