seed,dimension,time,fw_time,primal,dual_gap,smallest_dual_gap,iterations
5,5000,3612.612391472,3610.458345287,65.18687266991816,4121.408422546561,4142.07935003309,118
