seed,dimension,time,fw_time,primal,dual_gap,smallest_dual_gap,iterations,average_iter,std_iter
2,4500,3616.815084875,3614.594326241,19.09283840935308,76.19427267784035,81.83684541564341,250,0.02,0.1402808428098354
