seed,dimension,time,fw_time,primal,dual_gap,smallest_dual_gap,iterations
5,1500,3614.508446426,3613.903282326,10.108637863269761,7.885515330283543,8.058451700143308,400
