seed,dimension,time,fw_time,primal,dual_gap,smallest_dual_gap,iterations
2,4000,3613.362639944,3612.20117099,22.749163560194564,139.13379081208672,139.85238151291603,231
