seed,dimension,time,fw_time,primal,dual_gap,smallest_dual_gap,iterations
5,3500,3616.505777641,3615.473086974,16.80193616134438,52.09638964973532,51.70800447207478,261
