seed,dimension,time,fw_time,primal,dual_gap,smallest_dual_gap,iterations
1,5000,3630.018001174,3627.52806161,84.11921069817707,9624.620522146335,9678.244951616653,131
