seed,dimension,time,fw_time,primal,dual_gap,smallest_dual_gap,iterations
2,500,3600.740684247,3600.658262979,8.682231613274473,1.8530850400821919e-6,1.853085635161733e-6,6941
