seed,dimension,time,fw_time,primal,dual_gap,smallest_dual_gap,iterations
4,2500,3614.072501823,3613.200349639,17.045524306300027,63.046161786324504,62.51056398797035,291
