seed,dimension,time,fw_time,primal,dual_gap,smallest_dual_gap,iterations
1,1000,3604.60047892,3604.120325714,8.346232421600332,0.08085553228552378,0.08166546532550711,1531
