seed,dimension,time,fw_time,primal,dual_gap,smallest_dual_gap,iterations
4,3000,3606.489018617,3605.692861134,10.268643306009693,6.510782246240028,6.792699759775566,578
