seed,dimension,time,fw_time,primal,dual_gap,smallest_dual_gap,iterations
5,2500,3606.455959382,3605.469644461,10.550528944299217,5.830429482920003,5.8064970778107625,618
