seed,dimension,time,fw_time,primal,dual_gap,smallest_dual_gap,iterations,average_iter,std_iter
5,3500,3611.455334071,3610.495850577,11.396229263085127,9.152043850596362,9.160560787485421,454,0.0947136563876652,0.30057822412762025
