seed,dimension,time,fw_time,primal,dual_gap,smallest_dual_gap,iterations
5,500,3600.644651824,3600.561945836,8.36502282928079,1.653460532935469e-6,1.653460532935469e-6,6309
