seed,dimension,time,fw_time,primal,dual_gap,smallest_dual_gap,iterations
5,2000,3613.372395657,3612.601987681,10.758587867110567,10.440983261474928,10.984084839917772,331
