seed,dimension,time,fw_time,primal,dual_gap,smallest_dual_gap,iterations,average_iter,std_iter
4,2000,3608.398995421,3607.754622459,9.337469528707764,3.6470381762402084,3.7647789486119105,675,0.09777777777777778,0.30218459454285657
