seed,dimension,time,fw_time,primal,dual_gap,smallest_dual_gap,iterations
2,700,3600.650028458,3600.356209948,8.475230270149668,1.8445389038390658e-6,1.844538736861523e-6,8151
