seed,dimension,time,fw_time,primal,dual_gap,smallest_dual_gap,iterations
5,3000,3607.838518624,3606.971211004,10.439388893156863,7.372454572421594,7.376512696620516,574
