seed,dimension,time,fw_time,primal,dual_gap,smallest_dual_gap,iterations
4,500,3600.462927185,3600.33008394,8.310324478471175,0.03765272049415458,0.037835338105384864,25710
