seed,dimension,time,fw_time,primal,dual_gap,smallest_dual_gap,iterations
2,3000,3607.484452254,3606.636158873,12.408025700072233,17.935914152416892,18.086787250591833,267
