seed,dimension,time,fw_time,primal,dual_gap,smallest_dual_gap,iterations,average_iter,std_iter
2,1000,3605.833350088,3605.29108272,8.407706034109495,0.5877455675161389,0.5685733024351229,1063,0.12041392285983067,0.33133158537481516
