seed,dimension,time,fw_time,primal,dual_gap,smallest_dual_gap,iterations
3,2000,3605.702451017,3605.013772238,9.068357470114249,2.5001490685307832,2.5571947291243173,1361
