seed,dimension,time,fw_time,primal,dual_gap,smallest_dual_gap,iterations
2,400,3600.479034197,3600.398685786,9.197242482518714,1.1861257576128992e-6,1.186125968999363e-6,13865
