seed,dimension,time,fw_time,primal,dual_gap,smallest_dual_gap,iterations
3,1500,3605.186077106,3604.436651973,9.505530274050836,7.096548823466568,7.2009280528087665,402
