seed,dimension,time,fw_time,primal,dual_gap,smallest_dual_gap,iterations,average_iter,std_iter
4,4000,3610.031449505,3608.832325673,11.974136895494032,12.674672126882456,12.653088487206002,391,0.08695652173913043,0.28213234874320575
