seed,dimension,time,fw_time,primal,dual_gap,smallest_dual_gap,iterations
4,2000,3606.42444781,3605.645683625,10.464363305937077,8.8901330752568,9.196643613126945,334
