seed,dimension,time,fw_time,primal,dual_gap,smallest_dual_gap,iterations
4,1500,3607.605891052,3606.816884756,8.83046981399903,1.4956325327890951,1.4842207412954664,839
