seed,dimension,time,fw_time,primal,dual_gap,smallest_dual_gap,iterations,average_iter,std_iter
3,2000,3609.033819371,3608.228680627,9.202675846614842,3.3746383972903704,3.4031159793838235,655,0.10381679389312977,0.31022448716896345
