seed,dimension,time,fw_time,primal,dual_gap,smallest_dual_gap,iterations
2,900,3602.100677018,3601.776749421,9.278864850936676,0.440171742426692,0.431929053091368,5812
