seed,dimension,time,fw_time,primal,dual_gap,smallest_dual_gap,iterations
3,3000,3613.076310498,3612.185904627,15.920228272393537,46.79879200530219,52.67445999916062,270
