seed,dimension,time,fw_time,primal,dual_gap,smallest_dual_gap,iterations
3,500,3600.752428849,3600.694044217,8.270115985403296,9.571875789760043e-7,9.571878951675217e-7,4937
