seed,dimension,time,fw_time,primal,dual_gap,smallest_dual_gap,iterations
1,5000,3619.420362782,3617.161841673,38.979620955627745,853.13556212843,869.0246386971804,126
