seed,dimension,time,fw_time,primal,dual_gap,smallest_dual_gap,iterations
3,2500,3606.264510097,3605.435103179,16.06039312741932,39.47899681806898,39.36234657098183,305
