seed,dimension,time,fw_time,primal,dual_gap,smallest_dual_gap,iterations
3,4000,3609.912538681,3608.849070514,12.427130835264931,14.71545151348263,14.666566100016846,451
