seed,dimension,time,fw_time,primal,dual_gap,smallest_dual_gap,iterations,average_iter,std_iter
5,4500,3617.239186183,3614.324716309,35.82631841649763,689.8547896580707,726.1819459275097,244,NaN,NaN
