seed,dimension,time,fw_time,primal,dual_gap,smallest_dual_gap,iterations
2,5000,3620.740401225,3618.346975854,50.12982430235124,1749.7075696388015,1777.8420759222017,117
