seed,dimension,time,fw_time,primal,dual_gap,smallest_dual_gap,iterations
5,600,3600.450258783,3600.252634116,8.233069909492585,1.8126919094640925e-6,1.812692335789734e-6,11015
