seed,dimension,time,fw_time,primal,dual_gap,smallest_dual_gap,iterations
1,4500,3622.430506485,3620.300757293,107.04028503323796,17621.445664370432,19099.803399756693,142
