seed,dimension,time,fw_time,primal,dual_gap,smallest_dual_gap,iterations
2,600,3600.386400771,3600.24533089,8.291326905534149,0.025922546904830313,0.02583782081452135,29569
