seed,dimension,time,fw_time,primal,dual_gap,smallest_dual_gap,iterations
2,2500,3611.955265531,3611.150775771,17.75402654072017,61.47890498181841,61.51482017264401,289
