seed,dimension,time,fw_time,primal,dual_gap,smallest_dual_gap,iterations
5,3500,3607.13099893,3606.146744657,14.344239434042546,26.469024489709412,26.440090224292902,254
