seed,dimension,time,fw_time,primal,dual_gap,smallest_dual_gap,iterations,average_iter,std_iter
3,500,3600.548492034,3600.474056779,8.270115985403232,9.378658099024051e-7,9.378656322667211e-7,9405,0.37597022860180757,0.6953214000662195
