seed,dimension,time,fw_time,primal,dual_gap,smallest_dual_gap,iterations
4,3000,3607.540169454,3606.580849341,9.516845051960026,4.2769289821842325,4.2167159771403195,1046
