seed,dimension,time,fw_time,primal,dual_gap,smallest_dual_gap,iterations
1,1500,3615.592460316,3614.891537005,11.328436128300984,13.865749848493431,13.915250829871189,370
