seed,dimension,time,fw_time,primal,dual_gap,smallest_dual_gap,iterations
2,5000,3633.412521164,3630.960618087,74.55750810894955,7139.441433332565,7249.960463762713,119
