seed,dimension,time,fw_time,primal,dual_gap,smallest_dual_gap,iterations
3,3500,3606.892440456,3605.929554005,14.131353788624306,26.02080241179813,26.168749453952884,249
