seed,dimension,time,fw_time,primal,dual_gap,smallest_dual_gap,iterations,average_iter,std_iter
4,3500,3608.693917368,3607.849547267,11.61471986216512,10.347607513797183,10.250376683944205,458,0.07423580786026202,0.262440917734687
