seed,dimension,time,fw_time,primal,dual_gap,smallest_dual_gap,iterations
2,500,3600.524527901,3600.47393814,8.682231613274626,2.0023302003124854e-6,2.128230553566368e-6,6556
