seed,dimension,time,fw_time,primal,dual_gap,smallest_dual_gap,iterations
1,700,3600.721839854,3600.456063114,8.324004826797362,1.6315743831540885e-6,1.6315746194095482e-6,7828
