seed,dimension,time,fw_time,primal,dual_gap,smallest_dual_gap,iterations
2,4000,3614.523214409,3613.147409368,12.664818330575423,14.955772958951712,15.937836825487251,453
