seed,dimension,time,fw_time,primal,dual_gap,smallest_dual_gap,iterations
2,2000,3614.568775453,3613.738013705,11.399975728724831,13.135374569703206,12.86631899332286,339
