seed,dimension,time,fw_time,primal,dual_gap,smallest_dual_gap,iterations
4,3000,3610.520470054,3609.545800688,15.239451037081533,42.83000946367318,42.707525484283764,267
