seed,dimension,time,fw_time,primal,dual_gap,smallest_dual_gap,iterations
3,5000,3617.196850625,3614.98094794,22.31779230094968,132.40564454636473,132.5880692572077,262
