seed,dimension,time,fw_time,primal,dual_gap,smallest_dual_gap,iterations
1,10000,3636.815138202,3632.438768045,35.78346736820855,638.3781663756482,639.6625181175036,136
