seed,dimension,time,fw_time,primal,dual_gap,smallest_dual_gap,iterations
5,2000,3608.931695706,3608.126256418,11.711214869806787,15.40341901804605,15.816702075360096,366
