seed,dimension,time,fw_time,primal,dual_gap,smallest_dual_gap,iterations
4,500,3600.992450664,3600.941960974,8.310307861977108,8.918660014956004e-7,8.918665539425774e-7,5364
