seed,dimension,time,fw_time,primal,dual_gap,smallest_dual_gap,iterations
2,1000,3602.317910305,3601.860977616,8.39307962638289,0.0002009095114363646,0.0002226938097056319,2923
