seed,dimension,time,fw_time,primal,dual_gap,smallest_dual_gap,iterations
1,600,3600.646213607,3600.440779617,8.293631845162524,1.592423434004786e-6,1.5924239953335473e-6,12705
