seed,dimension,time,fw_time,primal,dual_gap,smallest_dual_gap,iterations
3,1000,3602.448462798,3602.147027784,8.519744017450392,0.04433826168014576,0.044475957375526676,1570
