seed,dimension,time,fw_time,primal,dual_gap,smallest_dual_gap,iterations
5,2500,3616.032856926,3615.001072715,15.111987356648267,33.207959523434724,33.35573876027763,307
