seed,dimension,time,fw_time,primal,dual_gap,smallest_dual_gap,iterations
2,500,3600.278857172,3600.198022553,8.682231613273034,1.3354548293875723e-6,1.3354548205057881e-6,11109
