seed,dimension,time,fw_time,primal,dual_gap,smallest_dual_gap,iterations,average_iter,std_iter
5,5000,3618.244444749,3616.047923483,14.963850964591865,35.6726230316985,35.722662258651454,223,0.05829596412556054,0.23482936556057946
