seed,dimension,time,fw_time,primal,dual_gap,smallest_dual_gap,iterations,average_iter,std_iter
4,500,3600.308399537,3600.261850264,8.310307861977101,9.140869980939215e-7,9.140873622470735e-7,10075,0.3278411910669975,0.6999915301896694
