seed,dimension,time,fw_time,primal,dual_gap,smallest_dual_gap,iterations
3,4500,3612.356441154,3610.237509446,32.285684005048495,392.78823494302304,397.2977297046413,136
