seed,dimension,time,fw_time,primal,dual_gap,smallest_dual_gap,iterations
5,4500,3632.260394921,3630.447472975,44.47167148406354,1125.6396016141784,1190.5543908179245,138
