seed,dimension,time,fw_time,primal,dual_gap,smallest_dual_gap,iterations
4,4500,3625.294736908,3623.52798156,93.77943821320844,13689.25595255692,13687.165305822851,143
