seed,dimension,time,fw_time,primal,dual_gap,smallest_dual_gap,iterations,average_iter,std_iter
3,1500,3607.993825716,3607.288453541,8.64549173695596,1.6120580443169281,1.6197271933697586,728,0.125,0.33507682504092223
