seed,dimension,time,fw_time,primal,dual_gap,smallest_dual_gap,iterations
3,2500,3607.24143476,3606.433047922,10.648141322269591,6.147033613431121,6.218490459782956,616
