seed,dimension,time,fw_time,primal,dual_gap,smallest_dual_gap,iterations
4,3500,3613.256451545,3612.125949435,20.751888036639407,110.96813595101867,117.7186532172724,274
