seed,dimension,time,fw_time,primal,dual_gap,smallest_dual_gap,iterations
4,3000,3608.129842986,3607.259383092,15.194191301976796,42.8693038118893,42.8300094637314,269
