seed,dimension,time,fw_time,primal,dual_gap,smallest_dual_gap,iterations
5,500,3600.383060463,3600.313981449,8.365022829280305,1.3370045444105472e-6,1.3370045444105472e-6,5037
