seed,dimension,time,fw_time,primal,dual_gap,smallest_dual_gap,iterations
3,100,3600.003700736,3600.001321311,8.706778140545525,8.252661984897713e-7,8.252661753971324e-7,6313927
