seed,dimension,time,fw_time,primal,dual_gap,smallest_dual_gap,iterations
2,800,3601.045986506,3600.726694619,8.827384000196833,0.15536015416938653,0.15557484986238812,12089
