seed,dimension,time,fw_time,primal,dual_gap,smallest_dual_gap,iterations
4,2000,3611.380480888,3610.551263689,11.920828684560291,19.096751499698126,19.0383633947101,335
