seed,dimension,time,fw_time,primal,dual_gap,smallest_dual_gap,iterations
1,1000,3606.392320405,3605.767822353,8.356845132085446,0.5311672142679189,0.5313812999676841,999
