seed,dimension,time,fw_time,primal,dual_gap,smallest_dual_gap,iterations
4,5000,3627.163086841,3624.970093654,38.697753254723864,849.437283524976,859.5517288628433,126
