seed,dimension,time,fw_time,primal,dual_gap,smallest_dual_gap,iterations
5,3500,3610.74844179,3609.923225734,16.069556409071836,42.900978422605874,43.02954283533069,273
