seed,dimension,time,fw_time,primal,dual_gap,smallest_dual_gap,iterations
1,300,3600.219415498,3600.196414414,7.964321459208624,1.0721455021567294e-6,1.072145645153455e-6,21071
