seed,dimension,time,fw_time,primal,dual_gap,smallest_dual_gap,iterations,average_iter,std_iter
3,2500,3609.478331167,3608.698722753,10.870074701019968,6.950801273756435,7.144607818785101,545,0.09174311926605505,0.2952218882514512
