seed,dimension,time,fw_time,primal,dual_gap,smallest_dual_gap,iterations
3,1000,3602.041038473,3601.646195057,8.521137570542782,0.2069524664460598,0.2069693581762646,1239
