seed,dimension,time,fw_time,primal,dual_gap,smallest_dual_gap,iterations
2,10000,3651.564454516,3648.196630355,621.802641211331,1.1254887155163791e7,1.1378274254245397e7,72
