seed,dimension,time,fw_time,primal,dual_gap,smallest_dual_gap,iterations
4,400,3600.462922157,3600.346576507,8.767459355482728,1.5694539783339678e-6,1.5694533761489993e-6,13966
