seed,dimension,time,fw_time,primal,dual_gap,smallest_dual_gap,iterations
1,1000,3604.844890342,3604.390749082,8.347809678036578,0.24434095689420943,0.2526611207064029,1233
