seed,dimension,time,fw_time,primal,dual_gap,smallest_dual_gap,iterations
1,4500,3625.072698051,3622.992360999,108.3694128428061,19099.803415778562,19499.795911497087,140
