seed,dimension,time,fw_time,primal,dual_gap,smallest_dual_gap,iterations
2,1000,3602.132862147,3601.734337346,8.395451997374874,0.3434927415057665,0.33056363996344196,6468
