seed,dimension,time,fw_time,primal,dual_gap,smallest_dual_gap,iterations,average_iter,std_iter
3,3000,3609.212479252,3608.35076291,10.595710595537772,8.135086311857124,8.070542761564807,526,NaN,NaN
