seed,dimension,time,fw_time,primal,dual_gap,smallest_dual_gap,iterations
1,3000,3607.384459196,3606.40528291,13.406945268457513,25.229726566421977,25.18731582623421,264
