seed,dimension,time,fw_time,primal,dual_gap,smallest_dual_gap,iterations
2,3500,3615.004431597,3613.949544636,15.613968700323888,37.59534068563579,39.26928626186861,264
