seed,dimension,time,fw_time,primal,dual_gap,smallest_dual_gap,iterations
5,5000,3612.067192585,3610.015346837,12.394506628616403,18.392641914285598,18.618654645458356,452
