seed,dimension,time,fw_time,primal,dual_gap,smallest_dual_gap,iterations,average_iter,std_iter
1,2000,3609.905850689,3609.001486762,9.244109941862453,2.639269713737951,2.6432527068951117,651,0.11981566820276497,0.3343291282097842
