seed,dimension,time,fw_time,primal,dual_gap,smallest_dual_gap,iterations
5,4000,3617.145996824,3615.987466394,25.90505559219483,214.92533502486347,215.74371760245782,234
