seed,dimension,time,fw_time,primal,dual_gap,smallest_dual_gap,iterations
2,3500,3609.029004879,3607.73894641,15.649463861933254,36.34370108234715,36.565766856583146,245
