seed,dimension,time,fw_time,primal,dual_gap,smallest_dual_gap,iterations
5,3500,3609.152532843,3608.178914741,11.448874298639863,8.797793996876994,8.876497482582769,514
