seed,dimension,time,fw_time,primal,dual_gap,smallest_dual_gap,iterations,average_iter,std_iter
2,1000,3601.804293965,3601.520740557,8.393091053049908,0.017475467666512756,0.017227411215978705,2303,0.14242292661745548,0.3495592856857831
