seed,dimension,time,fw_time,primal,dual_gap,smallest_dual_gap,iterations
1,1000,3604.356284488,3603.81020642,8.357349016444205,0.5226044299098849,0.5161472363322002,1110
