seed,dimension,time,fw_time,primal,dual_gap,smallest_dual_gap,iterations
4,1000,3602.281294266,3601.955866386,8.609461793182971,0.12321849803440088,0.12246433651268873,1474
