seed,dimension,time,fw_time,primal,dual_gap,smallest_dual_gap,iterations
1,2000,3608.625858114,3607.929125891,10.641335829313974,10.259991790528897,10.288611879092606,360
