seed,dimension,time,fw_time,primal,dual_gap,smallest_dual_gap,iterations
5,1500,3604.587601391,3603.874932266,10.437226176641591,9.286506091871088,9.235431317315552,385
