seed,dimension,time,fw_time,primal,dual_gap,smallest_dual_gap,iterations
3,1500,3607.40054217,3606.833581628,9.505249735708201,7.045280892847666,6.993328204517738,379
