seed,dimension,time,fw_time,primal,dual_gap,smallest_dual_gap,iterations
4,4500,3619.536440226,3617.416967736,29.058283823216673,295.8520430148106,314.84404243805994,135
