seed,dimension,time,fw_time,primal,dual_gap,smallest_dual_gap,iterations
4,4500,3628.688630337,3626.233591421,20.035405796175766,79.83349896842154,91.12079015612424,289
