seed,dimension,time,fw_time,primal,dual_gap,smallest_dual_gap,iterations
2,1000,3602.124393888,3601.599721577,8.415842482119459,0.7624023725182987,0.7611549207114159,976
