seed,dimension,time,fw_time,primal,dual_gap,smallest_dual_gap,iterations,average_iter,std_iter
1,3000,3607.576395779,3606.644811527,10.18191036034582,6.569347018333133,6.512354220041047,498,0.11044176706827309,0.3137547736215527
