seed,dimension,time,fw_time,primal,dual_gap,smallest_dual_gap,iterations
1,3500,3615.253840432,3614.245841902,14.004216105038413,25.31419564186058,25.40725006392467,242
