seed,dimension,time,fw_time,primal,dual_gap,smallest_dual_gap,iterations,average_iter,std_iter
2,2000,3608.452435125,3607.693552291,9.302923682111592,3.3302128500681203,3.2889141156727018,654,0.1162079510703364,0.3207194146096976
