seed,dimension,time,fw_time,primal,dual_gap,smallest_dual_gap,iterations
3,2000,3613.652457449,3612.789608461,10.748210855385654,10.546631203020514,10.611509262048795,333
