seed,dimension,time,fw_time,primal,dual_gap,smallest_dual_gap,iterations
1,2000,3612.78049097,3611.949085979,11.418464552772045,13.529026273775754,13.51010134248076,362
