seed,dimension,time,fw_time,primal,dual_gap,smallest_dual_gap,iterations,average_iter,std_iter
3,3000,3608.384116133,3607.504062736,10.724801331748727,8.685790916684676,8.75230333643842,509,0.08055009823182711,0.27954351841173836
