seed,dimension,time,fw_time,primal,dual_gap,smallest_dual_gap,iterations
1,3500,3618.745782963,3617.745015318,40.677895747487575,970.5878023197573,979.8003654484695,251
