seed,dimension,time,fw_time,primal,dual_gap,smallest_dual_gap,iterations
4,500,3600.571165662,3600.496590353,8.310307861977174,9.54319700596784e-7,9.543198054018376e-7,5885
