seed,dimension,time,fw_time,primal,dual_gap,smallest_dual_gap,iterations
1,4000,3609.209841167,3607.942854644,22.396298143778615,136.6200519829764,137.3288616681217,209
