seed,dimension,time,fw_time,primal,dual_gap,smallest_dual_gap,iterations
2,100,3600.003607777,3600.001335172,10.08518070156861,1.1650191158452117e-6,1.1650193076917503e-6,6404532
