seed,dimension,time,fw_time,primal,dual_gap,smallest_dual_gap,iterations,average_iter,std_iter
5,2500,3605.640393492,3604.783389562,10.395694586236253,5.326123305422202,5.296041552438064,566,0.11307420494699646,0.3224992306594164
