seed,dimension,time,fw_time,primal,dual_gap,smallest_dual_gap,iterations
1,4000,3618.972418432,3617.682982662,24.169389573085848,157.89654996105742,157.8032463545557,236
