seed,dimension,time,fw_time,primal,dual_gap,smallest_dual_gap,iterations
3,3000,3608.808491247,3607.782807474,16.086082977947104,52.587716707861816,52.79059882339959,267
