seed,dimension,time,fw_time,primal,dual_gap,smallest_dual_gap,iterations
4,800,3601.16102537,3600.805907021,8.714721597239706,1.6724353244512713e-6,1.6724359053199578e-6,7448
