seed,dimension,time,fw_time,primal,dual_gap,smallest_dual_gap,iterations
5,100,3600.003533725,3600.001077568,9.086419695586287,7.812220026437444e-7,7.812219067204751e-7,6272386
