seed,dimension,time,fw_time,primal,dual_gap,smallest_dual_gap,iterations,average_iter,std_iter
3,4000,3609.992480011,3608.769427261,11.793119945007758,10.786517912103584,11.17043159017807,390,0.09743589743589744,0.2969313315812974
