seed,dimension,time,fw_time,primal,dual_gap,smallest_dual_gap,iterations
3,900,3601.06496363,3600.513747143,9.059922633674057,1.8492413147441766e-6,1.8492415261306405e-6,4969
