seed,dimension,time,fw_time,primal,dual_gap,smallest_dual_gap,iterations
4,4000,3627.540556256,3626.179696206,16.063229259792042,43.13484046076545,45.44747731573517,210
