seed,dimension,time,fw_time,primal,dual_gap,smallest_dual_gap,iterations
1,4500,3617.228855751,3614.660654666,21.537700787148843,118.89270612150699,118.72835369267742,288
