seed,dimension,time,fw_time,primal,dual_gap,smallest_dual_gap,iterations
5,1500,3607.324420575,3606.64178558,9.836231837381728,6.855611356100104,6.856648591293796,382
