seed,dimension,time,fw_time,primal,dual_gap,smallest_dual_gap,iterations
2,10000,3630.736497199,3626.926665319,331.3761640961181,792606.1021111247,795006.934366512,140
