seed,dimension,time,fw_time,primal,dual_gap,smallest_dual_gap,iterations
1,700,3600.729946169,3600.504619139,8.324059387816046,0.05971053489513167,0.059621746705069256,17727
