seed,dimension,time,fw_time,primal,dual_gap,smallest_dual_gap,iterations,average_iter,std_iter
1,3500,3608.820420394,3607.75732589,12.730470018819835,15.372349546959887,15.49246047963453,466,0.05793991416309013,0.23388087362714116
