seed,dimension,time,fw_time,primal,dual_gap,smallest_dual_gap,iterations
1,600,3600.578491791,3600.361612628,8.293661698122428,0.05451469673453424,0.05239229389551525,23051
