seed,dimension,time,fw_time,primal,dual_gap,smallest_dual_gap,iterations
3,700,3600.922250473,3600.616716863,8.173869730287203,1.7002686387712629e-6,1.7002692942469366e-6,7761
