seed,dimension,time,fw_time,primal,dual_gap,smallest_dual_gap,iterations
4,500,3600.28278431,3600.177905629,8.310307861977936,1.4484702841599528e-6,1.4484702841599528e-6,6421
