seed,dimension,time,fw_time,primal,dual_gap,smallest_dual_gap,iterations
1,4500,3622.480703575,3619.753993507,133.62753364147827,41073.53309197009,41413.827258545585,129
