seed,dimension,time,fw_time,primal,dual_gap,smallest_dual_gap,iterations
2,700,3600.673875981,3600.428651131,8.475291548702774,0.08254503896859333,0.08244059627279654,19870
