seed,dimension,time,fw_time,primal,dual_gap,smallest_dual_gap,iterations
5,5000,3637.888467557,3635.638360316,39.65754368302012,774.2248149680535,776.146391904865,127
