seed,dimension,time,fw_time,primal,dual_gap,smallest_dual_gap,iterations
3,600,3600.454132396,3600.292812186,8.190944272150576,1.1957788927929869e-6,1.1957789265437668e-6,11533
