seed,dimension,time,fw_time,primal,dual_gap,smallest_dual_gap,iterations,average_iter,std_iter
5,5000,3626.392376659,3624.293106118,16.60234816629884,50.951180664610064,53.557134839080874,224,0.04017857142857143,0.19681765088576833
