seed,dimension,time,fw_time,primal,dual_gap,smallest_dual_gap,iterations,average_iter,std_iter
4,1000,3601.477644784,3601.183597017,8.60894980753472,0.02038672398091812,0.02006706808116121,2581,0.14529252227818676,0.35465634865015533
