seed,dimension,time,fw_time,primal,dual_gap,smallest_dual_gap,iterations
5,3000,3607.024390798,3606.037100401,9.620732527006163,4.029517229198202,4.052214181186137,1046
