seed,dimension,time,fw_time,primal,dual_gap,smallest_dual_gap,iterations
4,3000,3618.904476062,3617.933329177,13.611320590389832,29.817778042196178,30.886112412312052,285
