seed,dimension,time,fw_time,primal,dual_gap,smallest_dual_gap,iterations,average_iter,std_iter
5,4000,3606.756466029,3605.59818419,12.272707330835452,14.376817082611781,14.370235668606277,417,NaN,NaN
