seed,dimension,time,fw_time,primal,dual_gap,smallest_dual_gap,iterations
3,3500,3614.418598566,3613.36834812,14.323343406968133,27.903231846061054,28.13356735008144,243
