seed,dimension,time,fw_time,primal,dual_gap,smallest_dual_gap,iterations
1,4000,3613.577088678,3612.01760925,12.765894983175816,15.99861281503837,15.98398327565628,453
