seed,dimension,time,fw_time,primal,dual_gap,smallest_dual_gap,iterations,average_iter,std_iter
5,2500,3610.547766656,3609.697512109,10.696705405046098,6.28785896695722,6.579599099144346,543,0.09576427255985268,0.29453903514311974
