seed,dimension,time,fw_time,primal,dual_gap,smallest_dual_gap,iterations,average_iter,std_iter
2,5000,3615.144538415,3612.750075183,16.068946755608238,43.40989230303299,43.47433094078911,223,0.04484304932735426,0.2074248969341367
