seed,dimension,time,fw_time,primal,dual_gap,smallest_dual_gap,iterations
2,3000,3606.081160614,3605.229306451,9.651944127568592,3.9825275582196102,4.0249400204738635,1046
