seed,dimension,time,fw_time,primal,dual_gap,smallest_dual_gap,iterations
5,900,3601.464832628,3601.14122923,9.219820541473164,5.323022882919304e-6,5.242354964352103e-6,4082
