seed,dimension,time,fw_time,primal,dual_gap,smallest_dual_gap,iterations
5,2000,3604.474749118,3603.781410183,9.107934625621006,2.8486205415108383,2.9201149104686905,749
