seed,dimension,time,fw_time,primal,dual_gap,smallest_dual_gap,iterations,average_iter,std_iter
2,3000,3611.472526484,3610.56453281,10.347263668372996,6.394231754344023,6.392909585841419,497,0.11066398390342053,0.3266196641519144
