seed,dimension,time,fw_time,primal,dual_gap,smallest_dual_gap,iterations
5,5000,3650.969190779,3648.529025248,62.31793328395628,3354.3186272905227,4121.408422546561,118
