seed,dimension,time,fw_time,primal,dual_gap,smallest_dual_gap,iterations,average_iter,std_iter
1,2500,3609.185764289,3608.312640977,10.470788369717184,5.300510548409319,5.275237110509732,540,0.11296296296296296,0.3168410265456824
