seed,dimension,time,fw_time,primal,dual_gap,smallest_dual_gap,iterations
4,3500,3610.333025137,3609.409643913,11.84415392367631,11.607136030837518,11.919764568219122,524
