seed,dimension,time,fw_time,primal,dual_gap,smallest_dual_gap,iterations
5,1000,3602.119891341,3601.713951943,8.441945334435053,0.4391320390024571,0.43768844031054854,4747
