seed,dimension,time,fw_time,primal,dual_gap,smallest_dual_gap,iterations,average_iter,std_iter
1,2500,3609.923919849,3609.035846395,10.53167568649078,5.327809263008671,5.332872519601155,541,0.10351201478743069,0.31092254356369586
