seed,dimension,time,fw_time,primal,dual_gap,smallest_dual_gap,iterations,average_iter,std_iter
2,2500,3611.165608485,3610.287403802,11.2458253853563,7.9452593362167825,7.958747184005031,550,0.07818181818181819,0.2753973179406957
