seed,dimension,time,fw_time,primal,dual_gap,smallest_dual_gap,iterations
1,4000,3615.464554311,3614.259769318,24.96651425408376,180.33997750587028,180.10620708486016,230
