seed,dimension,time,fw_time,primal,dual_gap,smallest_dual_gap,iterations
4,5000,3618.095371283,3616.098499763,228.15701198920635,346176.1636323464,349732.4966950347,116
