seed,dimension,time,fw_time,primal,dual_gap,smallest_dual_gap,iterations,average_iter,std_iter
5,5000,3615.036457929,3612.76198464,16.259368270557243,45.27414515671371,47.84118292202545,229,NaN,NaN
