seed,dimension,time,fw_time,primal,dual_gap,smallest_dual_gap,iterations
1,3000,3614.431049155,3613.382549611,14.464540905864766,30.42731621918461,30.108337203743467,297
