seed,dimension,time,fw_time,primal,dual_gap,smallest_dual_gap,iterations,average_iter,std_iter
3,1000,3602.860419715,3602.411030054,8.519700820469604,0.0056387826466792745,0.005706031030838332,2377,0.1426167437946992,0.3509564396008501
