seed,dimension,time,fw_time,primal,dual_gap,smallest_dual_gap,iterations
2,40000,3974.603045298,3936.187919125,1293.2059734585205,9.372186294274639e7,9.560341740378155e7,10
