seed,dimension,time,fw_time,primal,dual_gap,smallest_dual_gap,iterations,average_iter,std_iter
4,4000,3608.184425752,3607.090547398,11.853569236677293,11.068737261536901,11.119560927903585,405,NaN,NaN
