seed,dimension,time,fw_time,primal,dual_gap,smallest_dual_gap,iterations
4,2000,3604.706672585,3603.919676063,9.15996712131798,3.060055295107624,3.0670334984038856,753
