seed,dimension,time,fw_time,primal,dual_gap,smallest_dual_gap,iterations,average_iter,std_iter
1,1500,3609.800383308,3609.059687881,8.89806050572682,2.143193790592381,2.1493665607701296,729,0.11796982167352538,0.32279385482749084
