seed,dimension,time,fw_time,primal,dual_gap,smallest_dual_gap,iterations
2,3500,3611.788507527,3610.803869399,11.637134597792556,10.588049521550113,10.48504114164526,519
