seed,dimension,time,fw_time,primal,dual_gap,smallest_dual_gap,iterations
5,4000,3619.415517044,3618.387530808,22.00646777033874,134.73245408358142,144.62070793156278,213
