seed,dimension,time,fw_time,primal,dual_gap,smallest_dual_gap,iterations
5,10000,3637.148494598,3633.552603228,52.735912953584794,1882.6524907909431,1927.1057455541302,139
