seed,dimension,time,fw_time,primal,dual_gap,smallest_dual_gap,iterations
3,800,3603.11418801,3602.487314755,8.529841203195929,0.7594842542080684,0.7901317671129942,2445
