seed,dimension,time,fw_time,primal,dual_gap,smallest_dual_gap,iterations
3,5000,3630.268439498,3627.904449839,110.94798274503648,22995.083529466185,23837.32166115795,131
