seed,dimension,time,fw_time,primal,dual_gap,smallest_dual_gap,iterations,average_iter,std_iter
4,3000,3608.042558731,3607.288174519,10.373954063465183,7.772560260734728,7.767455852208565,509,0.08055009823182711,0.27954351841173836
