seed,dimension,time,fw_time,primal,dual_gap,smallest_dual_gap,iterations,average_iter,std_iter
5,2000,3604.484424879,3603.74658336,9.206538527406217,3.150553110371833,3.104895701611458,662,0.11782477341389729,0.3226443025239387
