seed,dimension,time,fw_time,primal,dual_gap,smallest_dual_gap,iterations
1,4500,3657.896388772,3655.788034079,38.52689719746064,833.7367809401347,862.4823828254184,130
