seed,dimension,time,fw_time,primal,dual_gap,smallest_dual_gap,iterations
3,4000,3610.281677457,3609.112056422,10.707276535375795,7.626020435345627,7.2646591341696585,826
