seed,dimension,time,fw_time,primal,dual_gap,smallest_dual_gap,iterations
3,1000,3603.136606449,3602.694680462,8.5281491369968,0.5117006262834778,0.5147510211918771,994
