seed,dimension,time,fw_time,primal,dual_gap,smallest_dual_gap,iterations
4,3000,3610.940427126,3610.02349119,12.31918520111393,18.40507410809613,18.22923050209979,266
