seed,dimension,time,fw_time,primal,dual_gap,smallest_dual_gap,iterations
5,600,3600.382343089,3600.204794899,8.233088586157287,0.03589283794219433,0.0358866043973034,30145
