seed,dimension,time,fw_time,primal,dual_gap,smallest_dual_gap,iterations
3,600,3600.514347763,3600.353061158,8.190986482831947,0.049619608142322136,0.05048718023251553,27020
