seed,dimension,time,fw_time,primal,dual_gap,smallest_dual_gap,iterations
1,1000,3604.669630383,3604.247788557,8.346064592884764,0.0012854031729414572,0.0014082912488078136,2364
