seed,dimension,time,fw_time,primal,dual_gap,smallest_dual_gap,iterations
5,500,3600.298831462,3600.213835855,8.365036208249613,0.03667782358002647,0.039154631893278946,27343
