seed,dimension,time,fw_time,primal,dual_gap,smallest_dual_gap,iterations
3,1000,3602.144923117,3601.69430274,8.522122762900718,0.3758665411130764,0.3722319807333072,5637
