seed,dimension,time,fw_time,primal,dual_gap,smallest_dual_gap,iterations
2,1500,3604.5404488,3603.932459614,9.977908474707808,7.148306792400122,7.133296631513147,381
