seed,dimension,time,fw_time,primal,dual_gap,smallest_dual_gap,iterations,average_iter,std_iter
2,4000,3612.183027901,3611.099540618,12.361349236292494,14.050352394245373,13.920448074513702,398,0.07537688442211055,0.2643307859507701
