seed,dimension,time,fw_time,primal,dual_gap,smallest_dual_gap,iterations
1,1000,3606.028846932,3605.528024124,8.351070821141393,0.4195599487044106,0.41614301150800337,1121
