seed,dimension,time,fw_time,primal,dual_gap,smallest_dual_gap,iterations,average_iter,std_iter
4,2500,3605.58114285,3604.688304975,10.93579003399045,8.038301510754422,8.028586167099734,549,0.07468123861566485,0.2631160453397917
