seed,dimension,time,fw_time,primal,dual_gap,smallest_dual_gap,iterations,average_iter,std_iter
2,3000,3611.777880345,3611.001436431,10.394581257973915,6.409148491193946,6.399347628579511,520,NaN,NaN
