seed,dimension,time,fw_time,primal,dual_gap,smallest_dual_gap,iterations,average_iter,std_iter
4,5000,3625.409249319,3622.994572536,29.174733231963472,373.7164656859289,390.13602928519407,229,0.004366812227074236,0.06608186004550898
