seed,dimension,time,fw_time,primal,dual_gap,smallest_dual_gap,iterations
1,1000,3603.428368481,3602.897824251,8.356690887664062,0.5128382745353779,0.5101976322727584,1122
