seed,dimension,time,fw_time,primal,dual_gap,smallest_dual_gap,iterations
3,900,3601.760572817,3601.368070463,9.061416361442355,0.28397614438557817,0.28328863011624783,6347
