seed,dimension,time,fw_time,primal,dual_gap,smallest_dual_gap,iterations
3,500,3600.584414947,3600.533977218,8.270115985403434,1.059792667845727e-6,1.059792667845727e-6,7453
