seed,dimension,time,fw_time,primal,dual_gap,smallest_dual_gap,iterations
1,3000,3608.01045323,3607.098482753,9.656595907333582,4.430242987540572,4.295477541801802,1046
