seed,dimension,time,fw_time,primal,dual_gap,smallest_dual_gap,iterations
2,3000,3614.547942862,3613.767824725,13.331657200207527,22.24743179273198,23.33922642892673,267
