seed,dimension,time,fw_time,primal,dual_gap,smallest_dual_gap,iterations
3,1500,3604.917961529,3604.190663285,8.643416280647232,1.8485522365236644,1.8403158193031164,1459
