seed,dimension,time,fw_time,primal,dual_gap,smallest_dual_gap,iterations
4,1000,3606.512388041,3606.18485603,8.62574875225611,0.6583328037703335,0.6602180099063535,959
