seed,dimension,time,fw_time,primal,dual_gap,smallest_dual_gap,iterations
1,10000,3668.449977221,3664.449276394,120.58106675892614,24235.9127626888,24226.92302825078,75
