seed,dimension,time,fw_time,primal,dual_gap,smallest_dual_gap,iterations
4,500,3600.816633078,3600.730214556,8.310307861977753,1.2470600800895681e-6,1.2470600800895681e-6,6061
