seed,dimension,time,fw_time,primal,dual_gap,smallest_dual_gap,iterations
3,4500,3612.62450245,3610.566090972,52.91977805460131,1838.5236624759218,1882.4116214829626,141
