seed,dimension,time,fw_time,primal,dual_gap,smallest_dual_gap,iterations,average_iter,std_iter
4,4000,3614.7084759,3613.628432209,11.811881040330363,11.005151548062138,11.01491253356556,388,0.0979381443298969,0.2976147663264806
