seed,dimension,time,fw_time,primal,dual_gap,smallest_dual_gap,iterations
5,1000,3602.022312118,3601.554138717,8.43597670359439,3.701884974205427e-5,3.416138082990017e-5,3782
