seed,dimension,time,fw_time,primal,dual_gap,smallest_dual_gap,iterations
1,3000,3616.886712093,3616.012034655,13.33693864306226,25.106571584964826,25.081786113071388,267
