seed,dimension,time,fw_time,primal,dual_gap,smallest_dual_gap,iterations
1,200,3600.005683313,3600.002521768,7.833607869163017,7.03531255021872e-5,6.006742866038195e-5,4103582
