seed,dimension,time,fw_time,primal,dual_gap,smallest_dual_gap,iterations
1,400,3600.34287329,3600.230175612,8.851919515535553,1.3696318212907954e-6,1.3696330558587988e-6,14444
