seed,dimension,time,fw_time,primal,dual_gap,smallest_dual_gap,iterations
3,500,3600.624428949,3600.582113939,8.270115985403192,7.787650861956763e-7,7.787650861956763e-7,6496
