seed,dimension,time,fw_time,primal,dual_gap,smallest_dual_gap,iterations
2,4500,3623.240502388,3621.111712281,131.92741532523334,32075.01328103443,33073.53904771363,130
