seed,dimension,time,fw_time,primal,dual_gap,smallest_dual_gap,iterations
1,2500,3610.404399054,3609.36329375,13.103291053055198,18.243475955296564,18.175169588546876,306
