seed,dimension,time,fw_time,primal,dual_gap,smallest_dual_gap,iterations,average_iter,std_iter
4,5000,3627.976507392,3625.942775617,15.641698615844344,41.05623275930877,42.3413135870682,222,0.05405405405405406,0.22663534758582013
