seed,dimension,time,fw_time,primal,dual_gap,smallest_dual_gap,iterations
3,4000,3607.597451747,3606.658197316,20.671996771461103,106.86024749057975,107.0111259749161,235
