seed,dimension,time,fw_time,primal,dual_gap,smallest_dual_gap,iterations
3,2500,3604.857809281,3604.116771775,12.834290087969269,16.46865381090319,16.55794523358957,284
