seed,dimension,time,fw_time,primal,dual_gap,smallest_dual_gap,iterations
1,500,3602.086671821,3601.845866946,8.254144937271196,0.04373430367832576,0.04909837916665438,29400
