seed,dimension,time,fw_time,primal,dual_gap,smallest_dual_gap,iterations,average_iter,std_iter
2,3500,3612.276935333,3611.435179356,11.660949408756876,9.891959439886271,9.87031712415088,457,0.08971553610503283,0.28608696621162294
