seed,dimension,time,fw_time,primal,dual_gap,smallest_dual_gap,iterations
2,4000,3611.357827579,3610.230987575,20.217224457614225,103.3082801692918,103.77719505822168,211
