seed,dimension,time,fw_time,primal,dual_gap,smallest_dual_gap,iterations
4,4000,3613.690861063,3612.628064928,12.249570156000757,13.620782349960939,13.445494390424445,449
