seed,dimension,time,fw_time,primal,dual_gap,smallest_dual_gap,iterations
5,800,3600.708298183,3600.406977943,8.631423636531391,0.12973384471589888,0.13174900538011336,15123
