seed,dimension,time,fw_time,primal,dual_gap,smallest_dual_gap,iterations
4,5000,3624.49896522,3622.648743024,27.24612294179609,255.20748539748348,270.0728324804738,265
