seed,dimension,time,fw_time,primal,dual_gap,smallest_dual_gap,iterations,average_iter,std_iter
1,4500,3615.318642596,3613.080223707,19.498160001243406,85.74547028763664,89.76739316008906,249,0.020080321285140562,0.1405576221176932
