seed,dimension,time,fw_time,primal,dual_gap,smallest_dual_gap,iterations
1,5000,3618.720443788,3616.462615854,83.12956136996767,9607.76884936981,9624.620522146335,131
