seed,dimension,time,fw_time,primal,dual_gap,smallest_dual_gap,iterations
2,1000,3601.940553662,3601.523720585,8.393561024917886,0.1390274127111919,0.1422511079586819,1401
