seed,dimension,time,fw_time,primal,dual_gap,smallest_dual_gap,iterations
1,3000,3608.42039904,3607.489363145,13.147461980607485,22.721198054150157,23.161365161380076,285
