seed,dimension,time,fw_time,primal,dual_gap,smallest_dual_gap,iterations
4,40000,3930.313154947,3896.779887058,863.714454752712,1.8840953042254362e7,1.8876107409468457e7,10
