seed,dimension,time,fw_time,primal,dual_gap,smallest_dual_gap,iterations
1,2000,3611.840823307,3611.089965139,11.063393303465942,11.413811097398039,11.409999360509142,341
