seed,dimension,time,fw_time,primal,dual_gap,smallest_dual_gap,iterations
5,2000,3606.304766474,3605.505499723,11.955606402508012,18.440130765738857,18.425029090413183,353
