seed,dimension,time,fw_time,primal,dual_gap,smallest_dual_gap,iterations
5,4000,3615.424439516,3613.809539118,20.31181920360184,95.84578761908857,95.95047468388796,228
