seed,dimension,time,fw_time,primal,dual_gap,smallest_dual_gap,iterations
1,4500,3618.943934833,3616.59061771,12.330868611743474,15.278181014756223,14.800656745440223,497
