seed,dimension,time,fw_time,primal,dual_gap,smallest_dual_gap,iterations
3,5000,3618.171625773,3615.526508169,12.550971003475215,18.27704769057051,18.236874886769726,452
