seed,dimension,time,fw_time,primal,dual_gap,smallest_dual_gap,iterations
4,4500,3613.674287248,3611.436757827,12.419087848790928,15.241805574420788,14.976232582294717,497
