seed,dimension,time,fw_time,primal,dual_gap,smallest_dual_gap,iterations
1,5000,3627.901680498,3625.249886186,109.07226292708506,22060.531583291347,22936.30107820698,119
