seed,dimension,time,fw_time,primal,dual_gap,smallest_dual_gap,iterations
2,500,3600.486791146,3600.374112899,8.682253924463803,0.049443315283939526,0.04904568766729156,28161
