seed,dimension,time,fw_time,primal,dual_gap,smallest_dual_gap,iterations
2,500,3600.672466364,3600.630006655,8.682231613274347,1.7232921400989198e-6,1.7232921400989198e-6,6445
