seed,dimension,time,fw_time,primal,dual_gap,smallest_dual_gap,iterations
4,4000,3612.27189005,3611.177408237,18.972906607364333,78.33114313233226,78.2997460684592,234
