seed,dimension,time,fw_time,primal,dual_gap,smallest_dual_gap,iterations
5,4000,3608.339338742,3607.283050244,10.693203636318726,7.030746807566413,7.38288096593072,828
