seed,dimension,time,fw_time,primal,dual_gap,smallest_dual_gap,iterations
2,3000,3611.207040732,3610.329696615,13.21624645287955,22.274950774303136,22.268269471223803,286
