seed,dimension,time,fw_time,primal,dual_gap,smallest_dual_gap,iterations
4,2500,3610.832453464,3609.970615424,12.655327670403965,17.60758962529772,17.544550476290965,311
