seed,dimension,time,fw_time,primal,dual_gap,smallest_dual_gap,iterations,average_iter,std_iter
2,3500,3609.584416138,3608.53107249,11.396687982416854,8.596284862001976,8.600730017207573,448,0.10044642857142858,0.30827480808955604
