seed,dimension,time,fw_time,primal,dual_gap,smallest_dual_gap,iterations,average_iter,std_iter
3,4500,3621.616458119,3619.430959082,14.639919788728827,27.94464064212521,28.599800109971618,242,0.06611570247933884,0.24899923145018435
