seed,dimension,time,fw_time,primal,dual_gap,smallest_dual_gap,iterations
4,1500,3610.050148811,3609.420423855,9.801512623746945,6.578046012842675,6.453290566559804,405
