seed,dimension,time,fw_time,primal,dual_gap,smallest_dual_gap,iterations
3,3500,3622.376487482,3621.258931836,15.387815478408884,36.47026491965709,38.31670315592536,261
