seed,dimension,time,fw_time,primal,dual_gap,smallest_dual_gap,iterations
1,500,3600.47871358,3600.353335884,8.254145229799699,0.04338029996287318,0.04402386635330302,24874
