seed,dimension,time,fw_time,primal,dual_gap,smallest_dual_gap,iterations
1,500,3602.948012175,3602.761159789,8.25412105552947,1.871333626723981e-6,1.8713328682196106e-6,10190
