seed,dimension,time,fw_time,primal,dual_gap,smallest_dual_gap,iterations
1,900,3601.54060403,3601.112759065,9.247693211452434,0.42492250902945905,0.4306523370134947,5550
