seed,dimension,time,fw_time,primal,dual_gap,smallest_dual_gap,iterations
2,1500,3607.859519828,3607.073646421,8.796182202328064,1.5898500496440189,1.6103372842768486,837
