seed,dimension,time,fw_time,primal,dual_gap,smallest_dual_gap,iterations,average_iter,std_iter
3,2000,3622.740987576,3621.324253453,11.946205265737811,16.713731281108654,16.839527551161424,297,NaN,NaN
