seed,dimension,time,fw_time,primal,dual_gap,smallest_dual_gap,iterations
1,2500,3609.20224519,3608.315987649,12.891877364548076,17.637821241697612,17.817420056377735,285
