seed,dimension,time,fw_time,primal,dual_gap,smallest_dual_gap,iterations
3,300,3600.147324896,3600.130750998,7.797697245880306,0.005567291176210354,0.00507776295459994,53000
