seed,dimension,time,fw_time,primal,dual_gap,smallest_dual_gap,iterations,average_iter,std_iter
4,1000,3602.482138853,3602.122099743,8.608958819870065,0.0245251024434463,0.024599958934606647,2481,0.14349052801289802,0.35407613316286657
