seed,dimension,time,fw_time,primal,dual_gap,smallest_dual_gap,iterations
1,500,3600.784177964,3600.673851132,8.254121055529072,1.025332551307656e-6,1.025332551307656e-6,6010
