seed,dimension,time,fw_time,primal,dual_gap,smallest_dual_gap,iterations
3,4500,3617.714287788,3615.804641702,12.011673035841975,13.590579706240385,13.663839034526735,499
