seed,dimension,time,fw_time,primal,dual_gap,smallest_dual_gap,iterations,average_iter,std_iter
3,2500,3607.476414074,3606.471513453,10.524946972681258,5.265056297083545,5.160751885235012,551,0.11252268602540835,0.32199264098430097
