seed,dimension,time,fw_time,primal,dual_gap,smallest_dual_gap,iterations
3,1000,3601.83346087,3601.44202291,8.519699397057904,7.173167295526639e-5,7.18954365925839e-5,2847
