seed,dimension,time,fw_time,primal,dual_gap,smallest_dual_gap,iterations,average_iter,std_iter
5,3000,3605.316422613,3604.482642583,10.194105488520048,6.474936164445607,6.440597744988386,506,0.1067193675889328,0.3216207536965115
