seed,dimension,time,fw_time,primal,dual_gap,smallest_dual_gap,iterations
3,40000,3955.867289988,3922.443182573,767.5864869597323,1.6629835062894138e7,1.815790699059764e7,11
