seed,dimension,time,fw_time,primal,dual_gap,smallest_dual_gap,iterations
3,2000,3615.344450946,3614.661907056,10.694564645502664,11.31695709054871,11.459497298594565,358
