seed,dimension,time,fw_time,primal,dual_gap,smallest_dual_gap,iterations
2,500,3600.674826553,3600.541907977,8.682231613279773,3.584357889607759e-6,3.8133814044272185e-6,6243
