seed,dimension,time,fw_time,primal,dual_gap,smallest_dual_gap,iterations
5,5000,3632.294936655,3630.239543322,58.44024989434627,2620.45114355358,2631.7978397178126,130
