seed,dimension,time,fw_time,primal,dual_gap,smallest_dual_gap,iterations,average_iter,std_iter
4,2000,3611.105736134,3608.989294369,14.191561041210734,36.087980288094194,35.98616694652316,270,NaN,NaN
