seed,dimension,time,fw_time,primal,dual_gap,smallest_dual_gap,iterations
5,1000,3603.31639072,3602.863838492,8.437868348936385,0.23644837807447416,0.2387903079648055,1357
