seed,dimension,time,fw_time,primal,dual_gap,smallest_dual_gap,iterations,average_iter,std_iter
2,4000,3606.734228235,3605.436340904,11.90317290939856,11.700945433592414,11.766388802187496,388,0.09536082474226804,0.294091907994148
