seed,dimension,time,fw_time,primal,dual_gap,smallest_dual_gap,iterations
5,1000,3601.677111656,3601.250181683,8.439586089390199,0.35742461512670154,0.3219584196635079,6445
