seed,dimension,time,fw_time,primal,dual_gap,smallest_dual_gap,iterations,average_iter,std_iter
1,4000,3615.708411571,3614.517535524,11.889526651172975,11.639501322005819,12.1131537495784,385,0.0987012987012987,0.2986486519574755
