seed,dimension,time,fw_time,primal,dual_gap,smallest_dual_gap,iterations
2,500,3601.072423655,3601.022034405,8.682231613272291,1.027697985378495e-6,1.027697985378495e-6,5584
