seed,dimension,time,fw_time,primal,dual_gap,smallest_dual_gap,iterations
3,2500,3609.73921975,3608.88631994,14.406568165914479,26.771168910509523,27.190307660578444,289
