seed,dimension,time,fw_time,primal,dual_gap,smallest_dual_gap,iterations
1,5000,3619.565890848,3616.633117553,12.396402625046779,19.17700716820609,18.51071112153338,454
