seed,dimension,time,fw_time,primal,dual_gap,smallest_dual_gap,iterations
2,1500,3609.888483297,3609.239726089,10.137106560532944,8.526038469704162,8.559989999530325,376
