seed,dimension,time,fw_time,primal,dual_gap,smallest_dual_gap,iterations
4,2500,3607.602595583,3606.724532267,10.000204240986534,3.854021386178804,3.854679454839127,1125
