seed,dimension,time,fw_time,primal,dual_gap,smallest_dual_gap,iterations
3,500,3600.470983062,3600.265120229,8.270115985403427,1.0956151523799917e-6,1.095615493440505e-6,11188
