seed,dimension,time,fw_time,primal,dual_gap,smallest_dual_gap,iterations
5,10000,3623.112452949,3619.592765651,176.27757671235662,76174.26386621984,82343.47393914635,76
