seed,dimension,time,fw_time,primal,dual_gap,smallest_dual_gap,iterations,average_iter,std_iter
4,1500,3608.424391666,3607.817700384,8.879896023218686,1.8593127561526863,1.9209656638802706,727,0.12517193947730398,0.33114159644700764
