seed,dimension,time,fw_time,primal,dual_gap,smallest_dual_gap,iterations
5,4500,3616.444357062,3614.30858321,355.19570818203755,806038.314705456,835741.0756599451,128
