seed,dimension,time,fw_time,primal,dual_gap,smallest_dual_gap,iterations
3,500,3600.28280504,3600.181912226,8.270143290379748,0.046539432786302015,0.051177934722252516,28690
