seed,dimension,time,fw_time,primal,dual_gap,smallest_dual_gap,iterations,average_iter,std_iter
2,2000,3606.454471902,3605.609802494,9.419328009525515,3.956135816877513,3.825806200813096,650,0.1076923076923077,0.3102301408801809
