seed,dimension,time,fw_time,primal,dual_gap,smallest_dual_gap,iterations,average_iter,std_iter
2,500,3600.454852187,3600.289800067,8.682231613272656,1.0169545028304583e-6,1.0169548190219757e-6,10742,0.2763917333829827,0.5700524318244308
