seed,dimension,time,fw_time,primal,dual_gap,smallest_dual_gap,iterations
2,1000,3601.871733495,3601.491943578,8.393079849945785,0.0013670655857751512,0.0013661488305789504,2395
