seed,dimension,time,fw_time,primal,dual_gap,smallest_dual_gap,iterations
1,3500,3614.701456872,3613.682344852,38.86523187281117,764.4029206893158,776.6279117884044,264
