seed,dimension,time,fw_time,primal,dual_gap,smallest_dual_gap,iterations
1,2500,3609.748502999,3608.85093545,12.918370120534588,17.73437412591039,17.644558613253217,282
