seed,dimension,time,fw_time,primal,dual_gap,smallest_dual_gap,iterations
3,5000,3622.188411913,3619.687351177,51.78880858733753,2473.752511263879,2799.570361203881,117
