seed,dimension,time,fw_time,primal,dual_gap,smallest_dual_gap,iterations
3,2500,3615.116480855,3614.276086362,14.500123196504283,27.033815585059706,27.603096396476307,286
