seed,dimension,time,fw_time,primal,dual_gap,smallest_dual_gap,iterations
4,3500,3614.136460463,3613.126684246,17.016323809294136,54.961194066476686,55.62580403141796,256
