seed,dimension,time,fw_time,primal,dual_gap,smallest_dual_gap,iterations
4,1000,3603.300456131,3602.982149629,8.609344330240408,0.10898718916925532,0.1106065991925167,1455
