seed,dimension,time,fw_time,primal,dual_gap,smallest_dual_gap,iterations
3,100,3600.042687998,3600.04028749,8.706778140552062,1.8300338437526875e-5,1.9004893195173622e-5,11681666
