seed,dimension,time,fw_time,primal,dual_gap,smallest_dual_gap,iterations
5,3000,3605.416408807,3604.469239869,12.368383910034817,17.378296238139164,17.672549021447896,264
