seed,dimension,time,fw_time,primal,dual_gap,smallest_dual_gap,iterations
4,3000,3617.164453448,3616.356172788,16.54634582780827,62.136405727309544,63.452623891045405,302
