seed,dimension,time,fw_time,primal,dual_gap,smallest_dual_gap,iterations
2,4500,3630.616445437,3628.653483786,37.108165527760455,625.9370734418369,692.715894389112,139
