seed,dimension,time,fw_time,primal,dual_gap,smallest_dual_gap,iterations,average_iter,std_iter
1,3500,3611.644447695,3610.584752561,12.736125307435048,15.492460479647205,15.481175347760352,463,NaN,NaN
