seed,dimension,time,fw_time,primal,dual_gap,smallest_dual_gap,iterations,average_iter,std_iter
2,500,3600.616412343,3600.574166459,8.682231613272478,1.21916434459024e-6,1.219164477817003e-6,9795,0.26687085247575293,0.6141746456565973
