seed,dimension,time,fw_time,primal,dual_gap,smallest_dual_gap,iterations
2,300,3600.359452809,3600.32702423,8.147093833185883,1.2197972498739773e-6,1.219797574947279e-6,20829
