seed,dimension,time,fw_time,primal,dual_gap,smallest_dual_gap,iterations
5,2500,3615.688432564,3614.665801249,13.302975927701294,20.57111856723747,20.49377001402329,306
