seed,dimension,time,fw_time,primal,dual_gap,smallest_dual_gap,iterations
5,1000,3601.761228817,3601.333174406,8.436256128459839,0.1120184565514677,0.11286893467847747,1546
