seed,dimension,time,fw_time,primal,dual_gap,smallest_dual_gap,iterations
1,2000,3609.905875513,3608.9455185,9.227229689906025,2.8749662412471384,2.8213346659668,745
