seed,dimension,time,fw_time,primal,dual_gap,smallest_dual_gap,iterations,average_iter,std_iter
5,2500,3609.460462182,3608.630601622,10.620790226479519,6.19425925368221,6.233231256388363,560,NaN,NaN
