seed,dimension,time,fw_time,primal,dual_gap,smallest_dual_gap,iterations
3,10000,3639.132426663,3635.033057652,121.68395389356287,22909.25301256375,23474.46354317204,140
