seed,dimension,time,fw_time,primal,dual_gap,smallest_dual_gap,iterations
1,3000,3606.639122145,3605.798950272,13.147461980607485,22.721198054150157,23.161365161380076,285
