seed,dimension,time,fw_time,primal,dual_gap,smallest_dual_gap,iterations
2,300,3600.09142214,3600.066953006,8.14709489774198,0.004609069002688315,0.005541054858321459,69366
