seed,dimension,time,fw_time,primal,dual_gap,smallest_dual_gap,iterations,average_iter,std_iter
4,4500,3624.00043501,3621.925864156,14.632987033607948,25.764837737856677,25.760025451382774,240,0.07083333333333333,0.2570823853536747
