seed,dimension,time,fw_time,primal,dual_gap,smallest_dual_gap,iterations
3,3500,3612.232419719,3611.307113834,13.990487913220239,24.40348343604294,24.445518002954557,243
