seed,dimension,time,fw_time,primal,dual_gap,smallest_dual_gap,iterations
1,4000,3628.324857352,3627.165418215,22.101131599135922,131.73045866604787,136.62005198466443,211
