seed,dimension,time,fw_time,primal,dual_gap,smallest_dual_gap,iterations
5,4500,3628.09639864,3626.040798467,22.542058819008744,154.02923171026524,159.38475984478399,38
