seed,dimension,time,fw_time,primal,dual_gap,smallest_dual_gap,iterations
2,1500,3609.729566143,3608.934911806,9.434656802910158,5.035363883094908,4.982024534850321,199
