seed,dimension,time,fw_time,primal,dual_gap,smallest_dual_gap,iterations
3,800,3602.321463622,3602.047492432,8.515523545505614,1.6575397943086045e-6,1.6575393519957515e-6,2770
