seed,dimension,time,fw_time,primal,dual_gap,smallest_dual_gap,iterations
2,200,3600.027098031,3600.003328073,8.650918089591613,1.9114465441560924e-6,1.9114460201308248e-6,984720
