seed,dimension,time,fw_time,primal,dual_gap,smallest_dual_gap,iterations
1,500,3603.114898239,3602.982065188,8.254121055529263,1.2899573942348752e-6,1.2899573942348752e-6,2901
