seed,dimension,time,fw_time,primal,dual_gap,smallest_dual_gap,iterations
2,3000,3625.018549955,3623.83358794,11.508964280238272,14.397221849479314,14.77456500990235,120
