seed,dimension,time,fw_time,primal,dual_gap,smallest_dual_gap,iterations
1,2500,3634.676547444,3633.598294346,12.736040244395525,19.732925349284443,21.23519259147311,118
