seed,dimension,time,fw_time,primal,dual_gap,smallest_dual_gap,iterations
2,4000,3636.052404405,3635.066803556,14.340802227909892,30.891797870862398,30.648287145102927,83
