seed,dimension,time,fw_time,primal,dual_gap,smallest_dual_gap,iterations
1,5000,3657.946927318,3655.660440074,20.45095547431642,129.18589037645964,130.28405090013982,39
