seed,dimension,time,fw_time,primal,dual_gap,smallest_dual_gap,iterations
3,1000,3604.884493596,3604.517377906,8.519927588050312,0.10917039241155457,0.10525737757327569,956
