seed,dimension,time,fw_time,primal,dual_gap,smallest_dual_gap,iterations
3,3000,3610.250997971,3609.411604984,12.510522890151801,21.987093702649496,21.929989886135843,110
