seed,dimension,time,fw_time,primal,dual_gap,smallest_dual_gap,iterations
1,1000,3603.944467981,3603.354596466,8.348595656141983,0.30676815866385887,0.30739417531199287,803
