seed,dimension,time,fw_time,primal,dual_gap,smallest_dual_gap,iterations
1,700,3601.617826013,3601.311827042,8.324004826796209,1.4460929449455762e-6,1.4460929449455762e-6,3124
