seed,dimension,time,fw_time,primal,dual_gap,smallest_dual_gap,iterations
3,500,3600.466776156,3600.30578378,8.270115985403857,2.066603906669684e-6,2.066603771666564e-6,2810
