seed,dimension,time,fw_time,primal,dual_gap,smallest_dual_gap,iterations
4,1500,3615.576467251,3614.856312935,9.439915408256415,5.0714324333576055,5.211345890703656,190
