seed,dimension,time,fw_time,primal,dual_gap,smallest_dual_gap,iterations
3,900,3602.604823526,3602.237500946,9.059922633677278,7.894741489877788e-6,7.755659185093577e-6,2162
