seed,dimension,time,fw_time,primal,dual_gap,smallest_dual_gap,iterations
2,2000,3604.716504075,3603.984615597,9.978442054902928,6.819780489054914,6.706348296373237,173
