seed,dimension,time,fw_time,primal,dual_gap,smallest_dual_gap,iterations
4,600,3601.134435492,3600.921385251,8.150079361414198,8.857497135750236e-7,8.857497135750236e-7,4447
