seed,dimension,time,fw_time,primal,dual_gap,smallest_dual_gap,iterations
4,800,3601.505978852,3601.215692108,8.71472159723857,1.5291722093024873e-6,1.5291722093024873e-6,2771
