seed,dimension,time,fw_time,primal,dual_gap,smallest_dual_gap,iterations
2,500,3601.568392186,3601.518054774,8.682231613275427,3.172119750871616e-6,2.8700332030950904e-6,3122
