seed,dimension,time,fw_time,primal,dual_gap,smallest_dual_gap,iterations
3,800,3601.073659401,3600.747245401,8.51552354550559,1.160942810329857e-6,1.1609423751224313e-6,3038
