seed,dimension,time,fw_time,primal,dual_gap,smallest_dual_gap,iterations
2,700,3601.517682246,3601.247772535,8.475230270148458,1.2311658519337243e-6,1.2311658519337243e-6,3202
