seed,dimension,time,fw_time,primal,dual_gap,smallest_dual_gap,iterations
2,1000,3604.368609329,3604.057937891,8.393079647949945,0.000711895068214119,0.0006180430755300392,1789
