seed,dimension,time,fw_time,primal,dual_gap,smallest_dual_gap,iterations
3,1500,3611.600436998,3610.944194504,9.189606162236132,5.231012462784898,5.37049038073391,189
