seed,dimension,time,fw_time,primal,dual_gap,smallest_dual_gap,iterations
3,400,3601.054902563,3600.970389643,8.784028612812902,2.1380845574014984e-6,2.1380845574014984e-6,4323
