seed,dimension,time,fw_time,primal,dual_gap,smallest_dual_gap,iterations
3,4000,3620.165890625,3619.105925903,14.211703246640177,31.718635709272007,31.6815389038574,82
