seed,dimension,time,fw_time,primal,dual_gap,smallest_dual_gap,iterations
4,4000,3610.640421001,3609.620829702,14.262176201343586,32.40758515752699,32.29629004394586,83
