seed,dimension,time,fw_time,primal,dual_gap,smallest_dual_gap,iterations
4,2000,3612.460436091,3611.672721533,10.1494213114187,7.5872310038191735,7.522392672717812,167
