seed,dimension,time,fw_time,primal,dual_gap,smallest_dual_gap,iterations
2,2000,3606.124413229,3605.361463968,9.982218850465125,6.706348296374223,6.86783619417842,172
