seed,dimension,time,fw_time,primal,dual_gap,smallest_dual_gap,iterations
1,1000,3606.290052209,3605.827892255,8.351423208373719,0.41606917632831575,0.4147023015739091,763
