seed,dimension,time,fw_time,primal,dual_gap,smallest_dual_gap,iterations
5,3500,3616.484410371,3615.537234309,16.86751923794217,64.00967780810683,81.76807327014976,85
