seed,dimension,time,fw_time,primal,dual_gap,smallest_dual_gap,iterations
1,3000,3616.568456717,3615.618179594,13.475993179390152,31.221803256502096,31.031776735324165,101
