seed,dimension,time,fw_time,primal,dual_gap,smallest_dual_gap,iterations
3,900,3601.42520802,3601.066181982,9.059922633673041,1.6437503340682724e-6,1.643750250579501e-6,2331
