seed,dimension,time,fw_time,primal,dual_gap,smallest_dual_gap,iterations
5,1500,3609.376346655,3608.751713642,9.244207223929552,4.528359914196795,4.916143551842808,207
