seed,dimension,time,fw_time,primal,dual_gap,smallest_dual_gap,iterations
5,800,3602.009540597,3601.723591797,8.631263996992603,1.5751803505992257e-6,1.5751803505992257e-6,2872
