seed,dimension,time,fw_time,primal,dual_gap,smallest_dual_gap,iterations
4,2500,3615.508452996,3614.729695625,11.478415336375079,10.864487684890676,11.639852946607503,131
