seed,dimension,time,fw_time,primal,dual_gap,smallest_dual_gap,iterations
2,10000,3867.608553692,3860.21188401,234.22654511194415,129765.09717939932,254327.87080818886,6
