seed,dimension,time,fw_time,primal,dual_gap,smallest_dual_gap,iterations
1,1500,3623.381930334,3622.597582846,9.518378117814754,5.1704632763738285,5.483086346014808,196
