seed,dimension,time,fw_time,primal,dual_gap,smallest_dual_gap,iterations
2,3500,3607.304433155,3606.299114233,12.987217604610967,19.981856861997436,19.7707719689716,103
