seed,dimension,time,fw_time,primal,dual_gap,smallest_dual_gap,iterations
1,3000,3629.508537334,3628.613988494,13.298006063231787,29.8080640677777,30.519203286664577,103
