seed,dimension,time,fw_time,primal,dual_gap,smallest_dual_gap,iterations
1,5000,3653.464451592,3650.802498251,24.200000138561542,213.810935951618,228.45728928868755,32
