seed,dimension,time,fw_time,primal,dual_gap,smallest_dual_gap,iterations
2,900,3604.009210363,3603.615643789,9.275490931188092,1.830278550940534e-6,1.830278295145149e-6,2174
