seed,dimension,time,fw_time,primal,dual_gap,smallest_dual_gap,iterations
5,2000,3605.708356308,3604.972716379,9.908935862494655,7.259702430934572,7.362845541271136,174
