seed,dimension,time,fw_time,primal,dual_gap,smallest_dual_gap,iterations
2,400,3600.750970652,3600.647784311,9.197242482518496,1.8711206930532853e-6,1.8711204585741825e-6,4488
