seed,dimension,time,fw_time,primal,dual_gap,smallest_dual_gap,iterations
3,1000,3602.355903505,3601.918566332,8.519699399342512,0.00020614769909776953,0.00022082077775031905,1772
