seed,dimension,time,fw_time,primal,dual_gap,smallest_dual_gap,iterations
5,4000,3609.035309943,3607.972813656,13.548866673078752,23.83597891615495,24.42994430373276,100
