seed,dimension,time,fw_time,primal,dual_gap,smallest_dual_gap,iterations
5,400,3600.851084526,3600.698552617,8.69922514988648,1.6361268606601698e-6,1.6361268606601698e-6,4365
