seed,dimension,time,fw_time,primal,dual_gap,smallest_dual_gap,iterations
3,400,3600.842856735,3600.770136488,8.784028612812902,2.1380845574014984e-6,2.1380845574014984e-6,4538
