seed,dimension,time,fw_time,primal,dual_gap,smallest_dual_gap,iterations
3,100,3600.004415528,3600.001571934,8.706778140545593,3.0408281634919376e-6,3.0408281634919376e-6,3037819
