seed,dimension,time,fw_time,primal,dual_gap,smallest_dual_gap,iterations
5,1500,3611.90047582,3611.170971327,9.217425886445548,4.451453886451848,4.6414307475745,212
