seed,dimension,time,fw_time,primal,dual_gap,smallest_dual_gap,iterations
5,5000,3639.544448053,3637.376443153,117.03669665308429,14651.819849592028,16848.991617454492,16
