seed,dimension,time,fw_time,primal,dual_gap,smallest_dual_gap,iterations
2,2500,3623.351310705,3622.550736242,12.549745633844978,16.853195577538003,16.888445300773327,124
