seed,dimension,time,fw_time,primal,dual_gap,smallest_dual_gap,iterations
3,3500,3631.761472297,3630.868493996,19.567254931616645,141.51966942337165,152.69948775962507,74
