seed,dimension,time,fw_time,primal,dual_gap,smallest_dual_gap,iterations
2,1500,3605.828423302,3605.060661857,9.4107152314141,4.902990953286846,4.908212343833847,204
