seed,dimension,time,fw_time,primal,dual_gap,smallest_dual_gap,iterations
4,300,3600.65540204,3600.59888035,7.761391440218348,1.4161208516938473e-6,1.4161208516938473e-6,6712
