seed,dimension,time,fw_time,primal,dual_gap,smallest_dual_gap,iterations
3,2000,3627.812436592,3627.000125567,9.753027826004535,6.28036584685157,6.696913260769058,173
