seed,dimension,time,fw_time,primal,dual_gap,smallest_dual_gap,iterations
1,400,3600.606942719,3600.50628588,8.851919515535206,2.1055591989949107e-6,2.1055591989949107e-6,4481
