seed,dimension,time,fw_time,primal,dual_gap,smallest_dual_gap,iterations
4,200,3600.065294178,3600.003173709,7.930776553903516,1.6194210230580097e-6,1.6194210230580097e-6,835738
