seed,dimension,time,fw_time,primal,dual_gap,smallest_dual_gap,iterations
5,500,3601.580467838,3601.534051145,8.365022829279933,1.2809080995879185e-6,1.2809080995879185e-6,2773
