seed,dimension,time,fw_time,primal,dual_gap,smallest_dual_gap,iterations
5,3000,3626.292471049,3625.350729757,14.022125179620758,37.27323364350831,40.519246311983146,96
