seed,dimension,time,fw_time,primal,dual_gap,smallest_dual_gap,iterations
3,200,3600.063359009,3600.003265437,7.4841846341600045,1.4288549721186428e-6,1.4288549721186428e-6,840218
