seed,dimension,time,fw_time,primal,dual_gap,smallest_dual_gap,iterations
4,500,3600.604435731,3600.561977324,8.310307861977204,1.3504997262714369e-6,1.3504997262714369e-6,3247
