seed,dimension,time,fw_time,primal,dual_gap,smallest_dual_gap,iterations
1,1000,3602.056574725,3601.688873893,8.34606410572778,0.0011152179272642115,0.0010263017236891159,1829
