seed,dimension,time,fw_time,primal,dual_gap,smallest_dual_gap,iterations
5,500,3601.162699795,3601.057781818,8.365022829279967,1.2696879707618791e-6,1.2696879707618791e-6,3110
