seed,dimension,time,fw_time,primal,dual_gap,smallest_dual_gap,iterations
1,3000,3627.696432112,3626.71876607,13.298006063231787,29.8080640677777,30.519203286664577,103
