seed,dimension,time,fw_time,primal,dual_gap,smallest_dual_gap,iterations
1,500,3601.310407006,3601.19959455,8.254121055529092,1.8504343639591525e-6,1.8504343639591525e-6,4147
