seed,dimension,time,fw_time,primal,dual_gap,smallest_dual_gap,iterations
1,900,3602.292074031,3601.878014263,9.242667590703997,4.5730905231522456e-5,4.2646988633876504e-5,2280
