seed,dimension,time,fw_time,primal,dual_gap,smallest_dual_gap,iterations
2,300,3600.939269746,3600.862420669,8.147093833185785,1.9864141727055085e-6,1.9864141727055085e-6,6522
