seed,dimension,time,fw_time,primal,dual_gap,smallest_dual_gap,iterations
3,3000,3609.137932493,3608.126085082,14.505612982461711,39.7218691411605,39.35142125902571,92
