seed,dimension,time,fw_time,primal,dual_gap,smallest_dual_gap,iterations
1,2500,3606.720433793,3605.874010998,12.736040244395525,19.732925349284443,21.23519259147311,118
