seed,dimension,time,fw_time,primal,dual_gap,smallest_dual_gap,iterations
2,1000,3602.704846393,3602.186248878,8.395004393100281,0.2372598595639701,0.2856670317935581,915
