seed,dimension,time,fw_time,primal,dual_gap,smallest_dual_gap,iterations
4,2000,3618.902773035,3618.18144036,10.097908528635115,7.634598864095704,7.554013200321263,171
