seed,dimension,time,fw_time,primal,dual_gap,smallest_dual_gap,iterations
5,1500,3613.990646645,3613.240258209,9.162433444561168,4.4343892572213,4.4670877604666135,207
