seed,dimension,time,fw_time,primal,dual_gap,smallest_dual_gap,iterations
2,600,3600.582338473,3600.389352974,8.291305989049338,1.5745389401189414e-6,1.5745391852561852e-6,4280
