seed,dimension,time,fw_time,primal,dual_gap,smallest_dual_gap,iterations
3,700,3602.157127492,3601.874210985,8.173869730286066,1.3323571508294663e-6,1.3323571508294663e-6,3052
