seed,dimension,time,fw_time,primal,dual_gap,smallest_dual_gap,iterations
5,500,3600.34047466,3600.290018142,8.365022829279933,1.2809080995879185e-6,1.2809080995879185e-6,3063
