seed,dimension,time,fw_time,primal,dual_gap,smallest_dual_gap,iterations
4,1000,3603.600489797,3603.350706079,8.608930586896285,0.0001820521171911338,0.00019579323224228062,1966
