seed,dimension,time,fw_time,primal,dual_gap,smallest_dual_gap,iterations
4,4500,3720.710830278,3718.554774433,161.64563507988152,21341.60877054969,27123.704457768632,19
