seed,dimension,time,fw_time,primal,dual_gap,smallest_dual_gap,iterations
3,5000,3654.048539531,3651.953312438,58.01556732698354,2237.5222313921904,2350.2150793349197,21
