seed,dimension,time,fw_time,primal,dual_gap,smallest_dual_gap,iterations
4,4000,3625.81247181,3624.581408237,13.859669043095703,28.205543916973028,28.413305866813204,89
