seed,dimension,time,fw_time,primal,dual_gap,smallest_dual_gap,iterations
5,1000,3602.680365412,3602.194106706,8.437323340888685,0.21376883845084294,0.21428621613010534,970
