seed,dimension,time,fw_time,primal,dual_gap,smallest_dual_gap,iterations
1,600,3600.986462152,3600.804744238,8.293631845161867,1.1828303954075636e-6,1.1828303954075636e-6,3506
