seed,dimension,time,fw_time,primal,dual_gap,smallest_dual_gap,iterations
5,500,3601.314732441,3601.225314065,8.365022829279663,1.2414892118783882e-6,1.2414892118783882e-6,3415
