seed,dimension,time,fw_time,primal,dual_gap,smallest_dual_gap,iterations
2,5000,3624.824615054,3622.353935776,25.40460683773953,240.97174404390992,260.7833566170555,31
