seed,dimension,time,fw_time,primal,dual_gap,smallest_dual_gap,iterations
2,1000,3602.588584885,3602.301556612,8.39498627840822,0.25401105728595397,0.2540074527280982,967
