seed,dimension,time,fw_time,primal,dual_gap,smallest_dual_gap,iterations
5,3000,3626.292686478,3625.514852347,11.785257244618085,15.049742272375148,15.262087943041314,116
