seed,dimension,time,fw_time,primal,dual_gap,smallest_dual_gap,iterations
1,3000,3607.269505334,3606.339169207,11.592427870014003,14.111221935118296,15.217438692169791,117
