seed,dimension,time,fw_time,primal,dual_gap,smallest_dual_gap,iterations
5,5000,3666.682451394,3664.557161209,28.59801293002622,444.8540448566292,498.91050812275364,27
