seed,dimension,time,fw_time,primal,dual_gap,smallest_dual_gap,iterations
1,200,3600.025257983,3600.005221918,7.833607868814759,1.4141673894130236e-6,1.4141673894130236e-6,797206
