seed,dimension,time,fw_time,primal,dual_gap,smallest_dual_gap,iterations
4,100,3600.006408603,3600.001635747,7.238023614117029,1.8276977424847018e-6,1.8276977424847018e-6,2153725
