seed,dimension,time,fw_time,primal,dual_gap,smallest_dual_gap,iterations
1,2000,3618.812474926,3618.028264767,10.244976312507577,8.719270497812222,8.51589082327005,155
