seed,dimension,time,fw_time,primal,dual_gap,smallest_dual_gap,iterations
5,900,3601.981042703,3601.603042497,9.219820541478295,1.3375267927884238e-5,1.6303751282364942e-5,2141
