seed,dimension,time,fw_time,primal,dual_gap,smallest_dual_gap,iterations
2,3000,3624.59647743,3623.562266436,13.796951116891178,34.310578840326386,35.57597604266386,100
