seed,dimension,time,fw_time,primal,dual_gap,smallest_dual_gap,iterations
2,5000,3657.22390859,3654.749924112,21.84197160095018,163.14926702386364,175.6964215765552,36
