seed,dimension,time,fw_time,primal,dual_gap,smallest_dual_gap,iterations
5,700,3601.601335917,3601.239741487,8.421245509182826,8.810499299016783e-7,8.810499299016783e-7,2895
