seed,dimension,time,fw_time,primal,dual_gap,smallest_dual_gap,iterations
2,500,3600.696446379,3600.658901969,8.682231613272407,1.3307590513988998e-6,1.615265803778243e-6,3366
