seed,dimension,time,fw_time,primal,dual_gap,smallest_dual_gap,iterations
1,4000,3642.036355104,3640.880660423,31.829941722661427,432.398598414044,432.96721388304235,54
