seed,dimension,time,fw_time,primal,dual_gap,smallest_dual_gap,iterations
5,2000,3608.646554151,3607.959253442,9.862732567272174,6.686879881258166,6.734876287210938,176
