seed,dimension,time,fw_time,primal,dual_gap,smallest_dual_gap,iterations
1,3500,3622.696435318,3621.655760842,17.14360621711781,67.82863890735415,69.03852548705603,83
