seed,dimension,time,fw_time,primal,dual_gap,smallest_dual_gap,iterations
1,1000,3603.140415999,3602.687599125,8.34606413634082,0.0009990065774374557,0.001385511294767383,1812
