seed,dimension,time,fw_time,primal,dual_gap,smallest_dual_gap,iterations
4,3000,3620.00925636,3619.142696235,10.992407213182776,10.797312027853872,11.77526875096489,130
