seed,dimension,time,fw_time,primal,dual_gap,smallest_dual_gap,iterations
1,800,3602.120386853,3601.789534385,8.57233896609209,2.012482234192703e-6,2.012482234192703e-6,2385
