seed,dimension,time,fw_time,primal,dual_gap,smallest_dual_gap,iterations
5,600,3600.798542795,3600.645300825,8.233069909491872,1.4892314954551011e-6,1.4892314954551011e-6,3350
