seed,dimension,time,fw_time,primal,dual_gap,smallest_dual_gap,iterations
5,1000,3605.372912356,3605.046556592,8.436863087441214,0.17050278570624577,0.17094075697471744,1007
