seed,dimension,time,fw_time,primal,dual_gap,smallest_dual_gap,iterations
5,300,3600.203292901,3600.174671396,8.615412885542316,2.5705694088884457e-6,2.5705694088884457e-6,7505
