seed,dimension,time,fw_time,primal,dual_gap,smallest_dual_gap,iterations
4,3000,3614.368476752,3613.355007566,11.231658175017113,12.309166924442456,12.412613519522681,121
