seed,dimension,time,fw_time,primal,dual_gap,smallest_dual_gap,iterations
2,500,3601.166650147,3601.081027615,8.682231613271775,1.3870139667915282e-6,1.3870139667915282e-6,3933
