seed,dimension,time,fw_time,primal,dual_gap,smallest_dual_gap,iterations
5,600,3601.134199422,3600.960826452,8.233069909491872,1.4892314954551011e-6,1.4892314954551011e-6,3616
