seed,dimension,time,fw_time,primal,dual_gap,smallest_dual_gap,iterations
3,2500,3606.000435243,3605.177276628,13.432228877523507,27.350109775057998,27.7779593645104,106
