seed,dimension,time,fw_time,primal,dual_gap,smallest_dual_gap,iterations
3,5000,3650.09780484,3647.200928211,58.01556732698354,2237.5222313921904,2350.2150793349197,21
