seed,dimension,time,fw_time,primal,dual_gap,smallest_dual_gap,iterations
1,10000,3908.984758004,3901.280222028,340.6202949937278,617690.7411602123,1.0311396344964177e6,6
