seed,dimension,time,fw_time,primal,dual_gap,smallest_dual_gap,iterations
4,3500,3628.536418039,3627.538727685,14.888425743034109,38.2231181443154,39.21444746877617,93
