seed,dimension,time,fw_time,primal,dual_gap,smallest_dual_gap,iterations
4,3500,3618.113152322,3617.200747354,15.411355837356425,44.809208791866126,44.94625951728495,89
