seed,dimension,time,fw_time,primal,dual_gap,smallest_dual_gap,iterations
4,1000,3603.909602261,3603.582065312,8.609101258306586,0.08824672812271395,0.0901280850202344,1100
