seed,dimension,time,fw_time,primal,dual_gap,smallest_dual_gap,iterations
3,2000,3610.781543305,3609.958244891,9.760170468343656,6.532510934231814,6.4025236957046925,169
