seed,dimension,time,fw_time,primal,dual_gap,smallest_dual_gap,iterations
4,5000,3621.728411274,3619.458199632,24.53409057933306,247.46137408881788,245.85969403138748,32
