seed,dimension,time,fw_time,primal,dual_gap,smallest_dual_gap,iterations
3,4000,3621.057109381,3619.807117816,14.399865920647844,32.115596697243305,32.62524811449887,79
