seed,dimension,time,fw_time,primal,dual_gap,smallest_dual_gap,iterations
3,300,3600.375398027,3600.342728708,7.79769596360043,1.0614376124706837e-6,1.0614376124706837e-6,7008
