seed,dimension,time,fw_time,primal,dual_gap,smallest_dual_gap,iterations
1,5000,3634.024501703,3631.383321609,24.681967185495857,228.45728928868755,253.40115908460265,31
