seed,dimension,time,fw_time,primal,dual_gap,smallest_dual_gap,iterations
1,3500,3624.416583307,3622.802103235,44.16669114506742,952.3048700287932,993.4292794767576,31
