seed,dimension,time,fw_time,primal,dual_gap,smallest_dual_gap,iterations
1,2000,3614.221652426,3613.353989536,9.91043569280736,6.93508906991357,6.87418985714938,169
