seed,dimension,time,fw_time,primal,dual_gap,smallest_dual_gap,iterations
5,2500,3618.730357493,3617.842838774,11.65297723828936,11.33129156469957,11.364761215006986,136
