seed,dimension,time,fw_time,primal,dual_gap,smallest_dual_gap,iterations
1,900,3601.92407642,3601.520960959,9.242667590437462,9.44095254951094e-6,9.021233994488398e-6,2534
