seed,dimension,time,fw_time,primal,dual_gap,smallest_dual_gap,iterations
2,3500,3612.344424991,3611.464750457,12.831073185979186,19.02495715842086,19.492880219448054,107
