seed,dimension,time,fw_time,primal,dual_gap,smallest_dual_gap,iterations
2,4000,3638.080511621,3637.056088387,14.00244145349482,29.016374503208752,28.59274637188591,88
