seed,dimension,time,fw_time,primal,dual_gap,smallest_dual_gap,iterations
2,4500,3615.171906119,3613.434723081,21.821160366542223,147.2996771864188,154.4330355759505,37
