seed,dimension,time,fw_time,primal,dual_gap,smallest_dual_gap,iterations
4,1500,3608.973919583,3608.264233696,9.345070277110992,4.444216417267947,4.365288661636207,201
