seed,dimension,time,fw_time,primal,dual_gap,smallest_dual_gap,iterations
5,3500,3616.992422268,3616.006568271,16.1065920614032,57.39685464262858,60.000495337527475,91
