seed,dimension,time,fw_time,primal,dual_gap,smallest_dual_gap,iterations
5,4000,3642.073857308,3641.011898861,14.870167364796671,36.08707045509932,38.060601292222344,78
