seed,dimension,time,fw_time,primal,dual_gap,smallest_dual_gap,iterations
3,500,3601.514540256,3601.413224466,8.270115985403066,1.5122409084966648e-6,1.5122409084966648e-6,3799
