seed,dimension,time,fw_time,primal,dual_gap,smallest_dual_gap,iterations
4,3000,3617.392508857,3616.377568281,11.195962466460262,12.349071987357354,12.621639819051529,123
