seed,dimension,time,fw_time,primal,dual_gap,smallest_dual_gap,iterations
4,1000,3603.952699921,3603.530346408,8.609730807520263,0.1647552824123899,0.16320370220199365,957
