seed,dimension,time,fw_time,primal,dual_gap,smallest_dual_gap,iterations
2,900,3602.319242064,3602.001290557,9.275490931188179,1.918848893112113e-6,1.8757006152725353e-6,2108
