seed,dimension,time,fw_time,primal,dual_gap,smallest_dual_gap,iterations
4,2500,3614.920397586,3614.077720397,11.470863525972577,10.931884421010118,10.864487684897288,132
