seed,dimension,time,fw_time,primal,dual_gap,smallest_dual_gap,iterations
4,500,3602.298795787,3602.128631188,8.310307861977352,1.2007237373268254e-6,1.2007237373268254e-6,3358
