seed,dimension,time,fw_time,primal,dual_gap,smallest_dual_gap,iterations
5,3000,3633.192597257,3632.395964031,14.022125179620758,37.27323364350831,40.519246311983146,96
