seed,dimension,time,fw_time,primal,dual_gap,smallest_dual_gap,iterations
3,500,3600.439590161,3600.268946825,8.270115985403066,1.5122409084966648e-6,1.5122409084966648e-6,3130
