seed,dimension,time,fw_time,primal,dual_gap,smallest_dual_gap,iterations
4,3500,3623.937908965,3622.910409389,15.28262032380051,43.33242399198832,44.827639553374496,89
