seed,dimension,time,fw_time,primal,dual_gap,smallest_dual_gap,iterations
2,1000,3603.800423029,3603.488281905,8.394350129341495,0.21222405409057998,0.21290260715113263,1021
