seed,dimension,time,fw_time,primal,dual_gap,smallest_dual_gap,iterations
2,4000,3617.563605737,3616.272101823,14.195875836961395,28.569399637314852,28.141572074661156,84
