seed,dimension,time,fw_time,primal,dual_gap,smallest_dual_gap,iterations
2,3000,3611.68298521,3610.496679993,13.69722292080844,33.14598387648277,34.310578840326386,101
