seed,dimension,time,fw_time,primal,dual_gap,smallest_dual_gap,iterations
2,4500,3745.484424698,3743.248121485,97.59255474235532,8866.724936670178,9006.373460367548,18
