seed,dimension,time,fw_time,primal,dual_gap,smallest_dual_gap,iterations
3,5000,3636.998740677,3634.444113389,54.855830920822584,1864.262376467731,2068.1423325771857,24
