seed,dimension,time,fw_time,primal,dual_gap,smallest_dual_gap,iterations
1,3500,3616.106114575,3615.091015538,13.009920727505634,19.806303280162982,19.89698634787492,104
