seed,dimension,time,fw_time,primal,dual_gap,smallest_dual_gap,iterations
3,100,3600.051498813,3600.049008776,8.706778140545698,2.472179955859133e-6,2.472179955859133e-6,3404925
