seed,dimension,time,fw_time,primal,dual_gap,smallest_dual_gap,iterations
2,2000,3619.724235374,3618.958079682,10.007222926670869,6.763199593697188,6.759056451753709,170
