seed,dimension,time,fw_time,primal,dual_gap,smallest_dual_gap,iterations
2,2500,3606.868446488,3606.097517923,12.549786420442528,16.855131652722918,16.88553755213989,123
