seed,dimension,time,fw_time,primal,dual_gap,smallest_dual_gap,iterations
2,1000,3602.990170483,3602.625110761,8.393079645653339,0.0005567722918513596,0.0006448781262413661,1792
