seed,dimension,time,fw_time,primal,dual_gap,smallest_dual_gap,iterations
4,400,3600.567079344,3600.502408507,8.767459355481732,1.3389420878695546e-6,1.3389415318698639e-6,4356
