seed,dimension,time,fw_time,primal,dual_gap,smallest_dual_gap,iterations
3,600,3600.514178226,3600.364531441,8.190944272149732,1.3753280914130528e-6,1.3753280914130528e-6,4405
