seed,dimension,time,fw_time,primal,dual_gap,smallest_dual_gap,iterations
4,5000,3634.060984123,3631.589460826,24.53409057933306,247.46137408881788,245.85969403138748,32
