seed,dimension,time,fw_time,primal,dual_gap,smallest_dual_gap,iterations
5,4500,3641.004765904,3638.530431795,23.073825638988165,167.4357555751578,172.7012002205092,37
