seed,dimension,time,fw_time,primal,dual_gap,smallest_dual_gap,iterations
3,1000,3604.028861997,3603.622277593,8.51993596718634,0.1042302178534289,0.10246117533266208,949
