seed,dimension,time,fw_time,primal,dual_gap,smallest_dual_gap,iterations
1,4500,3634.920426074,3632.710470569,53.82751093631225,1620.453495308129,1753.0326392798538,24
