seed,dimension,time,fw_time,primal,dual_gap,smallest_dual_gap,iterations
4,4000,3635.619721062,3634.383887333,14.457270346362382,29.77870010526646,32.62550595684023,81
