seed,dimension,time,fw_time,primal,dual_gap,smallest_dual_gap,iterations
5,200,3600.080272977,3600.012108314,8.366717917741505,1.551998941806687e-6,1.551998941806687e-6,960603
