seed,dimension,time,fw_time,primal,dual_gap,smallest_dual_gap,iterations
1,4000,3693.328436685,3692.276024047,31.829941722661427,432.398598414044,432.96721388304235,54
