seed,dimension,time,fw_time,primal,dual_gap,smallest_dual_gap,iterations
5,3500,3620.602391638,3619.525153081,13.156027903936778,20.749239333688465,21.708498570978307,103
