seed,dimension,time,fw_time,primal,dual_gap,smallest_dual_gap,iterations
2,800,3601.421404555,3601.09520776,8.827056951524126,1.7523301192312601e-6,1.7523301192312601e-6,3012
