seed,dimension,time,fw_time,primal,dual_gap,smallest_dual_gap,iterations
3,1500,3605.64511123,3604.906198578,9.066960155312778,4.277108237609347,4.29761645841444,207
