seed,dimension,time,fw_time,primal,dual_gap,smallest_dual_gap,iterations
1,1500,3607.97246506,3607.245568585,9.513746708983964,5.23083428089749,5.170463276373724,197
