seed,dimension,time,fw_time,primal,dual_gap,smallest_dual_gap,iterations
5,100,3600.003892398,3600.001171055,9.086419695586207,1.5280944030138244e-6,1.5280944030138244e-6,2830376
