seed,dimension,time,fw_time,primal,dual_gap,smallest_dual_gap,iterations
3,1000,3601.762133607,3601.406165134,8.51969940703841,0.0003764803629486835,0.0003672456727574769,1710
