seed,dimension,time,fw_time,primal,dual_gap,smallest_dual_gap,iterations
1,4000,3623.180438931,3622.027955401,36.0683112982008,526.2725795271815,543.3571336222406,49
