seed,dimension,time,fw_time,primal,dual_gap,smallest_dual_gap,iterations
4,900,3601.56883381,3601.168365035,9.166862622709353,1.494329017859286e-6,1.4943290143065724e-6,2407
