seed,dimension,time,fw_time,primal,dual_gap,smallest_dual_gap,iterations
2,500,3600.786959279,3600.685941948,8.682231613273018,1.794578810887515e-6,1.764684823157836e-6,3330
