seed,dimension,time,fw_time,primal,dual_gap,smallest_dual_gap,iterations
1,500,3600.63614679,3600.569526285,8.254121055529092,1.8504343639591525e-6,1.8504343639591525e-6,4108
