seed,dimension,time,fw_time,primal,dual_gap,smallest_dual_gap,iterations
4,700,3601.80606239,3601.549987236,8.118157014910954,1.5003253235335023e-6,1.5003254176804148e-6,2873
