seed,dimension,time,fw_time,primal,dual_gap,smallest_dual_gap,iterations
1,500,3602.380605391,3602.107351448,8.254121055529167,1.0928040072855083e-6,1.0928040072855083e-6,3002
