seed,dimension,time,fw_time,primal,dual_gap,smallest_dual_gap,iterations
1,3500,3629.884433804,3628.989151618,16.607419711473675,63.82262485873823,65.45190119343502,86
