seed,dimension,time,fw_time,primal,dual_gap,smallest_dual_gap,iterations
1,1500,3614.7331769,3613.98518957,9.523758439504252,5.624572659587818,5.824107515672278,193
