seed,dimension,time,fw_time,primal,dual_gap,smallest_dual_gap,iterations
3,700,3600.657305604,3600.351552399,8.173869730286066,1.3323571508294663e-6,1.3323571508294663e-6,3020
