seed,dimension,time,fw_time,primal,dual_gap,smallest_dual_gap,iterations
3,500,3601.396446422,3601.345998729,8.27011598540398,2.5130630092462525e-6,2.5130630092462525e-6,2999
