seed,dimension,time,fw_time,primal,dual_gap,smallest_dual_gap,iterations
5,4000,3619.024430947,3617.988939888,14.444055155912226,32.01041295346558,31.980987935375943,84
