seed,dimension,time,fw_time,primal,dual_gap,smallest_dual_gap,iterations
3,1500,3618.728487686,3618.147342318,9.171612722080098,5.479864127783362,5.253929948437815,192
