seed,dimension,time,fw_time,primal,dual_gap,smallest_dual_gap,iterations
3,600,3600.538322692,3600.328733971,8.190944272149732,1.3753280914130528e-6,1.3753280914130528e-6,3643
