seed,dimension,time,fw_time,primal,dual_gap,smallest_dual_gap,iterations
1,100,3600.003416533,3600.001060629,8.196005384156134,1.981138719742148e-6,1.981138719742148e-6,4136989
