seed,dimension,time,fw_time,primal,dual_gap,smallest_dual_gap,iterations
1,400,3600.350897646,3600.234382861,8.8519196442754,0.001464118013146276,0.001223727516011408,986
