seed,dimension,time,fw_time,primal,dual_gap,smallest_dual_gap,iterations
1,500,3601.062826836,3600.92976914,8.254133640638257,0.008491405256409124,0.00910327184555193,835
