seed,dimension,time,fw_time,primal,dual_gap,smallest_dual_gap,iterations
3,200,3600.019377176,3600.007151948,7.4841846447373515,0.000513269591208676,0.0007660613553026607,331767
