seed,dimension,time,fw_time,primal,dual_gap,smallest_dual_gap,iterations
5,200,3600.036232832,3600.012526435,8.366717946223043,0.0009505539188321421,0.0010928021672391708,289028
