seed,dimension,time,fw_time,primal,dual_gap,smallest_dual_gap,iterations
5,500,3603.954923665,3603.724372753,8.365039323418676,0.008498326668808787,0.008609037476878356,757
