seed,dimension,time,fw_time,primal,dual_gap,smallest_dual_gap,iterations
2,800,3601.225517836,3600.914713821,8.84882339218358,0.7221954702266711,0.7291757169597215,490
