seed,dimension,time,fw_time,primal,dual_gap,smallest_dual_gap,iterations
4,1000,3606.647810101,3606.164345286,8.940223897862337,3.3662786555593325,3.431337809886168,210
