seed,dimension,time,fw_time,primal,dual_gap,smallest_dual_gap,iterations
4,400,3600.763176772,3600.670404277,8.767459455871112,0.0010363868004983345,0.0013099461597700923,970
