seed,dimension,time,fw_time,primal,dual_gap,smallest_dual_gap,iterations
1,2000,3686.485811446,3685.588340518,19.456620592567443,166.67143806858846,166.9757410152294,23
