seed,dimension,time,fw_time,primal,dual_gap,smallest_dual_gap,iterations
1,600,3602.394343814,3602.248891215,8.29363426729802,0.0032535256828261083,0.003426159128338213,919
