seed,dimension,time,fw_time,primal,dual_gap,smallest_dual_gap,iterations
3,1000,3608.976801162,3608.555407785,8.774446438015794,2.794524479697861,3.0322139382791278,218
