seed,dimension,time,fw_time,primal,dual_gap,smallest_dual_gap,iterations
3,700,3604.682716768,3604.386884002,8.176154777789995,0.30546675779014265,0.30272727631722596,604
