seed,dimension,time,fw_time,primal,dual_gap,smallest_dual_gap,iterations
3,300,3600.451333334,3600.430933578,7.797696017155167,0.0013232133262315315,0.0011113046552084782,1724
