seed,dimension,time,fw_time,primal,dual_gap,smallest_dual_gap,iterations
3,600,3603.583808526,3603.405489192,8.191068937884944,0.07217380812873131,0.07337804687043281,767
