seed,dimension,time,fw_time,primal,dual_gap,smallest_dual_gap,iterations
5,800,3603.325877111,3603.039974228,8.646241092523276,0.7453825122117639,0.7572052461035135,461
