seed,dimension,time,fw_time,primal,dual_gap,smallest_dual_gap,iterations
2,600,3602.762423917,3602.613310497,8.291503706116602,0.09420660252139434,0.0923154282908083,767
