seed,dimension,time,fw_time,primal,dual_gap,smallest_dual_gap,iterations
3,900,3609.429633528,3609.087568187,9.204750060905761,2.0167143604468816,2.0335668118517596,308
