seed,dimension,time,fw_time,primal,dual_gap,smallest_dual_gap,iterations
3,500,3603.578789718,3603.446157005,8.270146507170976,0.04528504668551214,0.04583083018549239,593
