seed,dimension,time,fw_time,primal,dual_gap,smallest_dual_gap,iterations
4,300,3600.755558488,3600.710990588,7.761391475536305,0.0012796493828481914,0.0009281636315741082,1643
