seed,dimension,time,fw_time,primal,dual_gap,smallest_dual_gap,iterations
3,800,3601.685482692,3601.403005295,8.527476625192058,0.5869233556905193,0.5877096578633196,484
