seed,dimension,time,fw_time,primal,dual_gap,smallest_dual_gap,iterations
4,600,3602.99440098,3602.797250251,8.150206387548746,0.0845660021290442,0.08214511861747908,713
