seed,dimension,time,fw_time,primal,dual_gap,smallest_dual_gap,iterations
4,500,3603.018834524,3602.88566393,8.310465432969277,0.08041868017780374,0.08047755889865016,780
