seed,dimension,time,fw_time,primal,dual_gap,smallest_dual_gap,iterations
4,1000,3620.545930073,3620.117490567,9.129455096150103,4.2549556555317025,4.245864348766782,173
