seed,dimension,time,fw_time,primal,dual_gap,smallest_dual_gap,iterations
4,900,3613.502704214,3613.192840573,9.206215105520515,1.2206261015887065,1.2764349466824463,383
