seed,dimension,time,fw_time,primal,dual_gap,smallest_dual_gap,iterations
3,1500,3625.469209484,3624.753509119,16.88336205862708,99.29523265544086,98.87495929719664,25
