seed,dimension,time,fw_time,primal,dual_gap,smallest_dual_gap,iterations
3,2000,3722.577737007,3721.780597934,19.385525305251385,158.93164685025388,157.7872270391922,23
