seed,dimension,time,fw_time,primal,dual_gap,smallest_dual_gap,iterations
5,300,3600.9527882,3600.920303412,8.615412926913905,0.0010145708026705336,0.0014915200265388506,1418
