seed,dimension,time,fw_time,primal,dual_gap,smallest_dual_gap,iterations
4,700,3601.141874716,3600.800025235,8.11828710799219,0.09253895733220574,0.09212266395054947,642
