seed,dimension,time,fw_time,primal,dual_gap,smallest_dual_gap,iterations
2,100,3600.004519185,3600.00206008,10.085180725903173,0.0012424564293596063,0.0010052243846523368,1113540
