seed,dimension,time,fw_time,primal,dual_gap,smallest_dual_gap,iterations
1,500,3605.086856728,3604.906118422,8.254191287133441,0.06023191269192729,0.058408407666698636,742
