seed,dimension,time,fw_time,primal,dual_gap,smallest_dual_gap,iterations
2,2000,3625.705864099,3624.845910474,20.83370645493985,188.44855462877354,185.13575589562635,22
