seed,dimension,time,fw_time,primal,dual_gap,smallest_dual_gap,iterations
3,100,3600.004403868,3600.001872028,8.70677817836894,0.0018694871634856725,0.0006209098814533576,869594
