seed,dimension,time,fw_time,primal,dual_gap,smallest_dual_gap,iterations
2,500,3607.780333264,3607.633932698,8.683474568757346,0.1961296418398124,0.1953529079773162,694
