seed,dimension,time,fw_time,primal,dual_gap,smallest_dual_gap,iterations
3,1000,3614.864895957,3614.384194086,8.736047282209212,2.551395576812613,2.543275486708227,235
