seed,dimension,time,fw_time,primal,dual_gap,smallest_dual_gap,iterations
1,200,3600.067985999,3600.003900531,7.833607894144181,0.0011506029835111065,0.0006449186971391185,263282
