seed,dimension,time,fw_time,primal,dual_gap,smallest_dual_gap,iterations
5,500,3605.254832227,3605.149768204,8.365056719394637,0.03332996128813903,0.03288727159096183,714
