seed,dimension,time,fw_time,primal,dual_gap,smallest_dual_gap,iterations
1,100,3600.003678511,3600.001156788,8.196005397871268,0.0013967765710791724,0.0009059659561003741,958662
