seed,dimension,time,fw_time,primal,dual_gap,smallest_dual_gap,iterations
4,100,3600.006033678,3600.004019559,7.238023664342096,0.0008511332755540835,0.0011612251535568774,986695
