seed,dimension,time,fw_time,primal,dual_gap,smallest_dual_gap,iterations
4,2000,3655.901826659,3655.015232249,18.88600941251915,151.44584412476783,161.6726631506927,23
