seed,dimension,time,fw_time,primal,dual_gap,smallest_dual_gap,iterations
4,500,3607.372195029,3607.229850846,8.311080834533778,0.12753885833459933,0.12059342812909968,642
