seed,dimension,time,fw_time,primal,dual_gap,smallest_dual_gap,iterations
2,300,3600.227385849,3600.190901866,8.147093869764113,0.001420356342759277,0.001184610201244496,1469
