seed,dimension,time,fw_time,primal,dual_gap,smallest_dual_gap,iterations
5,2000,3697.902178506,3697.014318956,20.245241677046153,172.18711841359445,198.0263814765691,23
