seed,dimension,time,fw_time,primal,dual_gap,smallest_dual_gap,iterations
5,100,3600.0042653,3600.002326732,9.086419702382042,0.0003983815969377247,0.0009635618793293332,868977
