seed,dimension,time,fw_time,primal,dual_gap,smallest_dual_gap,iterations
4,1500,3728.697180014,3727.890374716,15.512149664788298,64.0580427169419,64.51714401450421,26
