seed,dimension,time,fw_time,primal,dual_gap,smallest_dual_gap,iterations
1,300,3601.483359574,3601.450917027,7.964321514771786,0.0019296564836031038,0.0009787682210662396,1796
