seed,dimension,time,fw_time,primal,dual_gap,smallest_dual_gap,iterations
5,700,3607.423199291,3607.139950048,8.421622191322859,0.1300884351435716,0.16028998870980793,604
