seed,dimension,time,fw_time,primal,dual_gap,smallest_dual_gap,iterations
2,200,3600.05521537,3600.004458487,8.650918109815843,0.0009755609481505445,0.001581795597369151,250189
