seed,dimension,time,fw_time,primal,dual_gap,smallest_dual_gap,iterations
2,700,3600.750021846,3600.328297283,8.476552333303294,0.2281380397421362,0.22915877793504436,623
