seed,dimension,time,fw_time,primal,dual_gap,smallest_dual_gap,iterations
2,900,3611.348731413,3611.029746054,9.575552019329354,3.1157009649461678,3.12945947422641,249
