seed,dimension,time,fw_time,primal,dual_gap,smallest_dual_gap,iterations
2,1000,3603.616655397,3603.125278301,8.656522374674969,2.825685347270369,2.9608085052564608,245
