seed,dimension,time,fw_time,primal,dual_gap,smallest_dual_gap,iterations
1,1500,3608.135424874,3607.390174193,8.73321800508531,1.041747790841196,1.0471926051011682,879
