seed,dimension,time,fw_time,primal,dual_gap,smallest_dual_gap,iterations
3,100,3600.003576482,3600.001130869,8.706778140545309,4.6148763210851484e-7,4.6148763210851484e-7,9982107
