seed,dimension,time,fw_time,primal,dual_gap,smallest_dual_gap,iterations
4,400,3600.319122102,3600.210601668,8.767459355481664,6.72270550339249e-7,6.72270550339249e-7,17601
