seed,dimension,time,fw_time,primal,dual_gap,smallest_dual_gap,iterations
4,4500,3614.476436645,3612.342803201,11.86189067031048,12.188870474514514,12.198029983396285,282
