seed,dimension,time,fw_time,primal,dual_gap,smallest_dual_gap,iterations
3,4500,3616.434733711,3613.846697292,11.564914824292927,10.605638771895311,10.531285366793924,281
