seed,dimension,time,fw_time,primal,dual_gap,smallest_dual_gap,iterations
2,700,3600.673853999,3600.42015307,8.475230270148383,5.239418339186841e-7,5.239418339186841e-7,10434
