seed,dimension,time,fw_time,primal,dual_gap,smallest_dual_gap,iterations
1,500,3601.870832263,3601.741876441,8.254121055528827,5.478242588452531e-7,5.478242588452531e-7,14991
