seed,dimension,time,fw_time,primal,dual_gap,smallest_dual_gap,iterations
5,5000,3617.191979546,3614.316530801,11.986239309277632,14.646703744988267,14.55818441618889,257
