seed,dimension,time,fw_time,primal,dual_gap,smallest_dual_gap,iterations
2,2500,3609.706879454,3608.788765001,10.09198300132681,2.9122355316159947,2.876339476417577,626
