seed,dimension,time,fw_time,primal,dual_gap,smallest_dual_gap,iterations
5,700,3600.581691403,3600.336395647,8.4212455091828,9.095218604926458e-7,9.095218604926458e-7,11227
