seed,dimension,time,fw_time,primal,dual_gap,smallest_dual_gap,iterations
4,1000,3601.989032716,3601.611281065,8.60893058430896,8.009656227159212e-7,8.009656227159212e-7,3681
