seed,dimension,time,fw_time,primal,dual_gap,smallest_dual_gap,iterations
4,3000,3608.663465037,3607.680301764,9.42627404213664,3.2848303913451886,3.3040014915472042,575
