seed,dimension,time,fw_time,primal,dual_gap,smallest_dual_gap,iterations
4,900,3603.549649577,3602.823845863,9.166863533900363,0.0034947619899483584,0.0035807106522600662,1330
