seed,dimension,time,fw_time,primal,dual_gap,smallest_dual_gap,iterations
1,4500,3622.526722546,3619.980138877,11.663337898543823,10.696963356842828,10.598080226131282,282
