seed,dimension,time,fw_time,primal,dual_gap,smallest_dual_gap,iterations
1,3500,3606.940773043,3605.938648413,10.282832184687525,4.455952153174595,4.440669095909611,514
