seed,dimension,time,fw_time,primal,dual_gap,smallest_dual_gap,iterations
2,4000,3612.001862502,3610.791239572,10.6291073210391,5.9674140559124975,5.967463748398398,443
