seed,dimension,time,fw_time,primal,dual_gap,smallest_dual_gap,iterations
1,200,3600.048493846,3600.002275883,7.8336078688146635,6.44583717956948e-7,6.44583717956948e-7,3273512
