seed,dimension,time,fw_time,primal,dual_gap,smallest_dual_gap,iterations
5,800,3600.817612354,3600.533481476,8.631263996992493,1.0850247580407313e-6,1.0850247580407313e-6,7299
