seed,dimension,time,fw_time,primal,dual_gap,smallest_dual_gap,iterations
3,2500,3610.830774368,3609.926295507,10.018467040641019,3.1968924192708403,3.2054172808983363,625
