seed,dimension,time,fw_time,primal,dual_gap,smallest_dual_gap,iterations
5,2000,3606.246656703,3605.554532481,8.886335067088298,1.4569751678508087,1.4248409136538118,760
