seed,dimension,time,fw_time,primal,dual_gap,smallest_dual_gap,iterations
5,4500,3620.087040411,3618.129341836,12.06656168955022,12.54448851589342,12.6216237891987,284
