seed,dimension,time,fw_time,primal,dual_gap,smallest_dual_gap,iterations
4,100,3600.003585448,3600.001240332,7.238023614116429,4.0044659321836207e-7,4.0044659321836207e-7,8434732
