seed,dimension,time,fw_time,primal,dual_gap,smallest_dual_gap,iterations
5,1500,3606.029846707,3605.314277862,8.706490571865137,1.1409501436652096,1.126878976473341,877
