seed,dimension,time,fw_time,primal,dual_gap,smallest_dual_gap,iterations
3,700,3600.88200787,3600.588482744,8.173869730286041,8.716652892815091e-7,8.716652892815091e-7,10742
