seed,dimension,time,fw_time,primal,dual_gap,smallest_dual_gap,iterations
2,600,3601.262968222,3600.972338504,8.291305989049334,8.881384783165913e-7,8.881384783165913e-7,3104
