seed,dimension,time,fw_time,primal,dual_gap,smallest_dual_gap,iterations
2,2000,3605.388874983,3604.626381158,9.007160725438473,1.810555227579842,1.8288211845382545,764
