seed,dimension,time,fw_time,primal,dual_gap,smallest_dual_gap,iterations
2,400,3600.40708648,3600.334486299,9.197242482518222,8.024624662539281e-7,8.024624662539281e-7,17430
