seed,dimension,time,fw_time,primal,dual_gap,smallest_dual_gap,iterations
3,800,3600.981547617,3600.722825032,8.515523545505616,7.836923536785889e-7,7.836923536785889e-7,7798
