seed,dimension,time,fw_time,primal,dual_gap,smallest_dual_gap,iterations
4,2500,3609.582901429,3608.728957159,9.90909917997878,3.2301340233469737,3.2328837917943325,627
