seed,dimension,time,fw_time,primal,dual_gap,smallest_dual_gap,iterations
5,100,3600.003505318,3600.001006174,9.086419695586114,5.664079818501477e-7,5.664079818501477e-7,9529443
