seed,dimension,time,fw_time,primal,dual_gap,smallest_dual_gap,iterations
5,3500,3610.155147401,3609.140619378,10.432623171673125,5.123121192597546,5.4250005968420165,518
