seed,dimension,time,fw_time,primal,dual_gap,smallest_dual_gap,iterations
2,3500,3612.126213508,3611.227679071,10.345363267185022,4.624569024313587,4.641540887697532,517
