seed,dimension,time,fw_time,primal,dual_gap,smallest_dual_gap,iterations
4,4000,3613.972725787,3612.924783849,10.643556251911262,5.830496310809025,6.02899928366012,445
