seed,dimension,time,fw_time,primal,dual_gap,smallest_dual_gap,iterations
1,900,3601.517440651,3601.13164682,9.242667590429434,1.3519823411911602e-6,1.3519823411911602e-6,5595
