seed,dimension,time,fw_time,primal,dual_gap,smallest_dual_gap,iterations
1,500,3600.506689586,3600.420853259,8.254121055528827,5.478242588452531e-7,5.478242588452531e-7,14276
