seed,dimension,time,fw_time,primal,dual_gap,smallest_dual_gap,iterations
3,1000,3602.040480991,3601.661698542,8.519699395252678,8.96975693720492e-7,8.969767879563051e-7,3343
