seed,dimension,time,fw_time,primal,dual_gap,smallest_dual_gap,iterations
3,200,3600.005486253,3600.001891805,7.484184634159891,8.676056104661711e-7,8.676056104661711e-7,3445628
