seed,dimension,time,fw_time,primal,dual_gap,smallest_dual_gap,iterations
1,4000,3615.741062131,3614.642044298,10.523262917958979,5.8409116808074995,6.093154732817569,444
