seed,dimension,time,fw_time,primal,dual_gap,smallest_dual_gap,iterations
4,800,3603.582128952,3602.976490138,8.714721612770967,0.0005381370958055243,0.000452556845665697,1488
