seed,dimension,time,fw_time,primal,dual_gap,smallest_dual_gap,iterations
4,2000,3605.2668101,3604.498784463,8.912919009223,1.5965725953954877,1.601175687921005,766
