seed,dimension,time,fw_time,primal,dual_gap,smallest_dual_gap,iterations
5,1000,3601.618106388,3601.181400959,8.435976703178882,9.781889485083184e-7,9.781889485083184e-7,3184
