seed,dimension,time,fw_time,primal,dual_gap,smallest_dual_gap,iterations
1,400,3600.326865991,3600.238205716,8.851919515534965,9.746692999357265e-7,9.746692999357265e-7,20673
