seed,dimension,time,fw_time,primal,dual_gap,smallest_dual_gap,iterations
2,4500,3622.31830057,3620.436550386,11.941998320027256,11.267291326270888,11.325678918478907,282
