seed,dimension,time,fw_time,primal,dual_gap,smallest_dual_gap,iterations
3,400,3600.39508171,3600.314213247,8.784028612812609,6.74948628542893e-7,6.74948628542893e-7,19939
