seed,dimension,time,fw_time,primal,dual_gap,smallest_dual_gap,iterations
4,1000,3602.867340353,3602.34850756,8.609137643321437,0.10598508905363424,0.10699614389455725,1305
