seed,dimension,time,fw_time,primal,dual_gap,smallest_dual_gap,iterations
3,4000,3608.670127394,3607.690714181,10.543261650384917,6.286687517923484,6.2386891981796495,443
