seed,dimension,time,fw_time,primal,dual_gap,smallest_dual_gap,iterations
3,1000,3602.022275605,3601.53344151,8.519699395252678,8.96975693720492e-7,8.969767879563051e-7,3511
