seed,dimension,time,fw_time,primal,dual_gap,smallest_dual_gap,iterations
5,300,3600.127461269,3600.067104508,8.61541288554171,5.222950250072245e-7,5.22294831384329e-7,45216
