seed,dimension,time,fw_time,primal,dual_gap,smallest_dual_gap,iterations
5,4000,3609.284926653,3608.222772742,10.578099319419884,5.812276749971762,5.818136119013163,442
