seed,dimension,time,fw_time,primal,dual_gap,smallest_dual_gap,iterations
5,600,3600.603817964,3600.363038674,8.233069909491753,4.758646223734786e-7,4.758646223734786e-7,16035
