seed,dimension,time,fw_time,primal,dual_gap,smallest_dual_gap,iterations
4,1500,3605.041957322,3604.338421343,8.762142553867978,0.953390474758848,0.9450397558798187,882
