seed,dimension,time,fw_time,primal,dual_gap,smallest_dual_gap,iterations
1,1000,3603.92879706,3603.409997804,8.346064026858272,8.426734119382218e-7,8.426733195676661e-7,3041
