seed,dimension,time,fw_time,primal,dual_gap,smallest_dual_gap,iterations
1,3000,3612.327096207,3611.398088425,9.597736926401314,3.6127800154356375,3.6066500372893255,574
