seed,dimension,time,fw_time,primal,dual_gap,smallest_dual_gap,iterations
3,3000,3606.310951918,3605.474186854,9.588711077396654,3.8003766992368586,3.7982514238877876,572
