seed,dimension,time,fw_time,primal,dual_gap,smallest_dual_gap,iterations
2,100,3600.003771201,3600.001241314,10.085180701568097,3.054397712531909e-7,3.054397712531909e-7,9488163
