seed,dimension,time,fw_time,primal,dual_gap,smallest_dual_gap,iterations
4,600,3600.35828241,3600.236387777,8.150079361414196,6.892880115572098e-7,6.89288462751847e-7,14310
