seed,dimension,time,fw_time,primal,dual_gap,smallest_dual_gap,iterations
1,2000,3607.800626899,3606.948279294,9.001816466585936,1.6512186268671467,1.6373347821274074,776
