seed,dimension,time,fw_time,primal,dual_gap,smallest_dual_gap,iterations
1,600,3600.662482375,3600.513453222,8.293631845161869,9.674380461177634e-7,9.674380461177634e-7,14674
