seed,dimension,time,fw_time,primal,dual_gap,smallest_dual_gap,iterations
3,300,3600.219345265,3600.202703252,7.79769596360037,4.1303824005467504e-7,4.1303824005467504e-7,24402
