seed,dimension,time,fw_time,primal,dual_gap,smallest_dual_gap,iterations
4,500,3600.331073178,3600.206197245,8.31030786197676,7.653085098979773e-7,7.653085098979773e-7,13834
