seed,dimension,time,fw_time,primal,dual_gap,smallest_dual_gap,iterations
1,1000,3601.740559001,3601.333020816,8.346064026858272,8.426734119382218e-7,8.426733195676661e-7,3223
