seed,dimension,time,fw_time,primal,dual_gap,smallest_dual_gap,iterations
3,500,3600.566921838,3600.41798703,8.270115985402962,3.240209061061705e-7,3.240209061061705e-7,14607
