seed,dimension,time,fw_time,primal,dual_gap,smallest_dual_gap,iterations
2,1000,3602.501053595,3602.126199703,8.393079615627887,7.022321462102354e-7,7.022321462102354e-7,3446
