seed,dimension,time,fw_time,primal,dual_gap,smallest_dual_gap,iterations
4,200,3600.066115631,3600.001975032,7.930776553903074,8.316724597889902e-7,8.316724597889902e-7,3330751
