seed,dimension,time,fw_time,primal,dual_gap,smallest_dual_gap,iterations
5,900,3601.720895418,3601.396187118,9.219820541463774,1.2029161879922867e-6,1.2029167777427574e-6,3862
