seed,dimension,time,fw_time,primal,dual_gap,smallest_dual_gap,iterations,iter_not_converging,fallback_helped,average_iter,std_iter,average_gap,std_gap
4,3500,3621.852441832,3620.88356817,13.279212012468305,23.899888517371814,24.646398116355286,119,0,0,11.741666666666667,10.912559900657325,Inf,Inf
