seed,dimension,time,fw_time,primal,dual_gap,smallest_dual_gap,iterations,iter_not_converging,fallback_helped,average_iter,std_iter,average_gap,std_gap
2,1500,3612.988350646,3612.240575637,9.082497083064839,3.2068802610501255,3.2078709786185335,291,0,0,6.810996563573883,5.243914308920245,Inf,Inf
