seed,dimension,time,fw_time,primal,dual_gap,smallest_dual_gap,iterations,iter_not_converging,fallback_helped,average_iter,std_iter,average_gap,std_gap
2,1000,3601.768434169,3601.54353708,8.393081928538903,0.003200829809115291,0.003149434537643714,1545,0,0,4.7078215901745315,2.0288882875959224,Inf,Inf
