seed,dimension,time,fw_time,primal,dual_gap,smallest_dual_gap,iterations,iter_not_converging,fallback_helped,average_iter,std_iter,average_gap,std_gap
4,1000,3601.431144865,3601.131195522,8.60893589840942,0.014749994419982926,0.014069911642506483,1786,0,0,4.592613318410744,2.0458658086356944,Inf,Inf
