seed,dimension,time,fw_time,primal,dual_gap,smallest_dual_gap,iterations
5,40000,4641.450237373,4586.257814555,1308.5734341342286,5.446918193861679e7,8.452773137048488e8,1
