seed,dimension,time,fw_time,primal,dual_gap,smallest_dual_gap,iterations,iter_not_converging,fallback_helped,average_iter,std_iter,average_gap,std_gap
5,4000,3615.237826402,3613.946930975,13.057666871605063,19.831087268532258,21.2076357362808,112,0,0,10.598214285714286,10.22314968956679,Inf,Inf
