seed,dimension,time,fw_time,primal,dual_gap,smallest_dual_gap,iterations,iter_not_converging,fallback_helped,average_iter,std_iter,average_gap,std_gap
5,4000,3607.288518511,3605.960383894,13.042601936894656,19.674176751030853,19.83108726849519,113,0,0,10.824561403508772,10.534600062579361,Inf,Inf
