seed,dimension,time,fw_time,primal,dual_gap,smallest_dual_gap,iterations,iter_not_converging,fallback_helped,average_iter,std_iter,average_gap,std_gap
3,4000,3617.412399898,3616.224453417,12.688619692636268,17.436447524662523,17.950747432832642,117,0,0,10.017094017094017,9.613193973857785,Inf,Inf
