seed,dimension,time,fw_time,primal,dual_gap,smallest_dual_gap,iterations,iter_not_converging,fallback_helped,average_iter,std_iter,average_gap,std_gap
1,900,3603.548938433,3603.239244994,9.24267683354892,0.0182074790854152,0.01805275691323338,1476,0,0,4.750677506775068,2.4486937815065057,Inf,Inf
