seed,dimension,time,fw_time,primal,dual_gap,smallest_dual_gap,iterations,iter_not_converging,fallback_helped,average_iter,std_iter,average_gap,std_gap
4,4000,3625.64989244,3624.559952092,12.580330926858567,17.888916593363554,18.143520023532435,121,0,0,10.024590163934427,9.798349595177951,Inf,Inf
