seed,dimension,time,fw_time,primal,dual_gap,smallest_dual_gap,iterations,iter_not_converging,fallback_helped,average_iter,std_iter,average_gap,std_gap
5,5000,3637.59492657,3635.049972714,24.23384961096184,232.71777234189656,240.01016286533078,34,0,0,19.735294117647058,15.955067255357926,Inf,Inf
