seed,dimension,time,fw_time,primal,dual_gap,smallest_dual_gap,iterations,iter_not_converging,fallback_helped,average_iter,std_iter,average_gap,std_gap
2,500,1934.729496212,1934.67812648,8.682231613271565,1.1079950645864756e-7,9.828434421876864e-8,4013,0,0,3.4839272364814353,1.1177233156988773,Inf,Inf
