seed,dimension,time,fw_time,primal,dual_gap,smallest_dual_gap,iterations,iter_not_converging,fallback_helped,average_iter,std_iter,average_gap,std_gap
2,3500,3614.084429171,3613.060346338,11.781583014585626,13.122491843230222,12.925639636355063,150,0,0,9.165562913907285,8.422533635889033,Inf,Inf
