seed,dimension,time,fw_time,primal,dual_gap,smallest_dual_gap,iterations,iter_not_converging,fallback_helped,average_iter,std_iter,average_gap,std_gap
1,1000,3603.920275061,3603.299724432,8.346081302658492,0.026511246858872184,0.026434341942186634,1363,0,0,4.891495601173021,2.8130736276814483,Inf,Inf
