seed,dimension,time,fw_time,primal,dual_gap,smallest_dual_gap,iterations
1,10000,3931.457975482,3926.060061727,104.70054729324146,26057.310191970566,27029.839813445826,8
