seed,dimension,time,fw_time,primal,dual_gap,smallest_dual_gap,iterations,iter_not_converging,fallback_helped,average_iter,std_iter,average_gap,std_gap
2,1000,3601.928309089,3601.634571405,8.393089063963755,0.02037837917344376,0.020851295571414852,1398,0,0,4.793276108726753,1.8577271531842072,Inf,Inf
