seed,dimension,time,fw_time,primal,dual_gap,smallest_dual_gap,iterations
5,10000,3927.755935399,3921.607793428,105.7711897844817,20678.057892926452,26816.60866947615,8
