seed,dimension,time,fw_time,primal,dual_gap,smallest_dual_gap,iterations,iter_not_converging,fallback_helped,average_iter,std_iter,average_gap,std_gap
5,3500,3613.258948925,3612.272769378,11.948948606829658,12.060678058777587,11.984769415983733,150,0,0,8.986666666666666,8.207041228546945,Inf,Inf
