seed,dimension,time,fw_time,primal,dual_gap,smallest_dual_gap,iterations,iter_not_converging,fallback_helped,average_iter,std_iter,average_gap,std_gap
2,1000,3602.101389532,3601.691600714,8.393145349116363,0.05100924766431625,0.05106196071079161,1288,0,0,4.9355590062111805,2.6387895139778896,Inf,Inf
