seed,dimension,time,fw_time,primal,dual_gap,smallest_dual_gap,iterations
3,40000,4615.346589518,4560.804582335,597.6464125332316,1.0354561184144389e7,1.1696949484621873e8,1
