seed,dimension,time,fw_time,primal,dual_gap,smallest_dual_gap,iterations,iter_not_converging,fallback_helped,average_iter,std_iter,average_gap,std_gap
5,3500,3614.64297016,3613.618465281,11.942296809565253,12.042273763478414,12.060678058778212,151,0,0,9.171052631578947,8.562799811188109,Inf,Inf
