seed,dimension,time,fw_time,primal,dual_gap,smallest_dual_gap,iterations
2,40000,4642.052521962,4580.141638457,762.8890176197464,4.523024113961076e7,1.0819155737784213e8,1
