seed,dimension,time,fw_time,primal,dual_gap,smallest_dual_gap,iterations
3,10000,3877.874055864,3871.222702795,99.76685137292466,23436.4844013281,28332.243138247264,8
