seed,dimension,time,fw_time,primal,dual_gap,smallest_dual_gap,iterations,iter_not_converging,fallback_helped,average_iter,std_iter,average_gap,std_gap
5,1000,3601.556502926,3601.215238558,8.436009384141377,0.034586407217334525,0.03421790238358646,1580,0,0,4.790771175726928,2.302234052252463,Inf,Inf
