seed,dimension,time,fw_time,primal,dual_gap,smallest_dual_gap,iterations,iter_not_converging,fallback_helped,average_iter,std_iter,average_gap,std_gap
4,4500,3622.38459342,3620.313749739,33.21447152903738,427.14496044813285,480.90098253378903,41,0,0,17.902439024390244,15.383115546027698,Inf,Inf
