seed,dimension,time,fw_time,primal,dual_gap,smallest_dual_gap,iterations,iter_not_converging,fallback_helped,average_iter,std_iter,average_gap,std_gap
3,4000,3619.424437332,3618.448623018,12.611621213769673,17.731698251651544,17.618040085504248,119,0,0,10.216666666666667,9.915765677121733,Inf,Inf
