seed,dimension,time,fw_time,primal,dual_gap,smallest_dual_gap,iterations,iter_not_converging,fallback_helped,average_iter,std_iter,average_gap,std_gap
4,500,1524.196397836,1524.150021156,8.310307861976561,8.762127734485148e-8,9.849128979055877e-8,3356,0,0,3.5038736591179975,1.0950300463974056,Inf,Inf
