seed,dimension,time,fw_time,primal,dual_gap,smallest_dual_gap,iterations,iter_not_converging,fallback_helped,average_iter,std_iter,average_gap,std_gap
2,4000,3622.928402045,3621.56266954,12.811580809282566,17.603821322859705,18.139759082943506,118,0,0,9.957627118644067,9.517769317589497,Inf,Inf
