seed,dimension,time,fw_time,primal,dual_gap,smallest_dual_gap,iterations,iter_not_converging,fallback_helped,average_iter,std_iter,average_gap,std_gap
3,1000,3602.153153073,3601.674767702,8.519704052303295,0.01363875663463432,0.013444437757042849,1373,0,0,4.742898761835397,2.5923529704530655,Inf,Inf
