seed,dimension,time,fw_time,primal,dual_gap,smallest_dual_gap,iterations,iter_not_converging,fallback_helped,average_iter,std_iter,average_gap,std_gap
4,5000,3640.060589011,3637.812874346,20.229753198416645,125.25984484171458,130.56722495408863,44,0,0,15.666666666666666,14.605416180930343,Inf,Inf
