seed,dimension,time,fw_time,primal,dual_gap,smallest_dual_gap,iterations,iter_not_converging,fallback_helped,average_iter,std_iter,average_gap,std_gap
4,3000,3613.931868015,3613.057316364,10.290661049228019,7.7499345992133115,8.164028637525986,185,0,0,7.918918918918919,6.2292192719437445,Inf,Inf
