seed,dimension,time,fw_time,primal,dual_gap,smallest_dual_gap,iterations,iter_not_converging,fallback_helped,average_iter,std_iter,average_gap,std_gap
1,5000,3657.333841172,3654.926985659,20.526648259597334,127.60840084854013,135.97265326005936,43,0,0,15.511627906976743,14.271803858729974,Inf,Inf
