seed,dimension,time,fw_time,primal,dual_gap,smallest_dual_gap,iterations,iter_not_converging,fallback_helped,average_iter,std_iter,average_gap,std_gap
1,4000,3615.448445017,3614.473461419,12.951445336648874,21.213276809303636,21.2526232478689,114,0,0,10.669565217391304,10.265528877882485,Inf,Inf
