seed,dimension,time,fw_time,primal,dual_gap,smallest_dual_gap,iterations,iter_not_converging,fallback_helped,average_iter,std_iter,average_gap,std_gap
4,3500,3606.108464713,3605.121091847,13.360838400762749,24.527141477440484,24.538939867124732,117,0,0,11.914529914529915,10.997313660674255,Inf,Inf
