seed,dimension,time,fw_time,primal,dual_gap,smallest_dual_gap,iterations,iter_not_converging,fallback_helped,average_iter,std_iter,average_gap,std_gap
3,2000,3610.988343522,3610.212065771,9.369809302524287,4.2196004819913835,4.2762526919409805,246,0,0,7.373983739837398,6.015488001964207,Inf,Inf
