seed,dimension,time,fw_time,primal,dual_gap,smallest_dual_gap,iterations,iter_not_converging,fallback_helped,average_iter,std_iter,average_gap,std_gap
5,1000,3602.256527596,3601.98365134,8.4360661627494,0.06286828154192747,0.06120080082990853,1416,0,0,4.8658192090395485,2.2118386336130214,Inf,Inf
