seed,dimension,time,fw_time,primal,dual_gap,smallest_dual_gap,iterations,iter_not_converging,fallback_helped,average_iter,std_iter,average_gap,std_gap
2,5000,3651.416517372,3649.238661343,20.97974984129803,127.15432054839621,133.13442258220587,43,0,0,15.488372093023257,14.321765142978403,Inf,Inf
