seed,dimension,time,fw_time,primal,dual_gap,smallest_dual_gap,iterations,iter_not_converging,fallback_helped,average_iter,std_iter,average_gap,std_gap
5,1000,3601.442149095,3601.050778155,8.436005336758532,0.023414374170025454,0.02333428058970277,1460,0,0,4.85068493150685,2.393366620481124,Inf,Inf
