seed,dimension,time,fw_time,primal,dual_gap,smallest_dual_gap,iterations,iter_not_converging,fallback_helped,average_iter,std_iter,average_gap,std_gap
4,1000,3602.576814313,3602.230402372,8.608972677357906,0.03320615244210323,0.03189402167623889,1404,0,0,4.806267806267806,2.262102927168424,Inf,Inf
