seed,dimension,time,fw_time,primal,dual_gap,smallest_dual_gap,iterations
2,10000,3899.701453474,3893.79388285,206.76630152921396,82878.88284451602,104177.73656571122,8
