seed,dimension,time,fw_time,primal,dual_gap,smallest_dual_gap,iterations,iter_not_converging,fallback_helped,average_iter,std_iter,average_gap,std_gap
5,1500,3610.692383356,3610.018796597,8.872643207563744,2.2310171960138714,2.2852186703953645,355,0,0,5.380281690140845,1.096555948720858,Inf,Inf
