seed,dimension,time,fw_time,primal,dual_gap,smallest_dual_gap,iterations,iter_not_converging,fallback_helped,average_iter,std_iter,average_gap,std_gap
4,1500,3610.880439555,3610.17712955,8.841016952279928,1.6026968160020907,1.6299342541485338,466,0,0,3.8824786324786325,0.46857642347733536,Inf,Inf
