seed,dimension,time,fw_time,primal,dual_gap,smallest_dual_gap,iterations,iter_not_converging,fallback_helped,average_iter,std_iter,average_gap,std_gap
3,2500,3610.998973471,3610.125886356,10.200930456462462,4.005769552107912,3.969464514637231,347,0,0,3.844380403458213,0.5365177320837582,Inf,Inf
