seed,dimension,time,fw_time,primal,dual_gap,smallest_dual_gap,iterations,iter_not_converging,fallback_helped,average_iter,std_iter,average_gap,std_gap
5,1500,3607.288422034,3606.69263976,8.751627121678775,1.4668205194995103,1.4590605901550866,471,0,0,3.872611464968153,0.4845631678253679,Inf,Inf
