seed,dimension,time,fw_time,primal,dual_gap,smallest_dual_gap,iterations,iter_not_converging,fallback_helped,average_iter,std_iter,average_gap,std_gap
3,3000,3613.152476767,3612.229465948,10.823265773766126,9.285694262560673,9.259000806962272,167,9,0,8.688622754491018,7.872404289452334,86.85962142913628,1.058250481458449
