seed,dimension,time,fw_time,primal,dual_gap,smallest_dual_gap,iterations,iter_not_converging,fallback_helped,average_iter,std_iter,average_gap,std_gap
4,1000,3603.112392052,3602.66712629,8.6090000739464,0.0448278215873259,0.048032746010619576,1409,30,26,4.790070921985816,2.2526478376069416,1.1872258442630257,1.1692859032299219
