seed,dimension,time,fw_time,primal,dual_gap,smallest_dual_gap,iterations,iter_not_converging,fallback_helped,average_iter,std_iter,average_gap,std_gap
5,1000,3601.760435334,3601.49528915,8.43597787561237,0.004116637395819467,0.00414368852619873,1729,0,0,4.55080831408776,1.3508088315307916,Inf,Inf
