seed,dimension,time,fw_time,primal,dual_gap,smallest_dual_gap,iterations,iter_not_converging,fallback_helped,average_iter,std_iter,average_gap,std_gap
1,4000,3621.682956398,3620.486058695,11.504538978816427,10.849327433017692,10.844941350646081,185,0,0,5.870270270270271,0.5560266966851114,Inf,Inf
