seed,dimension,time,fw_time,primal,dual_gap,smallest_dual_gap,iterations,iter_not_converging,fallback_helped,average_iter,std_iter,average_gap,std_gap
4,3500,3611.784422569,3610.83266077,10.504629393700586,6.1689913890402295,6.249701048109696,290,0,0,3.9034482758620688,0.42943816084921566,Inf,Inf
