seed,dimension,time,fw_time,primal,dual_gap,smallest_dual_gap,iterations,iter_not_converging,fallback_helped,average_iter,std_iter,average_gap,std_gap
4,4000,3613.25238027,3612.053205776,12.580330926858567,17.888916593363554,18.143520023532435,121,9,0,9.768595041322314,9.420509832787285,85.54205972910721,1.0592229034606881
