seed,dimension,time,fw_time,primal,dual_gap,smallest_dual_gap,iterations,iter_not_converging,fallback_helped,average_iter,std_iter,average_gap,std_gap
5,4500,3643.388363905,3640.892195187,18.962626513158266,84.277080401902,87.37311992436642,52,10,0,13.942307692307692,13.351086408814302,75.5358413275887,1.4667536041576417
