seed,dimension,time,fw_time,primal,dual_gap,smallest_dual_gap,iterations,iter_not_converging,fallback_helped,average_iter,std_iter,average_gap,std_gap
5,1000,3601.372400375,3601.127350569,8.435999037433769,0.022696685935427396,0.022870381870854217,1364,0,0,4.787390029325513,1.3625165284032241,Inf,Inf
