seed,dimension,time,fw_time,primal,dual_gap,smallest_dual_gap,iterations,iter_not_converging,fallback_helped,average_iter,std_iter,average_gap,std_gap
1,3500,3614.896413932,3613.856746402,11.308890976311785,8.876740562386903,8.936138552977557,189,0,0,6.8201058201058204,1.2331493970930905,Inf,Inf
