seed,dimension,time,fw_time,primal,dual_gap,smallest_dual_gap,iterations,iter_not_converging,fallback_helped,average_iter,std_iter,average_gap,std_gap
1,1500,3610.991210667,3610.253892689,8.882606959717798,2.2839432351008764,2.2850048351534085,370,0,0,5.348648648648648,1.0895218168980438,Inf,Inf
