seed,dimension,time,fw_time,primal,dual_gap,smallest_dual_gap,iterations,iter_not_converging,fallback_helped,average_iter,std_iter,average_gap,std_gap
1,4500,3614.276457347,3612.167040357,36.04565759270366,601.8679603300677,601.8679603094947,193,0,0,2.5595854922279795,2.8863586911461825,Inf,Inf
