seed,dimension,time,fw_time,primal,dual_gap,smallest_dual_gap,iterations,iter_not_converging,fallback_helped,average_iter,std_iter,average_gap,std_gap
5,1500,3605.384417492,3604.649538253,8.869558213494601,2.207271669369108,2.1831517554764073,361,0,0,5.375690607734807,1.0874581882598888,Inf,Inf
