seed,dimension,time,fw_time,primal,dual_gap,smallest_dual_gap,iterations,iter_not_converging,fallback_helped,average_iter,std_iter,average_gap,std_gap
2,500,1487.301586188,1487.2499606,8.68223161327157,1.0069125089273712e-7,9.65783701900591e-8,4282,1,0,3.456562354040168,1.1127114385973964,182.37311509172818,1.0
