seed,dimension,time,fw_time,primal,dual_gap,smallest_dual_gap,iterations,iter_not_converging,fallback_helped,average_iter,std_iter,average_gap,std_gap
4,3000,3619.612389387,3618.622149429,10.030514692649751,6.126574949653628,6.267436294974528,243,0,0,5.724279835390947,0.8345007637350328,Inf,Inf
