seed,dimension,time,fw_time,primal,dual_gap,smallest_dual_gap,iterations,iter_not_converging,fallback_helped,average_iter,std_iter,average_gap,std_gap
5,3000,3616.456566483,3615.404494101,11.084490106055766,11.212651510861239,11.08033628252989,145,13,3,9.246575342465754,8.758492740613981,33.07902415422094,2.7199520517236104
