seed,dimension,time,fw_time,primal,dual_gap,smallest_dual_gap,iterations,iter_not_converging,fallback_helped,average_iter,std_iter,average_gap,std_gap
1,3000,3614.289834295,3613.196706952,11.00035332157589,10.201799977574366,10.371903407671224,148,11,2,9.100671140939598,8.215628618710832,46.123048034232546,2.3893213811477114
