seed,dimension,time,fw_time,primal,dual_gap,smallest_dual_gap,iterations,iter_not_converging,fallback_helped,average_iter,std_iter,average_gap,std_gap
1,4500,3617.384407788,3615.44556603,31.731329964894595,475.31494027043544,475.31494027043544,214,0,0,2.2149532710280373,2.1494754786893715,Inf,Inf
