seed,dimension,time,fw_time,primal,dual_gap,smallest_dual_gap,iterations,iter_not_converging,fallback_helped,average_iter,std_iter,average_gap,std_gap
5,3500,3619.692506458,3618.683237288,11.884027611302773,12.06750260697709,11.889834211898094,154,13,3,9.109677419354838,8.499478778469632,43.02592609618552,2.5177265459613736
