seed,dimension,time,fw_time,primal,dual_gap,smallest_dual_gap,iterations,iter_not_converging,fallback_helped,average_iter,std_iter,average_gap,std_gap
4,3000,3612.803295138,3611.70099826,10.861489521147378,10.360896681268997,10.344310575872806,142,12,3,9.055944055944057,8.394143014900013,184.70146835244955,2.963484074725679
