seed,dimension,time,fw_time,primal,dual_gap,smallest_dual_gap,iterations,iter_not_converging,fallback_helped,average_iter,std_iter,average_gap,std_gap
5,3500,3615.092378159,3614.050891493,11.98952497045828,12.281004878846206,12.260917402327191,147,9,0,9.040816326530612,8.280094591991952,79.07649871703963,1.0833385613888122
