seed,dimension,time,fw_time,primal,dual_gap,smallest_dual_gap,iterations,iter_not_converging,fallback_helped,average_iter,std_iter,average_gap,std_gap
4,3500,3611.64786589,3610.677683186,11.045152038213011,9.139112142527647,8.977483820260401,217,0,0,5.8018433179723505,0.8178541895332494,Inf,Inf
