seed,dimension,time,fw_time,primal,dual_gap,smallest_dual_gap,iterations,iter_not_converging,fallback_helped,average_iter,std_iter,average_gap,std_gap
2,4000,3611.418988413,3610.200863337,10.905718797911454,7.814944467496554,7.659688310158263,261,0,0,3.9770992366412212,0.21319136278040438,Inf,Inf
