seed,dimension,time,fw_time,primal,dual_gap,smallest_dual_gap,iterations,iter_not_converging,fallback_helped,average_iter,std_iter,average_gap,std_gap
1,3500,3608.366978219,3607.249536442,11.417533680946914,10.864825207324367,11.574341070123484,178,0,0,7.348314606741573,2.072696453832288,Inf,Inf
