seed,dimension,time,fw_time,primal,dual_gap,smallest_dual_gap,iterations,iter_not_converging,fallback_helped,average_iter,std_iter,average_gap,std_gap
5,2500,3607.836408682,3606.996592313,10.658302834862681,6.411439598577374,6.4448193509135745,220,0,0,6.890909090909091,2.0776939031455326,Inf,Inf
