seed,dimension,time,fw_time,primal,dual_gap,smallest_dual_gap,iterations,iter_not_converging,fallback_helped,average_iter,std_iter,average_gap,std_gap
3,4500,3629.352460483,3627.573940884,12.780575671474416,17.237347962223495,17.39048348347374,150,0,0,3.986666666666667,0.1632993161855452,Inf,Inf
