seed,dimension,time,fw_time,primal,dual_gap,smallest_dual_gap,iterations,iter_not_converging,fallback_helped,average_iter,std_iter,average_gap,std_gap
4,2000,3607.008421732,3606.213322655,8.992227376176382,2.3727859266847844,2.3867706454300297,412,0,0,3.866504854368932,0.4973353986595292,Inf,Inf
