seed,dimension,time,fw_time,primal,dual_gap,smallest_dual_gap,iterations,iter_not_converging,fallback_helped,average_iter,std_iter,average_gap,std_gap
4,1000,3603.288486054,3603.043107835,8.608937496583287,0.017890191947497414,0.01810624942688044,1624,0,0,4.574062692071297,1.1396427672317737,Inf,Inf
