seed,dimension,time,fw_time,primal,dual_gap,smallest_dual_gap,iterations,iter_not_converging,fallback_helped,average_iter,std_iter,average_gap,std_gap
1,2000,3609.484447048,3608.731993859,9.08291181472017,2.1499102320436876,2.190210865026332,410,0,0,3.8634146341463413,0.5051113303223727,Inf,Inf
