seed,dimension,time,fw_time,primal,dual_gap,smallest_dual_gap,iterations,iter_not_converging,fallback_helped,average_iter,std_iter,average_gap,std_gap
1,4000,3611.452465463,3610.224733172,11.841530645175876,12.646240321645259,12.487649916055764,162,0,0,6.92638036809816,1.0573568385633365,Inf,Inf
