seed,dimension,time,fw_time,primal,dual_gap,smallest_dual_gap,iterations,iter_not_converging,fallback_helped,average_iter,std_iter,average_gap,std_gap
1,3500,3607.500445041,3606.352627685,11.974220781460735,12.741345881794834,12.624917300909434,144,9,0,9.159722222222221,8.367990288041774,81.53429232346295,1.0764796645821308
