seed,dimension,time,fw_time,primal,dual_gap,smallest_dual_gap,iterations,iter_not_converging,fallback_helped,average_iter,std_iter,average_gap,std_gap
1,1500,3614.228456146,3613.315214712,9.171570554376395,3.686774887440004,3.6820830980374843,266,31,22,7.325842696629214,6.275220298500403,5.713859205494643,1.0500621034984705
