seed,dimension,time,fw_time,primal,dual_gap,smallest_dual_gap,iterations,iter_not_converging,fallback_helped,average_iter,std_iter,average_gap,std_gap
1,500,862.292404127,862.038024519,8.25412105552877,1.4168993089924697e-7,9.089547425844557e-8,2329,1,0,3.677114641477029,1.3808941476720993,364.5236790437207,1.0
