seed,dimension,time,fw_time,primal,dual_gap,smallest_dual_gap,iterations,iter_not_converging,fallback_helped,average_iter,std_iter,average_gap,std_gap
3,2000,3606.729768551,3605.945385995,9.401341585242152,4.622609675337367,4.716312190875152,238,7,0,7.432773109243698,6.0991887022734845,59.63529111511913,1.0906559396903412
