seed,dimension,time,fw_time,primal,dual_gap,smallest_dual_gap,iterations,iter_not_converging,fallback_helped,average_iter,std_iter,average_gap,std_gap
3,1000,3603.613747026,3603.305946233,8.519707418933672,0.018148641909638386,0.01796487113923817,1287,0,0,4.679098679098679,1.3211015463822677,Inf,Inf
