seed,dimension,time,fw_time,primal,dual_gap,smallest_dual_gap,iterations,iter_not_converging,fallback_helped,average_iter,std_iter,average_gap,std_gap
4,5000,3629.613521145,3627.217836199,16.840069904141625,58.501926478010944,59.88241517269024,67,0,0,8.926470588235293,2.6049102684324317,Inf,Inf
