seed,dimension,time,fw_time,primal,dual_gap,smallest_dual_gap,iterations,iter_not_converging,fallback_helped,average_iter,std_iter,average_gap,std_gap
4,1000,3602.719114791,3602.469866152,8.608932803333328,0.002959371608252326,0.0033814794616251476,1675,0,0,4.420488385944014,0.8832756780500409,Inf,Inf
