seed,dimension,time,fw_time,primal,dual_gap,smallest_dual_gap,iterations,iter_not_converging,fallback_helped,average_iter,std_iter,average_gap,std_gap
1,2500,3623.860127203,3623.113628885,10.550968920312602,6.271132340990357,6.440253887384239,229,0,0,6.676855895196507,1.4050150405708992,Inf,Inf
