seed,dimension,time,fw_time,primal,dual_gap,smallest_dual_gap,iterations,iter_not_converging,fallback_helped,average_iter,std_iter,average_gap,std_gap
1,3500,3617.720443001,3616.621778516,10.567641214765853,5.990991330235655,5.9440974815928715,291,0,0,3.8625429553264605,0.5068554790043738,Inf,Inf
