seed,dimension,time,fw_time,primal,dual_gap,smallest_dual_gap,iterations,iter_not_converging,fallback_helped,average_iter,std_iter,average_gap,std_gap
5,4000,3608.812390333,3607.899328064,12.048058871888342,14.186163414603147,14.159804581929786,156,0,0,7.551282051282051,2.13509800876461,Inf,Inf
