seed,dimension,time,fw_time,primal,dual_gap,smallest_dual_gap,iterations,iter_not_converging,fallback_helped,average_iter,std_iter,average_gap,std_gap
5,4000,3607.756404344,3606.625463044,11.499589194234009,10.250151088399301,10.500470889538313,195,0,0,5.826530612244898,0.7582099053669416,Inf,Inf
