seed,dimension,time,fw_time,primal,dual_gap,smallest_dual_gap,iterations,iter_not_converging,fallback_helped,average_iter,std_iter,average_gap,std_gap
3,4000,3613.610969432,3612.507139113,12.652476261230353,17.6180400854641,17.43644752464418,118,11,0,10.243697478991596,9.953252076118453,79.79127095519874,1.076059993001019
