seed,dimension,time,fw_time,primal,dual_gap,smallest_dual_gap,iterations,iter_not_converging,fallback_helped,average_iter,std_iter,average_gap,std_gap
2,2500,3611.000449714,3610.14511104,11.539017424413291,10.538388140885521,10.685019315670793,160,11,0,9.8375,9.156148911692172,17.832374368897682,1.698801787399357e16
