seed,dimension,time,fw_time,primal,dual_gap,smallest_dual_gap,iterations,iter_not_converging,fallback_helped,average_iter,std_iter,average_gap,std_gap
3,1500,3610.672393626,3609.891876089,8.714870524265004,2.2551499674753472,2.2810261607731874,333,0,0,6.18018018018018,1.9335257055918096,Inf,Inf
