seed,dimension,time,fw_time,primal,dual_gap,smallest_dual_gap,iterations,iter_not_converging,fallback_helped,average_iter,std_iter,average_gap,std_gap
3,4000,3609.056411821,3607.981876138,11.941009207522105,14.56097576641705,14.665041096027478,151,0,0,7.644736842105263,2.1818270936793183,Inf,Inf
