seed,dimension,time,fw_time,primal,dual_gap,smallest_dual_gap,iterations,iter_not_converging,fallback_helped,average_iter,std_iter,average_gap,std_gap
5,2500,3606.260364156,3605.382347097,10.869051570527004,8.035166234769425,8.08718921415313,192,7,0,7.979166666666667,6.82155371696493,71.9558668595597,1.0550865160754266
