seed,dimension,time,fw_time,primal,dual_gap,smallest_dual_gap,iterations,iter_not_converging,fallback_helped,average_iter,std_iter,average_gap,std_gap
1,3000,3615.968415211,3615.105140731,10.260826577354866,7.002139641878566,6.945853805140292,212,0,0,7.009389671361502,2.1956015428979443,Inf,Inf
