seed,dimension,time,fw_time,primal,dual_gap,smallest_dual_gap,iterations,iter_not_converging,fallback_helped,average_iter,std_iter,average_gap,std_gap
2,5000,3623.861873292,3621.491480953,14.811601924659664,34.79558609926538,36.04295350162106,99,0,0,5.959595959595959,0.19790700347467466,Inf,Inf
