seed,dimension,time,fw_time,primal,dual_gap,smallest_dual_gap,iterations,iter_not_converging,fallback_helped,average_iter,std_iter,average_gap,std_gap
3,1000,3602.676372447,3602.438735844,8.51970121994067,0.007255575670102488,0.007251823986749173,1419,0,0,4.431289640591967,0.8871638857594754,Inf,Inf
