seed,dimension,time,fw_time,primal,dual_gap,smallest_dual_gap,iterations,iter_not_converging,fallback_helped,average_iter,std_iter,average_gap,std_gap
3,4000,3624.792379216,3623.614494975,12.53795580630987,16.939961454480482,17.707689361529184,121,10,0,9.909090909090908,9.470128475017292,70.09395236180413,1.0608221820871242
