seed,dimension,time,fw_time,primal,dual_gap,smallest_dual_gap,iterations,iter_not_converging,fallback_helped,average_iter,std_iter,average_gap,std_gap
1,4000,3620.605862556,3619.281697426,12.10386289948802,14.489362162538901,14.563127740296334,151,0,0,7.651315789473684,2.2264510661471353,Inf,Inf
