seed,dimension,time,fw_time,primal,dual_gap,smallest_dual_gap,iterations,iter_not_converging,fallback_helped,average_iter,std_iter,average_gap,std_gap
2,2500,3620.454994452,3619.593252802,10.948872873781367,7.1538582546805625,7.417938550356155,208,0,0,7.355769230769231,2.4648966200338855,Inf,Inf
