seed,dimension,time,fw_time,primal,dual_gap,smallest_dual_gap,iterations,iter_not_converging,fallback_helped,average_iter,std_iter,average_gap,std_gap
1,4000,3615.45243489,3614.212834719,10.808613296927202,7.618149980339366,7.507853019755169,263,0,0,3.909090909090909,0.41738905002472126,Inf,Inf
