seed,dimension,time,fw_time,primal,dual_gap,smallest_dual_gap,iterations,iter_not_converging,fallback_helped,average_iter,std_iter,average_gap,std_gap
2,500,1920.93762378,1920.885982718,8.682231613271568,1.0078693257753457e-7,9.644085707805061e-8,4475,0,0,3.2804469273743018,0.4978808705207489,Inf,Inf
