seed,dimension,time,fw_time,primal,dual_gap,smallest_dual_gap,iterations,iter_not_converging,fallback_helped,average_iter,std_iter,average_gap,std_gap
2,3500,3608.44044855,3607.499202016,10.587777447000713,6.145550624085994,6.102885411269307,288,0,0,3.9097222222222223,0.41594013312934563,Inf,Inf
