seed,dimension,time,fw_time,primal,dual_gap,smallest_dual_gap,iterations,iter_not_converging,fallback_helped,average_iter,std_iter,average_gap,std_gap
5,3000,3620.128361325,3619.250960204,10.738649122055001,8.753578433958323,9.197507735728019,169,9,0,8.603550295857989,7.865096898648727,80.06563208709511,1.0813337098344011
