seed,dimension,time,fw_time,primal,dual_gap,smallest_dual_gap,iterations,iter_not_converging,fallback_helped,average_iter,std_iter,average_gap,std_gap
2,1500,3610.628433693,3609.964922778,9.086521303843705,3.164816810344794,3.1403964651042333,287,6,0,6.857142857142857,5.262727780942475,55.0545879003665,1.0718869197177008
