seed,dimension,time,fw_time,primal,dual_gap,smallest_dual_gap,iterations,iter_not_converging,fallback_helped,average_iter,std_iter,average_gap,std_gap
3,3500,3606.300428798,3605.29878571,11.720201145450961,12.128611299366536,12.000268508840021,150,13,2,9.370860927152318,8.97300833540215,53.859404935103036,1.8462791678347408
