seed,dimension,time,fw_time,primal,dual_gap,smallest_dual_gap,iterations,iter_not_converging,fallback_helped,average_iter,std_iter,average_gap,std_gap
2,4500,3638.132364162,3636.026097108,20.849144940199093,125.84124304097864,133.99978425479924,43,11,0,16.53488372093023,14.577132837834455,89.7457604820738,1.0705974084290284
