seed,dimension,time,fw_time,primal,dual_gap,smallest_dual_gap,iterations,iter_not_converging,fallback_helped,average_iter,std_iter,average_gap,std_gap
1,4000,3610.688385609,3609.502453015,13.072890907514548,22.11003081658056,22.273935278364704,111,10,0,10.531531531531531,10.12451553931421,90.74303029873872,1.0559200020771444
