seed,dimension,time,fw_time,primal,dual_gap,smallest_dual_gap,iterations,iter_not_converging,fallback_helped,average_iter,std_iter,average_gap,std_gap
1,3500,3610.194731978,3608.991790436,284.4989687805523,307034.5291151447,307034.5291151447,584,0,0,1.0256849315068493,0.2766335422270273,Inf,Inf
