seed,dimension,time,fw_time,primal,dual_gap,smallest_dual_gap,iterations
2,10000,3912.50378042,3905.544570512,234.22654511194415,129765.09717939932,254327.87080818886,6
