seed,dimension,time,fw_time,primal,dual_gap,smallest_dual_gap,iterations,iter_not_converging,fallback_helped,average_iter,std_iter,average_gap,std_gap
5,3500,3618.334184151,3617.395506239,10.65639726593978,5.971467620411875,6.229400509835585,288,0,0,3.9305555555555554,0.36678806986054585,Inf,Inf
