seed,dimension,time,fw_time,primal,dual_gap,smallest_dual_gap,iterations,iter_not_converging,fallback_helped,average_iter,std_iter,average_gap,std_gap
5,4000,3615.180351506,3614.017279176,13.042601936894656,19.674176751030853,19.83108726849519,113,11,0,10.557522123893806,10.186596632249993,89.27838619048254,1.0740154025401796
