seed,dimension,time,fw_time,primal,dual_gap,smallest_dual_gap,iterations,iter_not_converging,fallback_helped,average_iter,std_iter,average_gap,std_gap
3,1500,3606.240400867,3605.593831139,8.761436443647433,2.5022970134699243,2.5477638940684333,287,5,0,6.7874564459930316,4.867486982180623,70.45299936437313,1.0488786491812707
