seed,dimension,time,fw_time,primal,dual_gap,smallest_dual_gap,iterations,iter_not_converging,fallback_helped,average_iter,std_iter,average_gap,std_gap
3,1500,3608.912458361,3608.188423447,8.613957295130671,1.2912125917925916,1.2859053638124216,468,0,0,3.8867521367521367,0.460420307114199,Inf,Inf
