seed,dimension,time,fw_time,primal,dual_gap,smallest_dual_gap,iterations,iter_not_converging,fallback_helped,average_iter,std_iter,average_gap,std_gap
1,1000,3603.516439488,3603.044611666,8.346134197809695,0.058821765212087485,0.058449613941069956,1254,0,0,4.8312101910828025,1.402961171314012,Inf,Inf
