seed,dimension,time,fw_time,primal,dual_gap,smallest_dual_gap,iterations,iter_not_converging,fallback_helped,average_iter,std_iter,average_gap,std_gap
4,4000,3607.896471256,3606.916519213,11.973720729440853,12.956163997602069,13.377680656155928,150,0,0,7.513333333333334,2.175941257925369,Inf,Inf
