seed,dimension,time,fw_time,primal,dual_gap,smallest_dual_gap,iterations,iter_not_converging,fallback_helped,average_iter,std_iter,average_gap,std_gap
3,3000,3606.986983801,3606.005874602,10.456708971994566,7.934879288983083,8.091651015980046,198,0,0,7.247474747474747,2.1502847614203655,Inf,Inf
