seed,dimension,time,fw_time,primal,dual_gap,smallest_dual_gap,iterations,iter_not_converging,fallback_helped,average_iter,std_iter,average_gap,std_gap
2,1500,3610.672451636,3610.074764836,8.800825417978174,1.6758787451230877,1.6508413383644243,464,0,0,3.8663793103448274,0.4955863888081243,Inf,Inf
