seed,dimension,time,fw_time,primal,dual_gap,smallest_dual_gap,iterations,iter_not_converging,fallback_helped,average_iter,std_iter,average_gap,std_gap
5,5000,3617.668419397,3615.285309423,13.013197396829181,21.258271951737044,21.11903676499707,136,0,0,3.985294117647059,0.17149858514250885,Inf,Inf
