seed,dimension,time,fw_time,primal,dual_gap,smallest_dual_gap,iterations,iter_not_converging,fallback_helped,average_iter,std_iter,average_gap,std_gap
1,2500,3607.75240598,3606.949839917,10.827946990258168,8.159000039720619,7.959525515884346,193,7,0,8.020725388601036,6.743792322405657,71.11737373311291,1.072995232022417
