seed,dimension,time,fw_time,primal,dual_gap,smallest_dual_gap,iterations,iter_not_converging,fallback_helped,average_iter,std_iter,average_gap,std_gap
5,1000,3601.20859294,3600.854050703,18.074773433352444,104.37663962756463,104.37663962756463,3079,0,0,1.0224098733354985,0.2583584649410756,Inf,Inf
