seed,dimension,time,fw_time,primal,dual_gap,smallest_dual_gap,iterations,iter_not_converging,fallback_helped,average_iter,std_iter,average_gap,std_gap
3,5000,3613.176469512,3611.011183342,19.325669141081477,113.7226966214107,128.40969761181412,81,0,0,7.592592592592593,0.7031674369909664,Inf,Inf
