seed,dimension,time,fw_time,primal,dual_gap,smallest_dual_gap,iterations,iter_not_converging,fallback_helped,average_iter,std_iter,average_gap,std_gap
5,4500,3640.872474031,3638.642194188,14.197908238057108,29.064561102494288,29.066495634793895,110,0,0,5.972727272727273,0.16362246257329338,Inf,Inf
