seed,dimension,time,fw_time,primal,dual_gap,smallest_dual_gap,iterations,iter_not_converging,fallback_helped,average_iter,std_iter,average_gap,std_gap
1,3000,3611.065921475,3609.969346181,10.742127451068665,9.410569503326798,9.44022663352322,170,8,0,8.529411764705882,7.369516993468468,77.86144393655096,1.0788347500686488
