seed,dimension,time,fw_time,primal,dual_gap,smallest_dual_gap,iterations,iter_not_converging,fallback_helped,average_iter,std_iter,average_gap,std_gap
5,3000,3608.78040144,3607.870275262,9.716673507904108,4.286619686220066,4.320094442363098,336,0,0,3.8757396449704142,0.48349943794675615,Inf,Inf
