seed,dimension,time,fw_time,primal,dual_gap,smallest_dual_gap,iterations,iter_not_converging,fallback_helped,average_iter,std_iter,average_gap,std_gap
5,4000,3607.122988478,3606.021993991,10.739882249752334,7.013543160764657,6.886674376242315,261,0,0,3.9160305343511452,0.40187621164425386,Inf,Inf
