seed,dimension,time,fw_time,primal,dual_gap,smallest_dual_gap,iterations,iter_not_converging,fallback_helped,average_iter,std_iter,average_gap,std_gap
2,1000,3602.060286361,3601.658743341,8.393102598766056,0.028032228899913747,0.02732700338090055,1341,0,0,4.591349739000746,0.913440133964793,Inf,Inf
