seed,dimension,time,fw_time,primal,dual_gap,smallest_dual_gap,iterations,iter_not_converging,fallback_helped,average_iter,std_iter,average_gap,std_gap
1,3000,3607.468442618,3606.628585668,10.184350069932428,6.800670398868812,6.733256633102483,212,0,0,6.723004694835681,1.4482541164543299,Inf,Inf
