seed,dimension,time,fw_time,primal,dual_gap,smallest_dual_gap,iterations,iter_not_converging,fallback_helped,average_iter,std_iter,average_gap,std_gap
5,3500,3616.740367453,3615.687005777,11.456248422492203,10.078590069313952,9.979951598111517,190,0,0,6.821052631578947,1.242790403339698,Inf,Inf
