seed,dimension,time,fw_time,primal,dual_gap,smallest_dual_gap,iterations,iter_not_converging,fallback_helped,average_iter,std_iter,average_gap,std_gap
2,2500,3605.722007716,3604.859244447,25.927960311378744,275.60262792204503,275.60262792204503,593,0,0,1.4696969696969697,1.7354330101269704,Inf,Inf
