seed,dimension,time,fw_time,primal,dual_gap,smallest_dual_gap,iterations,iter_not_converging,fallback_helped,average_iter,std_iter,average_gap,std_gap
3,2500,3607.606874658,3606.868534999,10.739270834171233,6.819675811368528,6.871365130969036,229,0,0,6.672489082969432,1.5481124347494626,Inf,Inf
