seed,dimension,time,fw_time,primal,dual_gap,smallest_dual_gap,iterations,iter_not_converging,fallback_helped,average_iter,std_iter,average_gap,std_gap
1,4000,3624.499388857,3623.237084345,12.214372238690913,16.307088926222097,16.399310699578585,146,0,0,7.801369863013699,2.202255467700451,Inf,Inf
