seed,dimension,time,fw_time,primal,dual_gap,smallest_dual_gap,iterations,iter_not_converging,fallback_helped,average_iter,std_iter,average_gap,std_gap
2,1000,3602.276331995,3602.000642815,8.393094777057264,0.02530747284357382,0.025238340934881975,1413,0,0,4.71680790960452,1.2186535963144676,Inf,Inf
