seed,dimension,time,fw_time,primal,dual_gap,smallest_dual_gap,iterations,iter_not_converging,fallback_helped,average_iter,std_iter,average_gap,std_gap
5,1500,3606.528419169,3605.84693735,8.959359558410217,2.9486577753902683,3.036998052492571,292,30,24,6.887372013651877,5.285442425349067,3.378266242171012,1.1744140595220551
