seed,dimension,time,fw_time,primal,dual_gap,smallest_dual_gap,iterations,iter_not_converging,fallback_helped,average_iter,std_iter,average_gap,std_gap
3,1000,3601.548513645,3601.279126164,8.519699507415195,0.0018362525887223313,0.0019221377150362429,1768,0,0,4.312817617165443,1.332916398107859,Inf,Inf
