seed,dimension,time,fw_time,primal,dual_gap,smallest_dual_gap,iterations,iter_not_converging,fallback_helped,average_iter,std_iter,average_gap,std_gap
1,4000,3611.132363975,3609.908598101,12.072747708038518,14.133859250115886,14.489362162544642,152,0,0,7.6118421052631575,2.1837732158692345,Inf,Inf
