seed,dimension,time,fw_time,primal,dual_gap,smallest_dual_gap,iterations,iter_not_converging,fallback_helped,average_iter,std_iter,average_gap,std_gap
1,3000,3612.438981323,3611.507221679,9.754345242457026,4.527546808012243,4.5326584098123455,326,0,0,3.889908256880734,0.4568386206306478,Inf,Inf
