seed,dimension,time,fw_time,primal,dual_gap,smallest_dual_gap,iterations,iter_not_converging,fallback_helped,average_iter,std_iter,average_gap,std_gap
5,1500,3610.696399501,3610.149966459,8.931844001993015,2.722286914404254,2.7408643175849967,330,0,0,6.212121212121212,1.9501005469764054,Inf,Inf
