seed,dimension,time,fw_time,primal,dual_gap,smallest_dual_gap,iterations,iter_not_converging,fallback_helped,average_iter,std_iter,average_gap,std_gap
2,500,1847.705623444,1847.654026112,8.682231613271568,1.2010008099139213e-7,9.450926974352569e-8,4140,0,0,3.4456521739130435,0.9212494718067876,Inf,Inf
