seed,dimension,time,fw_time,primal,dual_gap,smallest_dual_gap,iterations,iter_not_converging,fallback_helped,average_iter,std_iter,average_gap,std_gap
4,3500,3609.576533824,3608.441923027,11.721158373809127,12.657935134689296,12.694851087028589,169,0,0,7.8698224852071,2.6016662411242715,Inf,Inf
