seed,dimension,time,fw_time,primal,dual_gap,smallest_dual_gap,iterations,iter_not_converging,fallback_helped,average_iter,std_iter,average_gap,std_gap
2,1500,3612.816387381,3612.110418114,8.881463626496595,2.2680837649133654,2.3065589009873015,364,0,0,5.3489010989010985,1.1018261331340764,Inf,Inf
