seed,dimension,time,fw_time,primal,dual_gap,smallest_dual_gap,iterations,iter_not_converging,fallback_helped,average_iter,std_iter,average_gap,std_gap
2,1000,3603.227475415,3602.863655988,8.393157768563837,0.04580368286797665,0.04546519467222332,1261,5,0,4.955590800951626,2.6633182973610507,45.36564133652591,1.0846583200754123
