seed,dimension,time,fw_time,primal,dual_gap,smallest_dual_gap,iterations,iter_not_converging,fallback_helped,average_iter,std_iter,average_gap,std_gap
5,3500,3624.924393134,3624.067719022,11.55759297345007,10.082032858196806,10.053793381753149,180,0,0,7.261111111111111,2.0506543141341425,Inf,Inf
