seed,dimension,time,fw_time,primal,dual_gap,smallest_dual_gap,iterations,iter_not_converging,fallback_helped,average_iter,std_iter,average_gap,std_gap
3,4000,3609.172422734,3608.09938099,11.863136186697837,13.122148129999022,13.12851113791042,156,0,0,7.551282051282051,2.1651041002905886,Inf,Inf
