seed,dimension,time,fw_time,primal,dual_gap,smallest_dual_gap,iterations,iter_not_converging,fallback_helped,average_iter,std_iter,average_gap,std_gap
3,4000,3623.696389376,3622.320738346,11.448360042157269,10.324985292315425,10.198321030565594,185,0,0,5.891891891891892,0.5508779447284573,Inf,Inf
