seed,dimension,time,fw_time,primal,dual_gap,smallest_dual_gap,iterations,iter_not_converging,fallback_helped,average_iter,std_iter,average_gap,std_gap
3,3000,3608.708464598,3607.674777675,11.251195408377898,11.1506113474747,11.637162870432354,136,13,3,9.167883211678832,8.608792822957998,46.745277857100675,1.6553997564733178
