seed,dimension,time,fw_time,primal,dual_gap,smallest_dual_gap,iterations,iter_not_converging,fallback_helped,average_iter,std_iter,average_gap,std_gap
2,3500,3619.140361198,3618.182065949,10.991256353580006,8.036409211319699,7.975907596629018,218,0,0,5.779816513761468,0.8186512248380282,Inf,Inf
