seed,dimension,time,fw_time,primal,dual_gap,smallest_dual_gap,iterations,iter_not_converging,fallback_helped,average_iter,std_iter,average_gap,std_gap
1,4500,3617.42842942,3615.48373359,31.731329964894595,475.31494027043544,475.31494027043544,212,0,0,2.2347417840375585,2.154704058388628,Inf,Inf
