seed,dimension,time,fw_time,primal,dual_gap,smallest_dual_gap,iterations,iter_not_converging,fallback_helped,average_iter,std_iter,average_gap,std_gap
5,4000,3624.615148394,3623.422369045,11.933750969251944,14.159402930447346,13.849100268276429,161,0,0,6.944099378881988,0.9633823696031142,Inf,Inf
