seed,dimension,time,fw_time,primal,dual_gap,smallest_dual_gap,iterations,iter_not_converging,fallback_helped,average_iter,std_iter,average_gap,std_gap
5,4500,3621.736409291,3619.703786097,12.866885520219244,18.725783672499556,18.823208474889732,156,0,0,3.9872611464968153,0.15961737689352445,Inf,Inf
