seed,dimension,time,fw_time,primal,dual_gap,smallest_dual_gap,iterations,iter_not_converging,fallback_helped,average_iter,std_iter,average_gap,std_gap
2,2000,3606.639596542,3605.868655306,9.167901060731566,2.7683637462782293,2.7037121309384897,420,0,0,3.8404761904761906,0.5402905272601288,Inf,Inf
