seed,dimension,time,fw_time,primal,dual_gap,smallest_dual_gap,iterations,iter_not_converging,fallback_helped,average_iter,std_iter,average_gap,std_gap
3,1500,3608.930455268,3608.167222951,8.594296349062109,1.2479820790280431,1.2536363899706835,463,0,0,3.8876889848812093,0.45622160639592024,Inf,Inf
