seed,dimension,time,fw_time,primal,dual_gap,smallest_dual_gap,iterations,iter_not_converging,fallback_helped,average_iter,std_iter,average_gap,std_gap
3,1000,3601.748523755,3601.491072375,8.519699518121646,0.0016949378247339553,0.0016804383151320934,1708,0,0,4.213200934579439,0.9588803800337244,Inf,Inf
