seed,dimension,time,fw_time,primal,dual_gap,smallest_dual_gap,iterations,iter_not_converging,fallback_helped,average_iter,std_iter,average_gap,std_gap
1,3500,3620.775700577,3619.792237461,11.491697707528976,10.247139588486252,10.204289454536143,177,0,0,7.3841807909604515,2.061381523471755,Inf,Inf
