seed,dimension,time,fw_time,primal,dual_gap,smallest_dual_gap,iterations,iter_not_converging,fallback_helped,average_iter,std_iter,average_gap,std_gap
2,4000,3606.516417709,3605.293616834,11.548537449072649,9.813109739568583,9.831728800383157,193,0,0,5.922680412371134,0.36590583307962493,Inf,Inf
