seed,dimension,time,fw_time,primal,dual_gap,smallest_dual_gap,iterations,iter_not_converging,fallback_helped,average_iter,std_iter,average_gap,std_gap
2,5000,3613.188395938,3610.844962621,22.26438234687315,168.29295426188853,175.09176197292442,39,10,0,16.333333333333332,14.790347729682095,82.11642627274033,1.044529282813896
