seed,dimension,time,fw_time,primal,dual_gap,smallest_dual_gap,iterations,iter_not_converging,fallback_helped,average_iter,std_iter,average_gap,std_gap
3,1500,3615.112435762,3614.446541448,8.756928009707238,2.552273247391991,2.5154452634752538,289,27,21,6.9,5.24358233551668,2.8397207723192093,1.0296326392168191
