seed,dimension,time,fw_time,primal,dual_gap,smallest_dual_gap,iterations,iter_not_converging,fallback_helped,average_iter,std_iter,average_gap,std_gap
3,500,843.380464748,843.338056642,8.270115985402953,1.1338271477256967e-7,9.900797870443512e-8,2088,1,0,3.649904214559387,1.386684570186579,93.7894251860516,1.0
