seed,dimension,time,fw_time,primal,dual_gap,smallest_dual_gap,iterations,iter_not_converging,fallback_helped,average_iter,std_iter,average_gap,std_gap
4,3500,3621.540394358,3620.614496252,13.164961915170567,23.428629757869096,24.087059995141892,121,14,0,11.663934426229508,10.839635454619911,106.7375861507512,5.506090679345901
