seed,dimension,time,fw_time,primal,dual_gap,smallest_dual_gap,iterations,iter_not_converging,fallback_helped,average_iter,std_iter,average_gap,std_gap
4,5000,3626.344417042,3624.23848545,21.071580363741376,145.56776987971938,156.99151538455246,41,11,0,16.238095238095237,14.963059429906158,85.58127787240313,1.0939124419192232
