seed,dimension,time,fw_time,primal,dual_gap,smallest_dual_gap,iterations,iter_not_converging,fallback_helped,average_iter,std_iter,average_gap,std_gap
2,3500,3616.968410863,3615.992650038,11.364068909826615,10.007779694159227,9.870764849176982,192,0,0,7.217616580310881,2.1272783174102208,Inf,Inf
