seed,dimension,time,fw_time,primal,dual_gap,smallest_dual_gap,iterations,iter_not_converging,fallback_helped,average_iter,std_iter,average_gap,std_gap
2,4000,3614.732385068,3613.592111725,11.936693319256575,13.277039220713675,13.831637201445131,157,0,0,7.490445859872612,2.052571352939778,Inf,Inf
