seed,dimension,time,fw_time,primal,dual_gap,smallest_dual_gap,iterations,iter_not_converging,fallback_helped,average_iter,std_iter,average_gap,std_gap
4,1500,3613.012382863,3612.233745467,8.983022943382371,2.4708701721908994,2.4789110580344733,355,0,0,5.422535211267606,1.0065038756620692,Inf,Inf
