seed,dimension,time,fw_time,primal,dual_gap,smallest_dual_gap,iterations,iter_not_converging,fallback_helped,average_iter,std_iter,average_gap,std_gap
4,3500,3607.440399439,3606.425854689,11.399939269646154,10.741779139076808,11.000355906338317,185,0,0,7.005405405405406,1.3084063377008843,Inf,Inf
