seed,dimension,time,fw_time,primal,dual_gap,smallest_dual_gap,iterations,iter_not_converging,fallback_helped,average_iter,std_iter,average_gap,std_gap
5,1000,3602.968445646,3602.716535182,8.43598362071709,0.015946287024808825,0.01593918258105731,1563,0,0,4.639795265515035,1.1787177907676052,Inf,Inf
