seed,dimension,time,fw_time,primal,dual_gap,smallest_dual_gap,iterations,iter_not_converging,fallback_helped,average_iter,std_iter,average_gap,std_gap
1,5000,3637.356422881,3634.971597285,15.947420488042722,50.748399942488184,51.34478261975917,87,0,0,7.306818181818182,0.8353945250833195,Inf,Inf
