seed,dimension,time,fw_time,primal,dual_gap,smallest_dual_gap,iterations,iter_not_converging,fallback_helped,average_iter,std_iter,average_gap,std_gap
5,3000,3617.088425717,3616.229665319,10.233824122237515,6.904420935662602,7.027396412857268,215,0,0,6.660465116279069,1.3845171118925308,Inf,Inf
