seed,dimension,time,fw_time,primal,dual_gap,smallest_dual_gap,iterations,iter_not_converging,fallback_helped,average_iter,std_iter,average_gap,std_gap
1,2500,3610.266984459,3609.358960193,10.11364274202216,3.807788760241232,3.9524013087494065,345,0,0,3.8927536231884057,0.44796660764377216,Inf,Inf
