seed,dimension,time,fw_time,primal,dual_gap,smallest_dual_gap,iterations,iter_not_converging,fallback_helped,average_iter,std_iter,average_gap,std_gap
3,4500,3619.232354671,3617.238763725,20.02899447102582,105.32066251411366,106.53545740857902,47,10,0,15.042553191489361,14.165109380950192,95.88392642690947,1.0522343899234592
