seed,dimension,time,fw_time,primal,dual_gap,smallest_dual_gap,iterations,iter_not_converging,fallback_helped,average_iter,std_iter,average_gap,std_gap
5,2500,3615.712482305,3614.922228284,10.413880683310003,5.236765266142685,5.216722678895797,263,0,0,5.638783269961977,0.9584585482568724,Inf,Inf
