seed,dimension,time,fw_time,primal,dual_gap,smallest_dual_gap,iterations,iter_not_converging,fallback_helped,average_iter,std_iter,average_gap,std_gap
3,2500,3609.676411086,3608.840074817,10.725085795433925,6.317868831432833,6.315653058468396,229,0,0,6.578260869565217,1.5243171631081132,Inf,Inf
