seed,dimension,time,fw_time,primal,dual_gap,smallest_dual_gap,iterations,iter_not_converging,fallback_helped,average_iter,std_iter,average_gap,std_gap
4,3000,3613.660453859,3612.705253587,10.114384232272757,6.653875229303928,6.716481803574833,213,0,0,6.714953271028038,1.3765510236859535,Inf,Inf
