seed,dimension,time,fw_time,primal,dual_gap,smallest_dual_gap,iterations,iter_not_converging,fallback_helped,average_iter,std_iter,average_gap,std_gap
5,2500,3612.012420037,3611.180034837,10.579500232060155,5.9447191489034825,5.981820672044309,234,0,0,6.538461538461538,1.5697705555993868,Inf,Inf
