seed,dimension,time,fw_time,primal,dual_gap,smallest_dual_gap,iterations,iter_not_converging,fallback_helped,average_iter,std_iter,average_gap,std_gap
2,4000,3614.140385726,3612.987002421,11.680297313221804,10.496123271804645,10.561600776921631,183,0,0,5.9289617486338795,0.3637148286099587,Inf,Inf
