seed,dimension,time,fw_time,primal,dual_gap,smallest_dual_gap,iterations,iter_not_converging,fallback_helped,average_iter,std_iter,average_gap,std_gap
4,4500,3632.176433937,3629.961972164,13.128484895712315,20.376744219308513,20.726483327622425,150,0,0,3.986666666666667,0.1632993161855452,Inf,Inf
