seed,dimension,time,fw_time,primal,dual_gap,smallest_dual_gap,iterations,iter_not_converging,fallback_helped,average_iter,std_iter,average_gap,std_gap
1,4000,3614.900418936,3613.676444803,12.951445336648874,21.213276809303636,21.2526232478689,114,11,0,10.669565217391304,10.265528877882485,102.41199300114107,1.0693176632046353
