seed,dimension,time,fw_time,primal,dual_gap,smallest_dual_gap,iterations
5,10000,3948.216528611,3941.255885849,119.55423378161106,40228.93527713221,73614.50813339275,6
