seed,dimension,time,fw_time,primal,dual_gap,smallest_dual_gap,iterations,iter_not_converging,fallback_helped,average_iter,std_iter,average_gap,std_gap
1,1000,3605.976451869,3605.522975869,8.346242656632624,0.08177266886810663,0.0822166778558433,1104,5,0,5.080615942028985,2.8852055147490887,66.3218197080726,1.1156027370090338
