seed,dimension,time,fw_time,primal,dual_gap,smallest_dual_gap,iterations,iter_not_converging,fallback_helped,average_iter,std_iter,average_gap,std_gap
3,4000,3613.24846145,3612.110677554,10.895924824649759,7.861362620428054,7.860450377577257,249,0,0,3.9196787148594376,0.39346257710923227,Inf,Inf
