seed,dimension,time,fw_time,primal,dual_gap,smallest_dual_gap,iterations,iter_not_converging,fallback_helped,average_iter,std_iter,average_gap,std_gap
5,1000,3603.6244327,3603.338143149,8.43607522268532,0.062275251143136146,0.06221505538511174,1402,3,0,4.8744650499286735,2.2211599764130043,60.42364297687696,1.020048750252026
