seed,dimension,time,fw_time,primal,dual_gap,smallest_dual_gap,iterations,iter_not_converging,fallback_helped,average_iter,std_iter,average_gap,std_gap
4,4500,3615.172427243,3613.126202705,12.919939138641743,19.66833609192254,19.315670251538677,156,0,0,3.9745222929936306,0.22500839260664574,Inf,Inf
