seed,dimension,time,fw_time,primal,dual_gap,smallest_dual_gap,iterations,iter_not_converging,fallback_helped,average_iter,std_iter,average_gap,std_gap
2,500,1460.649756905,1460.602108433,8.682231613271565,1.0203178035794735e-7,9.738028339256743e-8,4131,0,0,3.431856693294602,0.8180126598418913,Inf,Inf
