seed,dimension,time,fw_time,primal,dual_gap,smallest_dual_gap,iterations,iter_not_converging,fallback_helped,average_iter,std_iter,average_gap,std_gap
4,1500,3606.388404318,3605.731146157,8.95714552207536,2.3679859567260575,2.4125643284231604,356,0,0,5.416201117318436,1.0357557674754663,Inf,Inf
