seed,dimension,time,fw_time,primal,dual_gap,smallest_dual_gap,iterations,iter_not_converging,fallback_helped,average_iter,std_iter,average_gap,std_gap
4,500,1483.072442741,1483.029743633,8.310307861976568,1.0038527520350726e-7,9.289161972958482e-8,3355,1,0,3.5156482861400895,1.1536580053787049,4.2465456151496994e-8,1.0
