seed,dimension,time,fw_time,primal,dual_gap,smallest_dual_gap,iterations,iter_not_converging,fallback_helped,average_iter,std_iter,average_gap,std_gap
2,5000,3633.976436167,3631.614626611,21.940468425882074,157.74721978349572,168.29295426334204,40,11,0,16.682926829268293,15.019052940166109,328.48786847827733,1.4633209492251347
