seed,dimension,time,fw_time,primal,dual_gap,smallest_dual_gap,iterations,iter_not_converging,fallback_helped,average_iter,std_iter,average_gap,std_gap
4,5000,3628.611479674,3626.229369661,20.14483889078943,119.38602299923447,135.28956551187423,42,9,0,15.30952380952381,14.334825571242776,88.75430282813002,1.0907270826126192
