seed,dimension,time,fw_time,primal,dual_gap,smallest_dual_gap,iterations,iter_not_converging,fallback_helped,average_iter,std_iter,average_gap,std_gap
4,3500,3610.452376411,3609.397624141,11.042502530008022,9.422951672395678,9.745852890019055,218,0,0,5.807339449541284,0.8421725713910315,Inf,Inf
