seed,dimension,time,fw_time,primal,dual_gap,smallest_dual_gap,iterations,iter_not_converging,fallback_helped,average_iter,std_iter,average_gap,std_gap
2,1000,3602.451045716,3602.150304704,8.393151294341978,0.047797929460763555,0.04823061085245328,1233,0,0,4.825628548256286,1.248866413874525,Inf,Inf
