seed,dimension,time,fw_time,primal,dual_gap,smallest_dual_gap,iterations,iter_not_converging,fallback_helped,average_iter,std_iter,average_gap,std_gap
4,3000,3615.112433124,3614.142271864,10.462550997946279,8.498711719985147,8.403130350759712,171,8,0,8.43859649122807,7.3413034838579785,62.92639041253721,1.0697010398143565
