seed,dimension,time,fw_time,primal,dual_gap,smallest_dual_gap,iterations,iter_not_converging,fallback_helped,average_iter,std_iter,average_gap,std_gap
4,1000,3602.856357492,3602.54223408,8.60896077245113,0.03082236646037373,0.030539818871176294,1516,0,0,3.9518469656992083,0.2808342457656249,Inf,Inf
