seed,dimension,time,fw_time,primal,dual_gap,smallest_dual_gap,iterations,iter_not_converging,fallback_helped,average_iter,std_iter,average_gap,std_gap
4,2000,3606.330565207,3605.679435639,8.993936466511478,2.2414447948114393,2.1937030332585046,418,0,0,3.8636363636363638,0.5023381129097305,Inf,Inf
