seed,dimension,time,fw_time,primal,dual_gap,smallest_dual_gap,iterations,iter_not_converging,fallback_helped,average_iter,std_iter,average_gap,std_gap
3,5000,3614.540408982,3612.376935514,31.287344713880174,355.8902733137395,355.89027330647906,103,0,0,5.563106796116505,5.0926126868905754,Inf,Inf
