seed,dimension,time,fw_time,primal,dual_gap,smallest_dual_gap,iterations,iter_not_converging,fallback_helped,average_iter,std_iter,average_gap,std_gap
3,1000,3602.055112815,3601.821584291,8.519705677943817,0.016735041733593192,0.01696057528523731,1360,31,26,4.744305657604702,2.6013314420139952,1.0127225935947002,2.1546085244612563
