seed,dimension,time,fw_time,primal,dual_gap,smallest_dual_gap,iterations,iter_not_converging,fallback_helped,average_iter,std_iter,average_gap,std_gap
2,4500,3637.528434495,3635.714367421,14.209992161715707,28.86049783315628,29.572272219125658,110,0,0,5.990909090909091,0.09534625892455922,Inf,Inf
