seed,dimension,time,fw_time,primal,dual_gap,smallest_dual_gap,iterations,iter_not_converging,fallback_helped,average_iter,std_iter,average_gap,std_gap
2,5000,3638.108425405,3635.858721889,13.133672016098688,20.59020662540282,20.873559296604526,138,0,0,3.971014492753623,0.23989136791799248,Inf,Inf
