seed,dimension,time,fw_time,primal,dual_gap,smallest_dual_gap,iterations,iter_not_converging,fallback_helped,average_iter,std_iter,average_gap,std_gap
3,2500,3607.192452844,3606.37530194,11.030090301551839,8.001542411464875,8.076752466597336,187,8,0,8.197860962566844,7.5561265978913,90.93548353984694,1.0871945467253161
