seed,dimension,time,fw_time,primal,dual_gap,smallest_dual_gap,iterations,iter_not_converging,fallback_helped,average_iter,std_iter,average_gap,std_gap
2,500,2094.4044106,2094.354259198,8.682231613271572,1.2529520176940423e-7,9.973387093964448e-8,4418,0,0,3.2835249042145596,0.48728783052591035,Inf,Inf
