seed,dimension,time,fw_time,primal,dual_gap,smallest_dual_gap,iterations,iter_not_converging,fallback_helped,average_iter,std_iter,average_gap,std_gap
3,2000,3614.349932241,3613.495627857,9.42499431917832,4.6258460786393325,4.6023173856244455,224,0,0,6.582222222222223,1.4981072714680341,Inf,Inf
