seed,dimension,time,fw_time,primal,dual_gap,smallest_dual_gap,iterations,iter_not_converging,fallback_helped,average_iter,std_iter,average_gap,std_gap
5,2000,3607.960432587,3607.260135141,9.248435461938664,3.4941076674931573,3.8437631401022667,280,0,0,6.3428571428571425,1.640750892751088,Inf,Inf
