seed,dimension,time,fw_time,primal,dual_gap,smallest_dual_gap,iterations,iter_not_converging,fallback_helped,average_iter,std_iter,average_gap,std_gap
1,1000,3603.456415778,3602.90893785,8.346180882049637,0.06835155486395728,0.07240639045823016,1151,44,38,5.068576388888889,3.024599759590488,1.3602238923359844,1.1272139300894688
