seed,dimension,time,fw_time,primal,dual_gap,smallest_dual_gap,iterations,iter_not_converging,fallback_helped,average_iter,std_iter,average_gap,std_gap
4,4000,3624.704446999,3623.50473316,11.763599514959857,11.875069676742939,12.057188226258612,164,0,0,6.945454545454545,1.0890505232213075,Inf,Inf
