seed,dimension,time,fw_time,primal,dual_gap,smallest_dual_gap,iterations,iter_not_converging,fallback_helped,average_iter,std_iter,average_gap,std_gap
5,2000,3607.932409426,3607.116510974,9.430151565238784,4.43618948917201,4.527338093095583,249,7,0,7.349397590361446,5.986073356751779,63.79179240350509,1.0681272877308852
