seed,dimension,time,fw_time,primal,dual_gap,smallest_dual_gap,iterations,iter_not_converging,fallback_helped,average_iter,std_iter,average_gap,std_gap
4,2500,3618.364386181,3617.450704324,10.527120653792112,6.223124450148319,6.2877289023702385,231,0,0,6.627705627705628,1.4049333637032229,Inf,Inf
