seed,dimension,time,fw_time,primal,dual_gap,smallest_dual_gap,iterations,iter_not_converging,fallback_helped,average_iter,std_iter,average_gap,std_gap
2,2500,3611.448433173,3610.568817561,10.327978413343219,3.924867706409035,3.896218094754076,344,0,0,3.872093023255814,0.4900529305119701,Inf,Inf
