seed,dimension,time,fw_time,primal,dual_gap,smallest_dual_gap,iterations,iter_not_converging,fallback_helped,average_iter,std_iter,average_gap,std_gap
1,5000,3651.088421813,3648.824428019,21.458394635949187,141.79142969373441,141.02888642759746,40,10,0,16.1,14.637149785602176,82.45722840027462,1.0488087373284074
