seed,dimension,time,fw_time,primal,dual_gap,smallest_dual_gap,iterations,iter_not_converging,fallback_helped,average_iter,std_iter,average_gap,std_gap
2,4500,3626.232445358,3624.027742088,21.164721050543868,133.99978425479924,158.26194062400432,42,12,0,17.069767441860463,14.640770453375687,104.19213541559888,1.089737980835793
