seed,dimension,time,fw_time,primal,dual_gap,smallest_dual_gap,iterations,iter_not_converging,fallback_helped,average_iter,std_iter,average_gap,std_gap
1,1500,3618.093859445,3617.372289926,9.163030971060264,3.5858095433933865,3.563291645057225,279,7,0,7.096774193548387,5.809440065383967,52.883175642144764,2.856050892637331
