seed,dimension,time,fw_time,primal,dual_gap,smallest_dual_gap,iterations,iter_not_converging,fallback_helped,average_iter,std_iter,average_gap,std_gap
2,3500,3620.858976444,3619.810222202,11.492183568354331,10.361661335697436,10.465714978780777,181,0,0,7.232044198895028,2.1006006332137073,Inf,Inf
