seed,dimension,time,fw_time,primal,dual_gap,smallest_dual_gap,iterations,iter_not_converging,fallback_helped,average_iter,std_iter,average_gap,std_gap
4,4000,3621.672400933,3620.510220775,12.542260239569998,17.557961991641513,17.88891659337506,122,10,0,9.991869918699187,9.764854959311112,102.03470656303242,1.083573093082926
