seed,dimension,time,fw_time,primal,dual_gap,smallest_dual_gap,iterations,iter_not_converging,fallback_helped,average_iter,std_iter,average_gap,std_gap
5,1500,3609.32037291,3608.635851584,8.960419286435487,3.0369980524907465,3.0774338482768044,291,5,0,6.776632302405498,4.908290347641026,58.162714356008614,1.0706891523090902
