seed,dimension,time,fw_time,primal,dual_gap,smallest_dual_gap,iterations,iter_not_converging,fallback_helped,average_iter,std_iter,average_gap,std_gap
3,500,929.314764889,929.173796898,8.270115985402951,9.418989499465624e-8,9.893876118383105e-8,2250,2,0,3.6502222222222223,1.5815922107954852,40.22118256161839,1.0326052120487517
