seed,dimension,time,fw_time,primal,dual_gap,smallest_dual_gap,iterations,iter_not_converging,fallback_helped,average_iter,std_iter,average_gap,std_gap
3,4000,3611.760428416,3610.604092015,10.905245986735775,7.733550805957327,7.734639558365819,247,0,0,3.9271255060728745,0.37551189511277255,Inf,Inf
