seed,dimension,time,fw_time,primal,dual_gap,smallest_dual_gap,iterations,iter_not_converging,fallback_helped,average_iter,std_iter,average_gap,std_gap
3,2500,3613.057845955,3612.198912089,10.727855834370258,6.315653058462921,6.5903060277246865,228,0,0,6.583333333333333,1.527164696994869,Inf,Inf
