seed,dimension,time,fw_time,primal,dual_gap,smallest_dual_gap,iterations,iter_not_converging,fallback_helped,average_iter,std_iter,average_gap,std_gap
2,2500,3610.792451697,3610.012670335,11.525178744045181,10.761779098326793,10.54174617906583,162,16,4,9.748466257668712,9.09506958978271,9.691991224838123,1.5297386867298643
