seed,dimension,time,fw_time,primal,dual_gap,smallest_dual_gap,iterations,iter_not_converging,fallback_helped,average_iter,std_iter,average_gap,std_gap
5,2500,3607.693356614,3606.706216427,10.582255771356323,5.981857259805496,5.842477963795844,234,0,0,6.551282051282051,1.5694024660243007,Inf,Inf
