seed,dimension,time,fw_time,primal,dual_gap,smallest_dual_gap,iterations,iter_not_converging,fallback_helped,average_iter,std_iter,average_gap,std_gap
4,1000,3602.269701105,3601.93099403,8.608943925730955,0.02442532143660614,0.024076050710927888,1489,0,0,4.635997313633311,1.144385119209459,Inf,Inf
