seed,dimension,time,fw_time,primal,dual_gap,smallest_dual_gap,iterations,iter_not_converging,fallback_helped,average_iter,std_iter,average_gap,std_gap
4,2000,3608.417593204,3607.677363953,23.72414695159116,228.23930034974342,228.23930034485772,752,0,0,1.2872340425531914,1.3721392934964733,Inf,Inf
