seed,dimension,time,fw_time,primal,dual_gap,smallest_dual_gap,iterations,iter_not_converging,fallback_helped,average_iter,std_iter,average_gap,std_gap
2,4000,3616.964541972,3616.077046683,11.745762940106713,11.500631222987428,11.496595883023215,167,0,0,6.970059880239521,0.9595753936777417,Inf,Inf
