seed,dimension,time,fw_time,primal,dual_gap,smallest_dual_gap,iterations,iter_not_converging,fallback_helped,average_iter,std_iter,average_gap,std_gap
3,3500,3615.968461116,3615.002832924,11.839579083218082,12.742929372944344,12.758071628772097,144,10,0,9.26388888888889,8.780928245618503,72.14107927003921,1.0913462978059292
