seed,dimension,time,fw_time,primal,dual_gap,smallest_dual_gap,iterations,iter_not_converging,fallback_helped,average_iter,std_iter,average_gap,std_gap
2,4000,3609.262339017,3608.068067524,11.972003541546185,13.036213210549251,12.777819010688178,151,0,0,7.52317880794702,2.0357944791034046,Inf,Inf
