seed,dimension,time,fw_time,primal,dual_gap,smallest_dual_gap,iterations,iter_not_converging,fallback_helped,average_iter,std_iter,average_gap,std_gap
1,4500,3653.764422023,3651.435824289,20.688621375761432,135.35854705218094,150.52940112830444,71,0,0,10.028169014084508,2.7875838538875795,Inf,Inf
