seed,dimension,time,fw_time,primal,dual_gap,smallest_dual_gap,iterations,iter_not_converging,fallback_helped,average_iter,std_iter,average_gap,std_gap
3,2000,3611.272457618,3610.477056931,8.991726166425925,1.928433783865902,2.0598523704779126,412,0,0,3.8616504854368934,0.5008850504324547,Inf,Inf
