seed,dimension,time,fw_time,primal,dual_gap,smallest_dual_gap,iterations,iter_not_converging,fallback_helped,average_iter,std_iter,average_gap,std_gap
5,2000,3610.971439529,3610.159104143,9.000893450210354,2.2356828749416575,2.1847195298203577,419,0,0,3.856801909307876,0.5069094710718813,Inf,Inf
