seed,dimension,time,fw_time,primal,dual_gap,smallest_dual_gap,iterations
3,10000,3911.544468874,3904.565905534,226.6237910064148,175903.56504316945,253042.3650518781,6
