seed,dimension,time,fw_time,primal,dual_gap,smallest_dual_gap,iterations,iter_not_converging,fallback_helped,average_iter,std_iter,average_gap,std_gap
4,5000,3648.644420776,3646.531208352,21.071580363741376,145.56776987971938,156.99151538455246,41,10,0,15.634146341463415,14.621484359600732,73.3142071945624,1.0729200550381717
