seed,dimension,time,fw_time,primal,dual_gap,smallest_dual_gap,iterations,iter_not_converging,fallback_helped,average_iter,std_iter,average_gap,std_gap
2,3500,3615.088437952,3614.143603861,11.862440184448198,12.722574733834223,13.197963159229978,145,9,0,9.075862068965517,8.329234624218923,69.6233636596266,1.0539700987389102
