seed,dimension,time,fw_time,primal,dual_gap,smallest_dual_gap,iterations,iter_not_converging,fallback_helped,average_iter,std_iter,average_gap,std_gap
2,5000,3619.948439706,3617.487096894,14.581277178223678,32.76248256586817,35.86667033961738,103,0,0,5.961538461538462,0.19323896987207786,Inf,Inf
