seed,dimension,time,fw_time,primal,dual_gap,smallest_dual_gap,iterations,iter_not_converging,fallback_helped,average_iter,std_iter,average_gap,std_gap
5,2000,3609.736414109,3609.007238618,8.972870493270987,2.2231874217825354,2.2256307181150756,430,0,0,3.8518518518518516,0.5243900854897087,Inf,Inf
