seed,dimension,time,fw_time,primal,dual_gap,smallest_dual_gap,iterations,iter_not_converging,fallback_helped,average_iter,std_iter,average_gap,std_gap
5,4000,3610.668417324,3609.459927282,13.002607925133818,19.822152543547205,19.67417675104476,114,12,0,10.8,10.491600650545479,118.73917342417867,1.121147809297688
