seed,dimension,time,fw_time,primal,dual_gap,smallest_dual_gap,iterations,iter_not_converging,fallback_helped,average_iter,std_iter,average_gap,std_gap
3,1500,3608.377847452,3607.708382159,8.711035197067124,2.3265855459864504,2.2798910715271283,318,0,0,6.059748427672956,1.5604181069101049,Inf,Inf
