seed,dimension,time,fw_time,primal,dual_gap,smallest_dual_gap,iterations,iter_not_converging,fallback_helped,average_iter,std_iter,average_gap,std_gap
3,1500,3610.968376773,3610.355154378,8.659835184647866,1.7571173402559968,1.7525624888430968,360,0,0,5.402777777777778,1.0077654232267128,Inf,Inf
