seed,dimension,time,fw_time,primal,dual_gap,smallest_dual_gap,iterations,iter_not_converging,fallback_helped,average_iter,std_iter,average_gap,std_gap
3,1000,3601.74876308,3601.430130954,8.519700472961263,0.007075550277887643,0.007072291162693034,1524,0,0,3.8674540682414698,0.3828442830947635,Inf,Inf
