seed,dimension,time,fw_time,primal,dual_gap,smallest_dual_gap,iterations,iter_not_converging,fallback_helped,average_iter,std_iter,average_gap,std_gap
5,1000,3602.00853706,3601.738929474,8.4359916096266,0.026024907445151513,0.02576586364600253,1470,0,0,4.538095238095238,0.8922045980051948,Inf,Inf
