seed,dimension,time,fw_time,primal,dual_gap,smallest_dual_gap,iterations,iter_not_converging,fallback_helped,average_iter,std_iter,average_gap,std_gap
4,500,1345.752312916,1345.709933352,8.31030786197657,1.0071400069477932e-7,9.730010397390743e-8,3323,0,0,3.5121877821245864,0.9388684305101201,Inf,Inf
