seed,dimension,time,fw_time,primal,dual_gap,smallest_dual_gap,iterations,iter_not_converging,fallback_helped,average_iter,std_iter,average_gap,std_gap
1,1500,3612.216433955,3611.383885775,8.799618357647576,1.6358231875873788,1.6245842364000431,455,0,0,3.8505494505494506,0.5222734161602244,Inf,Inf
