seed,dimension,time,fw_time,primal,dual_gap,smallest_dual_gap,iterations,iter_not_converging,fallback_helped,average_iter,std_iter,average_gap,std_gap
1,3500,3625.928480704,3624.925846706,11.834472786649831,12.391066625501406,12.348278098389237,152,14,4,8.980392156862745,8.16803025620338,35.125481970283175,1.9163969030724854
