seed,dimension,time,fw_time,primal,dual_gap,smallest_dual_gap,iterations,iter_not_converging,fallback_helped,average_iter,std_iter,average_gap,std_gap
2,2000,3606.080457796,3605.106519033,9.677137888044864,5.301548197363378,5.2852222244641105,235,0,0,6.4025423728813555,1.6435023248580816,Inf,Inf
