seed,dimension,time,fw_time,primal,dual_gap,smallest_dual_gap,iterations,iter_not_converging,fallback_helped,average_iter,std_iter,average_gap,std_gap
2,1000,3602.26048433,3602.054647093,8.393124557068932,0.043871772877142945,0.04295167275427758,1246,43,39,4.933493589743589,2.18757150744826,0.8727228722458079,1.0554645689910465
