seed,dimension,time,fw_time,primal,dual_gap,smallest_dual_gap,iterations,iter_not_converging,fallback_helped,average_iter,std_iter,average_gap,std_gap
3,5000,3616.320456301,3614.127410013,53.6458318286595,1779.9901680542719,1969.0032974918815,23,15,0,27.083333333333332,16.183503857368134,160.5911948892213,1.081710689853913
