seed,dimension,time,fw_time,primal,dual_gap,smallest_dual_gap,iterations,iter_not_converging,fallback_helped,average_iter,std_iter,average_gap,std_gap
3,1000,3602.944297538,3602.739185285,8.519699502832369,0.0016614915762058757,0.0016395528453028163,1796,0,0,3.7451415880066627,0.46548659659367814,Inf,Inf
