seed,dimension,time,fw_time,primal,dual_gap,smallest_dual_gap,iterations,iter_not_converging,fallback_helped,average_iter,std_iter,average_gap,std_gap
3,5000,3645.512472559,3643.354843924,53.6458318286595,1779.9901680542719,1969.0032974918815,23,13,0,28.08695652173913,15.765073720319695,117.55642141580869,1.0470969563320125
