seed,dimension,time,fw_time,primal,dual_gap,smallest_dual_gap,iterations,iter_not_converging,fallback_helped,average_iter,std_iter,average_gap,std_gap
1,1000,3605.896534612,3605.508451394,8.346637751112658,0.16736399484867803,0.16906702217313097,1052,0,0,4.975285171102661,1.2849703593484414,Inf,Inf
