seed,dimension,time,fw_time,primal,dual_gap,smallest_dual_gap,iterations,iter_not_converging,fallback_helped,average_iter,std_iter,average_gap,std_gap
4,5000,3621.448623179,3619.289712006,15.601544664541446,42.575761293276685,42.53513799428373,83,0,0,7.397590361445783,0.8105968748795556,Inf,Inf
