seed,dimension,time,fw_time,primal,dual_gap,smallest_dual_gap,iterations,iter_not_converging,fallback_helped,average_iter,std_iter,average_gap,std_gap
3,3500,3613.022935032,3612.137098366,11.014052041951121,7.863297431716372,7.810543060439935,218,0,0,5.7889908256880735,0.8154430476561462,Inf,Inf
