seed,dimension,time,fw_time,primal,dual_gap,smallest_dual_gap,iterations,iter_not_converging,fallback_helped,average_iter,std_iter,average_gap,std_gap
4,2500,3615.632421622,3614.733033522,10.802261010313293,7.80252119935181,7.80572630312626,186,8,0,8.317204301075268,7.334584844728564,67.80201818633483,1.0685251232109867
