seed,dimension,time,fw_time,primal,dual_gap,smallest_dual_gap,iterations,iter_not_converging,fallback_helped,average_iter,std_iter,average_gap,std_gap
1,1000,3603.628433754,3603.232653485,8.346084647271994,0.027943936932857127,0.028404749527618733,1329,0,0,4.594594594594595,0.9185790324347499,Inf,Inf
