seed,dimension,time,fw_time,primal,dual_gap,smallest_dual_gap,iterations,iter_not_converging,fallback_helped,average_iter,std_iter,average_gap,std_gap
4,3500,3611.452469007,3610.527230946,13.555877282079033,26.59813644930041,29.141698833764405,112,13,0,12.160714285714286,11.176353392805506,86.1955901400705,5.364920107035209
