seed,dimension,time,fw_time,primal,dual_gap,smallest_dual_gap,iterations,iter_not_converging,fallback_helped,average_iter,std_iter,average_gap,std_gap
3,5000,3626.141885747,3623.900582954,16.407981776661515,63.508994307633785,62.08903054548803,103,0,0,5.980769230769231,0.19611613513818404,Inf,Inf
