seed,dimension,time,fw_time,primal,dual_gap,smallest_dual_gap,iterations,iter_not_converging,fallback_helped,average_iter,std_iter,average_gap,std_gap
2,4500,3626.494028843,3624.397361992,12.617794463682028,15.173361651756405,15.956617662165122,151,0,0,3.9735099337748343,0.22940560491698736,Inf,Inf
