seed,dimension,time,fw_time,primal,dual_gap,smallest_dual_gap,iterations,iter_not_converging,fallback_helped,average_iter,std_iter,average_gap,std_gap
1,4000,3625.841833294,3624.617942086,11.457735653405905,11.234189469895489,11.573353371770219,184,0,0,5.896739130434782,0.5484107365349266,Inf,Inf
