seed,dimension,time,fw_time,primal,dual_gap,smallest_dual_gap,iterations,iter_not_converging,fallback_helped,average_iter,std_iter,average_gap,std_gap
5,3000,3607.964407137,3607.220998875,10.233824122237515,6.904420935662602,7.027396412857268,215,0,0,6.666666666666667,1.3842973198585058,Inf,Inf
