seed,dimension,time,fw_time,primal,dual_gap,smallest_dual_gap,iterations,iter_not_converging,fallback_helped,average_iter,std_iter,average_gap,std_gap
1,1500,3611.952417038,3611.213302977,8.989674545861245,3.0788544815046066,3.1545561688768426,309,0,0,6.453376205787781,2.2966131831136396,Inf,Inf
