seed,dimension,time,fw_time,primal,dual_gap,smallest_dual_gap,iterations,iter_not_converging,fallback_helped,average_iter,std_iter,average_gap,std_gap
4,3500,3614.464408439,3613.570951079,11.252001453872255,10.292777177256879,10.478539307322627,196,0,0,6.969543147208122,1.3128432668380037,Inf,Inf
