seed,dimension,time,fw_time,primal,dual_gap,smallest_dual_gap,iterations,iter_not_converging,fallback_helped,average_iter,std_iter,average_gap,std_gap
3,4000,3608.52361041,3607.630464263,12.059218798067132,13.366300024641028,13.426987932295424,148,0,0,7.621621621621622,2.186555721650621,Inf,Inf
