seed,dimension,time,fw_time,primal,dual_gap,smallest_dual_gap,iterations,iter_not_converging,fallback_helped,average_iter,std_iter,average_gap,std_gap
3,3500,3615.97643865,3614.994849215,10.518297731360684,5.7684805808630575,5.764141398612514,291,0,0,3.8969072164948453,0.4429805650552947,Inf,Inf
