seed,dimension,time,fw_time,primal,dual_gap,smallest_dual_gap,iterations,iter_not_converging,fallback_helped,average_iter,std_iter,average_gap,std_gap
2,2500,3608.948432741,3608.005282074,25.927960311378744,275.60262792204503,275.60262792204503,584,0,0,1.4726027397260273,1.746135966285003,Inf,Inf
