seed,dimension,time,fw_time,primal,dual_gap,smallest_dual_gap,iterations,iter_not_converging,fallback_helped,average_iter,std_iter,average_gap,std_gap
4,500,1519.432452557,1519.390267654,8.310307861976558,9.482093155099847e-8,9.968306002861027e-8,3296,0,0,3.5173768510123904,0.8655454541573483,Inf,Inf
