seed,dimension,time,fw_time,primal,dual_gap,smallest_dual_gap,iterations
2,90000,3601.970861,3601.945851529,3.137211597681053e-11,1.3141941032618087,0.0014342684852380052,18753
