seed,dimension,time,fw_time,primal,dual_gap,smallest_dual_gap,iterations
4,90000,3602.128811822,3602.103671348,8.658640387366785e-12,0.3718739827083692,0.08202121404682282,18050
