seed,dimension,time,fw_time,primal,dual_gap,smallest_dual_gap,iterations
2,40000,3602.682702591,3602.660049562,78.94757378350442,2.286236102827028e6,2.279019347335836e6,31773
