seed,dimension,time,fw_time,primal,dual_gap,smallest_dual_gap,iterations
1,40000,3601.958529148,3601.937259724,6.4350352921747754e-12,0.519529948764231,0.0006823625315557671,20501
