seed,dimension,time,fw_time,primal,dual_gap,smallest_dual_gap,iterations
4,90000,3602.185143564,3602.162762598,74.76229120528376,3.150109649127837e6,3.315912801918025e6,26183
