seed,dimension,time,fw_time,primal,dual_gap,smallest_dual_gap,iterations
5,40000,3602.512396635,3602.488756427,66.94710545685359,2.4176023409601776e6,2.4861171662009843e6,31502
