seed,dimension,time,fw_time,primal,dual_gap,smallest_dual_gap,iterations
2,10000,2.409373108,2.355342613,3.057187647728186e-12,0.22825013436079272,1.0001497102022242e-7,1683
