seed,dimension,time,fw_time,primal,dual_gap,smallest_dual_gap,iterations
4,40000,3601.83618769,3601.815144121,6.173163059450771e-12,0.4446184001474022,2.0247967714521642e-5,20860
