seed,dimension,time,fw_time,primal,dual_gap,smallest_dual_gap,iterations
5,10000,2.539305208,2.48422116,2.813355040420473e-12,0.21022114351493698,1.0077445113650957e-7,1688
