seed,dimension,time,fw_time,primal,dual_gap,smallest_dual_gap,iterations
1,40000,3602.466734963,3602.444249442,65.81893669555083,2.373817932491854e6,2.3706517245676555e6,31751
