seed,dimension,time,fw_time,primal,dual_gap,smallest_dual_gap,iterations
2,10000,3602.003885375,3601.94199305,0.6474478408232063,238574.24336958505,237706.96178774833,331188
