seed,dimension,time,fw_time,primal,dual_gap,smallest_dual_gap,iterations
4,10000,2.4787439,2.398638402,3.375654439357851e-12,0.30332993318008467,1.0229445002036603e-7,1705
