seed,dimension,time,fw_time,primal,dual_gap,smallest_dual_gap,iterations
3,40000,3602.226637756,3602.20475029,74.36327603384005,2.448348015404423e6,2.467514009789469e6,31168
