seed,dimension,time,fw_time,primal,dual_gap,smallest_dual_gap,iterations
5,90000,3602.215602239,3602.190661235,6.265450877388131e-12,0.2257237682437388,0.08918672086738083,18024
