seed,dimension,time,fw_time,primal,dual_gap,smallest_dual_gap,iterations
4,40000,3602.632748798,3602.610268462,60.93799764298963,2.519610577525494e6,2.5491413100236244e6,32684
