seed,dimension,time,fw_time,primal,dual_gap,smallest_dual_gap,iterations
3,10000,3601.975046037,3601.883328207,0.6526568122951184,228727.61098814255,228771.44922742707,330375
