seed,dimension,time,fw_time,primal,dual_gap,smallest_dual_gap,iterations
3,40000,3601.975462955,3601.954606501,7.986307127371202e-12,0.5928430743327817,0.0012310764455772617,20457
