seed,dimension,time,fw_time,primal,dual_gap,smallest_dual_gap,iterations
3,10000,2.433470156,2.34212433,2.716027948822012e-12,0.14740067931700465,1.0107052348853187e-7,1646
