seed,dimension,time,fw_time,primal,dual_gap,smallest_dual_gap,iterations
5,10000,3601.929055789,3601.861745378,0.41165922683245426,187201.40474320724,188694.35113505062,379725
