seed,dimension,time,fw_time,primal,dual_gap,smallest_dual_gap,iterations
1,10000,3602.091184998,3602.001407688,0.45753126371307284,227703.26565914517,228111.40807707357,334912
