seed,dimension,time,fw_time,primal,dual_gap,smallest_dual_gap,iterations
2,90000,3602.373365145,3602.35010854,1.2081506183884346e-7,27.902054677418786,29.315727905948968,4295
