seed,dimension,time,fw_time,primal,dual_gap,smallest_dual_gap,iterations
3,40000,3602.828352956,3602.797492925,1.2542581113412963e-7,26.881160349485246,25.665614826175798,3966
