seed,dimension,time,fw_time,primal,dual_gap,smallest_dual_gap,iterations
1,40000,3602.309310977,3602.286805027,1.3754338385370753e-7,28.76546890420348,29.17802809148573,4550
