seed,dimension,time,fw_time,primal,dual_gap,smallest_dual_gap,iterations
1,10000,3601.694305839,3601.649162879,1.1110993158824382e-8,28.939009255710108,28.97147629324709,262929
