seed,dimension,time,fw_time,primal,dual_gap,smallest_dual_gap,iterations
1,10000,3601.801741668,3601.725881603,1.0252638578999294e-8,27.564063702156673,27.664957978969664,256573
