seed,dimension,time,fw_time,primal,dual_gap,smallest_dual_gap,iterations
2,40000,3602.00096862,3601.979839815,1.2936056350060517e-7,26.646888260692428,27.234883675991043,4559
