seed,dimension,time,fw_time,primal,dual_gap,smallest_dual_gap,iterations
5,90000,3602.017498578,3601.994993135,1.494355807015785e-7,30.242847454568388,27.79303888837655,4289
