seed,dimension,time,fw_time,primal,dual_gap,smallest_dual_gap,iterations
5,40000,3602.562369996,3602.54036075,1.849292691915065e-7,29.197395012852095,29.373015696194706,4478
