seed,dimension,time,fw_time,primal,dual_gap,smallest_dual_gap,iterations
4,90000,3601.922133748,3601.892751573,1.0237957796556205e-7,24.993071507985924,23.20519277381195,4296
