seed,dimension,time,fw_time,primal,dual_gap,smallest_dual_gap,iterations
1,90000,3602.121942176,3602.093741067,1.2713664283298653e-7,27.658492217534018,22.814001341993652,4304
