seed,dimension,time,fw_time,primal,dual_gap,smallest_dual_gap,iterations
3,90000,3602.998549324,3602.96891935,2.0854144839294321e-7,26.562897639310396,27.02798576966284,4297
