seed,dimension,time,fw_time,primal,dual_gap,smallest_dual_gap,iterations
4,40000,3602.423774241,3602.401421061,1.5018486084687816e-7,27.942067926298012,28.765792377490303,4479
