seed,dimension,time,fw_time,primal,dual_gap,smallest_dual_gap,iterations
4,40000,3602.297773737,3602.277961745,4.160424154966445e-12,0.09497253180649734,0.0838399231294337,16559
