seed,dimension,time,fw_time,primal,dual_gap,smallest_dual_gap,iterations
3,40000,3602.130637647,3602.109169402,3.156341553442621e-12,0.08731541190953836,0.06198555689178219,22666
