seed,dimension,time,fw_time,primal,dual_gap,smallest_dual_gap,iterations
4,10000,3601.118813299,3601.055488104,1.3866841958051788e-12,0.07733734391447822,0.07733731955184503,7295184
