seed,dimension,time,fw_time,primal,dual_gap,smallest_dual_gap,iterations
1,10000,3601.185625916,3601.119924696,1.4575220622524585e-12,0.08053862702094433,0.0805384871031968,7589534
