seed,dimension,time,fw_time,primal,dual_gap,smallest_dual_gap,iterations
3,90000,3601.962200688,3601.941517052,2.9679310901749443e-12,0.06788739432245912,0.06277200819110827,13152
