seed,dimension,time,fw_time,primal,dual_gap,smallest_dual_gap,iterations
2,40000,3602.054043948,3602.033228014,3.898117056791492e-12,0.09434290563981591,0.07914100697364096,16803
