seed,dimension,time,fw_time,primal,dual_gap,smallest_dual_gap,iterations
4,90000,3601.936081467,3601.914506143,2.8333463203439313e-12,0.06780011587953604,0.055878418815025206,13415
