seed,dimension,time,fw_time,primal,dual_gap,smallest_dual_gap,iterations
5,40000,3601.863997415,3601.843244171,4.781855804165769e-12,0.10310906789865437,0.09427550585009688,16565
