seed,dimension,time,fw_time,primal,dual_gap,smallest_dual_gap,iterations
2,90000,3602.335488318,3602.312711176,2.73054837586365e-12,0.07167025960477409,0.05361354015086189,13658
