seed,dimension,time,fw_time,primal,dual_gap,smallest_dual_gap,iterations
2,10000,2.612230641,2.519607925,1.3631170580645011e-12,0.1755977719339212,1.0014755333413838e-7,1960
