seed,dimension,time,fw_time,primal,dual_gap,smallest_dual_gap,iterations
5,90000,3602.207153417,3602.185338356,2.9823037513477556e-12,0.06822738562668387,0.06142268892515862,13176
