seed,dimension,time,fw_time,primal,dual_gap,smallest_dual_gap,iterations
1,40000,3602.017820036,3601.990074445,5.0347467083957865e-12,0.10645537563536288,0.09755306838550512,14362
