seed,dimension,time,fw_time,primal,dual_gap,smallest_dual_gap,iterations
3,10000,3601.191061837,3601.09552873,1.3456707491966674e-12,0.07831357974642554,0.07831283936324623,8042931
