seed,dimension,time,fw_time,primal,dual_gap,smallest_dual_gap,iterations
1,10000,3601.159045771,3601.085199039,1.4575220171037393e-12,0.08053863804561177,0.08053839144742499,7506796
