seed,dimension,time,fw_time,primal,dual_gap,smallest_dual_gap,iterations,average_iter,std_iter
1,800,2.455141765,2.424751765,6.14561259188849,5.4330484999809414e-8,6.710695288347779e-8,78,0.07692307692307693,0.2681940937606046
