seed,dimension,time,fw_time,primal,dual_gap,smallest_dual_gap,iterations
4,1500,0.620182094,0.616788841,4.30100662030328,6.841833055659663e-8,9.452446647628676e-8,65
