seed,dimension,time,fw_time,primal,dual_gap,smallest_dual_gap,iterations
4,1000,0.00816003,0.007850347,5.870604075016617,4.931166586175095e-8,0.0,0
