seed,dimension,time,fw_time,primal,dual_gap,smallest_dual_gap,iterations
3,1500,3600.011890009,3600.007389813,4.568350165862989,2.063153942799545e-6,2.314080120413564e-6,1268156
