seed,dimension,time,fw_time,primal,dual_gap,smallest_dual_gap,iterations
3,1000,3601.285729451,3601.282393901,-5.431649834142926,3.012471552210627e-7,3.012471552210627e-7,404954
