seed,dimension,time,fw_time,primal,dual_gap,smallest_dual_gap,iterations
1,1200,3601.309076647,3601.279698642,4.436166071376306,1.1089537110819947e-7,1.1089537110819947e-7,721102
