seed,dimension,time,fw_time,primal,dual_gap,smallest_dual_gap,iterations
4,1000,0.008833804,0.008507463,-5.698993379696722,4.712228474090807e-8,0.0,0
