seed,dimension,time,fw_time,primal,dual_gap,smallest_dual_gap,iterations
1,800,3601.213699508,3601.182701334,6.145612591889726,8.709153007657733e-7,9.367838629259495e-7,2337510
