seed,dimension,time,fw_time,primal,dual_gap,smallest_dual_gap,iterations,average_iter,std_iter
4,1500,0.394373586,0.390999993,4.30100662030307,5.188189788896125e-8,6.961909093661234e-8,66,0.06060606060606061,0.24043472671155017
