seed,dimension,time,fw_time,primal,dual_gap,smallest_dual_gap,iterations,average_iter,std_iter
3,800,0.194515541,0.191925453,5.931957024211109,3.005334292538464e-8,8.373513082915451e-8,60,0.05,0.21978417765108274
