seed,dimension,time,fw_time,primal,dual_gap,smallest_dual_gap,iterations
2,800,0.365234609,0.362869635,6.4638115364777065,4.6097625272523146e-8,7.42119254937279e-8,59
