seed,dimension,time,fw_time,primal,dual_gap,smallest_dual_gap,iterations
5,1500,0.016512819,0.016105278,5.051636674603583,8.133156370604411e-8,0.0,0
