seed,dimension,time,fw_time,primal,dual_gap,smallest_dual_gap,iterations
5,1500,3601.129412848,3601.123512701,5.051636674603335,2.0296897673688363e-7,2.0296920411055908e-7,389464
