seed,dimension,time,fw_time,primal,dual_gap,smallest_dual_gap,iterations
2,1500,3600.01604176,3600.011110576,4.623618248936206,1.2562691154016647e-7,1.2562350093503483e-7,342120
