seed,dimension,time,fw_time,primal,dual_gap,smallest_dual_gap,iterations
1,1200,3601.184763788,3601.160005234,4.436166071378743,2.7304406557959737e-6,7.429352990584448e-7,1583539
