seed,dimension,time,fw_time,primal,dual_gap,smallest_dual_gap,iterations
2,1500,3600.010095008,3600.006615399,4.623618248941769,1.0891335477936082e-6,9.72398993326351e-7,1287227
