seed,dimension,time,fw_time,primal,dual_gap,smallest_dual_gap,iterations
1,1500,2.856386709,2.832206205,4.30100662030307,5.188189788896125e-8,6.961909093661234e-8,66
