seed,dimension,time,fw_time,primal,dual_gap,smallest_dual_gap,iterations
1,1000,2.48494071,2.456765682,6.145612591888481,9.548602974973619e-8,9.602183581591817e-8,3
