seed,dimension,time,fw_time,primal,dual_gap,smallest_dual_gap,iterations
5,1500,0.01779912,0.017348097,5.05163667460361,8.929646355682053e-8,0.0,0
