seed,dimension,time,fw_time,primal,dual_gap,smallest_dual_gap,iterations,average_iter,std_iter
1,1200,2.562009749,2.53055066,4.436166071376369,5.654919732478447e-8,5.654919732478447e-8,56,0.03636363636363636,0.18891859540615819
