seed,dimension,time,fw_time,primal,dual_gap,smallest_dual_gap,iterations,average_iter,std_iter
2,1500,3600.014361896,3600.009804609,4.623618248935855,1.2518603398348205e-7,1.251821686309995e-7,542085,0.23046939133161773,0.5144055960739404
