seed,dimension,time,fw_time,primal,dual_gap,smallest_dual_gap,iterations
2,1500,3601.135671751,3601.131156695,4.623618248936079,3.499073955026688e-7,3.4986032915185206e-7,500995
