seed,dimension,time,fw_time,primal,dual_gap,smallest_dual_gap,iterations
4,800,0.266424624,0.264201966,5.846592605698703,1.500404778198572e-8,1.500404778198572e-8,51
