seed,dimension,time,fw_time,primal,dual_gap,smallest_dual_gap,iterations
2,1000,3601.260741534,3601.255140954,4.623618248936126,2.698398020584136e-7,2.6983730094798375e-7,491077
