seed,dimension,time,fw_time,primal,dual_gap,smallest_dual_gap,iterations
4,800,0.358253033,0.355480147,5.846592605698731,6.520713213831186e-8,7.552955594292143e-8,59
