seed,dimension,time,fw_time,primal,dual_gap,smallest_dual_gap,iterations
1,1000,3601.678761082,3601.638586123,-5.563833928623487,1.945995791174937e-7,1.945543317560805e-7,325670
