seed,dimension,time,fw_time,primal,dual_gap,smallest_dual_gap,iterations
4,1500,3600.010184351,3600.006679421,4.301006620309065,5.020882554163109e-6,5.075745548310806e-6,1286758
