seed,dimension,time,fw_time,primal,dual_gap,smallest_dual_gap,iterations
4,1200,0.427866037,0.424677842,5.8706040750165505,2.5924919100361876e-8,2.5924919100361876e-8,56
