seed,dimension,time,fw_time,primal,dual_gap,smallest_dual_gap,iterations
2,1200,0.394163676,0.390987302,4.98597185569524,5.9214926295680925e-8,6.917480277479626e-8,49
