seed,dimension,time,fw_time,primal,dual_gap,smallest_dual_gap,iterations
3,1000,3600.020593229,3600.014840304,4.5551367779337815,1.625105596758658e-7,1.625105596758658e-7,231591
