seed,dimension,time,fw_time,primal,dual_gap,smallest_dual_gap,iterations
2,1000,3601.280407245,3601.273992113,4.623618248936086,2.709368800424272e-7,2.7090231924375985e-7,331703
