seed,dimension,time,fw_time,primal,dual_gap,smallest_dual_gap,iterations
2,800,3600.005859375,3600.003445407,6.463811536478466,6.469294930866454e-7,2.9675175028387457e-7,2325632
