seed,dimension,time,fw_time,primal,dual_gap,smallest_dual_gap,iterations,average_iter,std_iter
2,1200,0.278110375,0.274750003,4.98597185569528,4.555272425932344e-8,7.165704118961003e-8,55,0.05454545454545454,0.22918388365077622
