seed,dimension,time,fw_time,primal,dual_gap,smallest_dual_gap,iterations
3,1000,3600.015250609,3600.01174331,-5.431649834143017,1.1208135219931137e-7,1.1204338079551235e-7,324917
