seed,dimension,time,fw_time,primal,dual_gap,smallest_dual_gap,iterations
1,1000,2.185018247,2.170003501,4.30100662030328,6.841833055659663e-8,0.0,0
