seed,dimension,time,fw_time,primal,dual_gap,smallest_dual_gap,iterations
2,800,3601.088035592,3601.083713088,6.463811536477721,1.0906830993917538e-7,1.090616024157498e-7,1671308
