seed,dimension,time,fw_time,primal,dual_gap,smallest_dual_gap,iterations
5,1500,3600.0297722,3600.024724809,-4.948363325396603,1.3485646377375815e-7,1.3483850125339814e-7,230989
