seed,dimension,time,fw_time,primal,dual_gap,smallest_dual_gap,iterations,average_iter,std_iter
3,1500,0.413947309,0.410643941,4.5683501658570815,7.146013558667619e-8,5.599667929345742e-8,70,0.07142857142857142,0.2593988910521574
