seed,dimension,time,fw_time,primal,dual_gap,smallest_dual_gap,iterations
5,1500,1.324858772,1.320031491,5.051636674603583,8.133156370604411e-8,9.794234756554943e-8,85
