seed,dimension,time,fw_time,primal,dual_gap,smallest_dual_gap,iterations
2,1200,0.171412354,0.168559842,4.985971855695235,5.62122295377776e-8,5.621268428512849e-8,49
