seed,dimension,time,fw_time,primal,dual_gap,smallest_dual_gap,iterations
4,1500,0.801049526,0.797598049,4.30100662030307,5.188189788896125e-8,6.961909093661234e-8,66
