seed,dimension,time,fw_time,primal,dual_gap,smallest_dual_gap,iterations
4,1200,0.588340423,0.585328476,5.87060407501687,4.931212060910184e-8,5.1660890676430427e-8,64
