seed,dimension,time,fw_time,primal,dual_gap,smallest_dual_gap,iterations
4,1500,3600.012304556,3600.009475767,4.301006620303253,3.5984271562483627e-7,3.5984271562483627e-7,254783
