seed,dimension,time,fw_time,primal,dual_gap,smallest_dual_gap,iterations
3,1200,3600.010843951,3600.008064112,4.555136777933857,4.2623105400707573e-7,4.2623105400707573e-7,319863
