seed,dimension,time,fw_time,primal,dual_gap,smallest_dual_gap,iterations
2,1200,3601.147163977,3601.143195018,4.985971855695305,5.426290954346769e-7,5.426290954346769e-7,280704
