seed,dimension,time,fw_time,primal,dual_gap,smallest_dual_gap,iterations
2,800,0.163414181,0.16126954,6.463811536477816,9.746986506797839e-8,9.746986506797839e-8,35
