seed,dimension,time,fw_time,primal,dual_gap,smallest_dual_gap,iterations
1,800,3601.179656804,3601.156953028,6.145612591888483,1.7304489574598847e-7,1.7304489574598847e-7,400892
