seed,dimension,time,fw_time,primal,dual_gap,smallest_dual_gap,iterations
1,1000,3601.601231233,3601.571072077,6.145612591888483,1.7304489574598847e-7,1.7304489574598847e-7,393347
