seed,dimension,time,fw_time,primal,dual_gap,smallest_dual_gap,iterations
5,1500,3600.034440789,3600.028999085,5.05163667460327,1.3497674444806762e-7,1.3497674444806762e-7,124971
