seed,dimension,time,fw_time,primal,dual_gap,smallest_dual_gap,iterations
4,1500,0.455641963,0.45155913,4.301006620303322,2.1752475731773302e-7,9.171571946353652e-8,30
