seed,dimension,time,fw_time,primal,dual_gap,smallest_dual_gap,iterations
4,1000,0.061240316,0.055996556,-5.698993379696412,2.0038896764162928e-8,2.0038669390487485e-8,3
