seed,dimension,time,fw_time,primal,dual_gap,smallest_dual_gap,iterations
2,1500,3600.01398755,3600.01042301,4.623618248935807,4.5685078475798946e-7,4.5685078475798946e-7,254804
