seed,dimension,time,fw_time,primal,dual_gap,smallest_dual_gap,iterations
5,1500,1.380414785,1.374646151,5.051636674603326,8.271331353171263e-8,8.271354090538807e-8,48
