seed,dimension,time,fw_time,primal,dual_gap,smallest_dual_gap,iterations
2,1500,3601.115683072,3601.112129598,4.623618248936124,1.2115151548641734e-7,1.2115151548641734e-7,225691
