seed,dimension,time,fw_time,primal,dual_gap,smallest_dual_gap,iterations
1,1200,3600.010725171,3600.007241103,4.4361660713765385,3.9484052649640944e-7,3.9484052649640944e-7,316451
