seed,dimension,time,fw_time,primal,dual_gap,smallest_dual_gap,iterations
2,1200,3600.007595491,3600.004714844,4.985971855695301,5.871449957339792e-7,5.871449957339792e-7,321757
