seed,dimension,time,fw_time,primal,dual_gap,smallest_dual_gap,iterations
3,1500,3600.017719214,3600.013405721,4.5683501658570735,1.2748773769999389e-7,1.2748773769999389e-7,222187
