seed,dimension,time,fw_time,primal,dual_gap,smallest_dual_gap,iterations
3,800,0.187376651,0.185374258,5.931957024211178,1.1078293482569279e-7,9.688335467217257e-8,40
