seed,dimension,time,fw_time,primal,dual_gap,smallest_dual_gap,iterations
4,1500,3600.017637813,3600.013431997,4.301006620303253,3.5984271562483627e-7,3.5984271562483627e-7,219276
