seed,dimension,time,fw_time,primal,dual_gap,smallest_dual_gap,iterations
3,1200,3600.011104057,3600.008329944,4.555136777933658,2.245085397589719e-7,2.245085397589719e-7,277138
