seed,dimension,time,fw_time,primal,dual_gap,smallest_dual_gap,iterations
4,1200,3600.016457977,3600.012590589,5.8706040750165105,1.8247055777464993e-7,1.8247055777464993e-7,321879
