seed,dimension,time,fw_time,primal,dual_gap,smallest_dual_gap,iterations
1,1500,3601.188295585,3601.156288426,4.301006620303253,3.5984271562483627e-7,3.5984271562483627e-7,254197
