seed,dimension,time,fw_time,primal,dual_gap,smallest_dual_gap,iterations
2,1000,3600.010766272,3600.007201933,6.463811536477692,2.2397068732971093e-7,2.2397068732971093e-7,396033
