seed,dimension,time,fw_time,primal,dual_gap,smallest_dual_gap,iterations
2,1500,3600.012591336,3600.008433792,4.623618248935807,4.5685078475798946e-7,4.5685078475798946e-7,205565
