seed,dimension,time,fw_time,primal,dual_gap,smallest_dual_gap,iterations
1,1500,2.629271256,2.605257625,4.301006620303322,2.1752475731773302e-7,9.171571946353652e-8,30
