seed,dimension,time,fw_time,primal,dual_gap,smallest_dual_gap,iterations
1,1000,3601.31572306,3601.2877337,-3.8543874081115166,1.7304489574598847e-7,1.7304489574598847e-7,406720
