seed,dimension,time,fw_time,primal,dual_gap,smallest_dual_gap,iterations
2,800,3600.011890537,3600.008683984,6.463811536477692,2.2397068732971093e-7,2.2397068732971093e-7,401393
