seed,dimension,time,fw_time,primal,dual_gap,smallest_dual_gap,iterations
2,1200,3600.015212895,3600.011694783,4.985971855695301,5.871449957339792e-7,5.871449957339792e-7,322370
