seed,dimension,time,fw_time,primal,dual_gap,smallest_dual_gap,iterations
1,1000,3601.459615447,3601.427099319,6.145612591888483,1.7304489574598847e-7,1.7304489574598847e-7,403109
