seed,dimension,time,fw_time,primal,dual_gap,smallest_dual_gap,iterations
4,1200,3600.021705031,3600.01670487,5.870604075016484,1.3949465937912464e-7,1.3949465937912464e-7,280028
