seed,dimension,time,fw_time,primal,dual_gap,smallest_dual_gap,iterations
4,1000,3600.016518589,3600.012306031,5.870604075016484,1.3949465937912464e-7,1.3949465937912464e-7,263594
