seed,dimension,time,fw_time,primal,dual_gap,smallest_dual_gap,iterations
5,1500,3600.024274277,3600.019824049,-4.948363325396702,2.1925279725110158e-7,2.1925279725110158e-7,140167
