seed,dimension,time,fw_time,primal,dual_gap,smallest_dual_gap,iterations
3,1200,3601.250943436,3601.221555755,4.555136780645186,4.316357376410451e-5,0.0001741259857226396,47313
