seed,dimension,time,fw_time,primal,dual_gap,smallest_dual_gap,iterations
1,1200,3601.812169995,3601.782901277,4.436166082985266,0.00011909106160601368,0.00011771840695473657,48001
