seed,dimension,time,fw_time,primal,dual_gap,smallest_dual_gap,iterations
2,800,3601.159430999,3601.130080934,6.4638115383410675,4.399994145387609e-5,0.00013306723974437773,106144
