seed,dimension,time,fw_time,primal,dual_gap,smallest_dual_gap,iterations
3,1500,3601.187397066,3601.155862235,4.568350173682073,0.0001286132992390776,0.0001130487532918778,64968
