seed,dimension,time,fw_time,primal,dual_gap,smallest_dual_gap,iterations
1,800,3601.130768111,3601.098081396,6.145612600806168,8.962679078194924e-5,0.00016142575054800545,119857
