seed,dimension,time,fw_time,primal,dual_gap,smallest_dual_gap,iterations
5,1500,3601.112989646,3601.081458675,5.051636684156897,0.00017034461870935047,0.00010151513561140746,50424
