seed,dimension,time,fw_time,primal,dual_gap,smallest_dual_gap,iterations
2,1500,3601.221244157,3601.189344805,4.623618254055923,9.790130343390047e-5,0.00010653149774952908,70575
