seed,dimension,time,fw_time,primal,dual_gap,smallest_dual_gap,iterations
4,1500,3601.068265016,3601.038391873,4.301006620979345,3.531583047333697e-5,0.0001727895737531071,74577
