seed,dimension,time,fw_time,primal,dual_gap,smallest_dual_gap,iterations
3,800,3601.058311569,3601.025911224,5.9319570267256445,5.270885014851956e-5,0.00013970053282719164,122740
