seed,dimension,time,fw_time,primal,dual_gap,smallest_dual_gap,iterations
5,1500,0.731367295,0.726346204,5.051636674603557,5.973674888082314e-8,6.345612746372353e-8,112
