seed,dimension,time,fw_time,primal,dual_gap,smallest_dual_gap,iterations
1,800,2.208213119,2.184607679,6.145612591888676,5.695494564861292e-8,7.914957222965313e-8,52
