seed,dimension,time,fw_time,primal,dual_gap,smallest_dual_gap,iterations
2,800,0.14840054,0.145861107,6.463811536477705,3.6990741136833094e-8,4.974322109774221e-8,59
