seed,dimension,time,fw_time,primal,dual_gap,smallest_dual_gap,iterations,iter_not_converging,fallback_helped,average_iter,std_iter,average_gap,std_gap
5,1500,0.011426879,0.011109208,-4.9483633253967225,5.053902896179352e-8,0.0,0,1,1,3.411764705882353,0.6978959976453596,0.05520565715073644,1.0
