seed,dimension,time,fw_time,primal,dual_gap,smallest_dual_gap,iterations
2,160000,13.861185639,13.493081466,0.9693512440955748,8.27040756452152e-8,8.270407563827631e-8,19
