seed,dimension,time,fw_time,primal,dual_gap,smallest_dual_gap,iterations
2,90000,2.892263883,2.634669489,0.8570335058557075,7.074731441132631e-8,7.074731443561244e-8,4
