seed,dimension,time,fw_time,primal,dual_gap,smallest_dual_gap,iterations,average_iter,std_iter
3,640000,87.356359896,81.094883044,0.9727411620110348,1.324204700814055e-7,2.707361219413118e-8,10,NaN,NaN
