seed,dimension,time,fw_time,primal,dual_gap,smallest_dual_gap,iterations,average_iter,std_iter
5,90000,2.023130349,1.687002209,1.0558752133188722,1.4979530758157944e-8,1.497953075121905e-8,4,0.0,0.0
