seed,dimension,time,fw_time,primal,dual_gap,smallest_dual_gap,iterations
2,490000,14.680387203,14.679474228,1.002801092210635,4.0334211961687294e-8,0.0,0
