seed,dimension,time,fw_time,primal,dual_gap,smallest_dual_gap,iterations
3,40000,51.323376316,51.16923928,0.9154352398729146,9.132465710048887e-8,9.132465714559168e-8,113
