seed,dimension,time,fw_time,primal,dual_gap,smallest_dual_gap,iterations
3,90000,3.190258824,2.656870703,0.951797842636232,2.564115950121071e-8,2.5641159483863474e-8,5
