seed,dimension,time,fw_time,primal,dual_gap,smallest_dual_gap,iterations,average_iter,std_iter
2,90000,9.775542089,9.264366994,0.8570335135539614,8.60912196982977e-8,8.609121970870603e-8,22,0.14285714285714285,0.35856858280031806
