seed,dimension,time,fw_time,primal,dual_gap,smallest_dual_gap,iterations
5,640000,165.464488288,157.903049525,1.0100714347266793,1.1406928743674244e-7,6.029977507333167e-8,15
