seed,dimension,time,fw_time,primal,dual_gap,smallest_dual_gap,iterations
3,1000000,56.628407532,46.91814259,0.9952471467320787,6.281502888932228e-8,6.281502889973062e-8,4
