seed,dimension,time,fw_time,primal,dual_gap,smallest_dual_gap,iterations,average_iter,std_iter
4,810000,339.215924387,330.917285092,0.9958895490049691,5.3471928986199846e-8,5.3471928986199846e-8,26,0.16,0.37416573867739406
