seed,dimension,time,fw_time,primal,dual_gap,iterations
1,360000,17.628627522,17.010776099,0.921850502470599,1.6073173442730793e-7,17
