seed,dimension,time,fw_time,primal,dual_gap,iterations
5,640000,129.352414767,122.692501288,1.0100714352679652,1.0453352806191057e-7,14
