seed,dimension,time,fw_time,primal,dual_gap,smallest_dual_gap,iterations
2,1000000,3640.600624251,3632.276228786,0.9692773490874088,1.2898215432776555e-7,1.3191293786116165e-7,364
