seed,dimension,time,fw_time,primal,dual_gap,smallest_dual_gap,iterations
1,360000,34.608584493,34.170922354,0.921850502470599,1.6073173436312316e-7,7.634430623446042e-8,22
