seed,dimension,time,fw_time,primal,dual_gap,smallest_dual_gap,iterations
1,10000,2.072814843,2.052365504,1.2366628886409035,1.998621901935782e-7,9.925551709699665e-8,2
