seed,dimension,time,fw_time,primal,dual_gap,smallest_dual_gap,iterations
4,90000,178.032456767,177.673976228,1.0047025015605893,1.386481755620561e-7,8.298891251631857e-8,378
