seed,dimension,time,fw_time,primal,dual_gap,smallest_dual_gap,iterations
1,90000,283.878887932,283.427987563,0.9879848652363606,1.0445285377608249e-7,9.673309703250865e-8,3131
