seed,dimension,time,fw_time,primal,dual_gap,smallest_dual_gap,iterations
5,250000,0.912264613,0.911868258,1.0678900459622291,2.6245737874686093e-9,0.0,0
