seed,dimension,time,fw_time,primal,dual_gap,smallest_dual_gap,iterations
3,10000,0.003611614,0.003417884,1.1516198162187863,2.319784434684502e-8,0.0,0
