seed,dimension,time,fw_time,primal,dual_gap,smallest_dual_gap,iterations
1,490000,3629.62335659,3622.875992581,1.0809102123883179,8.961479990177851e-7,1.8036154160461226e-6,497
