seed,dimension,time,fw_time,primal,dual_gap,smallest_dual_gap,iterations
3,490000,3630.88439927,3622.965700891,0.9871767813770012,4.66931204206808e-7,3.5491907191594757e-7,428
