seed,dimension,time,fw_time,primal,dual_gap,smallest_dual_gap,iterations
1,810000,858.548661606,846.608487058,1.044147609195519,8.293473482707397e-8,9.27075977175465e-8,48
