seed,dimension,time,fw_time,primal,dual_gap,smallest_dual_gap,iterations
2,250000,104.915391211,104.463965232,0.9139233481691222,1.5685541662908628e-5,8.95249128596981e-8,267
