seed,dimension,time,fw_time,primal,dual_gap,smallest_dual_gap,iterations
2,160000,10.37246439,10.015172226,0.9693511892829493,8.616100484158673e-7,8.8775155329332e-8,13
