seed,dimension,time,fw_time,primal,dual_gap,smallest_dual_gap,iterations,average_iter,std_iter
3,640000,84.152360861,77.086724146,0.9727411619900311,1.1398767787735437e-7,3.371627728312315e-8,9,0.1111111111111111,0.33333333333333337
