seed,dimension,time,fw_time,primal,dual_gap,smallest_dual_gap,iterations
4,1000000,177.782802816,170.582834817,0.9749707825630062,6.754306467772475e-8,6.754306468813309e-8,19
