seed,dimension,time,fw_time,primal,dual_gap,smallest_dual_gap,iterations,average_iter,std_iter
4,360000,9.108386481,8.7127471,0.9543739355968556,7.401435713101645e-8,7.401435713101645e-8,10,0.2222222222222222,0.44095855184409843
