seed,dimension,time,fw_time,primal,dual_gap,smallest_dual_gap,iterations
3,810000,271.096341919,261.369073618,0.9251184866464235,4.373093981111312e-7,8.736328655986614e-8,26
