seed,dimension,time,fw_time,primal,dual_gap,smallest_dual_gap,iterations
1,1000000,450.134478787,439.40996575,1.0518261224424732,8.409379038173265e-8,9.361409638707768e-8,23
