seed,dimension,time,fw_time,primal,dual_gap,smallest_dual_gap,iterations
5,640000,128.588499069,121.183233216,1.0100714373089517,1.1946906048991568e-7,3.471487188076022e-8,12
