seed,dimension,time,fw_time,primal,dual_gap,iterations
1,90000,334.241308063,333.774992405,0.9879848856564664,1.2315186057737515e-7,1267
