seed,dimension,time,fw_time,primal,dual_gap,smallest_dual_gap,iterations
3,1000000,83.699377073,75.473396331,0.9952471487860469,6.544776973323174e-8,6.544776972889493e-8,7
