seed,dimension,time,fw_time,primal,dual_gap,smallest_dual_gap,iterations
1,40000,3.144453572,3.011802712,0.9719551037480726,4.4984476078174795e-8,0.0,0
