seed,dimension,time,fw_time,primal,dual_gap,smallest_dual_gap,iterations,average_iter,std_iter
3,810000,496.410528428,487.526482529,0.9251184886648885,2.3121348081966975e-7,8.494633600177048e-8,49,0.14285714285714285,0.35355339059327373
