seed,dimension,time,fw_time,primal,dual_gap,smallest_dual_gap,iterations
5,490000,40.673615947,33.378342443,0.9716240576808228,1.5742812123353822e-9,1.5742812079985735e-9,3
