seed,dimension,time,fw_time,primal,dual_gap,smallest_dual_gap,iterations
3,250000,8.027425628,7.669802701,1.0765200390904135,7.861151744316397e-8,8.496077195593865e-8,5
