seed,dimension,time,fw_time,primal,dual_gap,smallest_dual_gap,iterations
3,360000,31.951674178,31.418632962,0.894448444946114,2.1702282708771503e-8,2.1702282715710397e-8,26
