seed,dimension,time,fw_time,primal,dual_gap,smallest_dual_gap,iterations
3,250000,5.664457887,5.067452596,1.0765200295614221,6.680761597231688e-8,6.680761595843909e-8,3
