seed,dimension,time,fw_time,primal,dual_gap,smallest_dual_gap,iterations
1,160000,8.440377021,7.794883929,0.9192244111825114,4.060601554826959e-8,4.060601556735155e-8,6
