seed,dimension,time,fw_time,primal,dual_gap,smallest_dual_gap,iterations
3,1000000,69.696433271,59.108640044,0.9952471476984971,6.935158888051601e-8,8.167410774865408e-8,5
