seed,dimension,time,fw_time,primal,dual_gap,smallest_dual_gap,iterations
5,40000,1.096372373,0.841835762,0.9841335880578639,2.934801884152405e-8,5.5102632109949035e-8,2
