seed,dimension,time,fw_time,primal,dual_gap,smallest_dual_gap,iterations
4,490000,3628.728340312,3620.230347152,0.9468203759486978,1.5643976837217966e-7,2.088971283531818e-7,399
