seed,dimension,time,fw_time,primal,dual_gap,smallest_dual_gap,iterations
2,360000,1.344357284,1.34361463,0.9371126343950003,3.194548826336574e-8,0.0,0
