seed,dimension,time,fw_time,primal,dual_gap,smallest_dual_gap,iterations
5,810000,3690.700794694,3671.283760722,0.8997991510658591,2.0993920108076936e-7,3.32931733881478e-7,160
