seed,dimension,time,fw_time,primal,dual_gap,smallest_dual_gap,iterations
5,160000,180.768391797,180.442334005,1.1076126616043318,1.9487413540665577e-7,9.589684861997794e-8,247
