seed,dimension,time,fw_time,primal,dual_gap,smallest_dual_gap,iterations
3,490000,3632.468525648,3624.403465782,0.9871767904912802,4.679452579722451e-7,3.5581022825043745e-7,409
