seed,dimension,time,fw_time,primal,dual_gap,smallest_dual_gap,iterations
4,1000000,111.484395414,101.429456101,0.97497078133836,7.280744054264515e-8,7.280744053657362e-8,11
