seed,dimension,time,fw_time,primal,dual_gap,smallest_dual_gap,iterations
3,40000,30.471551867,30.33344171,0.9154352402618523,1.8711718886843531e-7,9.99791194521149e-8,41
