seed,dimension,time,fw_time,primal,dual_gap,smallest_dual_gap,iterations
1,640000,185.785206404,172.705446177,0.9643446796397444,2.116843294073384e-7,7.311168330297046e-8,13
