seed,dimension,time,fw_time,primal,dual_gap,smallest_dual_gap,iterations
1,10000,2.058712055,2.038447623,1.2366628881711355,1.642109437871575e-7,9.683755501643798e-8,6
