seed,dimension,time,fw_time,primal,dual_gap,smallest_dual_gap,iterations
1,10000,3.456718612,3.43471522,1.2366628912801572,1.2156132752488835e-7,9.938850369095587e-8,2076
