seed,dimension,time,fw_time,primal,dual_gap,smallest_dual_gap,iterations
3,1000000,88.801351433,81.693048385,0.9952471453086366,1.0249142881266216e-7,8.15977790292674e-8,7
