seed,dimension,time,fw_time,primal,dual_gap,smallest_dual_gap,iterations
3,360000,23.384629216,22.762396481,0.8944484450181862,8.587942788851333e-8,8.2756304661466e-8,19
