seed,dimension,time,fw_time,primal,dual_gap,iterations
4,490000,3630.432375974,3622.394649107,0.9468204386268485,4.954196673890437e-7,406
