seed,dimension,time,fw_time,primal,dual_gap,iterations
4,640000,68.048446043,59.212164195,1.006972538004311,8.135170915125195e-8,7
