seed,dimension,time,fw_time,primal,dual_gap,smallest_dual_gap,iterations
2,250000,10.52607513,10.101959875,0.9139232818444517,6.179334845896056e-8,6.17933484693689e-8,8
