seed,dimension,time,fw_time,primal,dual_gap,iterations
4,1000000,134.300319097,126.830803869,0.9749707807656808,7.284872045008883e-8,16
