seed,dimension,time,fw_time,primal,dual_gap,smallest_dual_gap,iterations
2,640000,18.37651393,18.37518814,1.0051529072132988,2.7229005549432583e-8,0.0,0
