seed,dimension,time,fw_time,primal,dual_gap,smallest_dual_gap,iterations
2,1000000,3442.140379553,3434.433709593,0.9692773456432227,1.7251279934953068e-7,9.988677497282938e-8,363
