seed,dimension,time,fw_time,primal,dual_gap,smallest_dual_gap,iterations
1,490000,212.184421776,203.747930317,1.0809101308268982,3.13276116315625e-8,3.1327611638501396e-8,24
