seed,dimension,time,fw_time,primal,dual_gap,smallest_dual_gap,iterations
5,90000,0.476298559,0.475872632,1.0558752180071453,2.107374699050757e-8,0.0,0
