seed,dimension,time,fw_time,primal,dual_gap,smallest_dual_gap,iterations,average_iter,std_iter
2,1000000,3635.206559975,3626.375767288,0.9692773193607185,1.6618821175370252e-7,3.731684516880551e-7,343,0.15160349854227406,0.35916007473822875
