seed,dimension,time,fw_time,primal,dual_gap,smallest_dual_gap,iterations
1,490000,265.270565724,257.726110256,1.0809101300081405,2.6257883639982382e-8,2.6257883605287913e-8,29
