seed,dimension,time,fw_time,primal,dual_gap,smallest_dual_gap,iterations
4,40000,407.035488831,406.883998799,0.8999787330166112,1.0750523830871384e-7,9.993138355701703e-8,5379
