seed,dimension,time,fw_time,primal,dual_gap,smallest_dual_gap,iterations
2,640000,19.008385678,19.006871526,1.005152910106585,3.0628250716896455e-8,0.0,0
