seed,dimension,time,fw_time,primal,dual_gap,smallest_dual_gap,iterations
4,640000,70.848126815,63.117195827,1.0069724680161825,1.8086768807483444e-8,1.8086768812687615e-8,6
