seed,dimension,time,fw_time,primal,dual_gap,smallest_dual_gap,iterations
2,250000,4.992412207,4.232388839,0.9139232833815056,7.770346370505887e-8,7.770346371546721e-8,4
