seed,dimension,time,fw_time,primal,dual_gap,iterations
5,160000,88.128367399,87.807264227,1.1076126370212924,1.8169693322654668e-7,190
