seed,dimension,time,fw_time,primal,dual_gap,smallest_dual_gap,iterations
3,1000000,92.578452145,85.524409455,0.995247147410895,6.933729250480081e-8,8.170530729680742e-8,8
