seed,dimension,time,fw_time,primal,dual_gap,smallest_dual_gap,iterations
4,40000,732.200286076,732.061543103,0.8999787291340384,1.2009221639699974e-7,9.953957737229846e-8,1521
