seed,dimension,time,fw_time,primal,dual_gap,smallest_dual_gap,iterations
3,360000,24.892336192,24.284430248,0.894448444944106,9.820877496131974e-8,9.820877497693226e-8,19
