seed,dimension,time,fw_time,primal,dual_gap,smallest_dual_gap,iterations
5,40000,10.555646969,10.41719285,0.9841335876447999,6.863741383762723e-7,8.566484138716746e-8,18
