seed,dimension,time,fw_time,primal,dual_gap,smallest_dual_gap,iterations
1,360000,33.768478359,33.060359736,0.9218504815992333,2.1967100601733014e-7,8.928946060651755e-8,24
