seed,dimension,time,fw_time,primal,dual_gap,smallest_dual_gap,iterations
5,640000,199.207197459,188.944307753,1.0100714355024638,1.0428049494227987e-7,5.4626380529242125e-8,17
