seed,dimension,time,fw_time,primal,dual_gap,smallest_dual_gap,iterations
2,810000,301.867065982,293.319526711,1.0274142174398377,1.0373320080518666e-8,1.0373320073579773e-8,21
