seed,dimension,time,fw_time,primal,dual_gap,iterations
5,90000,0.532380464,0.531918589,1.0558752021559352,1.3397833294181982e-9,0
