seed,dimension,time,fw_time,primal,dual_gap,smallest_dual_gap,iterations
4,640000,93.50038843,82.935484848,1.0069725393006275,8.246331268182971e-8,8.246331270524848e-8,8
