seed,dimension,time,fw_time,primal,dual_gap,smallest_dual_gap,iterations,average_iter,std_iter
3,250000,2.46435467,1.962121518,1.0765200335417906,7.225151779644001e-8,7.950734308252716e-8,2,0.0,0.0
