seed,dimension,time,fw_time,primal,dual_gap,smallest_dual_gap,iterations
5,810000,2168.280417765,2156.274670071,0.8997991470000574,4.5634003098971726e-7,9.834684365842006e-8,158
