seed,dimension,time,fw_time,primal,dual_gap,smallest_dual_gap,iterations
3,40000,47.428304482,47.28973263,0.9154352448418646,1.1835722158945461e-7,9.210148297147946e-8,73
