seed,dimension,time,fw_time,primal,dual_gap,smallest_dual_gap,iterations
4,40000,814.676310646,814.529701008,0.8999787279494598,9.766790389983959e-8,9.766790391371738e-8,1633
