seed,dimension,time,fw_time,primal,dual_gap,smallest_dual_gap,iterations
5,360000,58.044434409,57.24343906,1.0180417953897112,7.558171008677228e-8,8.589512428755497e-8,44
