seed,dimension,time,fw_time,primal,dual_gap,smallest_dual_gap,iterations
3,10000,0.004499268,0.00426314,1.1516198150365977,1.6837268357328128e-8,0.0,0
