seed,dimension,time,fw_time,primal,dual_gap,smallest_dual_gap,iterations,average_iter,std_iter
5,160000,106.440370341,106.124593604,1.1076126581174204,2.0412724406441984e-7,9.397536451273558e-8,229,0.15283842794759825,0.36061992811255417
