seed,dimension,time,fw_time,primal,dual_gap,smallest_dual_gap,iterations
2,1000000,3634.956395001,3626.932958457,0.9692773409071038,3.1297660770587127e-7,6.845685361772658e-7,333
