seed,dimension,time,fw_time,primal,dual_gap,smallest_dual_gap,iterations
3,490000,3637.170753325,3625.37082786,0.9871768393660574,4.574396983035231e-7,3.6834395971373224e-7,382
