seed,dimension,time,fw_time,primal,dual_gap,smallest_dual_gap,iterations
3,90000,2.326842449,1.979992633,0.9517978946273198,9.969210241003723e-8,9.96921023857511e-8,11
