seed,dimension,time,fw_time,primal,dual_gap,smallest_dual_gap,iterations
5,40000,1.628396321,1.422753878,0.9841335870478511,3.9339224065793044e-8,7.301279099716784e-8,4
