seed,dimension,time,fw_time,primal,dual_gap,smallest_dual_gap,iterations
1,640000,3628.454623146,3620.816028654,0.9643446378419157,8.021382129266147e-7,2.197837060953327e-6,401
