seed,dimension,time,fw_time,primal,dual_gap,smallest_dual_gap,iterations
1,360000,32.520464541,32.052878829,0.9218505025825181,4.657515458843936e-7,9.070712781930612e-8,22
