seed,dimension,time,fw_time,primal,dual_gap,smallest_dual_gap,iterations
5,160000,133.287922494,132.809302974,1.1076126577352938,2.487381892055107e-7,9.773393602405256e-8,234
