seed,dimension,time,fw_time,primal,dual_gap,iterations
3,360000,14.004263285,13.503668298,0.8944484450181862,8.587942788851333e-8,15
