seed,dimension,time,fw_time,primal,dual_gap,iterations
1,810000,438.472537832,430.097260627,1.0441476092057198,1.0076726988678814e-7,47
