seed,dimension,time,fw_time,primal,dual_gap,smallest_dual_gap,iterations
1,40000,7.85168073,7.19200365,0.9719551314310452,6.60751840152185e-8,8.370163265963848e-8,17
