seed,dimension,time,fw_time,primal,dual_gap,smallest_dual_gap,iterations
1,10000,3.47963123,3.454021318,1.236662887246552,1.3324808704334723e-7,9.926724897635353e-8,2616
