seed,dimension,time,fw_time,primal,dual_gap,smallest_dual_gap,iterations
3,810000,354.296401105,346.634312433,0.925118485451798,3.6246989320622147e-7,9.043215407154165e-8,32
