seed,dimension,time,fw_time,primal,dual_gap,smallest_dual_gap,iterations
4,90000,220.20839471,219.940560214,1.0047025064410127,9.987445036274689e-8,9.704683723299468e-8,414
