seed,dimension,time,fw_time,primal,dual_gap,smallest_dual_gap,iterations
5,360000,36.554349587,36.084756088,1.0180417955602545,5.408338084843256e-8,6.789085808117656e-8,49
