seed,dimension,time,fw_time,primal,dual_gap,smallest_dual_gap,iterations
1,810000,531.826645901,525.024124451,1.0441476068267947,9.367663442172436e-8,7.666034952582418e-8,44
