seed,dimension,time,fw_time,primal,dual_gap,iterations
5,490000,20.956394329,20.955493093,0.9716240563682766,4.902519622901336e-11,0
