seed,dimension,time,fw_time,primal,dual_gap,smallest_dual_gap,iterations,average_iter,std_iter
4,810000,274.80437671,263.996456417,0.9958895512539833,5.569408663072539e-8,5.5694086627255945e-8,23,0.13636363636363635,0.35125008665710444
