seed,dimension,time,fw_time,primal,dual_gap,smallest_dual_gap,iterations
4,490000,3631.997989551,3623.779820215,0.9468204128204993,2.509976622664181e-7,5.086149896483746e-7,349
