seed,dimension,time,fw_time,primal,dual_gap,smallest_dual_gap,iterations
3,40000,50.536406153,50.304910825,0.915435240949636,1.3036835012913972e-7,9.9656617243149e-8,92
