seed,dimension,time,fw_time,primal,dual_gap,smallest_dual_gap,iterations
3,40000,20.496442546,20.356994443,0.9154352331345181,3.2729533601741356e-7,9.969100201942527e-8,40
