seed,dimension,time,fw_time,primal,dual_gap,smallest_dual_gap,iterations
5,810000,2583.709743438,2571.517860858,0.8997991328149264,2.815954932931103e-7,9.452109026291539e-8,184
