seed,dimension,time,fw_time,primal,dual_gap,smallest_dual_gap,iterations
1,1000000,398.81268177,386.494106757,1.05182612213823,1.0008718391487509e-7,7.664385324058359e-8,21
