seed,dimension,time,fw_time,primal,dual_gap,smallest_dual_gap,iterations,average_iter,std_iter
5,360000,34.29639159,33.798769188,1.0180417942766211,8.329436939312485e-8,9.424779352264212e-8,37,0.16216216216216217,0.44180900307168386
