seed,dimension,time,fw_time,primal,dual_gap,smallest_dual_gap,iterations
3,490000,3634.918052647,3626.070140721,0.9871767199160263,3.4138919914866034e-7,2.434550936273108e-7,450
