seed,dimension,time,fw_time,primal,dual_gap,iterations
2,40000,0.216337359,0.215893735,0.8815985238971539,2.7734728649114748e-8,0
