seed,dimension,time,fw_time,primal,dual_gap,smallest_dual_gap,iterations,average_iter,std_iter
5,640000,168.672986595,161.944483111,1.0100714332769072,1.3160560947446387e-7,6.948915193347865e-8,17,0.17647058823529413,0.3929526239966879
