seed,dimension,time,fw_time,primal,dual_gap,smallest_dual_gap,iterations
5,810000,2457.872488226,2447.193799704,0.899799149907674,2.418899295499738e-7,9.834274791731268e-8,173
