seed,dimension,time,fw_time,primal,dual_gap,smallest_dual_gap,iterations
3,10000,0.019329036,0.017225277,1.1516198141321006,1.9457946344447752e-8,1.9457946344447752e-8,28
