seed,dimension,time,fw_time,primal,dual_gap,iterations
2,1000000,3181.876464769,3172.205632556,0.9692773198744632,1.2546966780737495e-7,345
