seed,dimension,time,fw_time,primal,dual_gap,smallest_dual_gap,iterations
1,90000,521.452431059,520.930825234,0.9879848735884125,1.4069754252291067e-7,9.985297529449544e-8,1237
