seed,dimension,time,fw_time,primal,dual_gap,smallest_dual_gap,iterations
5,810000,2677.22961492,2667.753327944,0.8997991261342921,3.162456745729042e-7,8.956024153804892e-8,194
