seed,dimension,time,fw_time,primal,dual_gap,smallest_dual_gap,iterations
2,490000,16.172496624,16.171397351,1.002801092210635,4.0334211961687294e-8,0.0,0
