seed,dimension,time,fw_time,primal,dual_gap,smallest_dual_gap,iterations
1,640000,149.312412746,140.212636265,0.9643446796397446,2.1168432942555299e-7,7.31116833272566e-8,13
