seed,dimension,time,fw_time,primal,dual_gap,smallest_dual_gap,iterations
3,40000,20.612401354,20.453727026,0.9154352454115962,1.3117029872000696e-7,9.406812068873949e-8,59
