seed,dimension,time,fw_time,primal,dual_gap,smallest_dual_gap,iterations
4,160000,1.020436388,1.019687643,0.9722195039170602,8.831589128240058e-8,0.0,0
