seed,dimension,time,fw_time,primal,dual_gap,smallest_dual_gap,iterations
4,90000,229.644410522,229.427080659,1.0047025065069544,1.0067144280354046e-7,9.579053165953422e-8,413
