seed,dimension,time,fw_time,primal,dual_gap,smallest_dual_gap,iterations
5,640000,168.438676127,160.849344026,1.0100714338142915,1.2875011462954583e-7,6.85168127607591e-8,17
