seed,dimension,time,fw_time,primal,dual_gap,smallest_dual_gap,iterations,average_iter,std_iter
3,490000,3636.584194854,3626.645026176,0.9871767918220119,3.2226102771645143e-7,4.1846924670688873e-7,414,0.15217391304347827,0.359623974583262
