seed,dimension,time,fw_time,primal,dual_gap,smallest_dual_gap,iterations
3,40000,52.316378428,52.177675122,0.9154352409496358,1.3036835011179249e-7,9.965661728478237e-8,89
