seed,dimension,time,fw_time,primal,dual_gap,smallest_dual_gap,iterations
2,90000,0.560375732,0.559873996,0.8570335058557075,7.074731441999993e-8,0.0,0
