seed,dimension,time,fw_time,primal,dual_gap,smallest_dual_gap,iterations
1,360000,38.491145104,37.910620533,0.9218505021212748,9.63230883822136e-8,9.434703196822825e-8,29
