seed,dimension,time,fw_time,primal,dual_gap,smallest_dual_gap,iterations
2,90000,567.470636983,566.952011242,0.8570335076756156,6.437651772252251e-7,9.995520532622704e-8,6467
