seed,dimension,time,fw_time,primal,dual_gap,smallest_dual_gap,iterations,average_iter,std_iter
1,640000,177.988569465,168.947232014,0.9643446787056092,2.1209378321587063e-7,7.203598791083454e-8,15,0.2,0.4140393356054126
