seed,dimension,time,fw_time,primal,dual_gap,smallest_dual_gap,iterations
4,640000,89.231448483,80.505449217,1.006972491170955,3.4813126666144445e-8,3.4813126661807636e-8,8
