seed,dimension,time,fw_time,primal,dual_gap,smallest_dual_gap,iterations
5,810000,2409.444504584,2398.447289565,0.899799149907674,2.418899295499738e-7,9.834274791731268e-8,173
