seed,dimension,time,fw_time,primal,dual_gap,smallest_dual_gap,iterations
4,1000000,117.272307274,109.326929953,0.9749707820785367,5.9535865529203313e-8,5.953586551272344e-8,11
