seed,dimension,time,fw_time,primal,dual_gap,smallest_dual_gap,iterations
3,640000,143.417784647,135.223351442,0.9727411620374073,1.325581757260358e-7,2.7284479241912463e-8,13
