seed,dimension,time,fw_time,primal,dual_gap,smallest_dual_gap,iterations,average_iter,std_iter
2,10000,0.008417514,0.004786061,1.145384782870786,1.357421559877725e-8,1.3574215522449418e-8,4,0.0,0.0
