seed,dimension,time,fw_time,primal,dual_gap,smallest_dual_gap,iterations,average_iter,std_iter
2,360000,3.899535378,3.456641206,0.9371126360928145,3.450960341100373e-8,3.4509603412738454e-8,3,0.0,0.0
