seed,dimension,time,fw_time,primal,dual_gap,smallest_dual_gap,iterations
2,1000000,3176.848433217,3165.237309184,0.96927731709245,8.346851763756102e-8,8.346851763669366e-8,292
