seed,dimension,time,fw_time,primal,dual_gap,iterations
5,1000000,276.664405442,267.629959361,1.0241598580676174,6.601716870651558e-8,31
