seed,dimension,time,fw_time,primal,dual_gap,smallest_dual_gap,iterations
1,90000,687.580438148,687.158379246,0.9879848856564667,1.2315186046635285e-7,9.872025936996653e-8,1290
