seed,dimension,time,fw_time,primal,dual_gap,smallest_dual_gap,iterations
3,810000,811.96064432,796.610609721,0.9251184894179971,2.3415717989236362e-7,8.63227393585117e-8,47
