seed,dimension,time,fw_time,primal,dual_gap,smallest_dual_gap,iterations
5,1000000,140.010371309,133.100660698,1.02415983474776,1.9019211944942827e-8,9.356769138050419e-8,13
