seed,dimension,time,fw_time,primal,dual_gap,smallest_dual_gap,iterations,average_iter,std_iter
4,1000000,164.871858877,158.049305181,0.9749707845656544,6.747387442437164e-8,6.747387442610636e-8,19,0.16666666666666666,0.38348249442368526
