seed,dimension,time,fw_time,primal,dual_gap,smallest_dual_gap,iterations
5,10000,0.004868077,0.004662996,0.888211340113347,6.352721600155764e-8,0.0,0
