seed,dimension,time,fw_time,primal,dual_gap,smallest_dual_gap,iterations
4,490000,3634.007520403,3624.641476278,0.9468203740570414,2.098398753196118e-7,1.907444954710874e-7,355
