seed,dimension,time,fw_time,primal,dual_gap,smallest_dual_gap,iterations,average_iter,std_iter
4,490000,3632.088483374,3624.70778507,0.9468204566432395,2.7043480264020425e-7,2.3633989898637353e-7,421,NaN,NaN
