seed,dimension,time,fw_time,primal,dual_gap,smallest_dual_gap,iterations
2,640000,34.003748309,25.835427588,1.0051529074863155,2.754784649700026e-8,2.7547846504806517e-8,3
