seed,dimension,time,fw_time,primal,dual_gap,smallest_dual_gap,iterations,average_iter,std_iter
3,1000000,79.704456379,69.975611994,0.9952471479352247,6.997934585105392e-8,8.240222476932346e-8,6,NaN,NaN
