seed,dimension,time,fw_time,primal,dual_gap,smallest_dual_gap,iterations,average_iter,std_iter
4,40000,365.536369329,365.245864697,0.8999787146009038,4.6514211745826706e-7,9.591916833723291e-8,1531,0.15153494448073154,0.35868668659090497
