seed,dimension,time,fw_time,primal,dual_gap,smallest_dual_gap,iterations
3,490000,3637.54856865,3628.914934158,0.9871767583348244,3.3997752565267936e-7,4.433289905129284e-7,435
