seed,dimension,time,fw_time,primal,dual_gap,smallest_dual_gap,iterations
1,1000000,442.116537205,430.845404906,1.0518261243921596,7.799090928194835e-8,6.54689292353336e-8,22
