seed,dimension,time,fw_time,primal,dual_gap,smallest_dual_gap,iterations
5,360000,49.612359521,49.059859582,1.0180417969493554,5.681711460168992e-8,9.674983629526235e-8,39
