seed,dimension,time,fw_time,primal,dual_gap,smallest_dual_gap,iterations
1,90000,539.784387401,539.35117871,0.9879848735884125,1.4069754252291067e-7,9.985297529449544e-8,1237
