seed,dimension,time,fw_time,primal,dual_gap,smallest_dual_gap,iterations,average_iter,std_iter
4,160000,6.270568446,5.879518411,0.9722195056975058,8.672686836221077e-8,7.879689128097167e-8,15,0.2,0.4140393356054126
