seed,dimension,time,fw_time,primal,dual_gap,smallest_dual_gap,iterations
2,640000,20.096549952,20.095300547,1.0051529050070185,2.463144198414785e-8,0.0,0
