seed,dimension,time,fw_time,primal,dual_gap,smallest_dual_gap,iterations
1,810000,508.152470903,499.664843246,1.0441476055740093,8.949855297233494e-8,8.705681633393303e-8,44
