seed,dimension,time,fw_time,primal,dual_gap,smallest_dual_gap,iterations
5,40000,2.180389905,1.985400548,0.9841335876510692,6.309322167843967e-8,6.30932216506841e-8,5
