seed,dimension,time,fw_time,primal,dual_gap,iterations
2,90000,0.408370107,0.407903051,0.857033505855069,5.845266250192882e-8,0
