seed,dimension,time,fw_time,primal,dual_gap,smallest_dual_gap,iterations
4,160000,65.284065059,64.862571195,0.9722195013023012,7.443211882084133e-8,7.443211886420942e-8,226
