seed,dimension,time,fw_time,primal,dual_gap,smallest_dual_gap,iterations
2,160000,5.048355623,4.627877188,0.9693512410690297,7.630664543810395e-8,7.630664540167476e-8,6
