seed,dimension,time,fw_time,primal,dual_gap,smallest_dual_gap,iterations
5,160000,101.660636474,101.23471982,1.1076126767494257,3.0497162469694805e-7,9.462078896793624e-8,177
