seed,dimension,time,fw_time,primal,dual_gap,smallest_dual_gap,iterations,average_iter,std_iter
1,640000,119.512561279,111.807570402,0.9643446796397444,2.116843294272877e-7,7.311168332465451e-8,12,NaN,NaN
