seed,dimension,time,fw_time,primal,dual_gap,smallest_dual_gap,iterations
1,90000,285.986268439,285.408762586,0.9879848897021484,1.1790258966359879e-7,9.965645342280283e-8,783
