seed,dimension,time,fw_time,primal,dual_gap,smallest_dual_gap,iterations
3,10000,0.003827776,0.003642698,1.151619812195476,1.506086440283827e-8,0.0,0
