seed,dimension,time,fw_time,primal,dual_gap,smallest_dual_gap,iterations,average_iter,std_iter
5,810000,2492.14851081,2482.430744629,0.8997991328149264,2.815954932931103e-7,9.452109026291539e-8,184,0.15217391304347827,0.36016943822843267
