seed,dimension,time,fw_time,primal,dual_gap,iterations
2,490000,19.536458523,19.535436059,1.002801057855706,1.0321263062967878e-9,0
