seed,dimension,time,fw_time,primal,dual_gap,smallest_dual_gap,iterations
2,360000,4.303917794,3.86197331,0.9371126353683603,3.3198014373972407e-8,3.319801438611547e-8,3
