seed,dimension,time,fw_time,primal,dual_gap,smallest_dual_gap,iterations
4,40000,688.723530854,688.381190616,0.899978732949571,2.8454185121637443e-7,9.840183800083335e-8,1491
