seed,dimension,time,fw_time,primal,dual_gap,smallest_dual_gap,iterations
4,90000,106.808383142,106.541220438,1.004702518546414,1.5913572297410195e-7,8.675062151963786e-8,381
