seed,dimension,time,fw_time,primal,dual_gap,smallest_dual_gap,iterations
4,250000,9.851176962,9.380521382,0.92609279723157,6.422923396268154e-9,6.422923392798707e-9,12
