seed,dimension,time,fw_time,primal,dual_gap,smallest_dual_gap,iterations
5,160000,102.264373137,101.955516628,1.1076126384041187,1.7373272954805674e-7,9.618990611318101e-8,165
