seed,dimension,time,fw_time,primal,dual_gap,smallest_dual_gap,iterations
2,1000000,3509.108529604,3500.681289343,0.9692773291053493,7.659881141180991e-8,7.65988114300245e-8,301
