seed,dimension,time,fw_time,primal,dual_gap,smallest_dual_gap,iterations,average_iter,std_iter
1,160000,10.633176572,10.117596495,0.9192244072771312,6.526800732861715e-8,5.4711171169896655e-8,13,0.15384615384615385,0.37553380809940534
