seed,dimension,time,fw_time,primal,dual_gap,smallest_dual_gap,iterations
2,90000,2.4723757,2.197470749,0.8570335058557075,7.074731444602078e-8,7.074731443908189e-8,3
