seed,dimension,time,fw_time,primal,dual_gap,smallest_dual_gap,iterations
2,90000,2.944448332,2.672757204,0.8570335062907212,8.767713554659606e-8,8.76771355119016e-8,5
