seed,dimension,time,fw_time,primal,dual_gap,smallest_dual_gap,iterations
5,1000000,336.463666142,329.4298372,1.024159862752833,7.565486987489572e-8,9.741350962249457e-8,34
