seed,dimension,time,fw_time,primal,dual_gap,smallest_dual_gap,iterations
4,1000000,129.060690183,119.159441029,0.9749707835363164,6.295754661524156e-8,6.2957546618711e-8,11
