seed,dimension,time,fw_time,primal,dual_gap,smallest_dual_gap,iterations
5,810000,3693.719968172,3672.619163954,0.8997991511797783,3.329317338676002e-7,1.2364305378674556e-7,159
