seed,dimension,time,fw_time,primal,dual_gap,smallest_dual_gap,iterations,average_iter,std_iter
5,160000,73.585971722,73.209516698,1.1076126582942654,1.345801037139216e-7,9.63379726808683e-8,182,0.15384615384615385,0.36179652787417743
