seed,dimension,time,fw_time,primal,dual_gap,smallest_dual_gap,iterations,average_iter,std_iter
2,160000,5.876387441,5.621090553,0.9693511890723814,3.231886491414371e-8,3.231886495404235e-8,9,0.125,0.3535533905932738
