seed,dimension,time,fw_time,primal,dual_gap,smallest_dual_gap,iterations
3,360000,27.648419326,27.180951871,0.8944484448894237,7.530481757438146e-8,8.874395049200678e-8,21
