seed,dimension,time,fw_time,primal,dual_gap,smallest_dual_gap,iterations
2,490000,16.132371887,16.131414946,1.0028010915874812,3.9665092987917205e-8,0.0,0
