seed,dimension,time,fw_time,primal,dual_gap,smallest_dual_gap,iterations
4,160000,1.024365046,1.023757871,0.9722194943452703,9.180275033909835e-8,0.0,0
