seed,dimension,time,fw_time,primal,dual_gap,smallest_dual_gap,iterations,average_iter,std_iter
2,640000,30.886550113,24.570304011,1.0051529074863155,2.754784649700026e-8,2.7547846504806517e-8,3,0.0,0.0
