seed,dimension,time,fw_time,primal,dual_gap,smallest_dual_gap,iterations
2,1000000,3636.002347003,3628.61086133,0.9692773342402731,2.8061413465379353e-7,4.043566771798346e-7,344
