seed,dimension,time,fw_time,primal,dual_gap,iterations
5,360000,34.822942221,34.135810127,1.0180417940796302,7.929032767514665e-8,37
