seed,dimension,time,fw_time,primal,dual_gap,smallest_dual_gap,iterations
2,810000,231.124474456,220.232368261,1.0274142174383634,2.26454008617899e-8,2.2336823769092407e-8,16
