seed,dimension,time,fw_time,primal,dual_gap,smallest_dual_gap,iterations
5,160000,116.32040827,115.877605709,1.1076126343951598,1.466547277177016e-7,8.85648078260276e-8,162
