seed,dimension,time,fw_time,primal,dual_gap,smallest_dual_gap,iterations
5,40000,1019.703336606,1019.372002126,0.9841336111584308,6.465759725023112e-7,7.75878556819043e-8,13478
