seed,dimension,time,fw_time,primal,dual_gap,smallest_dual_gap,iterations
2,160000,11.240404262,10.964263474,0.9693511890745539,4.2171718376074474e-8,9.324247071673675e-8,14
