seed,dimension,time,fw_time,primal,dual_gap,iterations
2,360000,1.176360521,1.175589158,0.9371126060354933,4.798547219297955e-10,0
