seed,dimension,time,fw_time,primal,dual_gap,smallest_dual_gap,iterations
5,490000,23.496381272,23.495435098,0.9716241445852871,9.546630125312205e-8,0.0,0
