seed,dimension,time,fw_time,primal,dual_gap,smallest_dual_gap,iterations
4,490000,3640.492409738,3628.452492183,0.9468204016981624,1.9662859599561822e-7,2.422312418096789e-7,351
