seed,dimension,time,fw_time,primal,dual_gap,smallest_dual_gap,iterations
4,360000,19.540459418,19.094991986,0.9543739354754862,7.372649550065058e-8,7.372649550758947e-8,13
