seed,dimension,time,fw_time,primal,dual_gap,smallest_dual_gap,iterations
4,250000,6.096431032,5.352774823,0.9260927975064838,4.799324602317023e-8,8.295284559430016e-8,2
