seed,dimension,time,fw_time,primal,dual_gap,smallest_dual_gap,iterations
3,40000,16.640339861,16.513659408,0.9154352377598058,2.0920827422873933e-7,9.903300644126256e-8,42
