seed,dimension,time,fw_time,primal,dual_gap,smallest_dual_gap,iterations
5,640000,153.300461947,143.190205527,1.0100714347266797,1.1406928742459937e-7,6.029977507680112e-8,14
