seed,dimension,time,fw_time,primal,dual_gap,smallest_dual_gap,iterations
4,250000,6.252289911,5.816087696,0.9260927975791339,3.127309725244054e-8,9.106082364193635e-8,5
