seed,dimension,time,fw_time,primal,dual_gap,smallest_dual_gap,iterations
2,810000,3632.043453103,3623.730626951,1.0274151996587833,3.987176683308176e-6,1.81269306537106e-6,301
