seed,dimension,time,fw_time,primal,dual_gap,smallest_dual_gap,iterations
1,640000,172.32503378,161.749656021,0.9643446286878238,1.212622817957365e-8,9.17732140680999e-8,14
