seed,dimension,time,fw_time,primal,dual_gap,smallest_dual_gap,iterations
4,360000,15.260354836,14.776653614,0.9543739164042591,3.2145405840650065e-7,6.720790947031818e-8,12
