seed,dimension,time,fw_time,primal,dual_gap,smallest_dual_gap,iterations
3,490000,3630.252502003,3623.077791105,0.9871767666900413,2.9528621220843015e-7,3.913391935167834e-7,450
