seed,dimension,time,fw_time,primal,dual_gap,smallest_dual_gap,iterations
1,10000,1.838000963,1.809436668,1.2366628881735613,1.6415105935640995e-7,9.68466257258993e-8,6
