seed,dimension,time,fw_time,primal,dual_gap,smallest_dual_gap,iterations,average_iter,std_iter
3,40000,25.864378036,25.709770348,0.9154352409496358,1.3036835019158977e-7,9.965661734376297e-8,73,NaN,NaN
