seed,dimension,time,fw_time,primal,dual_gap,smallest_dual_gap,iterations
2,40000,13.564542852,13.433193749,0.8815985325926691,5.587227065381728e-8,5.5872270646878386e-8,28
