seed,dimension,time,fw_time,primal,dual_gap,smallest_dual_gap,iterations
1,160000,3.008456805,2.936507344,0.9192244111812048,6.581351576391559e-8,0.0,0
