seed,dimension,time,fw_time,primal,dual_gap,smallest_dual_gap,iterations,average_iter,std_iter
1,10000,1.957677315,1.928987449,1.2366628881711355,1.642109437871575e-7,9.683755501643798e-8,6,0.16666666666666666,0.408248290463863
