seed,dimension,time,fw_time,primal,dual_gap,smallest_dual_gap,iterations
2,640000,19.440429597,19.439239823,1.005152907765693,2.7876031820535385e-8,0.0,0
