seed,dimension,time,fw_time,primal,dual_gap,smallest_dual_gap,iterations
2,40000,7.516219712,7.374162368,0.8815985236224764,3.428509267808244e-8,7.456836594033067e-8,10
