seed,dimension,time,fw_time,primal,dual_gap,smallest_dual_gap,iterations
5,810000,3189.897908428,3180.515157475,0.8997991436321201,1.6751504107719722e-7,9.912423600509646e-8,202
