seed,dimension,time,fw_time,primal,dual_gap,smallest_dual_gap,iterations
2,360000,1.336444923,1.335421879,0.9371126372240249,3.55028153282283e-8,0.0,0
