seed,dimension,time,fw_time,primal,dual_gap,smallest_dual_gap,iterations,average_iter,std_iter
1,1000000,417.724431299,405.112269423,1.051826123819754,8.647249061938256e-8,7.184445425124225e-8,22,0.13636363636363635,0.3512500866571044
