seed,dimension,time,fw_time,primal,dual_gap,smallest_dual_gap,iterations
4,490000,3635.840527578,3628.369997204,0.9468205513333005,4.2223943821830673e-7,6.571927729020696e-7,349
