seed,dimension,time,fw_time,primal,dual_gap,smallest_dual_gap,iterations
5,40000,1.868397982,1.652953625,0.984133587475636,6.933241462683815e-7,9.341926289485603e-8,3
