seed,dimension,time,fw_time,primal,dual_gap,smallest_dual_gap,iterations
4,640000,65.632583434,57.377507901,1.0069724909076305,3.439199767075324e-8,3.439199766554907e-8,6
