seed,dimension,time,fw_time,primal,dual_gap,smallest_dual_gap,iterations
5,640000,112.449741429,105.315060349,1.0100714366599954,8.346317416710325e-8,5.082732791247824e-8,12
