seed,dimension,time,fw_time,primal,dual_gap,smallest_dual_gap,iterations
4,250000,15.095670056,14.689253312,0.9260927975657328,3.4537536150458514e-8,7.013836117973626e-8,12
