seed,dimension,time,fw_time,primal,dual_gap,smallest_dual_gap,iterations,average_iter,std_iter
1,490000,293.584413559,285.533731314,1.0809101304643933,4.194914067674749e-8,4.1949140690625275e-8,36,NaN,NaN
