seed,dimension,time,fw_time,primal,dual_gap,smallest_dual_gap,iterations
3,90000,2.411162554,2.193988112,0.9517978441941393,2.7894070525613657e-8,2.7894070529083104e-8,5
