seed,dimension,time,fw_time,primal,dual_gap,smallest_dual_gap,iterations
2,640000,37.700561109,37.698935556,1.005152907765693,2.787603180752496e-8,0.0,0
