seed,dimension,time,fw_time,primal,dual_gap,smallest_dual_gap,iterations
4,640000,63.544348777,54.284375149,1.0069724911263807,3.4932060050986424e-8,3.493206005445587e-8,5
