seed,dimension,time,fw_time,primal,dual_gap,smallest_dual_gap,iterations
5,1000000,194.104383377,185.825753179,1.024159871831171,9.549990795821445e-8,9.549990795908181e-8,22
