seed,dimension,time,fw_time,primal,dual_gap,smallest_dual_gap,iterations
5,810000,2686.944539884,2676.256444254,0.8997991332448799,3.356815742950117e-7,9.837178740253888e-8,179
