seed,dimension,time,fw_time,primal,dual_gap,smallest_dual_gap,iterations
5,1000000,506.18367214,500.575859031,1.024159887002469,6.557335006235343e-8,8.498220648283511e-8,61
