seed,dimension,time,fw_time,primal,dual_gap,smallest_dual_gap,iterations
1,10000,3.189503205,3.167853604,1.236662891288381,1.4619831555096052e-7,9.940282354181651e-8,1606
