seed,dimension,time,fw_time,primal,dual_gap,smallest_dual_gap,iterations
2,360000,1.468449703,1.467551435,0.9371126331449176,3.0322015433237315e-8,0.0,0
