seed,dimension,time,fw_time,primal,dual_gap,smallest_dual_gap,iterations,average_iter,std_iter
4,640000,92.372236445,85.165990791,1.006972516370968,5.9358178824443775e-8,8.647727264658733e-8,9,0.2222222222222222,0.44095855184409843
