seed,dimension,time,fw_time,primal,dual_gap,smallest_dual_gap,iterations,average_iter,std_iter
5,360000,43.103461611,42.349080205,1.018041794320598,7.95892194250386e-8,7.520569876573457e-8,48,0.14583333333333334,0.4120309497429765
