seed,dimension,time,fw_time,primal,dual_gap,smallest_dual_gap,iterations
4,810000,317.927185928,310.046910226,0.9958895488609687,5.261388790617216e-8,5.2613887907906887e-8,25
