seed,dimension,time,fw_time,primal,dual_gap,smallest_dual_gap,iterations
2,1000000,3637.592402891,3630.116173207,0.9692773198829256,1.3392257115253658e-7,1.1637731127216167e-7,343
