seed,dimension,time,fw_time,primal,dual_gap,smallest_dual_gap,iterations
5,90000,2.342802654,2.013758854,1.055875216238454,1.8738362406872655e-8,1.8738362406872655e-8,4
