seed,dimension,time,fw_time,primal,dual_gap,smallest_dual_gap,iterations
5,10000,0.017305252,0.014552314,0.8882113278579955,3.2238792087302404e-8,3.22387920942413e-8,7
