seed,dimension,time,fw_time,primal,dual_gap,smallest_dual_gap,iterations
5,90000,2.606703666,2.261063133,1.055875211641453,1.2789084818942698e-8,1.2789084812003804e-8,4
