seed,dimension,time,fw_time,primal,dual_gap,smallest_dual_gap,iterations
2,40000,2.691321046,2.476908577,0.8815985236224761,3.428509268849078e-8,7.456836587788063e-8,4
