seed,dimension,time,fw_time,primal,dual_gap,smallest_dual_gap,iterations
4,250000,1.304407426,1.303589516,0.9260927979690895,3.530805069498766e-8,0.0,0
