seed,dimension,time,fw_time,primal,dual_gap,smallest_dual_gap,iterations
4,90000,152.432400443,152.238419528,1.004702491778759,9.165034347072276e-8,8.962214505248145e-8,378
