seed,dimension,time,fw_time,primal,dual_gap,smallest_dual_gap,iterations
3,160000,0.692412445,0.691827808,1.0219146377535624,3.580465280338119e-8,0.0,0
