seed,dimension,time,fw_time,primal,dual_gap,iterations
1,160000,3.156421701,3.026017084,0.9192244111812048,6.581351576391559e-8,0
