seed,dimension,time,fw_time,primal,dual_gap,smallest_dual_gap,iterations,average_iter,std_iter
4,490000,3628.968469806,3621.152588789,0.946820384250991,4.823133183257111e-7,2.8008706682777773e-7,376,0.15159574468085107,0.35910645609416525
