seed,dimension,time,fw_time,primal,dual_gap,smallest_dual_gap,iterations
5,250000,4.471725799,4.042250369,1.0678900464199348,3.151920785135487e-9,3.1519207729924226e-9,3
