seed,dimension,time,fw_time,primal,dual_gap,smallest_dual_gap,iterations
3,1000000,74.14438015,65.088958791,0.9952471468978895,6.853849840535858e-8,8.07500861420285e-8,6
