seed,dimension,time,fw_time,primal,dual_gap,smallest_dual_gap,iterations
2,1000000,3061.654396309,3051.476689926,0.9692773304493703,1.3550185226814115e-7,9.67626761182172e-8,283
