seed,dimension,time,fw_time,primal,dual_gap,smallest_dual_gap,iterations
5,40000,4.264197964,4.061657441,0.9841336105542455,1.691881656266936e-7,4.4711208749270703e-8,6
