seed,dimension,time,fw_time,primal,dual_gap,smallest_dual_gap,iterations
5,10000,0.018237153,0.01513797,0.8882113306742928,5.368797077048848e-8,5.368797084681631e-8,21
