seed,dimension,time,fw_time,primal,dual_gap,smallest_dual_gap,iterations
2,810000,336.826466403,320.991982024,1.0274142174152374,1.724647675626495e-8,8.406469383537979e-8,25
