seed,dimension,time,fw_time,primal,dual_gap,iterations
4,40000,385.388366488,385.089777843,0.8999787308396022,4.1248872776830647e-7,1617
