seed,dimension,time,fw_time,primal,dual_gap,smallest_dual_gap,iterations
5,1000000,259.89646825,250.465186436,1.0241598672679213,8.607525084011747e-8,9.357803257368374e-8,24
