seed,dimension,time,fw_time,primal,dual_gap,smallest_dual_gap,iterations
2,40000,129.551829333,129.348035027,0.8815985349054769,3.537921212267564e-6,9.778131583940142e-8,1559
