seed,dimension,time,fw_time,primal,dual_gap,smallest_dual_gap,iterations
4,90000,205.500439564,205.294335957,1.00470250893692,1.0098979475597902e-7,9.434373789488082e-8,408
