seed,dimension,time,fw_time,primal,dual_gap,smallest_dual_gap,iterations
4,40000,533.956408691,533.726969376,0.8999787283727779,2.0063037505999026e-7,9.852990951950136e-8,1360
