seed,dimension,time,fw_time,primal,dual_gap,smallest_dual_gap,iterations
2,490000,18.440342554,18.439410446,1.0028010904119082,3.8190061822998556e-8,0.0,0
