seed,dimension,time,fw_time,primal,dual_gap,smallest_dual_gap,iterations,average_iter,std_iter
1,1000000,403.705789507,392.832507981,1.0518261215049587,9.991627717038931e-8,7.502119726658651e-8,23,0.17391304347826086,0.3875533878815898
