seed,dimension,time,fw_time,primal,dual_gap,smallest_dual_gap,iterations
5,10000,0.018632918,0.015798428,0.8882113524578111,9.005958683666604e-8,9.005958681584936e-8,20
