seed,dimension,time,fw_time,primal,dual_gap,smallest_dual_gap,iterations,average_iter,std_iter
5,1000000,223.112331734,212.69214729,1.0241598713333402,9.446003256408791e-8,9.446003257276153e-8,22,0.047619047619047616,0.21821789023599242
