seed,dimension,time,fw_time,primal,dual_gap,smallest_dual_gap,iterations
1,490000,228.556603427,220.781512121,1.0809101299472057,2.6158750152105448e-8,2.61587501781263e-8,26
