seed,dimension,time,fw_time,primal,dual_gap,smallest_dual_gap,iterations,average_iter,std_iter
4,360000,8.524380138,8.085722595,0.9543739354754862,7.372649548677279e-8,7.372649548677279e-8,9,NaN,NaN
