seed,dimension,time,fw_time,primal,dual_gap,smallest_dual_gap,iterations
1,490000,291.444413334,282.528506025,1.0809101305421207,2.5374260536475957e-8,2.5374260559027362e-8,36
