seed,dimension,time,fw_time,primal,dual_gap,smallest_dual_gap,iterations
1,640000,92.936530245,82.969058867,0.9643446795359908,2.45945753449793e-7,7.418233807700986e-8,8
