seed,dimension,time,fw_time,primal,dual_gap,smallest_dual_gap,iterations
4,40000,282.163391965,281.94931157,0.8999787312322437,2.607720920033696e-7,9.901618774205145e-8,1619
