seed,dimension,time,fw_time,primal,dual_gap,smallest_dual_gap,iterations
2,490000,28.747165787,23.003845798,1.0028010895274395,3.706001782018131e-8,3.706001780803825e-8,3
