seed,dimension,time,fw_time,primal,dual_gap,smallest_dual_gap,iterations
2,90000,0.408475424,0.407873882,0.8570335124555922,5.957780166779281e-8,0.0,0
