seed,dimension,time,fw_time,primal,dual_gap,smallest_dual_gap,iterations
4,40000,763.896405071,763.749397132,0.899978730962529,3.6711291192398354e-7,9.677272419170158e-8,1601
