seed,dimension,time,fw_time,primal,dual_gap,smallest_dual_gap,iterations
1,640000,152.328411806,144.203948822,0.9643446796397446,2.1168432942555299e-7,7.31116833272566e-8,13
