seed,dimension,time,fw_time,primal,dual_gap,smallest_dual_gap,iterations
1,90000,718.164466556,717.592894282,0.9879848890046764,1.1506691988821816e-7,9.977320776163867e-8,1256
