seed,dimension,time,fw_time,primal,dual_gap,smallest_dual_gap,iterations
1,360000,27.516396512,27.092754015,0.9218505026186835,3.0998788395734944e-7,8.899030957791598e-8,18
