seed,dimension,time,fw_time,primal,dual_gap,smallest_dual_gap,iterations
1,360000,2983.59505259,2983.175983135,0.9218505012049384,4.409368631538846e-7,9.971195648848796e-8,6907
