seed,dimension,time,fw_time,primal,dual_gap,smallest_dual_gap,iterations
5,640000,136.684448186,129.41847302,1.0100714352679652,1.0453352806191057e-7,5.4628769828070356e-8,14
