seed,dimension,time,fw_time,primal,dual_gap,iterations
3,810000,392.640412184,384.672024,0.9251184894179973,2.3415717992185392e-7,46
