seed,dimension,time,fw_time,primal,dual_gap,smallest_dual_gap,iterations
5,810000,3670.85615828,3660.971971966,0.89980119409743,2.807187990062389e-6,4.830945042120019e-6,282
