seed,dimension,time,fw_time,primal,dual_gap,smallest_dual_gap,iterations
4,1000000,3620.179985108,3613.771952544,0.9749707502402869,1.2008554145575764e-6,1.5095661882414887e-6,466
