seed,dimension,time,fw_time,primal,dual_gap,smallest_dual_gap,iterations
4,490000,3629.664507365,3620.52659033,0.9468204179392038,2.3968182516313774e-7,5.593601411640892e-7,369
