seed,dimension,time,fw_time,primal,dual_gap,smallest_dual_gap,iterations
2,250000,1.96466909,1.963462937,0.9139232833872207,5.367944158445048e-8,0.0,0
