seed,dimension,time,fw_time,primal,dual_gap,smallest_dual_gap,iterations
5,250000,1.68039722,1.679713045,1.0678900451898856,1.7348599102434692e-9,0.0,0
