seed,dimension,time,fw_time,primal,dual_gap,smallest_dual_gap,iterations
4,360000,9.932434181,9.446876759,0.9543739354754862,7.372649550065058e-8,7.372649547462973e-8,10
