seed,dimension,time,fw_time,primal,dual_gap,smallest_dual_gap,iterations
4,10000,0.005256196,0.005023051,0.8282947813007319,4.240601447075276e-8,0.0,0
