seed,dimension,time,fw_time,primal,dual_gap,smallest_dual_gap,iterations
5,490000,43.651344634,32.870302388,0.9716240582909184,2.2970597177845997e-9,2.2970596952331945e-9,3
