seed,dimension,time,fw_time,primal,dual_gap,smallest_dual_gap,iterations
4,90000,246.500301064,246.169201486,1.0047025065069541,1.0067144279313212e-7,9.579053163871754e-8,414
