seed,dimension,time,fw_time,primal,dual_gap,smallest_dual_gap,iterations
2,90000,3.740317993,3.433446671,0.8570335229143083,7.822573495387675e-8,7.822573495214202e-8,7
