seed,dimension,time,fw_time,primal,dual_gap,smallest_dual_gap,iterations,average_iter,std_iter
5,10000,0.018613771,0.01604589,0.8882113278581129,4.432325533682002e-8,4.432325538539228e-8,8,0.14285714285714285,0.37796447300922725
