seed,dimension,time,fw_time,primal,dual_gap,smallest_dual_gap,iterations
1,160000,3.236479653,3.102932377,0.9192244111487922,7.173702151752614e-8,0.0,0
