seed,dimension,time,fw_time,primal,dual_gap,smallest_dual_gap,iterations
2,160000,8.276423228,7.929230425,0.9693511890745541,4.217171838995226e-8,9.324247071500202e-8,13
