seed,dimension,time,fw_time,primal,dual_gap,smallest_dual_gap,iterations
1,1000000,344.664465128,332.365548268,1.0518261234343385,9.722349042333434e-8,9.722349043027323e-8,17
