seed,dimension,time,fw_time,primal,dual_gap,smallest_dual_gap,iterations
2,10000,0.003925453,0.003734476,1.145384781249499,1.1560895976647778e-8,0.0,0
