seed,dimension,time,fw_time,primal,dual_gap,smallest_dual_gap,iterations
5,90000,0.916453453,0.915848792,1.0558752151679427,1.7367054409161975e-8,0.0,0
