seed,dimension,time,fw_time,primal,dual_gap,smallest_dual_gap,iterations
1,490000,335.84441543,327.775801215,1.0809101304643933,4.194914069756417e-8,4.194914068195166e-8,37
