seed,dimension,time,fw_time,primal,dual_gap,smallest_dual_gap,iterations,average_iter,std_iter
5,640000,108.50560102,101.596003233,1.0100714371398807,8.231698109869429e-8,5.099515102465618e-8,12,0.16666666666666666,0.3892494720807615
