seed,dimension,time,fw_time,primal,dual_gap,smallest_dual_gap,iterations
5,160000,93.838921812,93.406090765,1.107612638404119,1.737327295515262e-7,9.618990607154765e-8,159
