seed,dimension,time,fw_time,primal,dual_gap,smallest_dual_gap,iterations
3,640000,579.862744528,571.563981862,0.9727412091259434,8.25882770557479e-8,9.370019052670764e-8,80
