seed,dimension,time,fw_time,primal,dual_gap,smallest_dual_gap,iterations,average_iter,std_iter
1,360000,28.538969573,28.020078497,0.9218505008219967,2.5353038539573103e-7,9.485146350816931e-8,27,0.14814814814814814,0.3620139928982457
