seed,dimension,time,fw_time,primal,dual_gap,smallest_dual_gap,iterations
3,810000,368.650850476,357.548220942,0.9251184683963066,6.781516237626406e-8,6.781516237019253e-8,30
