seed,dimension,time,fw_time,primal,dual_gap,smallest_dual_gap,iterations
4,1000000,139.760422377,133.124632642,0.9749707827915348,6.705537475108769e-8,6.705537474067935e-8,16
