seed,dimension,time,fw_time,primal,dual_gap,smallest_dual_gap,iterations
2,1000000,3641.787813597,3631.919928723,0.9692783814954126,1.6844565522301097e-6,4.682797658854543e-6,365
