seed,dimension,time,fw_time,primal,dual_gap,smallest_dual_gap,iterations
4,90000,1027.082663137,1026.855996083,1.0047024876131647,1.4625017960914755e-7,8.46577987989594e-8,12592
