seed,dimension,time,fw_time,primal,dual_gap,smallest_dual_gap,iterations
2,640000,56.420133059,50.976027107,1.0051529076232526,2.771517844477739e-8,2.771517844044058e-8,6
