seed,dimension,time,fw_time,primal,dual_gap,smallest_dual_gap,iterations
1,1000000,331.288270895,319.935070964,1.051826123819754,8.647249061938256e-8,7.184445425124225e-8,22
