seed,dimension,time,fw_time,primal,dual_gap,smallest_dual_gap,iterations
4,810000,293.896533618,283.071214394,0.9958895512539833,5.569408663072539e-8,5.5694086627255945e-8,23
