seed,dimension,time,fw_time,primal,dual_gap,smallest_dual_gap,iterations
4,160000,10.020277782,9.446047956,0.9722195056480282,8.94549949514295e-8,8.342339925977715e-8,16
