seed,dimension,time,fw_time,primal,dual_gap,smallest_dual_gap,iterations
5,810000,2699.140464706,2687.112949437,0.8997991385210207,2.6711819910239104e-7,9.413775056699158e-8,184
