seed,dimension,time,fw_time,primal,dual_gap,smallest_dual_gap,iterations
1,90000,638.812447926,638.282831626,0.9879848856564671,1.2315186056002791e-7,9.872025944629437e-8,1289
