seed,dimension,time,fw_time,primal,dual_gap,smallest_dual_gap,iterations
3,640000,125.684015306,116.128052542,0.9727411619710487,8.934016343040141e-8,4.643904688399203e-8,12
