seed,dimension,time,fw_time,primal,dual_gap,smallest_dual_gap,iterations
1,360000,19.472546336,18.872095173,0.9218505024705989,1.6073173443424682e-7,7.634430621884791e-8,16
