seed,dimension,time,fw_time,primal,dual_gap,smallest_dual_gap,iterations
5,1000000,334.604330546,323.837457866,1.024159857936615,6.577924589138556e-8,8.415187134624968e-8,32
