seed,dimension,time,fw_time,primal,dual_gap,smallest_dual_gap,iterations
5,160000,140.248434127,139.792969014,1.1076126605619594,1.7921839808032747e-7,8.414921856547686e-8,205
