seed,dimension,time,fw_time,primal,dual_gap,smallest_dual_gap,iterations
1,640000,142.79138096,133.529996026,0.9643446786105703,2.470777525987247e-7,7.293095531483995e-8,10
