seed,dimension,time,fw_time,primal,dual_gap,smallest_dual_gap,iterations
5,490000,23.204432562,23.203346724,0.9716240577063808,1.6011493788811726e-9,0.0,0
