seed,dimension,time,fw_time,primal,dual_gap,smallest_dual_gap,iterations
3,160000,0.912386432,0.911811704,1.021914640803328,3.9278573522177895e-8,0.0,0
