seed,dimension,time,fw_time,primal,dual_gap,smallest_dual_gap,iterations
4,490000,3629.845972102,3619.751253385,0.9468203870720396,1.671856216618403e-7,1.7899898044956147e-7,371
