seed,dimension,time,fw_time,primal,dual_gap,smallest_dual_gap,iterations
2,250000,1.330923492,1.330174786,0.9139232833815056,7.7703463729345e-8,0.0,0
