seed,dimension,time,fw_time,primal,dual_gap,smallest_dual_gap,iterations
1,90000,315.756439357,315.258874515,0.9879848856564667,1.231518604108417e-7,9.872025933527206e-8,1275
