seed,dimension,time,fw_time,primal,dual_gap,smallest_dual_gap,iterations
3,160000,3.857743234,3.369595865,1.021914637744211,3.5844117920319496e-8,3.5844117925523666e-8,3
