seed,dimension,time,fw_time,primal,dual_gap,smallest_dual_gap,iterations,average_iter,std_iter
2,40000,8.376462212,8.237353901,0.8815985179399917,4.7846460869693797e-8,4.784646085234656e-8,32,0.16129032258064516,0.373878250552983
