seed,dimension,time,fw_time,primal,dual_gap,smallest_dual_gap,iterations
3,640000,96.416379723,88.842382972,0.9727411621317436,1.3225062400062937e-7,2.7322125519500806e-8,10
