seed,dimension,time,fw_time,primal,dual_gap,smallest_dual_gap,iterations
1,490000,298.061857291,290.213360892,1.0809101295192707,2.6537480003405167e-8,2.6537479992996826e-8,29
