seed,dimension,time,fw_time,primal,dual_gap,smallest_dual_gap,iterations
2,810000,498.652431461,480.77698775,1.0274142174843819,1.77712586478182e-8,8.612993805841296e-8,23
