seed,dimension,time,fw_time,primal,dual_gap,smallest_dual_gap,iterations
5,810000,2126.500421072,2115.17051367,0.8997991498239256,2.131898570838231e-7,9.684646148921949e-8,159
