seed,dimension,time,fw_time,primal,dual_gap,smallest_dual_gap,iterations
1,90000,384.300506239,383.845879061,0.9879848841630531,1.1858961698058001e-7,9.993288182727489e-8,853
