seed,dimension,time,fw_time,primal,dual_gap,smallest_dual_gap,iterations
5,490000,24.183096313,24.18195442,0.9716240579563977,1.901020503340678e-9,0.0,0
