seed,dimension,time,fw_time,primal,dual_gap,smallest_dual_gap,iterations,average_iter,std_iter
3,40000,18.820393192,18.614238189,0.9154352450731743,1.259902694776549e-7,9.960130281302937e-8,77,0.15584415584415584,0.3650859691452305
