seed,dimension,time,fw_time,primal,dual_gap,smallest_dual_gap,iterations
3,810000,355.892053935,347.431001817,0.9251184744013604,1.1269953662483567e-7,7.804492270935964e-8,32
