seed,dimension,time,fw_time,primal,dual_gap,smallest_dual_gap,iterations
1,1000000,448.653919941,436.53354811,1.0518261237509399,9.813745552311737e-8,8.468901172096338e-8,24
