seed,dimension,time,fw_time,primal,dual_gap,smallest_dual_gap,iterations
1,810000,427.380462136,419.061631679,1.0441476094311362,8.531233753380357e-8,9.850949247384305e-8,40
