seed,dimension,time,fw_time,primal,dual_gap,smallest_dual_gap,iterations
4,810000,256.50445647,247.663174543,0.99588955007192,6.748949610193428e-8,6.7489496103669e-8,20
