seed,dimension,time,fw_time,primal,dual_gap,smallest_dual_gap,iterations
2,640000,39.571353604,33.468635877,1.0051529087084392,2.8984427954091563e-8,2.8984427966234627e-8,3
