seed,dimension,time,fw_time,primal,dual_gap,smallest_dual_gap,iterations
4,10000,0.005512237,0.00526709,0.8282947813007319,4.240601447075276e-8,0.0,0
