seed,dimension,time,fw_time,primal,dual_gap,smallest_dual_gap,iterations
4,160000,1.03240644,1.03166722,0.9722194711571853,4.843892754957668e-8,0.0,0
