seed,dimension,time,fw_time,primal,dual_gap,smallest_dual_gap,iterations
4,490000,3629.267022763,3621.545541926,0.9468204923204847,3.24018897825476e-7,6.61864049909637e-7,371
