seed,dimension,time,fw_time,primal,dual_gap,smallest_dual_gap,iterations
1,810000,462.244462713,452.082016007,1.0441476098491205,1.0399136836022893e-7,9.849788877407117e-8,38
