seed,dimension,time,fw_time,primal,dual_gap,iterations
4,10000,0.004146543,0.00396954,0.8282948044605297,8.23098070951156e-8,0
