seed,dimension,time,fw_time,primal,dual_gap,smallest_dual_gap,iterations
5,250000,1.336432541,1.335704261,1.0678900459622291,2.6245737996116736e-9,0.0,0
