seed,dimension,time,fw_time,primal,dual_gap,smallest_dual_gap,iterations,average_iter,std_iter
1,90000,297.372430697,296.808297858,0.9879848865782387,1.2129482561060168e-7,9.948086553135393e-8,1234,0.15316045380875204,0.3625321802201439
