seed,dimension,time,fw_time,primal,dual_gap,smallest_dual_gap,iterations
2,810000,236.144486448,224.106680756,1.027414217414214,1.4429133514751169e-8,7.710648748399801e-8,16
