seed,dimension,time,fw_time,primal,dual_gap,smallest_dual_gap,iterations
2,640000,19.836360322,19.83510997,1.0051529050070185,2.463144197373951e-8,0.0,0
