seed,dimension,time,fw_time,primal,dual_gap,smallest_dual_gap,iterations
4,90000,285.556386105,285.339369745,1.0047024846265864,1.5015891850073126e-7,9.999875705268835e-8,701
