seed,dimension,time,fw_time,primal,dual_gap,smallest_dual_gap,iterations
4,10000,0.00388513,0.003711159,0.828294804459157,7.131723383374533e-8,0.0,0
