seed,dimension,time,fw_time,primal,dual_gap,smallest_dual_gap,iterations
2,40000,9.616401423,9.325697987,0.8815985238971538,2.7734728642175854e-8,8.30191247865042e-8,13
