seed,dimension,time,fw_time,primal,dual_gap,smallest_dual_gap,iterations
4,90000,191.500461876,191.180698952,1.004702501982009,9.747936653009548e-8,9.382810060507007e-8,396
