seed,dimension,time,fw_time,primal,dual_gap,smallest_dual_gap,iterations
5,1000000,152.036437938,142.035115146,1.0241598362732758,2.243495914565352e-8,5.447676052188627e-8,12
