seed,dimension,time,fw_time,primal,dual_gap,smallest_dual_gap,iterations,average_iter,std_iter
3,1000000,67.348426386,57.456468119,0.9952471461498308,6.730103956336525e-8,7.9342337582812e-8,5,0.2,0.447213595499958
