seed,dimension,time,fw_time,primal,dual_gap,smallest_dual_gap,iterations,average_iter,std_iter
3,360000,14.056386406,13.459697111,0.8944484448759417,5.749929164744483e-8,5.7499291635301764e-8,15,0.14285714285714285,0.3631365196012815
