seed,dimension,time,fw_time,primal,dual_gap,smallest_dual_gap,iterations,average_iter,std_iter
4,40000,396.471506794,396.32534403,0.8999787113874773,2.2602638368590666e-7,9.68738845495698e-8,1567,0.15188257817485643,0.35902161145705563
