seed,dimension,time,fw_time,primal,dual_gap,smallest_dual_gap,iterations
3,250000,1.580449167,1.579563609,1.076520022850928,5.703050953362321e-8,0.0,0
