seed,dimension,time,fw_time,primal,dual_gap,smallest_dual_gap,iterations
4,250000,45.568193638,45.127979095,0.926093886426111,0.00011613959719573505,3.7291683522427954e-8,115
