seed,dimension,time,fw_time,primal,dual_gap,smallest_dual_gap,iterations
4,810000,307.483208924,298.601615814,0.9958895509490858,5.249218021970842e-8,5.2492180224045226e-8,26
