seed,dimension,time,fw_time,primal,dual_gap,smallest_dual_gap,iterations
5,160000,202.364452386,201.993079215,1.107612641708017,3.5124302381374373e-7,8.490155563659063e-8,210
