seed,dimension,time,fw_time,primal,dual_gap,smallest_dual_gap,iterations
5,360000,39.668459349,39.006338207,1.0180417969329674,6.50031624273989e-8,9.381961622000057e-8,33
