seed,dimension,time,fw_time,primal,dual_gap,smallest_dual_gap,iterations,average_iter,std_iter
1,90000,302.74044843,302.350203912,0.9879848884614971,1.1329492483405645e-7,9.969807796689212e-8,1031,0.15227934044616878,0.35946581666337546
