seed,dimension,time,fw_time,primal,dual_gap,smallest_dual_gap,iterations
3,250000,15.719942443,15.251197426,1.0765200301575228,7.270255847520446e-8,9.591505529919775e-8,12
