seed,dimension,time,fw_time,primal,dual_gap,smallest_dual_gap,iterations
5,250000,0.968456051,0.96767717,1.0678900458355707,2.478335594038872e-9,0.0,0
