seed,dimension,time,fw_time,primal,dual_gap,smallest_dual_gap,iterations,average_iter,std_iter
5,1000000,330.227790827,323.063126131,1.0241598503723692,4.962618924131412e-8,7.537299461738561e-8,37,0.05405405405405406,0.22924343513512563
