seed,dimension,time,fw_time,primal,dual_gap,smallest_dual_gap,iterations
4,250000,5.216414636,4.820615561,0.9260927985157317,4.034576026566705e-8,8.131544115483336e-8,3
