seed,dimension,time,fw_time,primal,dual_gap,smallest_dual_gap,iterations
2,810000,295.124458471,283.993533956,1.027414217502934,1.1329475915582143e-8,5.994417674130142e-8,22
