seed,dimension,time,fw_time,primal,dual_gap,smallest_dual_gap,iterations
2,40000,6.156359561,5.697514561,0.8815985236226203,1.6596382382966235e-8,8.061630111383389e-8,10
