seed,dimension,time,fw_time,primal,dual_gap,iterations
1,40000,2.716430854,2.581612587,0.9719550746251869,5.750307903451546e-9,0
