seed,dimension,time,fw_time,primal,dual_gap,smallest_dual_gap,iterations
1,160000,12.97227774,12.269557754,0.919224407221049,6.376957935316785e-8,6.33593421357076e-8,13
