seed,dimension,time,fw_time,primal,dual_gap,smallest_dual_gap,iterations,average_iter,std_iter
3,250000,12.956044262,12.436858032,1.076520034246277,7.251615620831875e-8,7.888978249652456e-8,13,0.15384615384615385,0.37553380809940534
