seed,dimension,time,fw_time,primal,dual_gap,smallest_dual_gap,iterations,average_iter,std_iter
3,90000,3.630603501,3.360906856,0.9517978442658163,2.7996835186977487e-8,2.7996835180038593e-8,5,0.0,0.0
