seed,dimension,time,fw_time,primal,dual_gap,smallest_dual_gap,iterations
2,90000,0.922980934,0.922422753,0.8570335113787193,5.869635393007666e-8,0.0,0
