seed,dimension,time,fw_time,primal,dual_gap,smallest_dual_gap,iterations
4,40000,850.588390611,850.433248607,0.8999787293146297,3.37041656306436e-7,9.703454651593946e-8,1717
