seed,dimension,time,fw_time,primal,dual_gap,smallest_dual_gap,iterations
2,1000000,3632.692491119,3624.230432487,0.9692773513685112,1.0428167730898441e-7,1.4147476555363692e-7,329
