seed,dimension,time,fw_time,primal,dual_gap,smallest_dual_gap,iterations,average_iter,std_iter
3,810000,485.344458123,476.773009916,0.9251184894179973,2.3415717992185392e-7,8.632273937499158e-8,46,NaN,NaN
