seed,dimension,time,fw_time,primal,dual_gap,iterations
1,1000000,356.736458468,344.522164537,1.05182612213823,1.0008718391487509e-7,21
