seed,dimension,time,fw_time,primal,dual_gap,smallest_dual_gap,iterations
3,40000,0.964403977,0.816973107,0.9154352330684956,2.2729972391430375e-7,8.903482958191877e-8,2
