seed,dimension,time,fw_time,primal,dual_gap,smallest_dual_gap,iterations,average_iter,std_iter
4,1000000,147.631007247,140.172141119,0.974970782210604,6.470785856964312e-8,6.470785859219452e-8,16,0.13333333333333333,0.35186577527449836
