seed,dimension,time,fw_time,primal,dual_gap,smallest_dual_gap,iterations
4,360000,13.407344385,12.334424142,0.9543739250967624,8.697802520579723e-8,8.697802523181808e-8,17
