seed,dimension,time,fw_time,primal,dual_gap,smallest_dual_gap,iterations
5,810000,2499.347326785,2488.225480391,0.8997991400982533,4.47659724204727e-7,9.429909460061114e-8,174
