seed,dimension,time,fw_time,primal,dual_gap,iterations
2,10000,0.004739061,0.004547629,1.145384772868937,1.2667261475862723e-9,0
