seed,dimension,time,fw_time,primal,dual_gap,smallest_dual_gap,iterations
2,360000,3.542615235,3.074806066,0.9371126343504095,3.193363958507722e-8,3.1933639592016116e-8,3
