seed,dimension,time,fw_time,primal,dual_gap,smallest_dual_gap,iterations
3,250000,6.512376975,6.033262532,1.0765200390907332,7.942273266142719e-8,7.942273266316191e-8,5
