seed,dimension,time,fw_time,primal,dual_gap,smallest_dual_gap,iterations
5,10000,0.01924896,0.016240643,0.8882113263073476,2.1149714209134363e-8,7.17067498504087e-8,6
