seed,dimension,time,fw_time,primal,dual_gap,smallest_dual_gap,iterations
4,40000,865.103577298,864.823516141,0.8999787195912387,4.394696301208978e-7,9.362771504969891e-8,1624
