seed,dimension,time,fw_time,primal,dual_gap,smallest_dual_gap,iterations
3,10000,0.004548427,0.004323054,1.151619817631545,2.3148833364072807e-8,0.0,0
