seed,dimension,time,fw_time,primal,dual_gap,smallest_dual_gap,iterations
4,490000,3634.063597406,3625.51859162,0.9468205129577515,6.806989772322955e-7,2.8517427865231565e-7,379
