seed,dimension,time,fw_time,primal,dual_gap,smallest_dual_gap,iterations
2,490000,16.820527482,16.819153027,1.0028010917881616,3.987024152322938e-8,0.0,0
