seed,dimension,time,fw_time,primal,dual_gap,smallest_dual_gap,iterations
5,90000,0.700389176,0.699908811,1.0558752136964207,1.5450930982569e-8,0.0,0
