seed,dimension,time,fw_time,primal,dual_gap,smallest_dual_gap,iterations
4,360000,197.483541905,197.124055985,0.9543739526399264,6.258398490473563e-6,9.609706238568327e-8,474
