seed,dimension,time,fw_time,primal,dual_gap,smallest_dual_gap,iterations
2,40000,0.656395212,0.655906727,0.8815985238971539,2.7734728649114748e-8,0.0,0
