seed,dimension,time,fw_time,primal,dual_gap,iterations
2,640000,18.664454569,18.663311595,1.0051528843929307,6.925517069544807e-10,0
