seed,dimension,time,fw_time,primal,dual_gap,smallest_dual_gap,iterations,average_iter,std_iter
2,40000,1.740380234,1.577977797,0.8815985238971539,2.7734728642175854e-8,8.301912482466811e-8,4,NaN,NaN
