seed,dimension,time,fw_time,primal,dual_gap,smallest_dual_gap,iterations
3,40000,45.220364568,44.993604767,0.9154352393999341,1.224652614942312e-7,9.843535518638813e-8,69
