seed,dimension,time,fw_time,primal,dual_gap,smallest_dual_gap,iterations
1,10000,3.203308657,3.181647792,1.2366628917819873,2.941467581313306e-7,9.968332029958171e-8,1977
