seed,dimension,time,fw_time,primal,dual_gap,smallest_dual_gap,iterations
2,490000,41.94595042,35.716011179,1.00280109089321,3.865779849704376e-8,3.86577984779618e-8,6
