seed,dimension,time,fw_time,primal,dual_gap,smallest_dual_gap,iterations
1,40000,2.712426045,2.681131221,0.9719551037480726,4.4984476112869265e-8,0.0,0
