seed,dimension,time,fw_time,primal,dual_gap,smallest_dual_gap,iterations
3,640000,94.564468359,88.333282873,0.9727411618729334,1.1442946382198699e-7,3.307389454237225e-8,9
