seed,dimension,time,fw_time,primal,dual_gap,smallest_dual_gap,iterations
5,1000000,286.652470634,277.995156884,1.0241598550258282,5.946992010213287e-8,8.428986595070825e-8,33
