seed,dimension,time,fw_time,primal,dual_gap,smallest_dual_gap,iterations
3,810000,327.892524068,315.393809978,0.9251184706955388,9.42910339182812e-8,9.429103393909788e-8,27
