seed,dimension,time,fw_time,primal,dual_gap,smallest_dual_gap,iterations
4,160000,0.840343164,0.839696564,0.9722195039172031,8.894780385154677e-8,0.0,0
