seed,dimension,time,fw_time,primal,dual_gap,smallest_dual_gap,iterations
5,10000,0.006886743,0.004138631,0.8882113285919749,2.484952181525113e-8,7.356809911956974e-8,3
