seed,dimension,time,fw_time,primal,dual_gap,smallest_dual_gap,iterations
2,160000,9.104495801,8.729028518,0.9693511892829493,8.61610048417602e-7,8.877515532759728e-8,11
