seed,dimension,time,fw_time,primal,dual_gap,smallest_dual_gap,iterations,average_iter,std_iter
2,810000,310.448676081,301.06117443,1.027414217502934,1.1329475915582143e-8,5.994417674130142e-8,22,0.13636363636363635,0.3512500866571044
