seed,dimension,time,fw_time,primal,dual_gap,smallest_dual_gap,iterations
2,810000,326.952724031,317.797125519,1.0274142174843819,1.777125864261403e-8,8.612993806361713e-8,23
