seed,dimension,time,fw_time,primal,dual_gap,smallest_dual_gap,iterations,average_iter,std_iter
4,90000,121.48651244,121.257820568,1.004702497698882,9.143158642699323e-8,9.04742289975502e-8,436,0.1536697247706422,0.3610461442166599
