seed,dimension,time,fw_time,primal,dual_gap,iterations
4,160000,0.696391591,0.69577301,0.9722194941478169,8.290303189772974e-8,0
