seed,dimension,time,fw_time,primal,dual_gap,smallest_dual_gap,iterations
3,810000,3636.436808944,3627.003956478,0.9251184688439912,5.105320955243325e-7,2.874887120924395e-6,386
