seed,dimension,time,fw_time,primal,dual_gap,smallest_dual_gap,iterations
3,10000,0.815385491,0.813235174,1.1516198751249647,8.203821481866935e-8,8.8328746553068e-8,1712
