seed,dimension,time,fw_time,primal,dual_gap,smallest_dual_gap,iterations
3,360000,23.154522132,22.453100459,0.8944484448934965,3.03472196382798e-8,3.9366939976956394e-8,29
