seed,dimension,time,fw_time,primal,dual_gap,iterations
3,10000,0.004160937,0.003978046,1.1516198121954653,1.683872634383743e-8,0
