seed,dimension,time,fw_time,primal,dual_gap,smallest_dual_gap,iterations,average_iter,std_iter
1,1000000,414.724518063,401.179546227,1.05182612213823,1.0008718391487509e-7,7.664385324058359e-8,21,NaN,NaN
