seed,dimension,time,fw_time,primal,dual_gap,smallest_dual_gap,iterations,average_iter,std_iter
3,40000,91.003438748,90.785142728,0.9154352480092317,9.29288968935793e-8,9.292889699072382e-8,296,0.14915254237288136,0.3568441042625137
