seed,dimension,time,fw_time,primal,dual_gap,smallest_dual_gap,iterations
2,360000,1.14837768,1.147578042,0.9371126336663325,3.113829288338421e-8,0.0,0
