seed,dimension,time,fw_time,primal,dual_gap,smallest_dual_gap,iterations
1,1000000,3662.198487979,3651.33201618,1.0518276211409041,4.045411872333378e-6,5.301969498688018e-6,220
