seed,dimension,time,fw_time,primal,dual_gap,smallest_dual_gap,iterations
5,640000,134.260390316,126.821434551,1.010071436961697,9.563108788104152e-8,9.563108786629637e-8,14
