seed,dimension,time,fw_time,primal,dual_gap,smallest_dual_gap,iterations
3,490000,3630.732455783,3623.476349398,0.9871767713984255,3.9142622304099567e-7,2.9798967310454977e-7,444
