seed,dimension,time,fw_time,primal,dual_gap,smallest_dual_gap,iterations
5,250000,1.068353627,1.067694659,1.0678900458747977,2.5233365206350777e-9,0.0,0
