seed,dimension,time,fw_time,primal,dual_gap,smallest_dual_gap,iterations
3,160000,2.798222761,2.377885176,1.0219146391904037,3.760045431781822e-8,3.7600454298736263e-8,3
