seed,dimension,time,fw_time,primal,dual_gap,smallest_dual_gap,iterations,average_iter,std_iter
4,810000,294.352628291,283.291685479,0.9958895506424466,5.6824285003115316e-8,5.68242850057174e-8,24,NaN,NaN
