seed,dimension,time,fw_time,primal,dual_gap,smallest_dual_gap,iterations
2,250000,1.316431767,1.315597518,0.9139232833872207,5.367944157230742e-8,0.0,0
