seed,dimension,time,fw_time,primal,dual_gap,smallest_dual_gap,iterations
4,90000,212.942910796,212.748141792,1.0047025074057683,1.0320371479285995e-7,9.611389040556362e-8,426
