seed,dimension,time,fw_time,primal,dual_gap,smallest_dual_gap,iterations
3,1000000,58.396395024,50.220148735,0.9952471473684347,6.889636973254898e-8,8.113663625079065e-8,5
