seed,dimension,time,fw_time,primal,dual_gap,smallest_dual_gap,iterations
5,360000,58.792532154,58.378074364,1.0180417940796298,7.929032770290223e-8,7.49260919401945e-8,40
