seed,dimension,time,fw_time,primal,dual_gap,smallest_dual_gap,iterations
5,160000,106.2804527,105.955170821,1.1076126384041183,1.7373272955673036e-7,9.618990612358935e-8,162
