seed,dimension,time,fw_time,primal,dual_gap,smallest_dual_gap,iterations
1,40000,2.901841477,2.835158547,0.9719551037480726,4.4984476078174795e-8,0.0,0
