seed,dimension,time,fw_time,primal,dual_gap,smallest_dual_gap,iterations,average_iter,std_iter
5,10000,0.038961568,0.035687791,0.8882113909764907,1.9273993484558716e-7,9.627886281282638e-8,21,0.14285714285714285,0.3585685828003181
