seed,dimension,time,fw_time,primal,dual_gap,smallest_dual_gap,iterations
2,10000,0.004810992,0.004563752,1.1453847907762877,2.3327193829358883e-8,0.0,0
