seed,dimension,time,fw_time,primal,dual_gap,smallest_dual_gap,iterations
5,640000,132.556435648,125.197587752,1.010071436961697,9.563108787757207e-8,9.563108787583735e-8,13
