seed,dimension,time,fw_time,primal,dual_gap,smallest_dual_gap,iterations
1,360000,29.112376604,28.606937725,0.921850502470599,1.607317343960829e-7,7.634430622752153e-8,21
