seed,dimension,time,fw_time,primal,dual_gap,smallest_dual_gap,iterations,average_iter,std_iter
1,250000,7.676343765,7.235508256,0.8644950267809028,3.450058347169438e-8,3.4500583480368e-8,5,0.0,0.0
