seed,dimension,time,fw_time,primal,dual_gap,smallest_dual_gap,iterations
4,10000,0.004797731,0.004579393,0.8282947849513361,5.326889355311559e-8,0.0,0
