seed,dimension,time,fw_time,primal,dual_gap,smallest_dual_gap,iterations
4,250000,3.348468466,2.752798639,0.9260927975213136,5.835944063420362e-8,9.664657858385328e-8,2
