seed,dimension,time,fw_time,primal,dual_gap,smallest_dual_gap,iterations
3,360000,21.544452006,21.046923283,0.8944484449410658,2.222137048500661e-8,2.2221370498884396e-8,17
