seed,dimension,time,fw_time,primal,dual_gap,smallest_dual_gap,iterations
3,90000,0.36040878,0.359901692,0.9517978450295036,2.9098397906490714e-8,0.0,0
