seed,dimension,time,fw_time,primal,dual_gap,smallest_dual_gap,iterations
1,360000,33.020404957,32.455393204,0.9218505022224727,1.0486782949133133e-7,8.2170462161954e-8,25
