seed,dimension,time,fw_time,primal,dual_gap,smallest_dual_gap,iterations
5,160000,2026.753955944,2026.435994949,1.107612617310984,3.8428163127296466e-7,9.994708523655693e-8,6793
