seed,dimension,time,fw_time,primal,dual_gap,smallest_dual_gap,iterations
3,640000,131.544677511,117.633273288,0.9727411620961675,9.381269772904682e-8,1.8735993319307642e-8,6
