seed,dimension,time,fw_time,primal,dual_gap,smallest_dual_gap,iterations,average_iter,std_iter
5,810000,2491.111559305,2478.913803855,0.8997991336966521,3.3713007118341826e-7,9.780515880953439e-8,181,0.15469613259668508,0.3626178604359999
