seed,dimension,time,fw_time,primal,dual_gap,smallest_dual_gap,iterations
3,90000,0.716456641,0.715897541,0.9517978474961638,3.2664080152483566e-8,0.0,0
