seed,dimension,time,fw_time,primal,dual_gap,smallest_dual_gap,iterations
3,640000,98.468423543,91.39967817,0.9727411620110348,1.3242047007967078e-7,2.7073612191529095e-8,11
