seed,dimension,time,fw_time,primal,dual_gap,smallest_dual_gap,iterations
4,640000,63.080412812,54.811011691,1.0069725213179148,6.46444750455194e-8,9.618495685689843e-8,6
