seed,dimension,time,fw_time,primal,dual_gap,smallest_dual_gap,iterations
1,640000,90.704533104,81.715221829,0.9643446795362582,2.4358451832656725e-7,7.418233806833624e-8,6
