seed,dimension,time,fw_time,primal,dual_gap,iterations
4,90000,242.728358949,242.511506508,1.0047024968601395,1.0377280774964692e-7,1041
