seed,dimension,time,fw_time,primal,dual_gap,smallest_dual_gap,iterations
5,360000,49.352440627,48.834766224,1.01804179407963,7.929032770463695e-8,7.49260919696848e-8,39
