seed,dimension,time,fw_time,primal,dual_gap,smallest_dual_gap,iterations
3,360000,36.175075092,35.723317937,0.8944484449514272,8.99382242153246e-8,8.708270962318188e-8,27
