seed,dimension,time,fw_time,primal,dual_gap,smallest_dual_gap,iterations
4,1000000,141.524362796,134.487813124,0.9749707841258776,6.474037363580348e-8,6.474037363580348e-8,16
