seed,dimension,time,fw_time,primal,dual_gap,smallest_dual_gap,iterations,average_iter,std_iter
1,640000,173.260409866,164.698354675,0.9643446295746535,7.778761313380345e-8,7.778761311992566e-8,15,0.14285714285714285,0.3631365196012815
