seed,dimension,time,fw_time,primal,dual_gap,smallest_dual_gap,iterations
5,360000,46.280426676,45.571546652,1.0180417962862642,7.22700370433399e-8,8.908413586146413e-8,37
