seed,dimension,time,fw_time,primal,dual_gap,smallest_dual_gap,iterations
5,160000,137.141524156,136.652619673,1.1076126175395913,1.4006315124555357e-7,9.159584456359948e-8,172
