seed,dimension,time,fw_time,primal,dual_gap,smallest_dual_gap,iterations
3,640000,64.352425538,56.702891877,0.9727411619739398,9.379078041212713e-8,1.8587295182170838e-8,6
