seed,dimension,time,fw_time,primal,dual_gap,smallest_dual_gap,iterations,average_iter,std_iter
1,490000,343.353512071,336.520637995,1.0809101305757844,2.4192604345177338e-8,2.4192604319156485e-8,33,0.15625,0.36890203262847354
