seed,dimension,time,fw_time,primal,dual_gap,smallest_dual_gap,iterations
1,360000,32.308478357,31.812535926,0.9218504815992333,2.1967100601212597e-7,8.928946060478282e-8,23
