seed,dimension,time,fw_time,primal,dual_gap,smallest_dual_gap,iterations
4,360000,10.896451059,10.343772003,0.9543739352404096,1.2688718454938186e-7,9.464385929656982e-8,8
