seed,dimension,time,fw_time,primal,dual_gap,smallest_dual_gap,iterations,average_iter,std_iter
2,1000000,3640.556466251,3632.301578377,0.9692773478318684,1.783545101486511e-7,1.0402903542067188e-7,350,0.14857142857142858,0.3561747008413755
