seed,dimension,time,fw_time,primal,dual_gap,smallest_dual_gap,iterations,average_iter,std_iter
3,360000,22.456213313,22.019053248,0.894448444969065,5.33601810358969e-8,7.053576834767372e-8,26,0.15384615384615385,0.36794648440311994
