seed,dimension,time,fw_time,primal,dual_gap,smallest_dual_gap,iterations
2,640000,39.835239578,32.094288387,1.0051529052287698,2.4888889484098176e-8,2.4888889493639155e-8,3
