seed,dimension,time,fw_time,primal,dual_gap,smallest_dual_gap,iterations
2,810000,315.459049112,304.558927984,1.027414217383612,1.436344247273541e-8,1.4363442483143751e-8,21
