seed,dimension,time,fw_time,primal,dual_gap,smallest_dual_gap,iterations
5,90000,0.952396355,0.951878335,1.055875214110479,1.5999031089536375e-8,0.0,0
