seed,dimension,time,fw_time,primal,dual_gap,smallest_dual_gap,iterations
4,810000,368.318083634,357.527876997,0.995889547781109,5.35466704630963e-8,5.3546670479576175e-8,27
