seed,dimension,time,fw_time,primal,dual_gap,smallest_dual_gap,iterations
3,1000000,74.756427405,64.929297381,0.995247147578836,6.387154837927261e-8,6.38715484000893e-8,5
