seed,dimension,time,fw_time,primal,dual_gap,smallest_dual_gap,iterations
4,360000,19.536034871,19.045199844,0.9543739347964482,1.274674776615553e-7,9.387344844687118e-8,16
