seed,dimension,time,fw_time,primal,dual_gap,smallest_dual_gap,iterations
3,160000,0.800479984,0.799831977,1.021914640803328,3.9278573522177895e-8,0.0,0
