seed,dimension,time,fw_time,primal,dual_gap,smallest_dual_gap,iterations
3,490000,3629.327606183,3621.241758789,0.9871767944294575,4.3189117350343753e-7,3.192764098623735e-7,395
