seed,dimension,time,fw_time,primal,dual_gap,smallest_dual_gap,iterations,average_iter,std_iter
1,490000,235.51239163,227.430143563,1.0809101334744529,2.907160129815567e-8,7.044897138049067e-8,30,0.13333333333333333,0.3457459036417605
