seed,dimension,time,fw_time,primal,dual_gap,smallest_dual_gap,iterations
5,160000,204.124204733,203.725232159,1.1076126583646175,2.533989738699727e-7,7.681416188884405e-8,169
