seed,dimension,time,fw_time,primal,dual_gap,smallest_dual_gap,iterations
5,1000000,119.684363896,109.588047607,1.024159834693599,1.887681890053866e-8,8.942350572006819e-8,11
