seed,dimension,time,fw_time,primal,dual_gap,smallest_dual_gap,iterations
1,640000,180.195176413,173.585748303,0.9643446787056092,2.1209378321587063e-7,7.203598791083454e-8,15
