seed,dimension,time,fw_time,primal,dual_gap,smallest_dual_gap,iterations
2,640000,29.675262895,24.431994249,1.0051529093345295,2.9732691197124905e-8,2.973269119972699e-8,3
