seed,dimension,time,fw_time,primal,dual_gap,smallest_dual_gap,iterations
1,1000000,3659.199604523,3649.503902708,1.0518261779106526,4.154264380534095e-7,8.491339795911254e-7,197
