seed,dimension,time,fw_time,primal,dual_gap,smallest_dual_gap,iterations
2,810000,3641.194435436,3632.47994039,1.0274147104879774,1.7594307369327156e-6,1.4162784109659002e-6,270
