seed,dimension,time,fw_time,primal,dual_gap,smallest_dual_gap,iterations
5,250000,3.843251266,3.4279847,1.0678900456022178,2.2098489722149894e-9,2.2098489878275007e-9,3
