seed,dimension,time,fw_time,primal,dual_gap,iterations
2,490000,15.404422862,15.403467584,1.0028010578176545,9.854641391110475e-10,0
