seed,dimension,time,fw_time,primal,dual_gap,smallest_dual_gap,iterations
5,40000,330.547525995,330.227980129,0.9841336102751989,2.8313098814417015e-7,9.02288939952367e-8,1906
