seed,dimension,time,fw_time,primal,dual_gap,smallest_dual_gap,iterations
5,490000,24.197541352,24.195493874,0.9716240572836086,1.1003601441475497e-9,0.0,0
