seed,dimension,time,fw_time,primal,dual_gap,smallest_dual_gap,iterations
1,40000,2.740397823,2.61038407,0.9719551037480726,4.498447605041922e-8,0.0,0
