seed,dimension,time,fw_time,primal,dual_gap,smallest_dual_gap,iterations
3,490000,3633.283210509,3625.844046789,0.98717697355742,8.388923013391211e-7,8.111033084770916e-7,399
