seed,dimension,time,fw_time,primal,dual_gap,smallest_dual_gap,iterations
5,160000,203.216414569,202.78798139,1.1076126359984029,1.2749080080705355e-7,7.659717929896226e-8,261
