seed,dimension,time,fw_time,primal,dual_gap,smallest_dual_gap,iterations
2,160000,1330.797310718,1330.373890882,0.9693512387157938,1.0104777670508214e-7,6.92630392606225e-8,2954
