seed,dimension,time,fw_time,primal,dual_gap,smallest_dual_gap,iterations
4,40000,648.172465495,648.007963336,0.8999787269103726,4.562134789595773e-7,9.915902516102748e-8,1621
