seed,dimension,time,fw_time,primal,dual_gap,smallest_dual_gap,iterations
4,250000,1.076374785,1.07564644,0.9260927987217492,7.469559630546296e-9,0.0,0
