seed,dimension,time,fw_time,primal,dual_gap,smallest_dual_gap,iterations
2,810000,239.442679383,231.558778027,1.027414217581359,1.0442734848202517e-7,2.2930967060082186e-8,16
