seed,dimension,time,fw_time,primal,dual_gap,smallest_dual_gap,iterations
1,360000,36.576361752,36.179955104,0.9218505018262727,1.1458842043114703e-7,9.453076674909022e-8,33
