seed,dimension,time,fw_time,primal,dual_gap,smallest_dual_gap,iterations
5,640000,177.348646363,170.630334618,1.0100714370760893,1.1849882002035184e-7,3.86586880233436e-8,19
