seed,dimension,time,fw_time,primal,dual_gap,iterations
5,810000,1527.288494246,1515.026217283,0.899799110236137,6.729702958533854e-7,111
