seed,dimension,time,fw_time,primal,dual_gap,smallest_dual_gap,iterations
5,360000,45.343568987,44.858782828,1.0180417964390225,7.813733993167205e-8,7.813733994208039e-8,37
