seed,dimension,time,fw_time,primal,dual_gap,smallest_dual_gap,iterations
2,40000,726.237793162,725.946540926,0.8815985176197199,2.0496685758375488e-8,9.73287383465582e-8,2541
