seed,dimension,time,fw_time,primal,dual_gap,smallest_dual_gap,iterations
3,90000,0.340468509,0.339904293,0.9517978449029497,2.891688186124064e-8,0.0,0
