seed,dimension,time,fw_time,primal,dual_gap,iterations
4,640000,57.384454545,49.787145877,1.0069724593218987,3.393877225262021e-9,5
