seed,dimension,time,fw_time,primal,dual_gap,smallest_dual_gap,iterations
1,160000,8.917491768,8.459946602,0.9192244140579712,7.173503671457915e-8,7.17350367406e-8,7
