seed,dimension,time,fw_time,primal,dual_gap,smallest_dual_gap,iterations
4,250000,2349.211613183,2348.748153662,0.9260928013111476,3.500501673005252e-7,4.32180305709462e-8,2844
