seed,dimension,time,fw_time,primal,dual_gap,smallest_dual_gap,iterations
1,490000,176.924418948,168.935956273,1.0809101299277384,2.61270788962098e-8,2.6127078903148693e-8,18
