seed,dimension,time,fw_time,primal,dual_gap,smallest_dual_gap,iterations
3,160000,0.38039972,0.379854888,1.0219146365909368,3.450720969036536e-8,0.0,0
