seed,dimension,time,fw_time,primal,dual_gap,smallest_dual_gap,iterations
2,250000,3.816407173,3.371958148,0.9139232833865916,6.663313208490895e-9,6.663313229307577e-9,3
