seed,dimension,time,fw_time,primal,dual_gap,smallest_dual_gap,iterations
5,360000,30.0282725,29.699987067,1.0180417968675224,7.67073922991468e-8,7.670739225230927e-8,26
