seed,dimension,time,fw_time,primal,dual_gap,smallest_dual_gap,iterations
3,40000,24.140363596,24.063970635,0.9154352468630915,1.7296397246749362e-7,9.986686850399495e-8,59
