seed,dimension,time,fw_time,primal,dual_gap,smallest_dual_gap,iterations
1,360000,36.788357549,36.351940967,0.9218505018428667,1.0358361627466062e-7,7.918125976245916e-8,30
