seed,dimension,time,fw_time,primal,dual_gap,iterations
3,810000,488.856455846,477.860519782,0.9251184727606317,2.1336972662782186e-6,46
