seed,dimension,time,fw_time,primal,dual_gap,smallest_dual_gap,iterations
2,10000,0.003797348,0.00352534,1.1453847821668026,1.2703526321156122e-8,0.0,0
