seed,dimension,time,fw_time,primal,dual_gap,smallest_dual_gap,iterations
4,160000,0.716468949,0.715737376,0.9722194444890954,2.5340822350228276e-8,0.0,0
