seed,dimension,time,fw_time,primal,dual_gap,iterations
1,160000,2.90842403,2.7764933,0.9192244111476997,3.9002849044206256e-8,0
