seed,dimension,time,fw_time,primal,dual_gap,smallest_dual_gap,iterations
5,160000,129.228385936,129.013975488,1.1076126637967936,3.0354254489627086e-7,9.867431705404273e-8,256
