seed,dimension,time,fw_time,primal,dual_gap,smallest_dual_gap,iterations
5,1000000,34.209854658,24.693687668,1.024159834603616,1.882560107281661e-8,1.882560106761244e-8,2
