seed,dimension,time,fw_time,primal,dual_gap,smallest_dual_gap,iterations
3,810000,441.172435145,432.070557682,0.9251184855702697,1.380315190592854e-7,9.553406977655388e-8,41
