seed,dimension,time,fw_time,primal,dual_gap,smallest_dual_gap,iterations
2,810000,392.780879088,369.94234978,1.0274142174702858,1.0649747050981567e-7,2.3324653410095042e-8,15
