seed,dimension,time,fw_time,primal,dual_gap,smallest_dual_gap,iterations
4,810000,416.285512154,402.037552607,0.9958895506427481,5.7643119143364896e-8,5.764311914943643e-8,23
