seed,dimension,time,fw_time,primal,dual_gap,smallest_dual_gap,iterations
2,40000,2.480338001,2.335971168,0.8815985258538039,5.3345755826605945e-8,8.455802517209898e-8,4
