seed,dimension,time,fw_time,primal,dual_gap,smallest_dual_gap,iterations
2,360000,4.02519495,3.699942543,0.9371126353628723,3.3311930066823314e-8,3.331193007549693e-8,3
