seed,dimension,time,fw_time,primal,dual_gap,iterations
1,90000,287.340430316,286.999968469,0.987984857564125,1.819147189378867e-7,751
