seed,dimension,time,fw_time,primal,dual_gap,smallest_dual_gap,iterations
1,360000,3275.359556238,3274.976009572,0.9218505187104303,1.6538934151030804e-7,9.982143680739575e-8,3964
