seed,dimension,time,fw_time,primal,dual_gap,smallest_dual_gap,iterations
2,40000,612.48801933,612.308026469,0.8815985402496015,4.577298647751027e-8,4.577298652261308e-8,3203
