seed,dimension,time,fw_time,primal,dual_gap,smallest_dual_gap,iterations
5,1000000,26.788363431,26.786706555,1.0241598341255107,1.767173801649896e-8,0.0,0
