seed,dimension,time,fw_time,primal,dual_gap,smallest_dual_gap,iterations
4,40000,699.784396506,699.647962927,0.899978725024177,1.28989073033825e-7,9.764953190841141e-8,1593
