seed,dimension,time,fw_time,primal,dual_gap,smallest_dual_gap,iterations
1,250000,2.98444056,2.940678271,0.864495026249052,3.3779737135947174e-8,0.0,0
