seed,dimension,time,fw_time,primal,dual_gap,smallest_dual_gap,iterations
1,640000,130.556452292,120.087946089,0.9643446795283946,3.818208445284521e-7,7.418233808394875e-8,10
