seed,dimension,time,fw_time,primal,dual_gap,smallest_dual_gap,iterations
4,10000,0.011172541,0.009121438,0.8282947843519979,3.631500662681919e-8,3.6315006654574766e-8,10
