seed,dimension,time,fw_time,primal,dual_gap,smallest_dual_gap,iterations
5,360000,33.160425275,32.611601171,1.0180417964590591,3.444804671549895e-8,3.444804671549895e-8,26
