seed,dimension,time,fw_time,primal,dual_gap,smallest_dual_gap,iterations
3,810000,750.830364193,733.355145692,0.9251184850632171,1.364436469607211e-7,9.543765311630786e-8,41
