seed,dimension,time,fw_time,primal,dual_gap,smallest_dual_gap,iterations
1,490000,239.715197657,232.72796077,1.0809101299448438,2.6154908745745775e-8,2.61549087474805e-8,24
