seed,dimension,time,fw_time,primal,dual_gap,smallest_dual_gap,iterations
2,40000,3.812384022,3.313445066,0.881598525853779,2.6255956991905194e-8,7.95703750597343e-8,6
