seed,dimension,time,fw_time,primal,dual_gap,iterations
4,160000,0.720383656,0.71977615,0.9722194711572723,4.5043406679892706e-8,0
