seed,dimension,time,fw_time,primal,dual_gap,smallest_dual_gap,iterations
2,360000,3.656288412,3.311984604,0.9371126368030979,3.505825965297027e-8,3.50582596477661e-8,3
