seed,dimension,time,fw_time,primal,dual_gap,iterations
3,360000,16.052366807,15.663933495,0.8944484449147428,2.0789555622152678e-8,12
