seed,dimension,time,fw_time,primal,dual_gap,iterations
4,810000,278.84846238,266.962982536,0.9958895483172525,9.224813426588624e-8,22
