seed,dimension,time,fw_time,primal,dual_gap,smallest_dual_gap,iterations
3,250000,1.304480858,1.303618876,1.0765200246000528,5.805949591583537e-8,0.0,0
