seed,dimension,time,fw_time,primal,dual_gap,smallest_dual_gap,iterations
1,90000,224.394645507,224.067969531,0.9879848490926767,1.5637018977582295e-7,8.393481327334529e-8,559
