seed,dimension,time,fw_time,primal,dual_gap,smallest_dual_gap,iterations
4,810000,332.075575743,322.346620171,0.9958895492760552,5.762530436593388e-8,5.7625304372005415e-8,25
