seed,dimension,time,fw_time,primal,dual_gap,smallest_dual_gap,iterations
5,40000,344.767030405,344.367989925,0.9841336116027368,3.337516909264482e-7,8.892878968630447e-8,1484
