seed,dimension,time,fw_time,primal,dual_gap,smallest_dual_gap,iterations
3,1000000,44.172470961,36.223169166,0.9952471429004158,5.7943398216672715e-8,5.794339822794842e-8,3
