seed,dimension,time,fw_time,primal,dual_gap,smallest_dual_gap,iterations
2,810000,222.644481637,209.734308782,1.0274142176069685,1.080598741824007e-7,2.3770428518761488e-8,14
