seed,dimension,time,fw_time,primal,dual_gap,smallest_dual_gap,iterations
2,160000,13.096424479,12.599973047,0.9693512391233994,8.096776448612841e-8,8.94524912233019e-8,14
