seed,dimension,time,fw_time,primal,dual_gap,smallest_dual_gap,iterations
1,1000000,378.592455867,368.359090418,1.0518261238138402,6.528541373566205e-8,6.756185370101336e-8,19
