seed,dimension,time,fw_time,primal,dual_gap,smallest_dual_gap,iterations
2,490000,22.061292979,22.060202007,1.0028010917322203,3.969963893214745e-8,0.0,0
