seed,dimension,time,fw_time,primal,dual_gap,smallest_dual_gap,iterations
5,360000,29.092346529,28.67196075,1.0180417965865798,1.0906612775071767e-7,7.999893240559497e-8,23
