seed,dimension,time,fw_time,primal,dual_gap,iterations
3,1000000,45.768392489,36.254415844,0.9952471111210323,5.745267073062159e-6,3
