seed,dimension,time,fw_time,primal,dual_gap,smallest_dual_gap,iterations
5,250000,1.084408319,1.083681121,1.0678900455543456,2.154313687510734e-9,0.0,0
