seed,dimension,time,fw_time,primal,dual_gap,smallest_dual_gap,iterations
4,360000,16.41925089,16.004016448,0.954373934794029,1.2746228152983596e-7,9.386898698615642e-8,13
