seed,dimension,time,fw_time,primal,dual_gap,smallest_dual_gap,iterations
3,160000,0.55715601,0.556583363,1.021914640793655,3.949604527112016e-8,0.0,0
