seed,dimension,time,fw_time,primal,dual_gap,iterations
4,360000,4.120391759,3.72797663,0.9543739356332078,1.2727749910783348e-7,3
