seed,dimension,time,fw_time,primal,dual_gap,smallest_dual_gap,iterations
5,360000,29.544571144,28.941010515,1.0180417965100768,3.368745950596552e-8,3.368745951637386e-8,25
