seed,dimension,time,fw_time,primal,dual_gap,smallest_dual_gap,iterations
4,40000,617.036406475,616.899970399,0.899978726762124,1.2901838583601055e-7,9.964399059689266e-8,1604
