seed,dimension,time,fw_time,primal,dual_gap,smallest_dual_gap,iterations
1,360000,40.315153178,39.899623999,0.9218504975530385,7.716640917226902e-8,7.716640916879958e-8,32
