seed,dimension,time,fw_time,primal,dual_gap,smallest_dual_gap,iterations
2,90000,127.273036389,126.990651239,0.8570335059117739,5.38200159976715e-8,5.38200159976715e-8,349
