seed,dimension,time,fw_time,primal,dual_gap,smallest_dual_gap,iterations
1,810000,419.718597406,411.093333192,1.0441476056848098,1.0961316067401722e-7,8.456233683337006e-8,30
