seed,dimension,time,fw_time,primal,dual_gap,smallest_dual_gap,iterations
4,250000,1.260444533,1.259605855,0.9260927992597823,8.152302333197525e-9,0.0,0
