seed,dimension,time,fw_time,primal,dual_gap,smallest_dual_gap,iterations
4,90000,180.812345069,180.571986277,1.0047025256330597,1.424917890728572e-7,9.896782764834411e-8,420
