seed,dimension,time,fw_time,primal,dual_gap,smallest_dual_gap,iterations
4,90000,171.735084862,171.375699575,1.0047025266524416,3.4655775090972063e-7,9.979521535530278e-8,459
