seed,dimension,time,fw_time,primal,dual_gap,iterations
5,1000000,26.712383831,26.710742357,1.0241598347357992,1.9099348963491636e-8,0
