seed,dimension,time,fw_time,primal,dual_gap,smallest_dual_gap,iterations
2,40000,15.491528469,15.111967968,0.8815985192329442,7.319491327970051e-8,7.77793081295497e-8,30
