seed,dimension,time,fw_time,primal,dual_gap,smallest_dual_gap,iterations
2,10000,0.004022051,0.002195814,1.1453848161195688,4.8084645001833515e-8,4.808464508510024e-8,3
