seed,dimension,time,fw_time,primal,dual_gap,smallest_dual_gap,iterations
4,490000,3635.492510349,3626.489956577,0.9468204147591913,1.906221004845804e-7,2.520463042625723e-7,370
