seed,dimension,time,fw_time,primal,dual_gap,smallest_dual_gap,iterations
4,640000,112.843152514,105.163959666,1.0069725055788212,8.599038041692819e-8,8.599038042386709e-8,12
