seed,dimension,time,fw_time,primal,dual_gap,smallest_dual_gap,iterations
3,640000,84.296490669,76.70165133,0.9727411620181187,1.420840279649921e-7,1.8640070555651922e-8,8
