seed,dimension,time,fw_time,primal,dual_gap,iterations
4,10000,0.010056694,0.008345061,0.8282947843517009,5.3277016826003276e-8,10
