seed,dimension,time,fw_time,primal,dual_gap,smallest_dual_gap,iterations
3,640000,90.295345432,83.890653952,0.9727411619436751,1.420867313207605e-7,1.855126372744126e-8,9
