seed,dimension,time,fw_time,primal,dual_gap,iterations
2,810000,197.456480099,185.237836461,1.0274142174681724,1.0420484612867764e-7,14
