seed,dimension,time,fw_time,primal,dual_gap,smallest_dual_gap,iterations
4,810000,294.612342996,286.174684438,0.9958895474724221,8.540217421096341e-8,8.798122547344633e-8,22
