seed,dimension,time,fw_time,primal,dual_gap,smallest_dual_gap,iterations
3,490000,3628.000379291,3620.075083116,0.9871768265127796,3.975446827807205e-7,4.0127907803035046e-7,406
