seed,dimension,time,fw_time,primal,dual_gap,smallest_dual_gap,iterations
5,90000,0.292749193,0.292288926,1.0558752124992261,1.3901232418650489e-8,0.0,0
