seed,dimension,time,fw_time,primal,dual_gap,smallest_dual_gap,iterations
4,810000,295.084462561,284.644887238,0.9958895503994243,8.132301833156663e-8,8.527693221016541e-8,22
