seed,dimension,time,fw_time,primal,dual_gap,smallest_dual_gap,iterations
1,160000,2.872393599,2.737181292,0.9192244111487922,7.173702150191363e-8,0.0,0
