seed,dimension,time,fw_time,primal,dual_gap,smallest_dual_gap,iterations
4,160000,1.036376975,1.03572258,0.9722194445093698,2.739239524617021e-8,0.0,0
