seed,dimension,time,fw_time,primal,dual_gap,iterations
4,40000,564.296334836,564.071963995,0.8999787269694988,1.3101282986607843e-7,1553
