seed,dimension,time,fw_time,primal,dual_gap,smallest_dual_gap,iterations
2,490000,30.349774658,24.051953353,1.0028010869627837,3.402616954688298e-8,3.4026169550352425e-8,3
