seed,dimension,time,fw_time,primal,dual_gap,smallest_dual_gap,iterations
5,810000,1692.536438255,1677.856265661,0.8997991225423111,6.145369763075129e-7,9.589627046006216e-8,115
