seed,dimension,time,fw_time,primal,dual_gap,smallest_dual_gap,iterations
5,810000,1903.988453183,1893.213291764,0.899799135189705,2.57525471446772e-7,9.859350761851071e-8,124
