seed,dimension,time,fw_time,primal,dual_gap,smallest_dual_gap,iterations
3,40000,2.519084498,2.26795636,0.9154352342824065,2.606806377876414e-7,7.528948551757675e-8,11
