seed,dimension,time,fw_time,primal,dual_gap,smallest_dual_gap,iterations
1,360000,37.916476228,37.423959122,0.9218505018330541,8.02815744872093e-8,7.663795250842376e-8,29
