seed,dimension,time,fw_time,primal,dual_gap,smallest_dual_gap,iterations
1,810000,842.164653417,830.523836653,1.0441476097732876,7.186689329058416e-8,7.186689330185986e-8,37
