seed,dimension,time,fw_time,primal,dual_gap,smallest_dual_gap,iterations
4,10000,2.627178401,2.623090931,0.8282947831135609,7.129230440022782e-8,7.129230437247225e-8,3690
