seed,dimension,time,fw_time,primal,dual_gap,smallest_dual_gap,iterations
5,90000,0.256366575,0.25590422,1.0558752160451885,1.851415470585649e-8,0.0,0
