seed,dimension,time,fw_time,primal,dual_gap,smallest_dual_gap,iterations
5,160000,115.088454021,114.782568656,1.10761264719936,9.344097223057402e-8,9.344097221149206e-8,219
