seed,dimension,time,fw_time,primal,dual_gap,smallest_dual_gap,iterations
4,1000000,173.047474864,165.197637044,0.9749707821551429,8.096408112348574e-8,8.096408112261838e-8,17
