seed,dimension,time,fw_time,primal,dual_gap,smallest_dual_gap,iterations
1,810000,3641.755201982,3635.571904624,1.0441478834281777,8.646468947692484e-7,9.501306712286078e-7,314
