seed,dimension,time,fw_time,primal,dual_gap,smallest_dual_gap,iterations
3,360000,18.800388157,18.399966736,0.8944484449672437,4.964816726661658e-8,4.964816725447352e-8,15
