seed,dimension,time,fw_time,primal,dual_gap,smallest_dual_gap,iterations
1,90000,264.50843153,264.043958252,0.9879848579579203,1.7708428210264082e-7,9.94205920680502e-8,737
