seed,dimension,time,fw_time,primal,dual_gap,smallest_dual_gap,iterations
3,250000,10.875969941,10.399925744,1.0765200314475496,1.7356184073454017e-7,9.417237718280236e-8,11
