seed,dimension,time,fw_time,primal,dual_gap,smallest_dual_gap,iterations
2,250000,1.052717167,1.051641715,0.9139232833865917,6.663313234511747e-9,0.0,0
