seed,dimension,time,fw_time,primal,dual_gap,smallest_dual_gap,iterations
2,90000,0.432462782,0.431870962,0.8570334992437562,4.585407317909962e-8,0.0,0
