seed,dimension,time,fw_time,primal,dual_gap,iterations
1,1000000,360.568623459,350.03991766,1.0518261238138402,6.528541373566205e-8,19
