seed,dimension,time,fw_time,primal,dual_gap,iterations
5,160000,168.374962655,168.102543314,1.1076126491341336,2.001497025894139e-7,298
