seed,dimension,time,fw_time,primal,dual_gap,smallest_dual_gap,iterations
5,810000,3642.122459106,3631.9399002,0.8997995319239909,1.9625068480855212e-6,1.1379689427689146e-6,232
