seed,dimension,time,fw_time,primal,dual_gap,smallest_dual_gap,iterations
3,490000,3630.8203161,3623.203853174,0.9871765824899861,1.0406991596441373e-7,3.9208530423859994e-7,442
