seed,dimension,time,fw_time,primal,dual_gap,smallest_dual_gap,iterations
4,360000,298.147541075,297.499996387,0.9543739371096757,2.1632764985249353e-7,8.861044006706897e-8,359
