seed,dimension,time,fw_time,primal,dual_gap,iterations
3,640000,79.712419129,72.80208604,0.972741161940621,1.4208714892334495e-7,8
