seed,dimension,time,fw_time,primal,dual_gap,smallest_dual_gap,iterations
3,360000,1647.81558623,1647.488012377,0.8944484676441045,3.9912047134459117e-7,9.935761672782983e-8,1970
