seed,dimension,time,fw_time,primal,dual_gap,smallest_dual_gap,iterations
2,90000,109.314267005,109.099960207,0.8570335033564102,4.933931417767934e-8,4.933931418808768e-8,408
