seed,dimension,time,fw_time,primal,dual_gap,smallest_dual_gap,iterations
1,10000,3.742620388,3.720715597,1.2366628893983616,2.0739612979769895e-7,9.922031232734163e-8,2740
