seed,dimension,time,fw_time,primal,dual_gap,smallest_dual_gap,iterations
4,640000,42.11638467,35.453895196,1.006972550544117,9.63325059027964e-8,9.633250590366377e-8,4
