seed,dimension,time,fw_time,primal,dual_gap,smallest_dual_gap,iterations
5,360000,890.991912563,890.62010078,1.0180417932143417,3.3058362023524746e-8,3.3058362018320575e-8,1066
