seed,dimension,time,fw_time,primal,dual_gap,smallest_dual_gap,iterations
5,810000,3333.721154044,3316.448279009,0.899799114264108,3.2476438039004407e-7,9.795300060302936e-8,144
