seed,dimension,time,fw_time,primal,dual_gap,smallest_dual_gap,iterations
4,490000,3634.447123123,3625.616004022,0.9468207070389015,1.5101899213153594e-6,1.6472324383034337e-6,369
