seed,dimension,time,fw_time,primal,dual_gap,smallest_dual_gap,iterations
4,90000,345.154522788,344.835963943,1.0047025131977165,1.410008457908285e-7,9.508046772827017e-8,1184
