seed,dimension,time,fw_time,primal,dual_gap,smallest_dual_gap,iterations
4,810000,3644.286500826,3637.279897313,0.9958896185577517,5.028872011097682e-7,4.715218669707963e-7,301
