seed,dimension,time,fw_time,primal,dual_gap,smallest_dual_gap,iterations
4,640000,48.980454035,39.886934822,1.006972550544117,9.63325059027964e-8,9.633250590366377e-8,4
