seed,dimension,time,fw_time,primal,dual_gap,smallest_dual_gap,iterations
4,40000,913.083136691,912.863978069,0.8999787165726185,1.226656129206527e-7,9.908990628373915e-8,3270
