seed,dimension,time,fw_time,primal,dual_gap,smallest_dual_gap,iterations
5,640000,178.271852439,171.029596669,1.010071436965569,1.3174186252497277e-7,5.790789980083394e-8,20
