seed,dimension,time,fw_time,primal,dual_gap,smallest_dual_gap,iterations
1,360000,37.768432244,37.319990078,0.9218505018330541,8.02815744872093e-8,7.663795250842376e-8,29
