seed,dimension,time,fw_time,primal,dual_gap,smallest_dual_gap,iterations
4,1000000,83.521551885,76.090485814,0.9749707824193637,8.154103177393512e-8,8.154103177306776e-8,8
