seed,dimension,time,fw_time,primal,dual_gap,smallest_dual_gap,iterations
5,10000,0.003562747,0.003383273,0.8882113523959916,6.773615365829322e-8,0.0,0
