seed,dimension,time,fw_time,primal,dual_gap,smallest_dual_gap,iterations
5,40000,2.608339159,2.32398418,0.9841335867652216,2.712819539840705e-8,2.7128195363712582e-8,5
