seed,dimension,time,fw_time,primal,dual_gap,smallest_dual_gap,iterations
3,90000,0.304350788,0.303890504,0.9517978445755136,2.84447082901651e-8,0.0,0
