seed,dimension,time,fw_time,primal,dual_gap,iterations
1,640000,91.160525073,83.002215201,0.9643446795283946,3.818208445154417e-7,7
