seed,dimension,time,fw_time,primal,dual_gap,iterations
2,40000,2.368399936,2.232006546,0.8815985258538039,5.3345755826605945e-8,2
