seed,dimension,time,fw_time,primal,dual_gap,iterations
2,360000,1.100393362,1.099630032,0.9371126062240777,7.209190362733597e-10,0
