seed,dimension,time,fw_time,primal,dual_gap,smallest_dual_gap,iterations
3,10000,0.004041795,0.003824117,1.1516198141739018,2.3114692278281e-8,0.0,0
