seed,dimension,time,fw_time,primal,dual_gap,smallest_dual_gap,iterations
5,640000,152.212485293,144.106739611,1.0100714369315202,1.3441992663312113e-7,6.172258325450042e-8,16
