seed,dimension,time,fw_time,primal,dual_gap,smallest_dual_gap,iterations
4,490000,3626.476397397,3619.406249241,0.94682045158897,2.9998312781401304e-7,3.444166666996193e-7,359
