seed,dimension,time,fw_time,primal,dual_gap,smallest_dual_gap,iterations
4,160000,5.323674675,5.05597612,0.9722194449917962,2.5271310646543532e-8,4.958768768867361e-9,5
