seed,dimension,time,fw_time,primal,dual_gap,smallest_dual_gap,iterations
1,160000,246.058029819,245.767964913,0.9192244084244574,1.284112391679998e-7,6.413925478752913e-8,732
