seed,dimension,time,fw_time,primal,dual_gap,smallest_dual_gap,iterations
4,90000,74.70032576,74.35198304,1.004702486985263,1.0032124320158431e-7,7.355007217157983e-8,195
