seed,dimension,time,fw_time,primal,dual_gap,smallest_dual_gap,iterations
4,10000,0.004159794,0.003947513,0.828294785823548,2.6150472849650885e-8,0.0,0
