seed,dimension,time,fw_time,primal,dual_gap,smallest_dual_gap,iterations
5,90000,2.197834956,1.931986137,1.0558752145693455,1.6585258600515518e-8,1.6585258638679434e-8,4
