seed,dimension,time,fw_time,primal,dual_gap,smallest_dual_gap,iterations
4,90000,490.498586766,490.211981733,1.0047024934403732,1.1034240980645205e-7,9.876940256642319e-8,1997
