seed,dimension,time,fw_time,primal,dual_gap,smallest_dual_gap,iterations
1,250000,3.004409859,2.963986518,0.864495026249052,3.377973713941662e-8,0.0,0
