seed,dimension,time,fw_time,primal,dual_gap,smallest_dual_gap,iterations
3,490000,3647.251755057,3635.966783995,0.9871768881385068,4.604213566794524e-7,1.1663520194972465e-6,243
