seed,dimension,time,fw_time,primal,dual_gap,smallest_dual_gap,iterations
2,40000,12.742983685,12.310532631,0.8815985309587736,4.029309006933768e-8,5.386782021138403e-8,19
