seed,dimension,time,fw_time,primal,dual_gap,iterations
3,250000,3.63786761,3.271988721,1.0765199785784925,1.152390487138208e-6,2
