seed,dimension,time,fw_time,primal,dual_gap,smallest_dual_gap,iterations
1,10000,1.907674174,1.887854694,1.236662884229196,2.1803565355277277e-7,9.204099785109499e-8,4
