seed,dimension,time,fw_time,primal,dual_gap,smallest_dual_gap,iterations
1,250000,5.120250906,4.751953884,0.8644950261326184,3.362277656814017e-8,3.3622776566405443e-8,5
