seed,dimension,time,fw_time,primal,dual_gap,smallest_dual_gap,iterations
1,490000,259.280410756,248.159885885,1.0809101299277386,2.6127078880597288e-8,2.6127078878862564e-8,18
