seed,dimension,time,fw_time,primal,dual_gap,smallest_dual_gap,iterations
3,810000,354.156402615,344.198684447,0.925118472974309,2.2295523742646775e-6,9.133659363384783e-8,33
