seed,dimension,time,fw_time,primal,dual_gap,iterations
1,810000,425.612407324,416.995296649,1.0441476097726583,1.0146210953007606e-7,37
