seed,dimension,time,fw_time,primal,dual_gap,smallest_dual_gap,iterations
4,360000,7.348295298,6.604971686,0.9543739369525674,1.2834572869074856e-7,9.738096866038215e-8,6
