seed,dimension,time,fw_time,primal,dual_gap,smallest_dual_gap,iterations
3,90000,3.306077797,2.927939709,0.9517978450779302,2.9169074940160744e-8,2.9169074919344062e-8,5
