seed,dimension,time,fw_time,primal,dual_gap,smallest_dual_gap,iterations
2,1000000,1913.304517793,1904.825795035,0.9692773166673433,8.9912532307522e-8,8.991253229451157e-8,170
