seed,dimension,time,fw_time,primal,dual_gap,smallest_dual_gap,iterations
4,490000,3635.239112944,3627.178714059,0.946820604809127,5.956407397120916e-7,1.7751208452078393e-6,339
