seed,dimension,time,fw_time,primal,dual_gap,smallest_dual_gap,iterations
4,360000,5.32439565,4.968006673,0.9543739351641888,1.2708190908622408e-7,9.450097791796619e-8,4
