seed,dimension,time,fw_time,primal,dual_gap,smallest_dual_gap,iterations
5,10000,5.424043188,5.420198228,0.8882113883536128,2.2642929928262667e-7,9.998184910542385e-8,7692
