seed,dimension,time,fw_time,primal,dual_gap,smallest_dual_gap,iterations
1,90000,252.384402881,251.979965225,0.9879848576528864,1.4337265483860273e-7,9.93113059392925e-8,677
