seed,dimension,time,fw_time,primal,dual_gap,iterations
5,40000,1.904338504,1.767997603,0.9841335870635711,3.810592463099338e-9,5
