seed,dimension,time,fw_time,primal,dual_gap,smallest_dual_gap,iterations
4,360000,4.26429295,3.976531293,0.9543739351641888,1.270819091035713e-7,9.450097793010925e-8,4
