seed,dimension,time,fw_time,primal,dual_gap,smallest_dual_gap,iterations
5,1000000,57.951844436,50.58008087,1.024159834403495,1.833967528883096e-8,1.833967527495317e-8,4
