seed,dimension,time,fw_time,primal,dual_gap,smallest_dual_gap,iterations
5,810000,3146.74494088,3134.899697385,0.8997991188637381,3.033314294699149e-7,9.484856724247676e-8,197
