seed,dimension,time,fw_time,primal,dual_gap,smallest_dual_gap,iterations
4,40000,641.484361533,641.415646029,0.8999787275183798,1.315171805973958e-7,9.989626571782484e-8,1530
