seed,dimension,time,fw_time,primal,dual_gap,smallest_dual_gap,iterations
3,90000,2.575186344,2.359994224,0.9517978436534131,2.7111093443138445e-8,2.7111093453546786e-8,5
