seed,dimension,time,fw_time,primal,dual_gap,smallest_dual_gap,iterations
1,1000000,447.620369077,436.167924395,1.0518261238138402,6.528541373566205e-8,6.756185370101336e-8,19
