seed,dimension,time,fw_time,primal,dual_gap,smallest_dual_gap,iterations
3,490000,3628.219252835,3620.82679418,0.9871766874378508,2.6023614291270647e-7,9.53245097459407e-7,391
