seed,dimension,time,fw_time,primal,dual_gap,smallest_dual_gap,iterations
3,810000,3639.85846103,3631.415927362,0.9251195394436987,3.1659707963940797e-6,1.548819969644788e-6,299
