seed,dimension,time,fw_time,primal,dual_gap,smallest_dual_gap,iterations
1,10000,1.382586029,1.380558553,1.2366628894075806,1.3731675325284742e-7,9.943078976143438e-8,3045
