seed,dimension,time,fw_time,primal,dual_gap,smallest_dual_gap,iterations
3,40000,44.907537356,44.763961885,0.9154352488220341,1.0126094379669937e-7,8.459008779201915e-8,112
