seed,dimension,time,fw_time,primal,dual_gap,smallest_dual_gap,iterations
4,40000,742.843583101,742.627993019,0.8999787276939814,1.345600399577096e-7,9.94176569263372e-8,1711
