seed,dimension,time,fw_time,primal,dual_gap,iterations
3,160000,0.340384926,0.339852988,1.0219146073363372,8.598107174156988e-10,0
