seed,dimension,time,fw_time,primal,dual_gap,iterations
1,10000,1.857439342,1.837992643,1.236662884229196,2.1803565355277277e-7,4
