seed,dimension,time,fw_time,primal,dual_gap,smallest_dual_gap,iterations
3,360000,16.296366229,15.859987451,0.8944484449672437,4.964816724406518e-8,4.96481672752902e-8,14
