seed,dimension,time,fw_time,primal,dual_gap,smallest_dual_gap,iterations
1,810000,359.304374116,348.903933811,1.044147609865441,1.184126237020397e-7,8.437422632789904e-8,30
