seed,dimension,time,fw_time,primal,dual_gap,smallest_dual_gap,iterations
1,90000,779.252120591,778.775986219,0.9879848882158113,4.559675107623784e-7,9.898979067002323e-8,2506
