seed,dimension,time,fw_time,primal,dual_gap,iterations
2,640000,18.940412464,18.93927737,1.0051528845500026,8.771413682190365e-10,0
