seed,dimension,time,fw_time,primal,dual_gap,smallest_dual_gap,iterations
5,10000,0.003740709,0.003557644,0.8882113523959916,6.773615365829322e-8,0.0,0
