seed,dimension,time,fw_time,primal,dual_gap,iterations
4,90000,293.368364426,293.231048844,1.0047024904738975,9.951997326923534e-8,816
