seed,dimension,time,fw_time,primal,dual_gap,smallest_dual_gap,iterations
1,160000,3.216468268,3.088184647,0.9192244111487922,7.173702150191363e-8,0.0,0
