seed,dimension,time,fw_time,primal,dual_gap,smallest_dual_gap,iterations
1,160000,3.316433617,3.29126301,0.9192244111487924,7.173702151926087e-8,0.0,0
