seed,dimension,time,fw_time,primal,dual_gap,smallest_dual_gap,iterations
2,160000,6.208362753,5.899952841,0.9693512391498089,9.505134996104503e-8,9.505134994716724e-8,9
