seed,dimension,time,fw_time,primal,dual_gap,smallest_dual_gap,iterations
2,40000,3602.490530151,3602.095949924,0.8816014100336882,9.02893395409235e-6,9.02893395409235e-6,9905
