seed,dimension,time,fw_time,primal,dual_gap,smallest_dual_gap,iterations
3,90000,5.718691968,5.30390117,0.9517978445349289,2.8384080856536098e-8,2.8384080873883333e-8,5
