seed,dimension,time,fw_time,primal,dual_gap,smallest_dual_gap,iterations
1,10000,3601.138520982,3601.109561898,1.2366653104194518,3.894600915307911e-6,8.530367244213855e-6,5978389
