seed,dimension,time,fw_time,primal,dual_gap,smallest_dual_gap,iterations
4,40000,3602.479317338,3602.055920388,0.8999821807144399,7.1214118137173654e-6,6.244329453349018e-6,14625
