seed,dimension,time,fw_time,primal,dual_gap,smallest_dual_gap,iterations
1,90000,3602.642373429,3602.183879512,0.9879880312768252,7.464329131460362e-6,4.504225248655458e-6,8005
