seed,dimension,time,fw_time,primal,dual_gap,smallest_dual_gap,iterations
4,10000,3601.21760784,3601.189947496,0.8282976063859978,1.3370316085184464e-5,4.350041069751953e-6,5193732
