seed,dimension,time,fw_time,primal,dual_gap,smallest_dual_gap,iterations
2,10000,1.98740748,1.966339469,1.1453847857667039,1.7141819755317478e-8,1.7141819852461992e-8,4
