seed,dimension,time,fw_time,primal,dual_gap,smallest_dual_gap,iterations
5,90000,5.47470896,5.083943431,1.0558752129616518,1.4495174390644072e-8,1.4495174397582966e-8,4
