seed,dimension,time,fw_time,primal,dual_gap,smallest_dual_gap,iterations
4,90000,3602.734546942,3602.287884272,1.0047025352655845,2.037274651658927e-6,4.445251646414267e-6,7971
