seed,dimension,time,fw_time,primal,dual_gap,smallest_dual_gap,iterations
2,90000,3602.570574598,3602.009266375,0.8570335561798543,4.271582145536773e-6,2.7253543014339743e-6,8170
