seed,dimension,time,fw_time,primal,dual_gap,smallest_dual_gap,iterations
3,40000,3602.203251707,3601.931945018,0.915444526692933,9.980205749833548e-6,1.003692128568115e-5,9791
