seed,dimension,time,fw_time,primal,dual_gap,smallest_dual_gap,iterations
5,40000,3602.431354673,3602.047925776,0.9841335890678694,2.134721874179346e-6,6.548399132808719e-6,13972
