seed,dimension,time,fw_time,primal,dual_gap,smallest_dual_gap,iterations
4,90000,3600.426714158,3600.255986618,1.0047041462456119,2.664759874128342e-6,2.664756288014297e-6,43755
