seed,dimension,time,fw_time,primal,dual_gap,smallest_dual_gap,iterations
4,810000,3635.883981112,3624.374612936,0.9958916286213723,3.538810361749904e-6,3.5385909262185267e-6,331
