seed,dimension,time,fw_time,primal,dual_gap,smallest_dual_gap,iterations
4,640000,162.668037424,154.83594682,1.0069725072399636,6.404973791618307e-8,8.499885613931502e-8,19
