seed,dimension,time,fw_time,primal,dual_gap,smallest_dual_gap,iterations
1,10000,3601.337766438,3601.311065046,1.2366744441547537,1.3387286976689061e-5,1.3387286501548301e-5,6695367
