seed,dimension,time,fw_time,primal,dual_gap,smallest_dual_gap,iterations
3,1000000,3626.579797433,3619.98273569,0.9952497922113871,2.9172206152559485e-6,2.917369421466358e-6,379
