seed,dimension,time,fw_time,primal,dual_gap,smallest_dual_gap,iterations
5,10000,3600.006376288,3600.002179027,0.8882121933715116,1.18377577849188e-6,1.183775776146534e-6,6054274
