seed,dimension,time,fw_time,primal,dual_gap,smallest_dual_gap,iterations
2,160000,3601.093179886,3600.715991699,0.9693541405890025,6.154753730546261e-6,6.1547495991687295e-6,13337
