seed,dimension,time,fw_time,primal,dual_gap,smallest_dual_gap,iterations
4,40000,3600.427526531,3600.276001537,0.8999797127601674,1.3334474351298087e-6,1.331668864037322e-6,46285
