seed,dimension,time,fw_time,primal,dual_gap,smallest_dual_gap,iterations
2,360000,4.015082753,3.612017737,0.9371126385791451,3.7109434908658145e-8,3.710943491559704e-8,6
