seed,dimension,time,fw_time,primal,dual_gap,smallest_dual_gap,iterations
4,10000,3255.779803681,3255.777404047,0.8282947995948922,1.0000002467758229e-7,9.999998882431749e-8,4445890
