seed,dimension,time,fw_time,primal,dual_gap,smallest_dual_gap,iterations
2,490000,38.691031155,33.998703799,1.002801090763715,3.861857965012372e-8,3.861857966573623e-8,6
