seed,dimension,time,fw_time,primal,dual_gap,smallest_dual_gap,iterations
3,10000,3600.005785168,3600.00194664,1.1516206706950352,1.9746380210058923e-6,1.974638029193787e-6,6840161
