seed,dimension,time,fw_time,primal,dual_gap,smallest_dual_gap,iterations
3,250000,3601.418167184,3600.891956647,1.0765218256155764,2.1316656955809588e-6,2.1317017337256494e-6,9358
