seed,dimension,time,fw_time,primal,dual_gap,smallest_dual_gap,iterations
2,640000,50.644027577,45.604009116,1.0051529088492883,2.9153886801219775e-8,2.9153886790811434e-8,6
