seed,dimension,time,fw_time,primal,dual_gap,smallest_dual_gap,iterations
2,40000,3602.050210206,3601.914594004,0.881601087316952,4.020401854328004e-6,4.020401084152414e-6,45954
