seed,dimension,time,fw_time,primal,dual_gap,smallest_dual_gap,iterations
4,250000,3601.231699819,3600.826366082,0.9260942329082473,1.5860043055919426e-6,1.5860055106713816e-6,9555
