seed,dimension,time,fw_time,primal,dual_gap,smallest_dual_gap,iterations
1,160000,3602.505278964,3602.147983582,0.9192266958205343,3.0121133795420196e-6,3.0121160171838607e-6,13667
