seed,dimension,time,fw_time,primal,dual_gap,smallest_dual_gap,iterations
2,90000,3600.726680201,3600.367992117,0.857034000090791,2.3530591325513633e-6,2.3530500657276826e-6,44244
