seed,dimension,time,fw_time,primal,dual_gap,smallest_dual_gap,iterations
5,640000,3631.714516776,3625.15999938,1.0100715105861806,5.278615604438139e-7,5.277597791607594e-7,425
