seed,dimension,time,fw_time,primal,dual_gap,smallest_dual_gap,iterations
2,250000,3602.619694976,3602.24799716,0.9139234383185413,1.2378235867294834e-6,1.2378144102660749e-6,9309
