seed,dimension,time,fw_time,primal,dual_gap,smallest_dual_gap,iterations
2,1000000,3628.88366313,3620.742652643,0.9692780813967639,2.327714748615213e-6,2.3101157716511056e-6,347
