seed,dimension,time,fw_time,primal,dual_gap,smallest_dual_gap,iterations
5,1000000,3634.206499887,3625.783888368,1.0241604796572659,6.888236365690942e-7,6.888317737024224e-7,382
