seed,dimension,time,fw_time,primal,dual_gap,smallest_dual_gap,iterations
1,490000,3629.835171796,3620.91831746,1.080912429026085,3.5190439475699803e-6,3.523953375520958e-6,503
