seed,dimension,time,fw_time,primal,dual_gap,smallest_dual_gap,iterations
5,360000,3601.358211164,3600.96395131,1.0180425860497957,1.4120101487213876e-6,1.4119677074538733e-6,8499
