seed,dimension,time,fw_time,primal,dual_gap,smallest_dual_gap,iterations
4,490000,3635.903177624,3627.059991618,0.946821715392073,1.7511461798307495e-6,1.7490912582194054e-6,397
