seed,dimension,time,fw_time,primal,dual_gap,smallest_dual_gap,iterations
1,1000000,3649.213462397,3640.447902426,1.0518273030147718,2.0064566430806965e-6,2.006244928394983e-6,210
