seed,dimension,time,fw_time,primal,dual_gap,smallest_dual_gap,iterations
5,810000,3639.715799553,3631.982647052,0.8998007682779456,2.8584121810693378e-6,2.8785073007912138e-6,262
