seed,dimension,time,fw_time,primal,dual_gap,smallest_dual_gap,iterations
2,810000,3642.668094002,3634.154768797,1.0274150789651628,1.0620694189588872e-6,1.0618716122677216e-6,273
