seed,dimension,time,fw_time,primal,dual_gap,smallest_dual_gap,iterations
3,640000,3627.487999144,3622.051967192,0.972741721904881,6.412996227216083e-7,6.413044950715277e-7,448
