seed,dimension,time,fw_time,primal,dual_gap,smallest_dual_gap,iterations
4,1000000,3623.254211044,3615.771935308,0.9749724571636945,2.475211935690398e-6,2.475161043583897e-6,427
