seed,dimension,time,fw_time,primal,dual_gap,smallest_dual_gap,iterations
3,360000,3601.715682155,3601.375980125,0.8944488388860833,7.261194550373801e-7,7.26118767162276e-7,8289
