seed,dimension,time,fw_time,primal,dual_gap,smallest_dual_gap,iterations
4,360000,3601.475502646,3601.119975292,0.9543763476966916,3.6921010280813182e-6,3.6921126828921152e-6,8755
