seed,dimension,time,fw_time,primal,dual_gap,smallest_dual_gap,iterations
1,360000,3602.467524167,3602.059969275,0.921851598692606,2.3955398496863095e-6,2.395527614790921e-6,8438
