seed,dimension,time,fw_time,primal,dual_gap,smallest_dual_gap,iterations,iter_not_converging,fallback_helped,average_iter,std_iter,average_gap,std_gap
4,810000,335.163900581,327.373409296,0.9958895506080291,9.37780122974366e-8,9.377801230003868e-8,25,0,0,2.9583333333333335,0.20412414523193145,Inf,Inf
