seed,dimension,time,fw_time,primal,dual_gap,iterations
4,90000,79.128286756,78.853971678,1.0047025116569386,1.6964306280911612e-7,235
