seed,dimension,time,fw_time,primal,dual_gap,iterations
4,360000,3.240388522,2.823090272,0.9543739331854084,1.2653342830286352e-7,2
