seed,dimension,time,fw_time,primal,dual_gap,smallest_dual_gap,iterations
4,250000,1.336384175,1.335622487,0.9260927987217492,7.469559623607402e-9,0.0,0
