seed,dimension,time,fw_time,primal,dual_gap,smallest_dual_gap,iterations
1,10000,2.047596063,2.026057718,1.236662884229196,2.180356534139949e-7,9.204099779558383e-8,3
