seed,dimension,time,fw_time,primal,dual_gap,smallest_dual_gap,iterations
5,360000,24.732384917,24.371975733,1.018041796468435,3.366087700414078e-8,3.366087696597686e-8,25
