seed,dimension,time,fw_time,primal,dual_gap,smallest_dual_gap,iterations
2,640000,16.496407614,16.495324024,1.005152905763959,2.5514068563610437e-8,0.0,0
