seed,dimension,time,fw_time,primal,dual_gap,smallest_dual_gap,iterations
5,40000,1.876366466,1.659996426,0.9841335870746288,2.304981866138589e-8,2.3049818689141466e-8,5
