seed,dimension,time,fw_time,primal,dual_gap,iterations
1,360000,30.368413803,29.927957103,0.9218505018408626,1.0593272773903872e-7,28
