seed,dimension,time,fw_time,primal,dual_gap,iterations
1,160000,2.800411566,2.7419489,0.9192244111476997,3.900284905114515e-8,0
