seed,dimension,time,fw_time,primal,dual_gap,smallest_dual_gap,iterations
4,1000000,89.976551821,81.906696966,0.9749707839844604,8.494268142599654e-8,8.49426814312007e-8,8
