seed,dimension,time,fw_time,primal,dual_gap,iterations
5,810000,1838.920379037,1826.944742176,0.8997991248507656,2.9006383023885e-7,142
