seed,dimension,time,fw_time,primal,dual_gap,iterations
4,490000,3632.812426487,3624.995071659,0.9468204213642288,2.799222651450606e-7,406
