seed,dimension,time,fw_time,primal,dual_gap,smallest_dual_gap,iterations
4,40000,391.964354321,391.839972413,0.8999787246088389,3.9536190459682485e-7,9.923693030516878e-8,1316
