seed,dimension,time,fw_time,primal,dual_gap,iterations
4,810000,273.972486232,264.350552963,0.9958895506863621,6.813249209172006e-8,23
