seed,dimension,time,fw_time,primal,dual_gap,iterations
3,1000000,45.084374794,36.859033096,0.9952471112701634,5.748404261101021e-6,3
