seed,dimension,time,fw_time,primal,dual_gap,smallest_dual_gap,iterations
4,490000,3630.068466396,3623.587107336,0.9468204382084091,5.155455157206806e-7,3.7385689324268695e-7,365
