seed,dimension,time,fw_time,primal,dual_gap,smallest_dual_gap,iterations
2,90000,6.172399826,5.811967208,0.8570335069204927,6.125494097543316e-8,6.125494097022899e-8,16
