seed,dimension,time,fw_time,primal,dual_gap,smallest_dual_gap,iterations,iter_not_converging,fallback_helped,average_iter,std_iter,average_gap,std_gap
3,810000,458.349805463,448.750672716,0.9251184849914011,1.3710588300623605e-7,9.23951198649256e-8,42,0,0,2.9761904761904763,0.15430334996209188,Inf,Inf
