seed,dimension,time,fw_time,primal,dual_gap,iterations
3,640000,59.608387622,52.402909121,0.9727411621138101,1.4208430375046294e-7,6
