seed,dimension,time,fw_time,primal,dual_gap,iterations
2,640000,18.380355436,18.379251163,1.0051528844145274,7.179006920182696e-10,0
