seed,dimension,time,fw_time,primal,dual_gap,smallest_dual_gap,iterations
1,810000,360.572423891,351.707940688,1.0441476060854717,6.467404292057749e-8,6.467404289976081e-8,33
