seed,dimension,time,fw_time,primal,dual_gap,iterations
5,10000,0.003340806,0.003164633,0.8882113375992563,6.508554614703677e-8,0
