seed,dimension,time,fw_time,primal,dual_gap,smallest_dual_gap,iterations,iter_not_converging,fallback_helped,average_iter,std_iter,average_gap,std_gap
1,90000,185.880445916,185.467961266,0.9879848560973046,1.7784320715738544e-7,9.825374419625277e-8,519,0,0,2.998181818181818,0.042640143271122095,Inf,Inf
