seed,dimension,time,fw_time,primal,dual_gap,smallest_dual_gap,iterations,iter_not_converging,fallback_helped,average_iter,std_iter,average_gap,std_gap
3,490000,3635.004471314,3624.447982539,0.9871768240930845,1.0957100250123114e-6,3.993381354544176e-7,447,0,0,2.997777777777778,0.047140452079103196,Inf,Inf
