seed,dimension,time,fw_time,primal,dual_gap,smallest_dual_gap,iterations
5,250000,1.448400556,1.447717268,1.0678900449887492,1.5025293249176785e-9,0.0,0
