seed,dimension,time,fw_time,primal,dual_gap,iterations
2,360000,1.108405351,1.107631034,0.9371126064766238,1.0439138407869475e-9,0
