seed,dimension,time,fw_time,primal,dual_gap,iterations
3,360000,16.028316459,15.511968723,0.8944484449128615,3.4304201101259535e-8,14
