seed,dimension,time,fw_time,primal,dual_gap,iterations
5,250000,1.053819065,1.053186577,1.0678900437071468,4.664825470346301e-11,0
