seed,dimension,time,fw_time,primal,dual_gap,iterations
5,640000,160.036379129,154.047032392,1.0100714370760893,1.1849882001688239e-7,19
