seed,dimension,time,fw_time,primal,dual_gap,smallest_dual_gap,iterations
5,810000,1958.252546281,1948.166422759,0.8997991248507656,2.9006383023885e-7,9.688116429668742e-8,142
