seed,dimension,time,fw_time,primal,dual_gap,iterations
1,1000000,391.692543956,379.351465777,1.051826123767775,6.439492961172327e-8,21
