seed,dimension,time,fw_time,primal,dual_gap,smallest_dual_gap,iterations,iter_not_converging,fallback_helped,average_iter,std_iter,average_gap,std_gap
4,490000,3633.883188525,3624.832004581,0.9468203641206089,1.3627261783409617e-7,2.608126163459318e-7,364,0,0,2.9945054945054945,0.07402276079512811,Inf,Inf
