seed,dimension,time,fw_time,primal,dual_gap,smallest_dual_gap,iterations,iter_not_converging,fallback_helped,average_iter,std_iter,average_gap,std_gap
4,490000,3629.100421426,3620.274790966,0.9468203688455855,1.725540902004774e-7,2.682543267856427e-7,395,0,0,2.9974683544303797,0.05031546054266276,Inf,Inf
