seed,dimension,time,fw_time,primal,dual_gap,smallest_dual_gap,iterations
1,640000,118.824595805,110.647975723,0.9643446795283946,3.818208445267174e-7,7.418233805966262e-8,11
