seed,dimension,time,fw_time,primal,dual_gap,iterations
5,360000,22.744346095,22.366600226,1.0180417964732276,8.361413322832689e-8,22
