seed,dimension,time,fw_time,primal,dual_gap,smallest_dual_gap,iterations,iter_not_converging,fallback_helped,average_iter,std_iter,average_gap,std_gap
5,810000,1911.4644746,1899.977691501,0.8997991248507656,2.9006383023885e-7,9.688116429668742e-8,142,0,0,2.9859154929577465,0.11825657242363517,Inf,Inf
