seed,dimension,time,fw_time,primal,dual_gap,iterations
5,90000,0.816372356,0.815918182,1.0558752016935156,7.402586078841811e-10,0
