seed,dimension,time,fw_time,primal,dual_gap,smallest_dual_gap,iterations
4,360000,1.600424683,1.599458503,0.9543739331927101,9.119474651472781e-8,0.0,0
