seed,dimension,time,fw_time,primal,dual_gap,iterations
4,1000000,91.448338554,83.580571514,0.9749707821260996,1.32222812104614e-7,10
