seed,dimension,time,fw_time,primal,dual_gap,iterations
5,40000,2.108262379,1.923991394,0.9841335873670047,3.747429089609455e-8,5
