seed,dimension,time,fw_time,primal,dual_gap,smallest_dual_gap,iterations,iter_not_converging,fallback_helped,average_iter,std_iter,average_gap,std_gap
1,490000,160.288533565,151.528005398,1.0809101299277386,2.6127078880597288e-8,2.6127078873658394e-8,17,0,0,2.9473684210526314,0.22941573387056172,Inf,Inf
