seed,dimension,time,fw_time,primal,dual_gap,smallest_dual_gap,iterations
4,810000,248.204497805,236.938423532,0.9958895506872707,8.077940361062019e-8,8.077940363143687e-8,23
