seed,dimension,time,fw_time,primal,dual_gap,smallest_dual_gap,iterations
4,10000,0.004398408,0.002604571,0.8282948367596177,2.775579770256109e-7,9.288802543111485e-8,2
