seed,dimension,time,fw_time,primal,dual_gap,smallest_dual_gap,iterations
3,360000,13.236407782,12.685724939,0.8944484449706878,4.534101452798034e-8,4.534101450889838e-8,13
