seed,dimension,time,fw_time,primal,dual_gap,iterations
1,90000,174.752372566,174.435956591,0.987984856810135,1.8493057033983074e-7,534
