seed,dimension,time,fw_time,primal,dual_gap,iterations
3,40000,1.332303961,1.171985604,0.9154352333195351,1.636752234510097e-7,2
