seed,dimension,time,fw_time,primal,dual_gap,iterations
4,10000,0.004431755,0.002631985,0.8282948367596177,2.775579770256109e-7,2
