seed,dimension,time,fw_time,primal,dual_gap,iterations
3,810000,429.432437599,419.845256875,0.9251184849914011,1.3710588300623605e-7,42
