seed,dimension,time,fw_time,primal,dual_gap,smallest_dual_gap,iterations
3,490000,3629.75641,3619.520949054,0.9871768344743983,4.0917683559373724e-7,4.05883986594191e-7,426
