seed,dimension,time,fw_time,primal,dual_gap,iterations
2,1000000,2703.292434876,2694.985335987,0.9692773197689011,8.624802600321752e-8,270
