seed,dimension,time,fw_time,primal,dual_gap,iterations
2,160000,5.888387864,5.743980181,0.9693512391229925,1.0503048997016762e-7,10
