seed,dimension,time,fw_time,primal,dual_gap,iterations
1,490000,167.192388637,159.819926393,1.080910129916222,1.913220702420837e-7,18
