seed,dimension,time,fw_time,primal,dual_gap,smallest_dual_gap,iterations,iter_not_converging,fallback_helped,average_iter,std_iter,average_gap,std_gap
5,160000,104.248273411,103.855934384,1.10761263431149,3.931041738652885e-7,9.061136062651909e-8,229,0,0,2.9563318777292578,0.20480327292834072,Inf,Inf
