seed,dimension,time,fw_time,primal,dual_gap,smallest_dual_gap,iterations
4,90000,61.008389372,60.783984429,1.004702474966304,1.0526646280345497e-7,7.896899470796748e-8,152
