seed,dimension,time,fw_time,primal,dual_gap,iterations
2,360000,1.224410199,1.223620267,0.9371126064689805,1.0332317206679376e-9,0
