seed,dimension,time,fw_time,primal,dual_gap,smallest_dual_gap,iterations
1,360000,30.172386208,29.624560636,0.9218505018440739,8.970326105701976e-8,7.179484427105587e-8,27
