seed,dimension,time,fw_time,primal,dual_gap,smallest_dual_gap,iterations,iter_not_converging,fallback_helped,average_iter,std_iter,average_gap,std_gap
1,90000,213.918518175,213.495950432,0.9879848513059393,1.2733197985587141e-7,9.756835109286932e-8,658,0,0,2.998480243161094,0.03898405877927248,Inf,Inf
