seed,dimension,time,fw_time,primal,dual_gap,smallest_dual_gap,iterations,iter_not_converging,fallback_helped,average_iter,std_iter,average_gap,std_gap
4,810000,424.148866925,410.231217086,0.9958895506558196,5.763596293457962e-8,5.7635962936314344e-8,23,3,3,2.9583333333333335,0.20412414523193145,1.9581428121013058e-5,198.2058787423049
