seed,dimension,time,fw_time,primal,dual_gap,smallest_dual_gap,iterations
5,90000,0.304380054,0.303917979,1.055875213937958,1.5773673017055456e-8,0.0,0
