seed,dimension,time,fw_time,primal,dual_gap,iterations
5,490000,19.068440357,19.067426393,0.971624056371664,5.304687331758595e-11,0
