seed,dimension,time,fw_time,primal,dual_gap,smallest_dual_gap,iterations,iter_not_converging,fallback_helped,average_iter,std_iter,average_gap,std_gap
1,810000,342.456523129,334.239885795,1.0441476098590277,1.1851216924138597e-7,8.493851049243273e-8,34,0,0,2.9722222222222223,0.16666666666666666,Inf,Inf
