seed,dimension,time,fw_time,primal,dual_gap,smallest_dual_gap,iterations
1,1000000,381.644608094,370.167901528,1.0518261237684254,6.574047666831062e-8,6.574047666831062e-8,21
