seed,dimension,time,fw_time,primal,dual_gap,smallest_dual_gap,iterations,iter_not_converging,fallback_helped,average_iter,std_iter,average_gap,std_gap
5,1000000,53.916508461,38.358841792,1.0241598342319813,1.7953448878602063e-8,1.795344888207151e-8,2,2,2,2.3333333333333335,0.5773502691896258,6.11514280979116e-5,36273.90300849302
