seed,dimension,time,fw_time,primal,dual_gap,smallest_dual_gap,iterations,iter_not_converging,fallback_helped,average_iter,std_iter,average_gap,std_gap
2,810000,358.016377803,343.272811174,1.027414217490389,3.614159943543527e-8,6.206813440556153e-8,17,3,3,2.9473684210526314,0.22941573387056172,1.552304402422688e-5,49.1272503341336
