seed,dimension,time,fw_time,primal,dual_gap,smallest_dual_gap,iterations
4,90000,229.956377969,229.771956948,1.0047024782991274,1.2685536502840544e-7,9.996032669656874e-8,694
