seed,dimension,time,fw_time,primal,dual_gap,smallest_dual_gap,iterations,iter_not_converging,fallback_helped,average_iter,std_iter,average_gap,std_gap
1,90000,172.956410203,172.539971857,0.9879848552313525,1.7559092530330944e-7,9.705471890747441e-8,490,0,0,2.9959183673469387,0.06382229826651654,Inf,Inf
