seed,dimension,time,fw_time,primal,dual_gap,smallest_dual_gap,iterations,iter_not_converging,fallback_helped,average_iter,std_iter,average_gap,std_gap
3,810000,391.848597789,383.525936127,0.9251184849914011,1.3710588300623605e-7,9.23951198649256e-8,42,0,0,2.9555555555555557,0.20840907713999277,Inf,Inf
