seed,dimension,time,fw_time,primal,dual_gap,iterations
3,90000,0.292363037,0.291897401,0.9517978309720074,8.80500928418515e-9,0
