seed,dimension,time,fw_time,primal,dual_gap,smallest_dual_gap,iterations,iter_not_converging,fallback_helped,average_iter,std_iter,average_gap,std_gap
5,160000,123.556479699,123.255996447,1.1076126516353026,2.533662738935655e-7,8.159826773990186e-8,234,0,0,2.9203187250996017,0.2713401887077699,Inf,Inf
