seed,dimension,time,fw_time,primal,dual_gap,smallest_dual_gap,iterations
1,160000,3.020426836,2.895857374,0.9192244111487924,7.173702150191363e-8,0.0,0
