seed,dimension,time,fw_time,primal,dual_gap,smallest_dual_gap,iterations,iter_not_converging,fallback_helped,average_iter,std_iter,average_gap,std_gap
4,490000,3634.532443324,3625.86638262,0.9468203389945775,1.0886592264041511e-7,1.209865817313957e-7,367,0,0,2.994550408719346,0.07372042923770157,Inf,Inf
