seed,dimension,time,fw_time,primal,dual_gap,smallest_dual_gap,iterations
3,1000000,46.928455279,34.218348543,0.9952471441053797,5.9460939154203085e-8,5.946093916200934e-8,2
