seed,dimension,time,fw_time,primal,dual_gap,smallest_dual_gap,iterations
3,640000,57.208487449,50.089265062,0.9727411620181184,1.4208402795631847e-7,1.8640070566060263e-8,6
