seed,dimension,time,fw_time,primal,dual_gap,smallest_dual_gap,iterations
5,1000000,41.132485567,31.076470828,1.0241598342319813,1.7953448881204148e-8,1.7953448883806233e-8,2
