seed,dimension,time,fw_time,primal,dual_gap,smallest_dual_gap,iterations
1,10000,1.860605037,1.837975566,1.236662884229196,2.180356534139949e-7,9.204099779558383e-8,3
