seed,dimension,time,fw_time,primal,dual_gap,smallest_dual_gap,iterations,iter_not_converging,fallback_helped,average_iter,std_iter,average_gap,std_gap
4,90000,383.156378016,382.731935237,1.0047025202214122,2.1175411605775518e-7,9.858750911473368e-8,681,0,0,2.998531571218796,0.03832008326196735,Inf,Inf
