seed,dimension,time,fw_time,primal,dual_gap,smallest_dual_gap,iterations,iter_not_converging,fallback_helped,average_iter,std_iter,average_gap,std_gap
3,810000,758.468486759,743.774929207,0.925118490680827,1.3984284089225973e-7,9.171272315113693e-8,51,0,0,2.9622641509433962,0.19238024756109728,Inf,Inf
