seed,dimension,time,fw_time,primal,dual_gap,smallest_dual_gap,iterations,iter_not_converging,fallback_helped,average_iter,std_iter,average_gap,std_gap
4,90000,274.480422808,274.343972731,1.0047024988151891,1.2411357551769808e-7,7.722740407237194e-8,869,0,0,2.997780244173141,0.04708810286575438,Inf,Inf
