seed,dimension,time,fw_time,primal,dual_gap,smallest_dual_gap,iterations,iter_not_converging,fallback_helped,average_iter,std_iter,average_gap,std_gap
4,490000,3503.756360005,3493.75861452,0.9468203268346893,1.58134370204302e-7,9.920272036560013e-8,363,0,0,2.9834710743801653,0.12767390313690843,Inf,Inf
