seed,dimension,time,fw_time,primal,dual_gap,smallest_dual_gap,iterations
1,90000,170.136402405,169.815950197,0.9879848562886302,1.7740110546532462e-7,9.867426555704162e-8,460
