seed,dimension,time,fw_time,primal,dual_gap,iterations
5,160000,247.205871468,246.811986161,1.1076126511635986,2.6408165562132047e-7,516
