seed,dimension,time,fw_time,primal,dual_gap,smallest_dual_gap,iterations,iter_not_converging,fallback_helped,average_iter,std_iter,average_gap,std_gap
4,490000,3653.76031231,3643.265361136,0.9468207322355218,8.354453661200967e-7,3.038836615880218e-6,244,2,2,2.9959349593495936,0.06375767130633386,7.248556632140457e-5,35618.74119239222
