seed,dimension,time,fw_time,primal,dual_gap,smallest_dual_gap,iterations,iter_not_converging,fallback_helped,average_iter,std_iter,average_gap,std_gap
1,1000000,404.583768256,390.804228719,1.051826123181442,6.358429885128941e-8,6.358429884435052e-8,22,0,0,2.9523809523809526,0.21821789023599233,Inf,Inf
