seed,dimension,time,fw_time,primal,dual_gap,smallest_dual_gap,iterations
2,40000,3.144372431,2.903993583,0.8815985258547695,2.9018014567616657e-8,8.380765357390851e-8,6
