seed,dimension,time,fw_time,primal,dual_gap,smallest_dual_gap,iterations,iter_not_converging,fallback_helped,average_iter,std_iter,average_gap,std_gap
2,90000,0.824387502,0.823864152,0.8570335007186743,4.8549725607804906e-8,0.0,0,4,4,2.9473684210526314,0.22941573387056172,7.39387859280219e-5,6.383612378113338
