seed,dimension,time,fw_time,primal,dual_gap,smallest_dual_gap,iterations,iter_not_converging,fallback_helped,average_iter,std_iter,average_gap,std_gap
5,810000,1494.944564667,1475.613694792,0.8997991183867035,6.243027546610352e-7,9.550567171834334e-8,106,0,0,2.981132075471698,0.1367049011885994,Inf,Inf
