seed,dimension,time,fw_time,primal,dual_gap,iterations
1,160000,2.768488895,2.699826707,0.9192244111476997,3.900284905114515e-8,0
