seed,dimension,time,fw_time,primal,dual_gap,smallest_dual_gap,iterations,iter_not_converging,fallback_helped,average_iter,std_iter,average_gap,std_gap
4,490000,3634.151179718,3624.346685405,0.9468205503527748,4.7348018698215727e-7,2.7993937791494228e-6,357,0,0,2.9943977591036415,0.07474292116733997,Inf,Inf
