seed,dimension,time,fw_time,primal,dual_gap,smallest_dual_gap,iterations,iter_not_converging,fallback_helped,average_iter,std_iter,average_gap,std_gap
3,40000,1.624377426,1.547971979,0.9154352386821566,3.450049761467844e-7,9.295935689962453e-8,2,2,2,2.875,0.3535533905932738,0.00045250259136016057,2750.9413705762863
