seed,dimension,time,fw_time,primal,dual_gap,smallest_dual_gap,iterations,iter_not_converging,fallback_helped,average_iter,std_iter,average_gap,std_gap
5,810000,2847.492519919,2833.73758843,0.8997991029239989,2.1577294295662547e-7,9.562768938774918e-8,194,0,0,2.979381443298969,0.14247126377278652,Inf,Inf
