seed,dimension,time,fw_time,primal,dual_gap,smallest_dual_gap,iterations,iter_not_converging,fallback_helped,average_iter,std_iter,average_gap,std_gap
2,1000000,2428.672537319,2420.280712596,0.9692773190408084,9.231401173256243e-8,9.231401173342979e-8,230,0,0,2.9870689655172415,0.11322136491956758,Inf,Inf
