seed,dimension,time,fw_time,primal,dual_gap,smallest_dual_gap,iterations
5,360000,21.508401872,21.087998675,1.0180417964732276,8.361413322832689e-8,8.055027135404902e-8,22
