seed,dimension,time,fw_time,primal,dual_gap,smallest_dual_gap,iterations,iter_not_converging,fallback_helped,average_iter,std_iter,average_gap,std_gap
5,160000,111.572439101,111.143980305,1.1076126476016857,1.2055063825823498e-7,7.020064042226326e-8,220,0,0,2.9583333333333335,0.20024392377738426,Inf,Inf
