seed,dimension,time,fw_time,primal,dual_gap,smallest_dual_gap,iterations,iter_not_converging,fallback_helped,average_iter,std_iter,average_gap,std_gap
1,90000,211.540461865,211.111963576,0.9879848502239614,1.409885635426933e-7,9.854807659498421e-8,546,0,0,2.9963369963369964,0.06046720231137806,Inf,Inf
