seed,dimension,time,fw_time,primal,dual_gap,smallest_dual_gap,iterations,iter_not_converging,fallback_helped,average_iter,std_iter,average_gap,std_gap
3,360000,15.52913574,15.11265056,0.8944484449093666,6.303568015134098e-8,5.384059283478071e-8,13,3,3,2.9583333333333335,0.20412414523193145,1.2413438961783544e-5,70.4339596543483
