seed,dimension,time,fw_time,primal,dual_gap,smallest_dual_gap,iterations
2,250000,2.724394897,2.321103179,0.9139232833865916,6.663313234511747e-9,6.6633132275728535e-9,2
