seed,dimension,time,fw_time,primal,dual_gap,smallest_dual_gap,iterations,iter_not_converging,fallback_helped,average_iter,std_iter,average_gap,std_gap
5,640000,165.244396773,157.99650835,1.0100714370760893,1.1849882001688239e-7,3.8658688019874154e-8,19,0,0,2.8636363636363638,0.35125008665710444,Inf,Inf
