seed,dimension,time,fw_time,primal,dual_gap,smallest_dual_gap,iterations,iter_not_converging,fallback_helped,average_iter,std_iter,average_gap,std_gap
4,90000,114.104434461,113.86398329,1.0047025121205997,2.2108595274655807e-7,9.735054517026609e-8,301,0,0,2.9966777408637872,0.057639041770423484,Inf,Inf
