seed,dimension,time,fw_time,primal,dual_gap,smallest_dual_gap,iterations,iter_not_converging,fallback_helped,average_iter,std_iter,average_gap,std_gap
5,160000,129.816413537,129.315986779,1.10761264896594,2.113970592187986e-7,8.227981295773346e-8,254,7,7,2.92057761732852,0.27088627741969934,5.229188330267033e-6,5.408223793608326
