seed,dimension,time,fw_time,primal,dual_gap,smallest_dual_gap,iterations
3,360000,16.684377192,16.28398175,0.8944484449706878,4.534101451930672e-8,4.534101451410255e-8,15
