seed,dimension,time,fw_time,primal,dual_gap,smallest_dual_gap,iterations,iter_not_converging,fallback_helped,average_iter,std_iter,average_gap,std_gap
3,810000,535.759809717,527.694880344,0.9251184854828025,1.3814045011530107e-7,9.547263856660854e-8,52,0,0,2.9615384615384617,0.19418390934515434,Inf,Inf
