seed,dimension,time,fw_time,primal,dual_gap,smallest_dual_gap,iterations,iter_not_converging,fallback_helped,average_iter,std_iter,average_gap,std_gap
4,490000,3630.816217784,3623.394751859,0.9468203642777169,2.6081261631991093e-7,1.6196263263271865e-7,363,0,0,2.994490358126722,0.074124367573042,Inf,Inf
