seed,dimension,time,fw_time,primal,dual_gap,iterations
4,90000,111.008312272,110.847985493,1.0047024704492917,1.0301046248634149e-7,332
