seed,dimension,time,fw_time,primal,dual_gap,iterations
1,810000,373.77253604,363.076425381,1.0441476060848822,9.100839317571774e-8,33
