seed,dimension,time,fw_time,primal,dual_gap,iterations
3,1000000,33.056401212,24.442234745,0.9952471112701634,5.748404261099287e-6,2
