seed,dimension,time,fw_time,primal,dual_gap,iterations
4,810000,250.55643487,240.586240398,0.9958895503991831,6.895867789725313e-8,23
