seed,dimension,time,fw_time,primal,dual_gap,smallest_dual_gap,iterations,iter_not_converging,fallback_helped,average_iter,std_iter,average_gap,std_gap
1,160000,3.000522106,2.864111122,0.9192244111487924,7.173702150191363e-8,0.0,0,2,2,2.8333333333333335,0.40824829046386296,0.00018906655327764245,5676.8547059440825
