seed,dimension,time,fw_time,primal,dual_gap,smallest_dual_gap,iterations,iter_not_converging,fallback_helped,average_iter,std_iter,average_gap,std_gap
1,90000,147.300415832,146.759936195,0.9879848661180913,3.275634221922008e-7,8.591462405740935e-8,434,5,5,2.9956803455723544,0.0656529095035951,1.457404869925065e-5,4.460891963575029
