seed,dimension,time,fw_time,primal,dual_gap,iterations
1,10000,1.876116336,1.855529265,1.236662884229196,2.180356534139949e-7,3
