seed,dimension,time,fw_time,primal,dual_gap,smallest_dual_gap,iterations,iter_not_converging,fallback_helped,average_iter,std_iter,average_gap,std_gap
5,160000,309.556448725,309.143993916,1.1076126310075576,3.4039155564526136e-7,8.039943899355861e-8,392,0,0,2.9158163265306123,0.27801791500312706,Inf,Inf
