seed,dimension,time,fw_time,primal,dual_gap,iterations
4,40000,381.472378657,381.404004655,0.8999787251801926,2.4351855618456875e-7,1315
