seed,dimension,time,fw_time,primal,dual_gap,smallest_dual_gap,iterations,iter_not_converging,fallback_helped,average_iter,std_iter,average_gap,std_gap
2,40000,0.304371304,0.303894922,0.8815985258547695,2.9018014581494445e-8,0.0,0,4,4,2.962962962962963,0.19245008972987518,1.7288593729514126e-5,10.730044108334036
