seed,dimension,time,fw_time,primal,dual_gap,smallest_dual_gap,iterations
1,490000,160.912393136,152.55192356,1.0809101299277386,2.6127078880597288e-8,2.6127078873658394e-8,17
