seed,dimension,time,fw_time,primal,dual_gap,iterations
4,1000000,95.360379875,86.838214946,0.9749707821260996,1.32222812104614e-7,10
