seed,dimension,time,fw_time,primal,dual_gap,smallest_dual_gap,iterations,iter_not_converging,fallback_helped,average_iter,std_iter,average_gap,std_gap
4,490000,3574.692396142,3565.906729669,0.9468203279933164,1.0351252128018573e-7,9.967552788963524e-8,390,0,0,2.9871794871794872,0.11264405157171917,Inf,Inf
