seed,dimension,time,fw_time,primal,dual_gap,iterations
4,360000,3.700402218,3.35714514,0.9543739337784772,1.2651367696167592e-7,3
