seed,dimension,time,fw_time,primal,dual_gap,iterations
2,640000,17.72450207,17.723318949,1.0051528844145274,7.179006920182696e-10,0
