seed,dimension,time,fw_time,primal,dual_gap,smallest_dual_gap,iterations,iter_not_converging,fallback_helped,average_iter,std_iter,average_gap,std_gap
4,810000,388.347691644,377.101735842,0.9958895506558196,5.763596293457962e-8,5.7635962936314344e-8,23,0,0,2.9583333333333335,0.20412414523193145,Inf,Inf
