seed,dimension,time,fw_time,primal,dual_gap,smallest_dual_gap,iterations,iter_not_converging,fallback_helped,average_iter,std_iter,average_gap,std_gap
4,90000,263.780358093,263.635991122,1.0047024988218878,7.229940033465221e-8,7.229940033465221e-8,871,4,4,2.997767857142857,0.0472191575822498,6.641713538210689e-6,13.575547933322499
