seed,dimension,time,fw_time,primal,dual_gap,iterations
5,360000,23.480388121,23.038607974,1.0180417965710686,3.3580323861859274e-8,25
