seed,dimension,time,fw_time,primal,dual_gap,smallest_dual_gap,iterations,iter_not_converging,fallback_helped,average_iter,std_iter,average_gap,std_gap
4,1000000,172.787736488,165.957978968,0.974970783380238,8.36318493867283e-8,8.363184938846302e-8,18,0,0,2.6470588235294117,0.49259218307188907,Inf,Inf
