seed,dimension,time,fw_time,primal,dual_gap,iterations
1,640000,117.136474275,109.475950585,0.9643446795283946,3.818208445267174e-7,11
