seed,dimension,time,fw_time,primal,dual_gap,iterations
2,1000000,2725.560380999,2716.147169981,0.9692773197689011,8.624802600321752e-8,270
