seed,dimension,time,fw_time,primal,dual_gap,iterations
1,250000,2.940467402,2.893300557,0.864495004455134,4.247448375654939e-9,0
