seed,dimension,time,fw_time,primal,dual_gap,iterations
4,640000,45.696378837,37.812354835,1.0069724599471823,4.510976317310955e-9,4
