seed,dimension,time,fw_time,primal,dual_gap,smallest_dual_gap,iterations
4,490000,3624.860460384,3616.610962097,0.9468204015427154,3.5807659270678527e-7,1.843132975331771e-7,380
