seed,dimension,time,fw_time,primal,dual_gap,iterations
3,360000,14.597854679,14.151976622,0.8944484448804083,4.481614698445546e-8,14
