seed,dimension,time,fw_time,primal,dual_gap,smallest_dual_gap,iterations,iter_not_converging,fallback_helped,average_iter,std_iter,average_gap,std_gap
3,490000,3644.516577707,3630.359518753,0.9871768966720742,4.69144182498743e-7,4.7300334465698313e-7,270,2,2,2.9963235294117645,0.060633906259083215,0.0001118426703061693,5342.905356099441
