seed,dimension,time,fw_time,primal,dual_gap,smallest_dual_gap,iterations,iter_not_converging,fallback_helped,average_iter,std_iter,average_gap,std_gap
4,40000,485.424368136,485.287966059,0.899978724953123,3.9573540404000407e-7,9.956579718334302e-8,1400,5,5,2.999297752808989,0.026499947000158994,2.9204913860902313e-5,21.530333273522594
