seed,dimension,time,fw_time,primal,dual_gap,iterations
5,1000000,26.780356211,26.778854505,1.0241598353319972,2.0419610331605387e-8,0
