seed,dimension,time,fw_time,primal,dual_gap,smallest_dual_gap,iterations
5,160000,66.052403788,65.763956127,1.1076126339787997,1.4726174598668484e-7,4.784934556738285e-8,164
