seed,dimension,time,fw_time,primal,dual_gap,smallest_dual_gap,iterations
3,810000,432.472505447,421.151197426,0.9251184849914011,1.3710588300623605e-7,9.23951198649256e-8,42
