seed,dimension,time,fw_time,primal,dual_gap,smallest_dual_gap,iterations,iter_not_converging,fallback_helped,average_iter,std_iter,average_gap,std_gap
5,810000,2372.420435832,2360.41465857,0.8997990941269015,5.891849433553933e-7,9.718662482595397e-8,164,0,0,2.975609756097561,0.15472990566763622,Inf,Inf
