seed,dimension,time,fw_time,primal,dual_gap,smallest_dual_gap,iterations,iter_not_converging,fallback_helped,average_iter,std_iter,average_gap,std_gap
1,1000000,351.156541452,335.872328663,1.05182612381684,6.063816448357434e-8,6.063816450178894e-8,19,0,0,2.9047619047619047,0.30079260375911915,Inf,Inf
