seed,dimension,time,fw_time,primal,dual_gap,iterations
3,250000,3.256361627,2.759983246,1.0765199785784925,1.1523904870826968e-6,2
