seed,dimension,time,fw_time,primal,dual_gap,iterations
4,490000,3629.448384444,3620.819037293,0.9468204176912085,1.9611811896604742e-7,388
