seed,dimension,time,fw_time,primal,dual_gap,iterations
5,40000,1.800367132,1.655998512,0.9841335869913147,1.2579813173790866e-8,5
