seed,dimension,time,fw_time,primal,dual_gap,iterations
1,1000000,407.548445033,396.563249798,1.051826123767775,6.439492961172327e-8,21
