seed,dimension,time,fw_time,primal,dual_gap,smallest_dual_gap,iterations,iter_not_converging,fallback_helped,average_iter,std_iter,average_gap,std_gap
2,1000000,2224.468537849,2211.166280642,0.9692773130074022,1.468490608679679e-7,9.89409219059531e-8,142,4,4,2.986111111111111,0.11743834038236316,4.696381357653466e-6,3.392303048176825
