seed,dimension,time,fw_time,primal,dual_gap,smallest_dual_gap,iterations,iter_not_converging,fallback_helped,average_iter,std_iter,average_gap,std_gap
4,160000,0.740395907,0.739751257,0.9722194449917891,3.938214616569513e-8,0.0,0,2,2,2.8333333333333335,0.3834824944236852,4.8678779867736284e-5,3.582593772432053e6
