seed,dimension,time,fw_time,primal,dual_gap,smallest_dual_gap,iterations
2,1000000,1509.208443945,1502.43839896,0.9692773135033382,1.8367302765352755e-7,9.631505794478745e-8,147
