seed,dimension,time,fw_time,primal,dual_gap,iterations
2,160000,7.244410558,6.78396167,0.9693512391229925,1.0503048992679953e-7,8
