seed,dimension,time,fw_time,primal,dual_gap,smallest_dual_gap,iterations,iter_not_converging,fallback_helped,average_iter,std_iter,average_gap,std_gap
3,490000,3652.004460491,3639.142109433,0.9871768063045131,3.832616177687487e-7,1.09110376747025e-6,278,0,0,2.9964285714285714,0.05976143046671967,Inf,Inf
