seed,dimension,time,fw_time,primal,dual_gap,smallest_dual_gap,iterations
5,40000,1.868345702,1.723993698,0.9841335878394146,7.569661487905055e-9,7.569661449741139e-9,5
