seed,dimension,time,fw_time,primal,dual_gap,iterations
5,810000,1825.520456079,1813.154965258,0.8997991161870081,3.025083827427888e-7,142
