seed,dimension,time,fw_time,primal,dual_gap,smallest_dual_gap,iterations
5,810000,1372.40834708,1360.194467854,0.8997991183867035,6.243027546610352e-7,9.550567171834334e-8,106
