seed,dimension,time,fw_time,primal,dual_gap,smallest_dual_gap,iterations
2,810000,189.852477032,170.826874932,1.0274142176143763,1.0610920014430397e-7,2.326239164664179e-8,13
