Problem,Instances,TimeS,DualGapS,IterationS,TimeAD,DualGapAD,IterationAD,TimeAG,DualGapAG,IterationAG
Birkhoff,50,2301.774,4.94e-7,11120,2511.749,5.65e-7,19440,3596.14,2.43e-6,376918
IllConditionedQuadratic,50,16.856,<1E-07,20,16.252,<1E-07,26,1340.163,3.49E-06,120361
Nuclear,50,1638.548,513.0,1167,2133.75,575.0,2846,3600.0,<1E-07,
OEDP_A,50,3228.717,8.63,2901,3600.0,1.25,,3600.0,2.55,
OEDP_D,50,2824.756,0.00417,1080,2928.266,0.0018,1789,3600.0,0.00191,
Portfolio,13,0.545,<1E-07,28,4.639,1.43E-07,66,2083.654,1.49E-06,1263
QuadraticProbSimplex,50,1898.046,0.000425,23601,1961.356,0.000458,32545,3600.0,0.000153,
Spectrahedron,50,34.467,1.72e-7,124,41.053,3.27e-7,139,192.338,1.17e-6,4252
