Problem,Instances,TimeS,DualGapS,IterationS,TimeAD,DualGapAD,IterationAD,TimeAG,DualGapAG,IterationAG
Birkhoff,30,427.606,<1E-07,10624,614.586,2.47e-7,17506,2959.856,8.76e-7,731017
IllConditionedQuadratic,50,15.279,<1E-07,20,15.851,<1E-07,26,1227.711,4.35E-06,120361
Nuclear,30,204.609,0.133,1071,600.552,0.139,2547,3600.0,753000.0,
OEDP_A,50,475.659,0.0333,2194,3600.0,0.0935,,3600.0,0.13,
OEDP_D,50,199.181,8.08E-05,828,252.032,2.90E-07,1496,3542.154,3.83E-04,9657176
Portfolio,13,0.545,<1E-07,28,4.639,1.44E-07,66,2083.654,2.09E-06,1263
QuadraticProbSimplex,30,340.708,0.000217,15046,355.732,0.000237,20814,3043.135,0.000163,30992434
Spectrahedron,50,34.467,1.77e-7,124,41.053,3.8e-7,139,192.338,2.13e-6,4252
