seed,dimension,time,fw_time,primal,dual_gap,smallest_dual_gap,iterations
5,90000,3277.128810962,3277.102745852,0.32792627913453404,9.858569529046929e-8,9.858569529046929e-8,11097
