seed,dimension,time,fw_time,primal,dual_gap,smallest_dual_gap,iterations
5,160000,3602.738583679,3602.510143478,0.3291380323888683,3.802840272300323e-7,3.7957553034387304e-7,4643
