seed,dimension,time,fw_time,primal,dual_gap,smallest_dual_gap,iterations
4,2500,1147.63969782,1147.637696356,0.29498176631867673,9.172427039433328e-8,9.172427039433328e-8,740969
