seed,dimension,time,fw_time,primal,dual_gap,smallest_dual_gap,iterations
3,490000,3608.960830789,3608.489211933,0.33081652204609396,6.153595019380183e-7,6.176004296479069e-7,1205
