seed,dimension,time,fw_time,primal,dual_gap,smallest_dual_gap,iterations
2,490000,3614.409693776,3613.919497077,0.3306004296284742,7.534667230005634e-7,7.509456246505147e-7,1041
