seed,dimension,time,fw_time,primal,dual_gap,smallest_dual_gap,iterations
5,40000,1376.237936272,1376.171859294,0.3252702113307218,1.0650352239190142e-7,9.816743476963319e-8,14964
