seed,dimension,time,fw_time,primal,dual_gap,smallest_dual_gap,iterations
5,40000,1244.370174602,1244.34812419,0.3252702110130883,9.896375388271372e-8,9.896375388271372e-8,13674
