seed,dimension,time,fw_time,primal,dual_gap,smallest_dual_gap,iterations
1,10000,175.975849872,175.949531625,0.31826945977102694,9.89930628962632e-8,9.89930628962632e-8,15647
