seed,dimension,time,fw_time,primal,dual_gap,smallest_dual_gap,iterations,average_iter,std_iter
5,160000,3602.347751051,3602.116492001,0.32913803179537127,3.37617922198212e-7,3.3719604812434273e-7,4933,NaN,NaN
