seed,dimension,time,fw_time,primal,dual_gap,smallest_dual_gap,iterations
1,160000,3603.276769955,3602.994230686,0.3286832548830451,3.525711831211045e-7,3.529227188990222e-7,4947
