seed,dimension,time,fw_time,primal,dual_gap,smallest_dual_gap,iterations
1,250000,3606.162353037,3605.71809448,0.32930690088925363,4.7202948572121553e-7,4.717084153955074e-7,2245
