seed,dimension,time,fw_time,primal,dual_gap,smallest_dual_gap,iterations
5,250000,3604.431288275,3604.060423534,0.32979967480147027,4.5623913938431723e-7,4.5176113548260274e-7,2186
