seed,dimension,time,fw_time,primal,dual_gap,smallest_dual_gap,iterations
4,640000,3616.020182074,3615.446355298,0.33097018648173937,6.807241025061188e-7,6.776126015308435e-7,874
