seed,dimension,time,fw_time,primal,dual_gap,smallest_dual_gap,iterations
2,810000,3624.172160052,3623.308906307,0.3308615658603756,6.110000131472233e-7,6.024590231564451e-7,617
