seed,dimension,time,fw_time,primal,dual_gap,smallest_dual_gap,iterations
4,640000,3615.898088654,3615.240297213,0.33097018905903686,8.00442825394862e-7,8.004175779839293e-7,790
