seed,dimension,time,fw_time,primal,dual_gap,smallest_dual_gap,iterations
5,10000,139.29551728,139.291015689,0.3169835233486632,9.534347628764595e-8,9.534347628070705e-8,13613
