seed,dimension,time,fw_time,primal,dual_gap,smallest_dual_gap,iterations
5,90000,3215.030728505,3214.875007999,0.3279262792003384,1.055428510031084e-7,9.873700989194295e-8,11335
