seed,dimension,time,fw_time,primal,dual_gap,smallest_dual_gap,iterations
3,250000,3605.050427475,3604.731342267,0.3301611424592894,4.976437405585996e-7,4.960443584453057e-7,2582
