seed,dimension,time,fw_time,primal,dual_gap,smallest_dual_gap,iterations
3,160000,3602.265803151,3602.013381349,0.32952966182321225,3.723904398117775e-7,3.7225678863311157e-7,4558
