seed,dimension,time,fw_time,primal,dual_gap,smallest_dual_gap,iterations
1,490000,3611.958678311,3611.472405685,0.33042315652442106,6.875553604855471e-7,6.853172631548186e-7,1102
