seed,dimension,time,fw_time,primal,dual_gap,smallest_dual_gap,iterations
1,10000,143.467223931,143.432322581,0.31826945974966503,9.825804871479993e-8,9.825804871479993e-8,14665
