seed,dimension,time,fw_time,primal,dual_gap,smallest_dual_gap,iterations
1,40000,1236.624328663,1236.540385609,0.32588735031390764,9.976958107414668e-8,9.976958107761613e-8,14791
