seed,dimension,time,fw_time,primal,dual_gap,smallest_dual_gap,iterations,average_iter,std_iter
3,360000,3609.809372914,3609.46833795,0.33043932579575547,6.036876263192277e-7,6.045133251427783e-7,1569,0.15232632249840664,0.35945147493572766
