seed,dimension,time,fw_time,primal,dual_gap,smallest_dual_gap,iterations
4,62500,3600.538322895,3600.519010636,0.3268898990636589,1.2775896086093808e-6,1.3079113880239482e-6,24076
