seed,dimension,time,fw_time,primal,dual_gap,smallest_dual_gap,iterations
3,40000,1274.817020283,1274.743278062,0.32555353980575646,9.884085331104964e-8,9.884085331104964e-8,14014
