seed,dimension,time,fw_time,primal,dual_gap,smallest_dual_gap,iterations
4,10000,154.702195613,154.69766731,0.3156908609405891,9.795093267386812e-8,9.795093268080701e-8,13979
