seed,dimension,time,fw_time,primal,dual_gap,iterations
1,810000,3620.958168154,3620.171288093,0.3312194890121194,7.179302150906244e-7,717
