seed,dimension,time,fw_time,primal,dual_gap,smallest_dual_gap,iterations
4,360000,3608.221231076,3607.89889193,0.3303796511699155,5.293673720528982e-7,5.304668447289954e-7,1770
