seed,dimension,time,fw_time,primal,dual_gap,smallest_dual_gap,iterations
3,810000,3618.195759451,3617.428150918,0.33138757721917067,7.367002513424675e-7,7.309937950310784e-7,693
