seed,dimension,time,fw_time,primal,dual_gap,smallest_dual_gap,iterations,average_iter,std_iter
2,810000,3622.578222848,3621.61332249,0.3308615726047953,9.126133386351369e-7,9.085396399243113e-7,590,0.15254237288135594,0.35985090866877334
