seed,dimension,time,fw_time,primal,dual_gap,smallest_dual_gap,iterations
4,40000,2005.882805494,2005.815569351,0.32474095643809253,9.665275030150411e-8,9.665275030150411e-8,20451
