seed,dimension,time,fw_time,primal,dual_gap,smallest_dual_gap,iterations
3,10000,172.341508404,172.328506197,0.31836327672244036,1.1290448803658037e-7,9.676333401903436e-8,17177
