seed,dimension,time,fw_time,primal,dual_gap,smallest_dual_gap,iterations
5,640000,3615.500106355,3615.125838588,0.3307795125709151,6.128638032629544e-7,6.131843268801507e-7,891
