seed,dimension,time,fw_time,primal,dual_gap,smallest_dual_gap,iterations,average_iter,std_iter
3,40000,1803.220141227,1803.149095464,0.3255535399867815,1.0285107480099975e-7,9.783480944478007e-8,18314,NaN,NaN
