seed,dimension,time,fw_time,primal,dual_gap,smallest_dual_gap,iterations
3,810000,3620.026818178,3619.150047317,0.3313875732398121,6.470309350634258e-7,6.465578319902153e-7,655
