seed,dimension,time,fw_time,primal,dual_gap,smallest_dual_gap,iterations,average_iter,std_iter
1,810000,3622.468103288,3621.856225339,0.33121949092146796,8.202097959799683e-7,8.219793942139744e-7,671,0.15201192250372578,0.3593002816516502
