seed,dimension,time,fw_time,primal,dual_gap,smallest_dual_gap,iterations
2,1000000,3629.549261538,3628.485172468,0.3308509446910185,8.601555425611328e-7,8.942866680473546e-7,493
