seed,dimension,time,fw_time,primal,dual_gap,smallest_dual_gap,iterations
5,160000,3602.062155902,3601.819583699,0.32913803178283824,3.4264993808898886e-7,3.4436032957975427e-7,4940
