seed,dimension,time,fw_time,primal,dual_gap,smallest_dual_gap,iterations
1,90000,3601.064666304,3601.038562721,0.3276032513555153,2.1820872857323398e-7,2.152869693983553e-7,10263
