seed,dimension,time,fw_time,primal,dual_gap,smallest_dual_gap,iterations
2,810000,3616.939156929,3616.083374013,0.3308615705828776,7.978218720624576e-7,7.985414213419924e-7,661
