seed,dimension,time,fw_time,primal,dual_gap,smallest_dual_gap,iterations,average_iter,std_iter
4,90000,3600.850870499,3600.825093064,0.32731902049274353,2.438600071917943e-7,2.429671647850157e-7,11105,0.1520036019810896,0.3590405482125935
