seed,dimension,time,fw_time,primal,dual_gap,smallest_dual_gap,iterations
3,360000,3607.126233073,3606.732786851,0.3304393233840777,5.544907703686208e-7,5.521800339474033e-7,1478
