seed,dimension,time,fw_time,primal,dual_gap,smallest_dual_gap,iterations
2,810000,3622.123131696,3621.227662621,0.3308615713862697,8.230920338584552e-7,8.221397452086096e-7,644
