seed,dimension,time,fw_time,primal,dual_gap,smallest_dual_gap,iterations
5,40000,1888.555695246,1888.494565175,0.3252702115077723,9.673564550956304e-8,9.673564550956304e-8,19390
