seed,dimension,time,fw_time,primal,dual_gap,smallest_dual_gap,iterations
3,10000,197.64141395,197.627283618,0.31836327671873255,9.950850329495942e-8,9.950850329495942e-8,17339
