seed,dimension,time,fw_time,primal,dual_gap,smallest_dual_gap,iterations
2,40000,3600.275986419,3600.258899006,0.324095997757777,8.128996938864402e-7,8.088735963928534e-7,45463
