seed,dimension,time,fw_time,primal,dual_gap,smallest_dual_gap,iterations
4,1000000,3622.095661651,3620.948272849,0.3317396167071024,7.318141668161224e-7,7.305652409295843e-7,508
