seed,dimension,time,fw_time,primal,dual_gap,iterations
3,160000,3602.157504544,3601.911662232,0.32952966112495785,3.430381367262869e-7,4899
