seed,dimension,time,fw_time,primal,dual_gap,smallest_dual_gap,iterations
3,40000,1558.786555757,1558.724130255,0.325553540132439,9.619911836393491e-8,9.619911836220019e-8,19048
