seed,dimension,time,fw_time,primal,dual_gap,smallest_dual_gap,iterations
5,490000,3610.808846227,3610.261453106,0.3306154440681685,6.564751482197352e-7,6.567135470828857e-7,958
