seed,dimension,time,fw_time,primal,dual_gap,smallest_dual_gap,iterations
3,640000,3617.243175852,3616.58905722,0.33119398051741095,6.232617133458164e-7,6.21528485520665e-7,814
