seed,dimension,time,fw_time,primal,dual_gap,smallest_dual_gap,iterations
3,90000,3478.810227014,3478.668961209,0.3278237727141313,9.995031288994455e-8,9.995031289167927e-8,11237
