seed,dimension,time,fw_time,primal,dual_gap,smallest_dual_gap,iterations,average_iter,std_iter
1,250000,3606.030904135,3605.676463093,0.3293069008923143,4.697011317328706e-7,4.706339415835002e-7,2752,NaN,NaN
