seed,dimension,time,fw_time,primal,dual_gap,smallest_dual_gap,iterations
3,250000,3604.742839202,3604.652303964,0.3301611398883377,4.1584669924210615e-7,4.143631686845915e-7,2531
