seed,dimension,time,fw_time,primal,dual_gap,iterations
2,40000,2419.858293214,2419.794927877,0.3240959864648204,9.972942410264862e-8,28867
