seed,dimension,time,fw_time,primal,dual_gap,smallest_dual_gap,iterations
5,250000,3602.711263654,3602.529431819,0.32979973011860486,3.128473827624951e-6,3.162281757736196e-6,4881
