seed,dimension,time,fw_time,primal,dual_gap,smallest_dual_gap,iterations,average_iter,std_iter
1,40000,1960.783045315,1960.681071375,0.32588735074588415,9.93105805195682e-8,9.93105805195682e-8,19374,NaN,NaN
