seed,dimension,time,fw_time,primal,dual_gap,smallest_dual_gap,iterations
5,2500,1128.213758405,1128.211782348,0.3080737013461312,9.475277373133251e-8,9.47527737382714e-8,732805
