seed,dimension,time,fw_time,primal,dual_gap,smallest_dual_gap,iterations
1,90000,3602.110616481,3601.927631413,0.3276032537970296,2.599034662782024e-7,2.602226936449653e-7,10541
