seed,dimension,time,fw_time,primal,dual_gap,smallest_dual_gap,iterations
4,1000000,3621.633155242,3620.51789335,0.3317396164121768,7.367635479114086e-7,7.37841030715343e-7,524
