seed,dimension,time,fw_time,primal,dual_gap,iterations
4,810000,3622.594757166,3621.812146919,0.33137458963278343,7.657935189001215e-7,667
