seed,dimension,time,fw_time,primal,dual_gap,smallest_dual_gap,iterations
3,250000,3605.099954774,3604.740611981,0.33016114407525166,5.557127454374963e-7,5.539746150634919e-7,2305
