seed,dimension,time,fw_time,primal,dual_gap,smallest_dual_gap,iterations
4,10000,3511.470458868,3511.466118171,0.3156908606293257,9.629268714339556e-8,9.629268714339556e-8,370241
