seed,dimension,time,fw_time,primal,dual_gap,smallest_dual_gap,iterations
1,250000,3605.62351075,3605.51130008,0.32930689894628296,4.000701131394793e-7,4.0278204749451263e-7,2707
