seed,dimension,time,fw_time,primal,dual_gap,smallest_dual_gap,iterations
1,160000,3603.837634542,3603.552058451,0.3286832594098197,4.357984318579741e-7,4.3731625971096116e-7,4503
