seed,dimension,time,fw_time,primal,dual_gap,smallest_dual_gap,iterations
4,160000,3602.645230535,3602.419681235,0.32853835411440696,3.944735426104212e-7,4.233873658211068e-7,4489
