seed,dimension,time,fw_time,primal,dual_gap,smallest_dual_gap,iterations
5,10000,123.476028944,123.463965287,0.31698352333153,9.591438844200328e-8,9.591438844200328e-8,13132
