seed,dimension,time,fw_time,primal,dual_gap,smallest_dual_gap,iterations
5,160000,3602.412770237,3602.1797619,0.3291380321309296,3.6246841755155357e-7,3.6305931741531516e-7,4851
