seed,dimension,time,fw_time,primal,dual_gap,smallest_dual_gap,iterations
3,10000,140.381634782,140.377334357,0.3183632766600766,9.74615567798931e-8,9.74615567798931e-8,13827
