seed,dimension,time,fw_time,primal,dual_gap,smallest_dual_gap,iterations
5,810000,3616.501503671,3615.980931842,0.330942136106934,6.805603926878477e-7,6.703595355210708e-7,585
