seed,dimension,time,fw_time,primal,dual_gap,smallest_dual_gap,iterations
3,90000,3600.822199136,3600.788126127,0.3278237730098496,2.1018766037037007e-7,2.0700600086766968e-7,10481
