seed,dimension,time,fw_time,primal,dual_gap,smallest_dual_gap,iterations
5,640000,3614.098323617,3613.411555102,0.3307795184055465,7.789743322272023e-7,7.746009842313911e-7,799
