seed,dimension,time,fw_time,primal,dual_gap,smallest_dual_gap,iterations
1,640000,3617.849906152,3617.234817442,0.33102972414344833,7.336471774636866e-7,7.325387764906856e-7,863
