seed,dimension,time,fw_time,primal,dual_gap,smallest_dual_gap,iterations
5,1000000,3622.37850739,3621.310214323,0.33110307160367003,6.791480965143929e-7,6.792383198432009e-7,510
