seed,dimension,time,fw_time,primal,dual_gap,smallest_dual_gap,iterations
1,250000,3606.016886265,3605.644161005,0.32930690157844195,4.5574938312619925e-7,4.540354979301088e-7,2583
