seed,dimension,time,fw_time,primal,dual_gap,smallest_dual_gap,iterations
5,10000,177.759039221,177.747805567,0.3169835234778316,9.531251689634535e-8,9.531251689634535e-8,19273
