seed,dimension,time,fw_time,primal,dual_gap,smallest_dual_gap,iterations
2,640000,3614.678408643,3613.991785923,0.3306902646023796,5.644840168155495e-7,5.548030080461744e-7,870
