seed,dimension,time,fw_time,primal,dual_gap,smallest_dual_gap,iterations,average_iter,std_iter
3,90000,3601.048397135,3600.909576287,0.32782377382778927,2.1917400035067341e-7,2.1844548314491063e-7,11847,NaN,NaN
