seed,dimension,time,fw_time,primal,dual_gap,smallest_dual_gap,iterations
3,250000,3605.318141986,3604.9791484,0.3301611431198343,5.206089456412551e-7,5.205980278624213e-7,2422
