seed,dimension,time,fw_time,primal,dual_gap,smallest_dual_gap,iterations
1,360000,3608.947161316,3608.574294511,0.32979902822140733,5.859703791528947e-7,5.894102636911334e-7,1604
