seed,dimension,time,fw_time,primal,dual_gap,smallest_dual_gap,iterations
2,810000,3623.318443738,3622.377294803,0.3308615672543474,6.902038737345399e-7,6.84011279267812e-7,571
