seed,dimension,time,fw_time,primal,dual_gap,smallest_dual_gap,iterations
2,40000,1554.429657669,1554.371945477,0.3240959881249333,1.0972390910787833e-7,9.933753347679541e-8,18571
