seed,dimension,time,fw_time,primal,dual_gap,smallest_dual_gap,iterations
1,360000,3607.509054497,3607.07814726,0.32979902453385235,4.8582101969466e-7,4.829468960823764e-7,1613
