seed,dimension,time,fw_time,primal,dual_gap,smallest_dual_gap,iterations
2,360000,3608.468708825,3608.082632033,0.33044849015234223,4.905039437124066e-7,4.928161527872205e-7,1575
