seed,dimension,time,fw_time,primal,dual_gap,smallest_dual_gap,iterations
4,640000,3618.142750848,3617.505684683,0.3309701830920204,6.297135252174638e-7,6.294365198686834e-7,831
