seed,dimension,time,fw_time,primal,dual_gap,smallest_dual_gap,iterations
4,160000,3602.83764833,3602.783303488,0.32853835071280846,3.382049880403318e-7,3.332648474746111e-7,4374
