seed,dimension,time,fw_time,primal,dual_gap,smallest_dual_gap,iterations
4,1000000,3626.150305372,3625.189016014,0.3317396207538527,7.785225801938515e-7,7.735070747419241e-7,556
