seed,dimension,time,fw_time,primal,dual_gap,smallest_dual_gap,iterations
1,360000,3609.064442754,3608.670578004,0.3297990272642567,5.665480231928192e-7,5.628982922014324e-7,1721
