seed,dimension,time,fw_time,primal,dual_gap,smallest_dual_gap,iterations
3,10000,132.44737236,132.434477046,0.3183632766465387,1.052259326686511e-7,9.492617253012425e-8,13685
