seed,dimension,time,fw_time,primal,dual_gap,smallest_dual_gap,iterations,average_iter,std_iter
3,90000,3601.07411175,3600.91950368,0.32782377533847123,2.734855045769327e-7,2.713197956444313e-7,9915,0.15209278870398385,0.35912891870973085
