seed,dimension,time,fw_time,primal,dual_gap,smallest_dual_gap,iterations
2,160000,3602.627265875,3602.354962522,0.3286442177157069,3.022688608422114e-7,2.9956451810461693e-7,4381
