seed,dimension,time,fw_time,primal,dual_gap,smallest_dual_gap,iterations
5,40000,3600.199017665,3600.185802547,0.3252702205064422,7.36109769111648e-7,7.406400047947626e-7,49232
