seed,dimension,time,fw_time,primal,dual_gap,smallest_dual_gap,iterations
1,90000,3602.38370014,3602.313646036,0.3276032543888586,2.6554250420144504e-7,2.6108229302969355e-7,9972
