seed,dimension,time,fw_time,primal,dual_gap,smallest_dual_gap,iterations
1,10000,142.810637862,142.776455698,0.3182694597653105,9.451056518991474e-8,9.451056518991474e-8,14463
