seed,dimension,time,fw_time,primal,dual_gap,smallest_dual_gap,iterations
4,250000,3605.279448714,3604.998674382,0.32961127300481907,5.024330975746116e-7,5.038177529155183e-7,2569
