seed,dimension,time,fw_time,primal,dual_gap,iterations
1,360000,3609.314978726,3608.898351432,0.3297990273069242,5.530110524024079e-7,1714
