seed,dimension,time,fw_time,primal,dual_gap,smallest_dual_gap,iterations
2,90000,3600.910634129,3600.883355409,0.32649484343669233,1.5739012533856622e-6,1.599329612102067e-6,16227
