seed,dimension,time,fw_time,primal,dual_gap,smallest_dual_gap,iterations
4,250000,3605.203473379,3604.832210457,0.32961127075903146,4.523158450941804e-7,4.490787592647573e-7,2362
