seed,dimension,time,fw_time,primal,dual_gap,smallest_dual_gap,iterations
4,1000000,3630.507106335,3629.454858317,0.3317396217661256,8.352428838946657e-7,8.296597670766261e-7,533
