seed,dimension,time,fw_time,primal,dual_gap,iterations
2,490000,3610.953148738,3610.492221218,0.3306004285223859,6.887336919986393e-7,1121
