seed,dimension,time,fw_time,primal,dual_gap,smallest_dual_gap,iterations
3,90000,3601.079270644,3601.047576371,0.3278237726456441,1.9200402603079814e-7,1.9131560706486805e-7,10237
