seed,dimension,time,fw_time,primal,dual_gap,smallest_dual_gap,iterations
3,810000,3618.608081395,3618.111699468,0.3313875777100661,7.885508522659755e-7,7.822223997279269e-7,697
