seed,dimension,time,fw_time,primal,dual_gap,smallest_dual_gap,iterations
5,90000,3600.726105842,3600.700795303,0.32792630907205794,1.4265800130433548e-6,1.39048056642041e-6,18140
