seed,dimension,time,fw_time,primal,dual_gap,smallest_dual_gap,iterations
5,40000,1244.178110442,1244.161789261,0.3252702110130883,9.896375388271372e-8,9.896375388271372e-8,13674
