seed,dimension,time,fw_time,primal,dual_gap,smallest_dual_gap,iterations
2,490000,3611.834029705,3611.341525598,0.33060042964872133,7.384529344223005e-7,7.370104862037055e-7,1053
