seed,dimension,time,fw_time,primal,dual_gap,smallest_dual_gap,iterations
3,640000,3615.716216317,3615.141563604,0.3311939841942141,7.344702482366822e-7,7.3057906346298e-7,867
