seed,dimension,time,fw_time,primal,dual_gap,smallest_dual_gap,iterations
1,490000,3611.310924584,3610.826614887,0.33042315548720647,6.496925091872829e-7,6.44867860980728e-7,1173
