seed,dimension,time,fw_time,primal,dual_gap,smallest_dual_gap,iterations
1,40000,1407.299077785,1407.202268092,0.32588735018450044,9.985938010520501e-8,9.985938010520501e-8,14871
