seed,dimension,time,fw_time,primal,dual_gap,smallest_dual_gap,iterations,average_iter,std_iter
3,490000,3613.142775566,3612.641081244,0.33081652279393337,6.40568853038561e-7,6.354469047351388e-7,1141,0.15249780893952672,0.35966039201295763
