seed,dimension,time,fw_time,primal,dual_gap,smallest_dual_gap,iterations
5,40000,1564.99849166,1564.939252115,0.3252702115205063,9.702058865503072e-8,9.702058865329599e-8,19318
