seed,dimension,time,fw_time,primal,dual_gap,smallest_dual_gap,iterations,average_iter,std_iter
1,640000,3620.83429708,3620.138414982,0.33102972645154816,7.658027783284151e-7,7.645135605260228e-7,771,0.15304798962386512,0.36026746417898076
