seed,dimension,time,fw_time,primal,dual_gap,smallest_dual_gap,iterations
4,360000,3610.044388154,3609.65669907,0.33037964968195566,4.844289679716354e-7,4.806867002827599e-7,1479
