seed,dimension,time,fw_time,primal,dual_gap,smallest_dual_gap,iterations
3,490000,3610.5214689,3610.042360921,0.3308165189326984,5.607348895781544e-7,5.611636570662486e-7,1116
