seed,dimension,time,fw_time,primal,dual_gap,smallest_dual_gap,iterations
1,90000,3602.50317373,3602.338288091,0.32760325425047765,2.797561273583729e-7,2.783719158872336e-7,10247
