seed,dimension,time,fw_time,primal,dual_gap,smallest_dual_gap,iterations
2,250000,3604.89953814,3604.558672619,0.3294905365631801,4.523916779350552e-7,4.4713357875200005e-7,2611
