seed,dimension,time,fw_time,primal,dual_gap,smallest_dual_gap,iterations
4,250000,3602.242613369,3602.1366468,0.3296113186205152,2.6942889223566593e-6,2.7234624386212984e-6,5661
