seed,dimension,time,fw_time,primal,dual_gap,smallest_dual_gap,iterations
1,640000,3619.627712706,3618.953553205,0.3310297207171748,5.864525203696028e-7,5.842409973853303e-7,784
