seed,dimension,time,fw_time,primal,dual_gap,smallest_dual_gap,iterations
5,250000,3605.111075552,3604.796030617,0.32979967670488214,5.24336047746498e-7,5.258241024957977e-7,2537
