seed,dimension,time,fw_time,primal,dual_gap,smallest_dual_gap,iterations
1,250000,3605.645300141,3605.284281734,0.3293068988208457,3.6695069967947885e-7,3.5931274627388e-7,2673
