seed,dimension,time,fw_time,primal,dual_gap,smallest_dual_gap,iterations
1,360000,3608.003667548,3607.803874297,0.3297990291273818,6.316748508493168e-7,6.335453391361455e-7,1553
