seed,dimension,time,fw_time,primal,dual_gap,smallest_dual_gap,iterations
1,250000,3604.969442595,3604.625213007,0.329306900840779,4.3951378967928625e-7,4.388672328551474e-7,2772
