seed,dimension,time,fw_time,primal,dual_gap,smallest_dual_gap,iterations
2,10000,179.615457027,179.612038643,0.3209859316594151,1.0906589555798041e-7,9.778465640680745e-8,16117
