seed,dimension,time,fw_time,primal,dual_gap,smallest_dual_gap,iterations
5,250000,3603.983853634,3603.625915168,0.32979967341780975,3.747414423771467e-7,3.6892174389837815e-7,2464
