seed,dimension,time,fw_time,primal,dual_gap,smallest_dual_gap,iterations
4,640000,3615.553257069,3615.19642004,0.33097018300640785,6.268236763277632e-7,6.273528071979589e-7,859
