seed,dimension,time,fw_time,primal,dual_gap,smallest_dual_gap,iterations
3,1000000,3630.714333233,3629.944508417,0.33131924252611117,7.29220243362921e-7,7.26456494482778e-7,486
