seed,dimension,time,fw_time,primal,dual_gap,smallest_dual_gap,iterations
4,90000,3601.099704686,3600.956494741,0.32731902040497357,2.3824309463606197e-7,2.378431722674032e-7,11140
