seed,dimension,time,fw_time,primal,dual_gap,smallest_dual_gap,iterations
2,1000000,3622.058750033,3620.972558432,0.3308509382990692,7.391182960199329e-7,7.394032933041687e-7,505
