seed,dimension,time,fw_time,primal,dual_gap,smallest_dual_gap,iterations
3,10000,203.664866389,203.660598535,0.31836327671520886,9.510178719876472e-8,9.510178719876472e-8,18442
