seed,dimension,time,fw_time,primal,dual_gap,smallest_dual_gap,iterations
5,10000,201.862282687,201.849716731,0.31698352346754904,9.98807773815169e-8,9.677743928113158e-8,19500
