seed,dimension,time,fw_time,primal,dual_gap,smallest_dual_gap,iterations
4,90000,3601.009911424,3600.848325798,0.3273190212874349,2.459759944409279e-7,2.453245088228709e-7,10297
