seed,dimension,time,fw_time,primal,dual_gap,smallest_dual_gap,iterations
5,1000000,3625.619287282,3624.622595901,0.33110307619551016,8.281181641956858e-7,8.179764405809135e-7,545
