seed,dimension,time,fw_time,primal,dual_gap,smallest_dual_gap,iterations
2,360000,3608.739252516,3608.405430917,0.33044849445575125,6.0768018576721e-7,6.082491072261983e-7,1559
