seed,dimension,time,fw_time,primal,dual_gap,smallest_dual_gap,iterations
3,160000,3602.511188174,3602.268318114,0.32952966108601384,3.3920432928897376e-7,3.394518525426035e-7,4919
