seed,dimension,time,fw_time,primal,dual_gap,smallest_dual_gap,iterations,average_iter,std_iter
4,1000000,3629.176818282,3628.219373723,0.3317396209324501,8.09158659806266e-7,8.060337876756793e-7,553,NaN,NaN
