seed,dimension,time,fw_time,primal,dual_gap,smallest_dual_gap,iterations
1,1000000,3633.363775601,3632.402061244,0.33125751315287394,6.825033824341565e-7,6.76775112627313e-7,524
