seed,dimension,time,fw_time,primal,dual_gap,smallest_dual_gap,iterations
5,810000,3621.307396109,3620.758604195,0.3309421338734114,6.532214956900435e-7,6.534776496435607e-7,595
