seed,dimension,time,fw_time,primal,dual_gap,smallest_dual_gap,iterations
4,360000,3605.875157256,3605.502403928,0.33037964839192613,4.879490947441723e-7,4.859369858853033e-7,1678
