seed,dimension,time,fw_time,primal,dual_gap,smallest_dual_gap,iterations
3,40000,1780.743291343,1780.713010717,0.32555354001578474,9.872946659522652e-8,9.872946659522652e-8,18426
