seed,dimension,time,fw_time,primal,dual_gap,smallest_dual_gap,iterations
3,250000,3604.947440438,3604.585177047,0.3301611398698541,4.393453059991538e-7,4.423473217848514e-7,2496
