seed,dimension,time,fw_time,primal,dual_gap,smallest_dual_gap,iterations
2,160000,3602.311919174,3602.250308361,0.32864422036086327,3.8743071934400214e-7,3.9041039515651244e-7,4429
