seed,dimension,time,fw_time,primal,dual_gap,smallest_dual_gap,iterations
1,40000,1532.088101819,1532.000319528,0.3258873502448614,1.0783536026973128e-7,9.888940340034569e-8,14973
