seed,dimension,time,fw_time,primal,dual_gap,smallest_dual_gap,iterations,average_iter,std_iter
1,810000,3618.125575225,3617.17337067,0.3312194912445879,8.376084096499772e-7,8.352451910682152e-7,637,0.152276295133438,0.3595708469567865
