seed,dimension,time,fw_time,primal,dual_gap,iterations
1,490000,3613.094026728,3612.611088672,0.33042315561936786,6.758542485641415e-7,1166
