seed,dimension,time,fw_time,primal,dual_gap,smallest_dual_gap,iterations
3,250000,3604.170121957,3603.800567225,0.3301611398043641,4.110843653390081e-7,4.0778029364524696e-7,2510
