seed,dimension,time,fw_time,primal,dual_gap,smallest_dual_gap,iterations
4,250000,3605.193125019,3605.089099064,0.32961127392977485,5.239212948950772e-7,5.19382547337164e-7,2447
