seed,dimension,time,fw_time,primal,dual_gap,smallest_dual_gap,iterations,average_iter,std_iter
5,40000,1847.560945569,1847.49512188,0.32527021137807455,1.1021997292637309e-7,9.912295258381054e-8,18985,0.15201474848564656,0.3590446420528419
