seed,dimension,time,fw_time,primal,dual_gap,smallest_dual_gap,iterations
4,490000,3611.767051742,3611.250755263,0.33030954131556095,5.852911202147357e-7,5.823047887604758e-7,1046
