seed,dimension,time,fw_time,primal,dual_gap,smallest_dual_gap,iterations
1,490000,3613.644121726,3612.837916045,0.33042315234630476,5.866504739775354e-7,5.822264794032132e-7,1098
