seed,dimension,time,fw_time,primal,dual_gap,smallest_dual_gap,iterations
3,1000000,3628.137527805,3627.060359021,0.33131924020134224,6.244115910505887e-7,6.215340973057901e-7,543
