seed,dimension,time,fw_time,primal,dual_gap,smallest_dual_gap,iterations
5,62500,3600.442353916,3600.425241126,0.32706165134763654,1.225655890475276e-6,1.1969948646595868e-6,23911
