seed,dimension,time,fw_time,primal,dual_gap,smallest_dual_gap,iterations
5,810000,3620.228872244,3619.337089915,0.3309421414650234,8.652589311981644e-7,8.591053822898896e-7,592
