seed,dimension,time,fw_time,primal,dual_gap,smallest_dual_gap,iterations
2,360000,3607.919128815,3607.769759306,0.33044848954066336,4.704832987090235e-7,4.6834398224416054e-7,1591
