seed,dimension,time,fw_time,primal,dual_gap,smallest_dual_gap,iterations,average_iter,std_iter
4,1000000,3631.484123698,3630.389203042,0.3317396238515021,9.163447114231456e-7,9.119603787193994e-7,500,0.154,0.361310240901584
