seed,dimension,time,fw_time,primal,dual_gap,smallest_dual_gap,iterations
2,640000,3614.203876447,3613.587475379,0.3306902683816524,7.208297584972156e-7,7.1896407951395e-7,910
