seed,dimension,time,fw_time,primal,dual_gap,smallest_dual_gap,iterations
2,360000,3606.806688902,3606.63076843,0.3304484954495115,6.255473452912441e-7,6.26409533131464e-7,1492
