seed,dimension,time,fw_time,primal,dual_gap,iterations
1,90000,3602.275302272,3602.107831551,0.3276032528883762,2.381000281433815e-7,11804
