seed,dimension,time,fw_time,primal,dual_gap,smallest_dual_gap,iterations
2,40000,1578.031241834,1577.958570577,0.32409598782452054,9.927134754506017e-8,9.927134754506017e-8,15519
