seed,dimension,time,fw_time,primal,dual_gap,smallest_dual_gap,iterations
2,22500,3600.141807158,3600.122171035,0.32298202412579713,4.944821421423717e-7,4.876346491444056e-7,104611
