seed,dimension,time,fw_time,primal,dual_gap,smallest_dual_gap,iterations
1,90000,3602.25826692,3602.208165202,0.3276032521399212,2.1452201576319802e-7,2.323997628722943e-7,9824
