seed,dimension,time,fw_time,primal,dual_gap,smallest_dual_gap,iterations
4,1000000,3628.728782057,3627.981799317,0.33173961755639225,6.766739243694534e-7,7.079368821839935e-7,483
