seed,dimension,time,fw_time,primal,dual_gap,smallest_dual_gap,iterations
2,490000,3613.107936327,3612.621203382,0.33060042458832317,5.743251762879535e-7,5.733913106360441e-7,1067
