seed,dimension,time,fw_time,primal,dual_gap,iterations
2,10000,230.088291144,230.077173156,0.3209859313879844,1.0058400895171515e-7,23720
