seed,dimension,time,fw_time,primal,dual_gap,iterations
1,1000000,3620.794030986,3619.812469174,0.3312575177111529,8.05990797327202e-7,586
