seed,dimension,time,fw_time,primal,dual_gap,smallest_dual_gap,iterations
3,490000,3609.434836643,3608.955543499,0.33081652243560766,6.360430234455226e-7,6.285325007764596e-7,1184
