seed,dimension,time,fw_time,primal,dual_gap,iterations
3,10000,207.114610791,207.101338606,0.31836327640984746,1.008561108135908e-7,20888
