seed,dimension,time,fw_time,primal,dual_gap,smallest_dual_gap,iterations
4,1000000,3631.714635676,3630.593619702,0.33173961644536876,6.926110894035255e-7,6.929631392691305e-7,517
