seed,dimension,time,fw_time,primal,dual_gap,smallest_dual_gap,iterations
1,1000000,3623.379237247,3622.148946677,0.33125751287246274,6.380029044924726e-7,6.351320418730103e-7,552
