seed,dimension,time,fw_time,primal,dual_gap,smallest_dual_gap,iterations,average_iter,std_iter
1,490000,3614.658590754,3614.139139218,0.3304231567616885,6.767961542872639e-7,6.746865644740967e-7,1049,0.15252621544327932,0.3597016967145784
