seed,dimension,time,fw_time,primal,dual_gap,smallest_dual_gap,iterations
1,810000,3620.472613169,3619.553688761,0.3312194908246065,8.223936320867105e-7,8.197716855474872e-7,661
