seed,dimension,time,fw_time,primal,dual_gap,smallest_dual_gap,iterations
4,250000,3604.707291741,3604.384362434,0.32961127377888755,5.275960145282622e-7,5.263133976249508e-7,2459
