seed,dimension,time,fw_time,primal,dual_gap,iterations
2,810000,3623.4640324,3622.61156673,0.33086157043919967,7.782713640847386e-7,674
