seed,dimension,time,fw_time,primal,dual_gap,smallest_dual_gap,iterations
4,490000,3610.970163702,3610.682418858,0.33030954458960493,6.943526553544396e-7,6.941268199372325e-7,1147
