seed,dimension,time,fw_time,primal,dual_gap,smallest_dual_gap,iterations
3,490000,3609.270125475,3608.99085848,0.33081652313559984,6.581120054476204e-7,6.581065327042682e-7,1155
