seed,dimension,time,fw_time,primal,dual_gap,smallest_dual_gap,iterations
5,1000000,3626.043929297,3625.245469555,0.3311030790764257,9.535441350030493e-7,9.465006350394337e-7,496
