seed,dimension,time,fw_time,primal,dual_gap,smallest_dual_gap,iterations
5,1000000,3628.356390318,3627.364390644,0.33110307610468886,7.910853478221118e-7,7.819848310500893e-7,543
