seed,dimension,time,fw_time,primal,dual_gap,smallest_dual_gap,iterations,average_iter,std_iter
4,360000,3606.535052785,3606.214330121,0.33037965106275985,5.306114711574501e-7,5.276193122630973e-7,1755,NaN,NaN
