seed,dimension,time,fw_time,primal,dual_gap,smallest_dual_gap,iterations
3,640000,3612.908423077,3612.559643384,0.33119398047583704,6.331338014632822e-7,6.324903831988679e-7,838
