seed,dimension,time,fw_time,primal,dual_gap,smallest_dual_gap,iterations
3,160000,3601.698232883,3601.64308985,0.3295296585086861,2.924949720536224e-7,2.917509690138903e-7,4803
