seed,dimension,time,fw_time,primal,dual_gap,smallest_dual_gap,iterations
4,1000000,3633.804135933,3633.02962888,0.33173961654891954,6.806084820686325e-7,6.753962798697073e-7,485
