seed,dimension,time,fw_time,primal,dual_gap,smallest_dual_gap,iterations,average_iter,std_iter
1,360000,3608.057775155,3607.629780568,0.3297990289131758,6.232726502126799e-7,6.220642823169184e-7,1524,0.15223097112860892,0.3593625481825002
