seed,dimension,time,fw_time,primal,dual_gap,smallest_dual_gap,iterations,average_iter,std_iter
5,40000,1926.844197392,1926.783712038,0.3252702115205063,9.702058866023489e-8,9.702058865850016e-8,19353,NaN,NaN
