seed,dimension,time,fw_time,primal,dual_gap,smallest_dual_gap,iterations
1,360000,3607.646670343,3607.463652374,0.3297990244433203,4.875022805122912e-7,4.88876354676638e-7,1655
