seed,dimension,time,fw_time,primal,dual_gap,smallest_dual_gap,iterations
4,160000,3602.46389942,3602.234393734,0.3285383524757167,3.8020053318241903e-7,3.790645273374707e-7,5134
