seed,dimension,time,fw_time,primal,dual_gap,smallest_dual_gap,iterations
3,1000000,3622.856658006,3621.797184703,0.33131924764310183,8.44927038826191e-7,8.385066934434634e-7,508
