seed,dimension,time,fw_time,primal,dual_gap,smallest_dual_gap,iterations
4,250000,3604.75669559,3604.441150494,0.32961126987490275,3.609875087588234e-7,3.5702173229335693e-7,2561
