seed,dimension,time,fw_time,primal,dual_gap,smallest_dual_gap,iterations,average_iter,std_iter
3,640000,3616.728507257,3616.156897263,0.33119398433672737,6.894942609983468e-7,6.86355229867399e-7,863,NaN,NaN
