seed,dimension,time,fw_time,primal,dual_gap,smallest_dual_gap,iterations
3,22500,520.041187447,520.011579943,0.32286053603160597,9.95375110598995e-8,9.95375110598995e-8,14912
