seed,dimension,time,fw_time,primal,dual_gap,smallest_dual_gap,iterations
1,62500,2052.904790105,2052.885665731,0.3272864705705765,9.904285191292272e-8,9.904285191292272e-8,10754
