seed,dimension,time,fw_time,primal,dual_gap,smallest_dual_gap,iterations,average_iter,std_iter
1,1000000,3626.361750728,3625.253356356,0.3312575179440087,7.759794860067934e-7,7.684071527743353e-7,575,NaN,NaN
