seed,dimension,time,fw_time,primal,dual_gap,smallest_dual_gap,iterations
3,40000,1209.079260288,1209.064134814,0.3255535398867052,1.0948048745351713e-7,9.937021335816587e-8,13533
