seed,dimension,time,fw_time,primal,dual_gap,smallest_dual_gap,iterations
4,40000,1676.922870379,1676.862206623,0.32474095643809253,9.665275029803466e-8,9.665275030323883e-8,20420
