seed,dimension,time,fw_time,primal,dual_gap,smallest_dual_gap,iterations
3,160000,3602.978511973,3602.913524515,0.32952966270581957,3.9656395718797033e-7,3.963599155267991e-7,4259
