seed,dimension,time,fw_time,primal,dual_gap,smallest_dual_gap,iterations
4,40000,2047.45795245,2047.441533948,0.32474095643809253,9.6652750308443e-8,9.6652750308443e-8,20673
