seed,dimension,time,fw_time,primal,dual_gap,smallest_dual_gap,iterations
3,1000000,3628.828065022,3627.739058976,0.33131924125371637,6.714561206664586e-7,6.661596053140692e-7,514
