seed,dimension,time,fw_time,primal,dual_gap,iterations
5,40000,2484.216801824,2484.161059441,0.3252702098112394,1.0010612828612042e-7,30057
