seed,dimension,time,fw_time,primal,dual_gap,smallest_dual_gap,iterations
3,62500,2252.114273104,2252.097127838,0.32780743514430016,9.909431724405143e-8,9.909431724405143e-8,11571
