seed,dimension,time,fw_time,primal,dual_gap,smallest_dual_gap,iterations
2,90000,3600.743059578,3600.718542678,0.3264948139089945,2.2414434958529378e-7,2.2461731316331807e-7,10229
