seed,dimension,time,fw_time,primal,dual_gap,iterations
2,360000,3607.354246449,3607.039914225,0.3304484936193299,5.788159537427166e-7,1661
