seed,dimension,time,fw_time,primal,dual_gap,smallest_dual_gap,iterations
1,1000000,3628.244554647,3627.165883171,0.3312575197459006,8.951525022121362e-7,8.969017193734448e-7,537
