seed,dimension,time,fw_time,primal,dual_gap,smallest_dual_gap,iterations
5,40000,1204.698215499,1204.639262116,0.32527021150503144,9.985421217315049e-8,9.985421217315049e-8,14798
