seed,dimension,time,fw_time,primal,dual_gap,smallest_dual_gap,iterations
5,40000,1912.955702603,1912.938457772,0.3252702115077723,9.673564550435887e-8,9.673564550609359e-8,19635
