seed,dimension,time,fw_time,primal,dual_gap,smallest_dual_gap,iterations
4,90000,3600.910258342,3600.775606452,0.32731901981026296,2.174347280281541e-7,2.1384068939200862e-7,12110
