seed,dimension,time,fw_time,primal,dual_gap,smallest_dual_gap,iterations
2,90000,3601.005272586,3600.978577762,0.32649481258557816,2.0257133247648246e-7,2.028993467528134e-7,10602
