seed,dimension,time,fw_time,primal,dual_gap,smallest_dual_gap,iterations
3,490000,3612.606025039,3612.143800634,0.33081652109823373,5.444233982074449e-7,5.43854002050051e-7,1282
