seed,dimension,time,fw_time,primal,dual_gap,smallest_dual_gap,iterations
5,10000,195.21599445,195.202602424,0.31698352347361597,1.0173103896782276e-7,9.649473909842388e-8,19201
