seed,dimension,time,fw_time,primal,dual_gap,smallest_dual_gap,iterations
5,10000,220.988056151,220.981710935,0.31698352344669933,1.0047658025036377e-7,9.680284487195712e-8,20836
