seed,dimension,time,fw_time,primal,dual_gap,smallest_dual_gap,iterations
2,810000,3619.398024338,3618.529625723,0.33086157066741073,8.089903132022479e-7,7.97105612156037e-7,668
