seed,dimension,time,fw_time,primal,dual_gap,smallest_dual_gap,iterations
5,1000000,3625.541992445,3624.789881647,0.3311030733493451,7.805670704326331e-7,7.780036085900961e-7,475
