seed,dimension,time,fw_time,primal,dual_gap,smallest_dual_gap,iterations
5,490000,3612.378278011,3611.943594962,0.3306154425829221,5.468112232315248e-7,5.801061437908303e-7,1089
