seed,dimension,time,fw_time,primal,dual_gap,smallest_dual_gap,iterations
2,40000,3600.27703517,3600.243422666,0.3240959977576324,8.095301230887086e-7,8.135842101113927e-7,44878
