seed,dimension,time,fw_time,primal,dual_gap,smallest_dual_gap,iterations
1,640000,3616.442257852,3615.854310229,0.3310297244128215,7.10746993826724e-7,7.062132649313796e-7,851
