seed,dimension,time,fw_time,primal,dual_gap,smallest_dual_gap,iterations
5,490000,3609.907465855,3609.406957602,0.33061544685856226,6.726943274078072e-7,6.723320113487079e-7,1107
