seed,dimension,time,fw_time,primal,dual_gap,smallest_dual_gap,iterations
2,360000,3608.195139587,3607.758743555,0.3304484916716269,5.4252434442386e-7,5.409128516417616e-7,1366
