seed,dimension,time,fw_time,primal,dual_gap,iterations
5,10000,222.428740267,222.416506527,0.31698352314236633,1.0106578165677838e-7,23357
