seed,dimension,time,fw_time,primal,dual_gap,smallest_dual_gap,iterations
1,1000000,3624.865029543,3623.744136717,0.33125751910582735,8.032430046892459e-7,8.390767890233651e-7,544
