seed,dimension,time,fw_time,primal,dual_gap,iterations
5,810000,3623.405656925,3622.639585392,0.3309421394339414,7.731132539287242e-7,659
