seed,dimension,time,fw_time,primal,dual_gap,smallest_dual_gap,iterations
1,160000,3603.903195727,3603.828831227,0.3286832567767225,3.9312508753799186e-7,3.9237509643491597e-7,4225
