seed,dimension,time,fw_time,primal,dual_gap,smallest_dual_gap,iterations
4,490000,3612.122339053,3611.612138858,0.3303095410695914,5.738155771919592e-7,5.676509825971836e-7,1064
