seed,dimension,time,fw_time,primal,dual_gap,smallest_dual_gap,iterations
3,1000000,3626.723753124,3625.686684511,0.3313192461106299,8.24414518909829e-7,8.62547090102082e-7,547
