seed,dimension,time,fw_time,primal,dual_gap,smallest_dual_gap,iterations
4,640000,3618.358021277,3617.693879038,0.33097018299564523,6.269789667658239e-7,6.268236763338347e-7,839
