seed,dimension,time,fw_time,primal,dual_gap,smallest_dual_gap,iterations
4,250000,3604.043138596,3603.762845575,0.3296112729638303,4.939620271205737e-7,4.943675466343757e-7,2579
