seed,dimension,time,fw_time,primal,dual_gap,smallest_dual_gap,iterations
4,10000,143.192827029,143.179009686,0.3156908608949556,1.0458100640695078e-7,9.832960037869931e-8,13270
