seed,dimension,time,fw_time,primal,dual_gap,smallest_dual_gap,iterations
1,160000,3603.450618962,3603.121970896,0.3286832557324544,3.597407621184351e-7,3.626953762906823e-7,4597
