seed,dimension,time,fw_time,primal,dual_gap,smallest_dual_gap,iterations
3,90000,3600.966556021,3600.837567656,0.3278237737976581,2.158827479515832e-7,2.167301826295695e-7,11905
