seed,dimension,time,fw_time,primal,dual_gap,smallest_dual_gap,iterations
2,160000,3602.732056085,3602.494124691,0.32864421888140444,3.3783904484965127e-7,3.3699132784541924e-7,4970
