seed,dimension,time,fw_time,primal,dual_gap,smallest_dual_gap,iterations
1,1000000,3632.069162619,3631.240579992,0.3312575201975572,8.942559202129545e-7,8.880670481538084e-7,530
