seed,dimension,time,fw_time,primal,dual_gap,smallest_dual_gap,iterations
5,2500,9.801684248,9.798547341,0.3080737013839004,1.0617089846870487e-7,9.72008359564902e-8,6959
