seed,dimension,time,fw_time,primal,dual_gap,smallest_dual_gap,iterations
4,10000,179.897890367,179.882099444,0.31569086097358307,1.1122603159330335e-7,9.79221847600964e-8,17080
