seed,dimension,time,fw_time,primal,dual_gap,smallest_dual_gap,iterations,average_iter,std_iter
5,250000,3604.613087306,3604.286372003,0.32979967681991296,5.158368139314938e-7,5.16089258262558e-7,2510,NaN,NaN
