seed,dimension,time,fw_time,primal,dual_gap,smallest_dual_gap,iterations
5,160000,3602.468913211,3602.19095746,0.3291380301401835,3.1726229193437816e-7,3.189713910257963e-7,4551
