seed,dimension,time,fw_time,primal,dual_gap,smallest_dual_gap,iterations,average_iter,std_iter
3,90000,3601.077809346,3601.04766312,0.32782377443542793,2.4177293214081713e-7,2.426896358077857e-7,10990,0.15204731574158326,0.3590830851790172
