seed,dimension,time,fw_time,primal,dual_gap,smallest_dual_gap,iterations
1,250000,3603.268390349,3603.142143797,0.329306948888327,2.8010711279106114e-6,2.792716651318309e-6,5482
