seed,dimension,time,fw_time,primal,dual_gap,smallest_dual_gap,iterations
2,490000,3610.606615411,3610.068249843,0.33060042543463314,5.43599524360696e-7,5.402182603839872e-7,1010
