seed,dimension,time,fw_time,primal,dual_gap,smallest_dual_gap,iterations
1,10000,213.364540465,213.324790761,0.3182694597936496,9.537873976728228e-8,9.537873976728228e-8,18572
