seed,dimension,time,fw_time,primal,dual_gap,smallest_dual_gap,iterations
3,490000,3611.09196148,3610.631283578,0.33081651801260015,5.087366174738074e-7,5.089813777201663e-7,1219
