seed,dimension,time,fw_time,primal,dual_gap,iterations
5,360000,3608.392515209,3608.062786489,0.33014027192733164,5.311657357599808e-7,1792
