seed,dimension,time,fw_time,primal,dual_gap,smallest_dual_gap,iterations
5,250000,3604.825907645,3604.503625195,0.3297996768885961,4.659536695875849e-7,4.6109417300727734e-7,2502
