seed,dimension,time,fw_time,primal,dual_gap,smallest_dual_gap,iterations
1,40000,3601.454393851,3601.401258172,0.3258873638232003,9.190457497289251e-7,9.295648391617617e-7,40523
