seed,dimension,time,fw_time,primal,dual_gap,smallest_dual_gap,iterations
1,810000,3624.865667443,3624.056853737,0.3312194862963775,6.013301991846486e-7,5.958965375017257e-7,622
