seed,dimension,time,fw_time,primal,dual_gap,smallest_dual_gap,iterations
2,250000,3603.426084083,3603.329918466,0.3294905829893069,2.8654274463082822e-6,2.8949185050296602e-6,5210
