seed,dimension,time,fw_time,primal,dual_gap,smallest_dual_gap,iterations
4,160000,3602.448284254,3602.226392175,0.3285383491188366,2.9787201935409235e-7,2.972838110976844e-7,5070
