seed,dimension,time,fw_time,primal,dual_gap,smallest_dual_gap,iterations
1,2500,1124.483691088,1124.481808494,0.310802434641477,9.727355436417451e-8,9.727355436417451e-8,744085
