seed,dimension,time,fw_time,primal,dual_gap,smallest_dual_gap,iterations
1,1000000,3631.441872566,3630.32783698,0.331257513123898,6.434993288432882e-7,6.359449693542005e-7,536
