seed,dimension,time,fw_time,primal,dual_gap,smallest_dual_gap,iterations
5,640000,3613.021223874,3612.372510602,0.3307795158096714,7.076290438980982e-7,7.078616733329109e-7,916
