seed,dimension,time,fw_time,primal,dual_gap,smallest_dual_gap,iterations,average_iter,std_iter
5,10000,212.625447342,212.613923106,0.31698352344083164,9.781058631433415e-8,9.781058631433415e-8,19322,0.15201076548832876,0.3590406170441039
