seed,dimension,time,fw_time,primal,dual_gap,smallest_dual_gap,iterations
2,360000,3608.777448081,3608.626635966,0.3304484901628254,4.887729387697236e-7,4.871588709536891e-7,1612
