seed,dimension,time,fw_time,primal,dual_gap,iterations
4,490000,3608.024170174,3607.624221576,0.33030954263684936,6.233511084686311e-7,1275
