seed,dimension,time,fw_time,primal,dual_gap,smallest_dual_gap,iterations
3,250000,3604.771754045,3604.678398409,0.33016113893095494,4.17075718689517e-7,4.1680959730590675e-7,2536
