seed,dimension,time,fw_time,primal,dual_gap,smallest_dual_gap,iterations
2,62500,2452.376260003,2452.355192387,0.3246658882819989,9.98445939407247e-8,9.984459393812262e-8,12903
