seed,dimension,time,fw_time,primal,dual_gap,smallest_dual_gap,iterations
4,810000,3622.677826729,3621.855520944,0.3313745854867278,7.006632083421567e-7,7.016365032386576e-7,627
