seed,dimension,time,fw_time,primal,dual_gap,smallest_dual_gap,iterations
3,1000000,3621.083489763,3620.006525393,0.3313192409388652,6.410125469535032e-7,6.748532199363135e-7,522
