seed,dimension,time,fw_time,primal,dual_gap,smallest_dual_gap,iterations,average_iter,std_iter
1,810000,3620.147462758,3619.363884796,0.33121948980249316,7.592166764722533e-7,7.550528217104002e-7,693,NaN,NaN
