seed,dimension,time,fw_time,primal,dual_gap,smallest_dual_gap,iterations
5,1000000,3625.264126297,3624.239153633,0.33110307673829337,8.62095574060296e-7,8.503647659834166e-7,533
