seed,dimension,time,fw_time,primal,dual_gap,smallest_dual_gap,iterations
2,360000,3606.335315149,3605.955859191,0.3304484902302268,4.689601810592241e-7,4.6724659907891944e-7,1564
