seed,dimension,time,fw_time,primal,dual_gap,smallest_dual_gap,iterations
1,360000,3605.085271921,3604.876110814,0.3297990821312159,3.2905991292683096e-6,3.269418536577546e-6,3864
