seed,dimension,time,fw_time,primal,dual_gap,smallest_dual_gap,iterations
2,250000,3604.407570017,3604.073534625,0.3294905380152894,4.7385848913131245e-7,4.707597685382585e-7,2324
