seed,dimension,time,fw_time,primal,dual_gap,smallest_dual_gap,iterations
2,360000,3603.234697425,3603.070081346,0.3304485476793188,3.469457287104318e-6,3.501318251216117e-6,3708
