seed,dimension,time,fw_time,primal,dual_gap,smallest_dual_gap,iterations
3,40000,1621.201033642,1621.13666382,0.32555353998678155,1.0285105157825658e-7,9.783482127212473e-8,18299
