seed,dimension,time,fw_time,primal,dual_gap,iterations
1,160000,3603.288240248,3602.996658968,0.3286832580690047,3.9526687109752573e-7,5002
