seed,dimension,time,fw_time,primal,dual_gap,smallest_dual_gap,iterations
1,1000000,3622.665589175,3621.663269959,0.3312575127439473,6.320361924368276e-7,6.285836949438545e-7,555
