seed,dimension,time,fw_time,primal,dual_gap,smallest_dual_gap,iterations
2,1000000,3627.001579614,3626.015262097,0.3308509418746065,8.199434852096572e-7,8.146766972052383e-7,552
