seed,dimension,time,fw_time,primal,dual_gap,smallest_dual_gap,iterations
2,360000,3609.043772786,3608.721027443,0.3304484950183547,6.034650859194912e-7,5.955798053668485e-7,1467
