seed,dimension,time,fw_time,primal,dual_gap,smallest_dual_gap,iterations
5,160000,3602.21231226,3601.951457958,0.32913802971894723,2.829948830482265e-7,2.7985468305669753e-7,4850
