seed,dimension,time,fw_time,primal,dual_gap,smallest_dual_gap,iterations
5,90000,3208.539815904,3208.38568646,0.3279262792003384,1.055428510031084e-7,9.873700989194295e-8,11335
