seed,dimension,time,fw_time,primal,dual_gap,smallest_dual_gap,iterations
5,490000,3613.623337573,3613.165035347,0.33061544685856226,6.726943274078072e-7,6.723320113482742e-7,1106
