seed,dimension,time,fw_time,primal,dual_gap,smallest_dual_gap,iterations
2,160000,3602.570683453,3602.337106384,0.3286442167922451,2.9236641770676725e-7,2.909911870074833e-7,4933
