seed,dimension,time,fw_time,primal,dual_gap,iterations
2,1000000,3621.779298855,3620.796424594,0.3308509417497185,8.230658666145193e-7,558
