seed,dimension,time,fw_time,primal,dual_gap,smallest_dual_gap,iterations,average_iter,std_iter
1,490000,3612.024534688,3611.532676272,0.33042315566954295,6.698166050539932e-7,6.696788364601511e-7,1161,NaN,NaN
