seed,dimension,time,fw_time,primal,dual_gap,iterations
5,640000,3612.77136072,3612.125396498,0.3307795159071471,6.734965469429657e-7,928
