seed,dimension,time,fw_time,primal,dual_gap,smallest_dual_gap,iterations
2,810000,3619.193257942,3618.320844804,0.33086157156444035,8.170173421894952e-7,8.159676064376127e-7,635
