seed,dimension,time,fw_time,primal,dual_gap,smallest_dual_gap,iterations
5,40000,1460.876073408,1460.849791391,0.3252702112778105,9.97175756082408e-8,9.97175756082408e-8,15755
