seed,dimension,time,fw_time,primal,dual_gap,smallest_dual_gap,iterations
2,10000,220.138625743,220.135314786,0.3209859317645216,9.595034085665977e-8,9.595034085665977e-8,20405
