seed,dimension,time,fw_time,primal,dual_gap,iterations
1,40000,2546.745734075,2546.655465926,0.3258873489547293,1.0107628148521564e-7,30140
