seed,dimension,time,fw_time,primal,dual_gap,smallest_dual_gap,iterations
1,640000,3620.078507907,3619.439333447,0.33102972702432726,8.207100324871333e-7,8.205442551534325e-7,755
