seed,dimension,time,fw_time,primal,dual_gap,smallest_dual_gap,iterations
2,40000,1456.8563011,1456.841409361,0.3240959879776283,9.787628525020908e-8,9.787628525020908e-8,15309
