seed,dimension,time,fw_time,primal,dual_gap,smallest_dual_gap,iterations
4,250000,3605.664025515,3605.363975974,0.3296112693180232,3.711721093023826e-7,3.719387122085374e-7,2675
