seed,dimension,time,fw_time,primal,dual_gap,smallest_dual_gap,iterations
2,1000000,3626.167705409,3625.113292522,0.3308509380480104,7.036821146123081e-7,7.022863503481584e-7,513
