seed,dimension,time,fw_time,primal,dual_gap,smallest_dual_gap,iterations,average_iter,std_iter
1,1000000,3629.130383584,3628.006856247,0.33125751997715386,8.866664062900324e-7,8.775559394503304e-7,526,0.1520912547528517,0.35945116793926085
