seed,dimension,time,fw_time,primal,dual_gap,smallest_dual_gap,iterations,average_iter,std_iter
4,640000,3614.054876551,3613.462616625,0.33097018570091946,7.13804753330223e-7,7.121861408934324e-7,924,NaN,NaN
