seed,dimension,time,fw_time,primal,dual_gap,iterations
3,360000,3607.498615875,3607.158860864,0.3304393244111126,5.554144435859602e-7,1745
