seed,dimension,time,fw_time,primal,dual_gap,smallest_dual_gap,iterations
4,810000,3627.952075849,3627.383933294,0.3313745870122126,7.061089266667889e-7,7.369783119885905e-7,578
