seed,dimension,time,fw_time,primal,dual_gap,smallest_dual_gap,iterations,average_iter,std_iter
4,40000,2053.442633638,2053.370986559,0.32474095643809253,9.665275030323883e-8,9.665275030323883e-8,20454,NaN,NaN
