seed,dimension,time,fw_time,primal,dual_gap,smallest_dual_gap,iterations
2,90000,3600.569314744,3600.541849235,0.3264948434351864,1.5986779256455322e-6,1.5731537187793979e-6,16324
