seed,dimension,time,fw_time,primal,dual_gap,smallest_dual_gap,iterations
5,360000,3603.275988957,3603.119539154,0.3301403244118721,3.1636961522300833e-6,3.1445569478503153e-6,3921
