seed,dimension,time,fw_time,primal,dual_gap,smallest_dual_gap,iterations
5,360000,3607.688487864,3607.342570314,0.3301402726778446,5.462649957199521e-7,5.441039687089679e-7,1699
