seed,dimension,time,fw_time,primal,dual_gap,smallest_dual_gap,iterations
4,40000,1428.32009682,1428.252954468,0.32474095604399034,9.864179460750133e-8,9.864179460750133e-8,15409
