seed,dimension,time,fw_time,primal,dual_gap,smallest_dual_gap,iterations
3,360000,3607.614615252,3607.481578172,0.33043932211841304,4.737229928235623e-7,4.757932401035919e-7,1680
