seed,dimension,time,fw_time,primal,dual_gap,smallest_dual_gap,iterations
3,160000,3602.911581112,3602.847122833,0.32952966067212963,3.621438184175235e-7,3.6278954716403855e-7,4195
