seed,dimension,time,fw_time,primal,dual_gap,smallest_dual_gap,iterations
3,250000,3604.348027011,3604.02235619,0.33016114226743615,4.6945085370713596e-7,4.6895741156972523e-7,2583
