seed,dimension,time,fw_time,primal,dual_gap,smallest_dual_gap,iterations
1,640000,3618.99714965,3618.323044461,0.33102972219683796,6.955285403943863e-7,6.95642300508996e-7,700
