seed,dimension,time,fw_time,primal,dual_gap,smallest_dual_gap,iterations
5,810000,3617.276023356,3616.433163484,0.33094213495267705,6.936528089379439e-7,6.899851696532192e-7,628
