seed,dimension,time,fw_time,primal,dual_gap,smallest_dual_gap,iterations
5,250000,3604.550997902,3604.213580588,0.3297996775677795,5.476142846965078e-7,5.498042769426503e-7,2379
