seed,dimension,time,fw_time,primal,dual_gap,smallest_dual_gap,iterations
4,360000,3608.921976408,3608.75216434,0.33037965282583365,6.051358460924978e-7,6.036893670851792e-7,1582
