seed,dimension,time,fw_time,primal,dual_gap,smallest_dual_gap,iterations
5,10000,3497.998652559,3497.99591529,0.3169835230985746,9.973486086653494e-8,9.973486086653494e-8,383595
