seed,dimension,time,fw_time,primal,dual_gap,smallest_dual_gap,iterations
2,1000000,3624.496150132,3623.710915201,0.33085093979692687,8.117729030294226e-7,8.083344135399739e-7,469
