seed,dimension,time,fw_time,primal,dual_gap,smallest_dual_gap,iterations
4,250000,3603.68956393,3603.595402571,0.3296112694602908,4.0396547460169047e-7,4.072584246323993e-7,2745
