seed,dimension,time,fw_time,primal,dual_gap,smallest_dual_gap,iterations
4,10000,3600.035804899,3600.03248343,0.31569086063442275,1.9747673889528028e-7,1.8455796170144256e-7,356167
