seed,dimension,time,fw_time,primal,dual_gap,smallest_dual_gap,iterations,average_iter,std_iter
1,90000,3602.348616271,3602.284700491,0.3276032537162104,2.599817815899033e-7,2.598302300373459e-7,10763,0.15209514076001115,0.3591297704524945
