seed,dimension,time,fw_time,primal,dual_gap,smallest_dual_gap,iterations
4,90000,3601.323777881,3601.162011969,0.327319021282769,2.6693712514361256e-7,2.6737238492061804e-7,9953
