seed,dimension,time,fw_time,primal,dual_gap,smallest_dual_gap,iterations
4,90000,3601.115436882,3601.089148294,0.32731901831482646,2.0633753046450654e-7,2.0754725950540565e-7,10654
