seed,dimension,time,fw_time,primal,dual_gap,smallest_dual_gap,iterations
3,810000,3618.438510199,3617.627872901,0.3313875735759903,6.704737210657709e-7,6.715560042403097e-7,648
