seed,dimension,time,fw_time,primal,dual_gap,smallest_dual_gap,iterations
3,250000,3602.494512655,3602.390504027,0.33016120994429754,3.076893760385873e-6,3.097488785362961e-6,5028
