seed,dimension,time,fw_time,primal,dual_gap,smallest_dual_gap,iterations
2,90000,3532.070927373,3532.047919299,0.3264948124918217,9.911746321877163e-8,9.911746321877163e-8,10764
