seed,dimension,time,fw_time,primal,dual_gap,smallest_dual_gap,iterations
4,160000,3602.736535038,3602.495563656,0.3285383535187455,3.8411863381108274e-7,3.814211266394557e-7,4786
