seed,dimension,time,fw_time,primal,dual_gap,iterations
1,10000,219.569666145,219.526949215,0.31826945946932517,1.0112931152217453e-7,22346
