seed,dimension,time,fw_time,primal,dual_gap,smallest_dual_gap,iterations,average_iter,std_iter
4,160000,3602.124483431,3601.883926673,0.3285383540506298,4.3303741470088197e-7,4.3329509613002776e-7,4550,0.15208791208791209,0.3591455520429642
