seed,dimension,time,fw_time,primal,dual_gap,smallest_dual_gap,iterations
2,1000000,3608.522296687,3607.739768674,0.3308510528999787,5.508620173948426e-6,5.562683049902201e-6,1403
