seed,dimension,time,fw_time,primal,dual_gap,smallest_dual_gap,iterations
2,640000,3615.96827903,3615.286727901,0.3306902646054038,6.115675492018337e-7,6.140723100571573e-7,866
