seed,dimension,time,fw_time,primal,dual_gap,smallest_dual_gap,iterations,average_iter,std_iter
1,160000,3603.831069673,3603.498914688,0.32868325820421146,3.732964558482779e-7,3.710155938238535e-7,4942,NaN,NaN
