seed,dimension,time,fw_time,primal,dual_gap,smallest_dual_gap,iterations
3,360000,3608.324161362,3607.962289291,0.33043932204595944,4.6619792293039683e-7,4.6770427940831874e-7,1648
