seed,dimension,time,fw_time,primal,dual_gap,smallest_dual_gap,iterations,average_iter,std_iter
4,10000,181.293392103,181.288642229,0.31569086096282856,1.1423477854627384e-7,9.86905364444568e-8,18269,0.152006130603755,0.3590366595927775
