seed,dimension,time,fw_time,primal,dual_gap,smallest_dual_gap,iterations
1,490000,3615.658174722,3615.101475161,0.33042315447202003,6.133959085277522e-7,6.05792114146287e-7,933
