seed,dimension,time,fw_time,primal,dual_gap,smallest_dual_gap,iterations
3,90000,3601.092069306,3600.933199865,0.32782377513802496,2.594890590118873e-7,2.510976499781048e-7,9931
