seed,dimension,time,fw_time,primal,dual_gap,smallest_dual_gap,iterations,average_iter,std_iter
3,360000,3607.551048725,3607.229990924,0.33043932447495783,5.591880948307461e-7,5.571375623881179e-7,1736,NaN,NaN
