seed,dimension,time,fw_time,primal,dual_gap,smallest_dual_gap,iterations
5,360000,3608.851364294,3608.49393973,0.33014027366256754,6.071427496824253e-7,6.04706985724273e-7,1576
