seed,dimension,time,fw_time,primal,dual_gap,iterations
3,40000,2240.832995258,2240.774097931,0.32555353848481483,1.000611067492746e-7,27586
