seed,dimension,time,fw_time,primal,dual_gap,smallest_dual_gap,iterations
5,1000000,3633.03101624,3631.982614874,0.33110307891220914,8.736905684919062e-7,8.66275292728258e-7,482
