seed,dimension,time,fw_time,primal,dual_gap,smallest_dual_gap,iterations
5,490000,3605.796898396,3605.545125129,0.33061551907950176,3.762040045068426e-6,3.7781473367160326e-6,2839
