seed,dimension,time,fw_time,primal,dual_gap,iterations
4,10000,202.040528129,202.027451817,0.31569086066195634,1.0127309652691041e-7,20730
