seed,dimension,time,fw_time,primal,dual_gap,smallest_dual_gap,iterations
4,640000,3613.438749651,3612.84743134,0.3309701856633211,7.164766553787935e-7,7.134598192849208e-7,927
