seed,dimension,time,fw_time,primal,dual_gap,smallest_dual_gap,iterations,average_iter,std_iter
5,360000,3606.427943815,3606.071829967,0.33014027371677085,5.904131815683521e-7,6.345978158291826e-7,1610,0.15217391304347827,0.3593009850076088
