seed,dimension,time,fw_time,primal,dual_gap,smallest_dual_gap,iterations
4,10000,191.065934685,191.051776173,0.31569086097358307,1.1122603160718114e-7,9.792218477050474e-8,17134
