seed,dimension,time,fw_time,primal,dual_gap,smallest_dual_gap,iterations
2,250000,3604.393055609,3604.010208844,0.3294905345876441,4.146121945782476e-7,4.1382099415145784e-7,2382
