seed,dimension,time,fw_time,primal,dual_gap,smallest_dual_gap,iterations
5,90000,3601.103113408,3600.974070779,0.3279262801173867,2.1788523132428017e-7,2.1697325168056752e-7,12505
