seed,dimension,time,fw_time,primal,dual_gap,smallest_dual_gap,iterations
1,90000,3578.690521444,3578.528987731,0.3276032509309733,1.0638256496119797e-7,9.881136672513363e-8,11510
