seed,dimension,time,fw_time,primal,dual_gap,smallest_dual_gap,iterations
2,90000,3471.753748137,3471.634545065,0.3264948129921321,9.884961277295545e-8,9.884961277382281e-8,11662
