seed,dimension,time,fw_time,primal,dual_gap,iterations
1,250000,3604.720616608,3604.353529776,0.3293069008164749,4.675735478984998e-7,2773
