seed,dimension,time,fw_time,primal,dual_gap,smallest_dual_gap,iterations
3,90000,3600.82794192,3600.795921096,0.32782380379586484,1.6280919691025186e-6,1.6240290157251355e-6,15834
