seed,dimension,time,fw_time,primal,dual_gap,smallest_dual_gap,iterations
3,250000,3604.951269865,3604.558804852,0.3301611405058314,4.535347293897589e-7,4.5256012580355623e-7,2342
