seed,dimension,time,fw_time,primal,dual_gap,smallest_dual_gap,iterations
4,62500,2087.907027884,2087.890122985,0.3268898712803869,9.92894734746369e-8,9.92894734746369e-8,11040
