seed,dimension,time,fw_time,primal,dual_gap,smallest_dual_gap,iterations
4,40000,3600.228713987,3600.202766154,0.32474096589397916,7.468977879440675e-7,7.332699337222331e-7,48340
