seed,dimension,time,fw_time,primal,dual_gap,smallest_dual_gap,iterations
3,90000,3600.943985988,3600.812127436,0.3278237743476402,2.226068842132653e-7,2.4259100426561597e-7,10999
