seed,dimension,time,fw_time,primal,dual_gap,smallest_dual_gap,iterations
2,250000,3605.095849418,3604.730427824,0.3294905343836078,3.884039712861477e-7,4.1615576653383085e-7,2408
