seed,dimension,time,fw_time,primal,dual_gap,smallest_dual_gap,iterations
2,250000,3605.093085643,3605.009162459,0.3294905334002243,3.621855120526131e-7,3.6232878983201086e-7,2556
