seed,dimension,time,fw_time,primal,dual_gap,smallest_dual_gap,iterations
4,360000,3606.973761774,3606.659753195,0.33037965095821775,5.211524663250103e-7,5.182225014596642e-7,1767
