seed,dimension,time,fw_time,primal,dual_gap,smallest_dual_gap,iterations
2,160000,3603.211489603,3602.944403348,0.3286442203459373,3.9348652128116945e-7,3.916743984032009e-7,4363
