seed,dimension,time,fw_time,primal,dual_gap,smallest_dual_gap,iterations
4,1000000,3625.298702176,3624.343480255,0.3317396205332267,8.283922122423112e-7,8.309301696408054e-7,563
