seed,dimension,time,fw_time,primal,dual_gap,smallest_dual_gap,iterations
2,2500,1035.073104901,1035.071194475,0.2995418587168593,9.701633860853542e-8,9.701633860853542e-8,681048
