seed,dimension,time,fw_time,primal,dual_gap,smallest_dual_gap,iterations
2,10000,203.73043514,203.71942467,0.320985931717288,1.0258662514611716e-7,9.946391840362501e-8,19717
