seed,dimension,time,fw_time,primal,dual_gap,smallest_dual_gap,iterations
1,490000,3614.911691263,3614.457268001,0.33042315552650814,6.203964655043109e-7,6.146404636195486e-7,1141
