seed,dimension,time,fw_time,primal,dual_gap,smallest_dual_gap,iterations,average_iter,std_iter
4,360000,3608.258005666,3607.886395314,0.3303796527583937,5.833946642793027e-7,5.734096608900861e-7,1585,0.15205047318611986,0.35918313254296114
