seed,dimension,time,fw_time,primal,dual_gap,iterations
5,160000,3602.641218443,3602.398412795,0.3291380317361836,3.5652361622066225e-7,4972
