seed,dimension,time,fw_time,primal,dual_gap,smallest_dual_gap,iterations
2,490000,3623.471696232,3622.913198472,0.3306004325196216,8.811132142126296e-7,8.788231264547468e-7,634
