seed,dimension,time,fw_time,primal,dual_gap,smallest_dual_gap,iterations
4,490000,3609.658153266,3609.37029051,0.3303095400350752,5.782512791864709e-7,5.801629221905205e-7,1108
