seed,dimension,time,fw_time,primal,dual_gap,smallest_dual_gap,iterations
3,640000,3613.337784501,3612.690114792,0.331193980496185,6.299404228943262e-7,6.253775479718102e-7,816
