seed,dimension,time,fw_time,primal,dual_gap,smallest_dual_gap,iterations
2,10000,141.766468269,141.754861307,0.3209859316762097,1.0134624735605446e-7,9.54537441102965e-8,14852
