seed,dimension,time,fw_time,primal,dual_gap,smallest_dual_gap,iterations
3,90000,3600.712193724,3600.683095323,0.32782380236026254,1.4496324487467405e-6,1.460953461626495e-6,17218
