seed,dimension,time,fw_time,primal,dual_gap,smallest_dual_gap,iterations
2,360000,3607.087316312,3606.759127445,0.3304484934694853,5.736802397193937e-7,5.726678292379897e-7,1659
