seed,dimension,time,fw_time,primal,dual_gap,smallest_dual_gap,iterations
4,90000,3301.793924863,3301.641075301,0.327319018258631,9.891199116707217e-8,9.891199116707217e-8,10869
