seed,dimension,time,fw_time,primal,dual_gap,smallest_dual_gap,iterations
5,640000,3614.827886478,3614.409130416,0.330779517385632,6.95627265509275e-7,7.401465521301824e-7,862
