seed,dimension,time,fw_time,primal,dual_gap,smallest_dual_gap,iterations
4,160000,3602.769853715,3602.523390686,0.3285383498181695,3.0493612566701717e-7,3.0192343253038906e-7,4673
