seed,dimension,time,fw_time,primal,dual_gap,smallest_dual_gap,iterations
3,490000,3609.989161654,3609.506507742,0.3308165220267519,6.144849670789918e-7,6.152845537883353e-7,1208
