seed,dimension,time,fw_time,primal,dual_gap,iterations
2,640000,3615.366730095,3614.748928557,0.33069026839555454,7.189640795161184e-7,909
