seed,dimension,time,fw_time,primal,dual_gap,smallest_dual_gap,iterations
1,360000,3607.564305962,3607.377813145,0.3297990234643702,4.1062692990225663e-7,4.059784127533571e-7,1630
