seed,dimension,time,fw_time,primal,dual_gap,smallest_dual_gap,iterations
3,90000,3600.888183127,3600.836060649,0.3278237724072661,2.1020247631571565e-7,2.1066419621240673e-7,10653
