seed,dimension,time,fw_time,primal,dual_gap,smallest_dual_gap,iterations
3,810000,3622.235871974,3621.251759682,0.33138757567080357,7.552190047122216e-7,7.529387494715177e-7,560
