seed,dimension,time,fw_time,primal,dual_gap,smallest_dual_gap,iterations
3,810000,3623.187445336,3622.384049174,0.3313875782357994,8.205598613598639e-7,8.16409948665997e-7,666
