seed,dimension,time,fw_time,primal,dual_gap,smallest_dual_gap,iterations
5,1000000,3625.952297137,3624.896054548,0.3311030772954207,8.943971064729033e-7,8.925474206760136e-7,523
