seed,dimension,time,fw_time,primal,dual_gap,smallest_dual_gap,iterations
2,250000,3605.449481765,3605.135860574,0.32949053748137974,4.924397143967786e-7,4.923722457072892e-7,2455
