seed,dimension,time,fw_time,primal,dual_gap,smallest_dual_gap,iterations,average_iter,std_iter
1,250000,3606.421526906,3606.042978533,0.329306902273575,5.196280545628242e-7,5.194392696445706e-7,2456,0.15228013029315962,0.3593653782144422
