seed,dimension,time,fw_time,primal,dual_gap,smallest_dual_gap,iterations
2,40000,1542.388342753,1542.324869551,0.32409598818344426,1.0386808570878037e-7,9.895203996121427e-8,18581
