seed,dimension,time,fw_time,primal,dual_gap,smallest_dual_gap,iterations
1,810000,3621.746122606,3621.203218212,0.3312194866969905,6.783035808627554e-7,7.16566951619764e-7,624
