seed,dimension,time,fw_time,primal,dual_gap,smallest_dual_gap,iterations
3,640000,3618.292332482,3617.678885193,0.33119398505953423,7.187597390219402e-7,7.182243931167474e-7,829
