seed,dimension,time,fw_time,primal,dual_gap,smallest_dual_gap,iterations
1,640000,3615.711403941,3615.321293984,0.331029720625095,6.003214327661606e-7,6.015997874846829e-7,814
