seed,dimension,time,fw_time,primal,dual_gap,smallest_dual_gap,iterations
3,10000,3600.041576462,3600.038412462,0.3183632764488836,1.8940575784859304e-7,1.8766430552250024e-7,346777
