seed,dimension,time,fw_time,primal,dual_gap,smallest_dual_gap,iterations
1,1000000,3625.3732545,3624.386072417,0.331257517829288,8.003031583120584e-7,7.99519213308961e-7,580
