seed,dimension,time,fw_time,primal,dual_gap,smallest_dual_gap,iterations
4,640000,3606.126528014,3605.720503649,0.33097027554685665,4.554860442666699e-6,4.598168145226664e-6,2139
