seed,dimension,time,fw_time,primal,dual_gap,smallest_dual_gap,iterations
3,490000,3609.45706239,3609.009475479,0.3308165210116015,5.534845709106659e-7,5.871876348111441e-7,1246
