seed,dimension,time,fw_time,primal,dual_gap,smallest_dual_gap,iterations
2,40000,1313.801604492,1313.766592437,0.32409598779730847,9.768988090685937e-8,9.768988090685937e-8,14623
