seed,dimension,time,fw_time,primal,dual_gap,smallest_dual_gap,iterations
5,640000,3613.493792615,3612.824887765,0.3307795167847094,7.157219383841645e-7,7.182185542630413e-7,882
