seed,dimension,time,fw_time,primal,dual_gap,smallest_dual_gap,iterations
2,10000,145.904802928,145.90045175,0.32098593166886313,9.849557808944143e-8,9.849557808944143e-8,13841
