seed,dimension,time,fw_time,primal,dual_gap,smallest_dual_gap,iterations
2,160000,3602.005651736,3601.956074899,0.32864421631508706,2.731425735643528e-7,2.7345231552733384e-7,4921
