seed,dimension,time,fw_time,primal,dual_gap,smallest_dual_gap,iterations
5,160000,3602.100511517,3601.839207459,0.3291380296867666,2.758013424170036e-7,2.76494705603314e-7,4867
