seed,dimension,time,fw_time,primal,dual_gap,smallest_dual_gap,iterations
4,90000,3600.860786589,3600.806420572,0.32731904822692787,1.5840794055218752e-6,1.5891138971206586e-6,15844
