seed,dimension,time,fw_time,primal,dual_gap,smallest_dual_gap,iterations
1,1000000,3611.007757131,3610.244209539,0.3312576237325915,5.392097422657512e-6,5.411219488053688e-6,1427
