seed,dimension,time,fw_time,primal,dual_gap,smallest_dual_gap,iterations
2,810000,3623.942059137,3623.399148391,0.33086156776706016,7.85988718862967e-7,7.844958439025967e-7,573
