seed,dimension,time,fw_time,primal,dual_gap,smallest_dual_gap,iterations
3,810000,3621.733121256,3620.975271981,0.33138757717696443,7.121301961719208e-7,7.540672024583875e-7,696
