seed,dimension,time,fw_time,primal,dual_gap,smallest_dual_gap,iterations
1,490000,3618.003997383,3617.454546203,0.33042315424324964,5.987785488639243e-7,5.946604871862396e-7,947
