seed,dimension,time,fw_time,primal,dual_gap,smallest_dual_gap,iterations
2,90000,3600.889392994,3600.86192351,0.3264948152857647,2.6139068107135927e-7,2.61543869195871e-7,10277
