seed,dimension,time,fw_time,primal,dual_gap,smallest_dual_gap,iterations
4,810000,3621.144619014,3620.357600203,0.3313745899285977,8.36206195608917e-7,8.31577043002539e-7,664
