seed,dimension,time,fw_time,primal,dual_gap,smallest_dual_gap,iterations
4,640000,3621.051964935,3620.632671311,0.3309701823017022,5.934598586660247e-7,5.936573357961591e-7,780
