seed,dimension,time,fw_time,primal,dual_gap,smallest_dual_gap,iterations
1,250000,3606.473550784,3606.12349911,0.3293069019694118,4.843303037182188e-7,4.835573852624182e-7,2509
