seed,dimension,time,fw_time,primal,dual_gap,smallest_dual_gap,iterations,average_iter,std_iter
2,160000,3601.985928237,3601.742026088,0.3286442188262389,3.4782475610058844e-7,3.4909530737415456e-7,5080,NaN,NaN
