seed,dimension,time,fw_time,primal,dual_gap,smallest_dual_gap,iterations
4,22500,3600.115019576,3600.091391395,0.32102160334850904,4.41362032727044e-7,4.4225957293760054e-7,112920
