seed,dimension,time,fw_time,primal,dual_gap,smallest_dual_gap,iterations
4,90000,3600.902085585,3600.877793809,0.3273190184089927,1.6728858347279246e-7,1.681385865259788e-7,10645
