seed,dimension,time,fw_time,primal,dual_gap,smallest_dual_gap,iterations,average_iter,std_iter
3,10000,198.468302867,198.453482716,0.3183632766976337,1.0155255113566963e-7,9.796877533524428e-8,17401,0.15206022642376874,0.35908957683099274
