seed,dimension,time,fw_time,primal,dual_gap,iterations
2,160000,3602.381916317,3602.142321867,0.328644218892996,3.4538418501768586e-7,5040
