seed,dimension,time,fw_time,primal,dual_gap,smallest_dual_gap,iterations
5,360000,3608.235492035,3608.097538047,0.3301402690349353,4.4108134218635506e-7,4.7161735459468057e-7,1734
