seed,dimension,time,fw_time,primal,dual_gap,smallest_dual_gap,iterations
5,1000000,3627.880944929,3627.090808726,0.33110307152776414,7.567404506306913e-7,7.526909947812733e-7,481
