seed,dimension,time,fw_time,primal,dual_gap,smallest_dual_gap,iterations
1,810000,3607.950346052,3607.415193481,0.3312195820099286,4.944483516306636e-6,4.95357982476614e-6,1762
