seed,dimension,time,fw_time,primal,dual_gap,smallest_dual_gap,iterations
3,40000,1195.470927369,1195.408476367,0.3255535396944109,9.983955212219953e-8,9.98395521274037e-8,14693
