seed,dimension,time,fw_time,primal,dual_gap,smallest_dual_gap,iterations,average_iter,std_iter
5,160000,3602.440278078,3602.190008069,0.3291380331487217,3.905004962124689e-7,3.8336314499808066e-7,4355,0.15200918484500575,0.3590710209390734
