seed,dimension,time,fw_time,primal,dual_gap,smallest_dual_gap,iterations
2,640000,3612.874759094,3612.275679797,0.3306902680423698,6.809507290365946e-7,6.741725606441464e-7,917
