seed,dimension,time,fw_time,primal,dual_gap,smallest_dual_gap,iterations
1,360000,3609.779007009,3609.318335616,0.3297990261463666,5.294805013036571e-7,5.2972441469748e-7,1384
