seed,dimension,time,fw_time,primal,dual_gap,smallest_dual_gap,iterations
2,160000,3602.481504122,3602.260156651,0.3286442168073802,3.0234417218097387e-7,3.0392685620647675e-7,4968
