seed,dimension,time,fw_time,primal,dual_gap,smallest_dual_gap,iterations,average_iter,std_iter
2,160000,3602.425261317,3602.158130728,0.3286442200333275,3.643425286461652e-7,3.6375038727203685e-7,4448,0.15220323741007194,0.3592581643679492
