seed,dimension,time,fw_time,primal,dual_gap,smallest_dual_gap,iterations
3,490000,3615.022897978,3614.740883966,0.33081651874072193,4.546449969009339e-7,4.768201623248959e-7,1090
