seed,dimension,time,fw_time,primal,dual_gap,smallest_dual_gap,iterations
5,360000,3607.595688365,3607.457853048,0.3301402675936005,4.4259026262634046e-7,4.418277363884421e-7,1715
