seed,dimension,time,fw_time,primal,dual_gap,iterations
3,250000,3604.418447227,3604.093883379,0.3301611422643583,4.7027912931062177e-7,2584
