seed,dimension,time,fw_time,primal,dual_gap,iterations
3,90000,3601.001871103,3600.862498778,0.32782377382734385,2.200237058155169e-7,11848
