seed,dimension,time,fw_time,primal,dual_gap,smallest_dual_gap,iterations
1,810000,3619.28745232,3618.42729955,0.33121948551415764,6.725943353922716e-7,6.719547122210033e-7,667
