seed,dimension,time,fw_time,primal,dual_gap,smallest_dual_gap,iterations
2,160000,3602.276593625,3602.029255262,0.3286442195787497,3.8944595842031055e-7,3.886643997474959e-7,4707
