seed,dimension,time,fw_time,primal,dual_gap,smallest_dual_gap,iterations,average_iter,std_iter
4,490000,3607.969759205,3607.568003145,0.33030954266171525,6.223491857866581e-7,6.244525622956486e-7,1272,NaN,NaN
