seed,dimension,time,fw_time,primal,dual_gap,iterations
3,1000000,3629.864632807,3628.898076739,0.3313192447994629,7.429827244243795e-7,574
