seed,dimension,time,fw_time,primal,dual_gap,smallest_dual_gap,iterations,average_iter,std_iter
5,640000,3618.469717485,3617.778027644,0.3307795175212942,7.251592309236166e-7,7.255005747778404e-7,813,0.15252152521525214,0.35974698770687913
