seed,dimension,time,fw_time,primal,dual_gap,smallest_dual_gap,iterations
3,10000,162.585168721,162.580912527,0.3183632766822664,9.630964332985048e-8,9.630964333678937e-8,14566
