seed,dimension,time,fw_time,primal,dual_gap,smallest_dual_gap,iterations
4,360000,3606.633010377,3606.268515243,0.33037965287665244,6.258298618833959e-7,6.274634224172002e-7,1573
