seed,dimension,time,fw_time,primal,dual_gap,smallest_dual_gap,iterations
5,640000,3616.92137871,3616.135443084,0.33077951380979664,6.357723558105162e-7,6.398963940138988e-7,763
