seed,dimension,time,fw_time,primal,dual_gap,smallest_dual_gap,iterations
2,160000,3602.756554164,3602.506491191,0.3286442175051239,3.1054247592518514e-7,3.1023978142811354e-7,4620
