seed,dimension,time,fw_time,primal,dual_gap,smallest_dual_gap,iterations
1,810000,3620.426291868,3619.50266464,0.3312194912445879,8.376084096499772e-7,8.352451910682152e-7,637
