seed,dimension,time,fw_time,primal,dual_gap,smallest_dual_gap,iterations
5,90000,3600.941534236,3600.798383429,0.3279262806769679,2.2541112133182134e-7,2.224833955078928e-7,11839
