seed,dimension,time,fw_time,primal,dual_gap,smallest_dual_gap,iterations
2,1000000,3623.145610534,3622.07626659,0.3308509424490793,8.044199768047176e-7,7.993362176172275e-7,532
