seed,dimension,time,fw_time,primal,dual_gap,iterations
5,490000,3613.022499416,3612.566365827,0.3306154460512424,6.653356237041295e-7,1165
