seed,dimension,time,fw_time,primal,dual_gap,smallest_dual_gap,iterations
4,810000,3619.614911001,3618.817288283,0.33137459039000083,8.210503008852267e-7,8.143732597642658e-7,651
