seed,dimension,time,fw_time,primal,dual_gap,smallest_dual_gap,iterations
5,10000,155.576639671,155.572005197,0.3169835233534324,9.73662085956839e-8,9.73662085956839e-8,14261
