seed,dimension,time,fw_time,primal,dual_gap,smallest_dual_gap,iterations
1,360000,3608.667654524,3608.259283876,0.3297990291642969,6.368619912674664e-7,6.353664570167734e-7,1532
