seed,dimension,time,fw_time,primal,dual_gap,smallest_dual_gap,iterations
4,640000,3613.449915858,3613.04552107,0.3309701872428964,7.345268023708877e-7,7.303540517640365e-7,865
