seed,dimension,time,fw_time,primal,dual_gap,smallest_dual_gap,iterations
3,1000000,3622.545778221,3621.55372945,0.3313192454303729,7.670959608508526e-7,7.913486109703723e-7,560
