seed,dimension,time,fw_time,primal,dual_gap,smallest_dual_gap,iterations
4,1000000,3621.024211553,3620.001789843,0.3317396211986252,8.236446908064382e-7,8.153536167373847e-7,547
