seed,dimension,time,fw_time,primal,dual_gap,smallest_dual_gap,iterations
5,810000,3617.233657998,3616.453146565,0.3309421396338904,7.952138984042463e-7,7.895307011633081e-7,654
