seed,dimension,time,fw_time,primal,dual_gap,smallest_dual_gap,iterations
2,490000,3612.663044395,3612.203299356,0.3306004283817991,6.92026720571122e-7,6.968893238690037e-7,1109
