seed,dimension,time,fw_time,primal,dual_gap,iterations
2,90000,3600.921883662,3600.799809045,0.3264948140084323,2.125961466783316e-7,12176
