seed,dimension,time,fw_time,primal,dual_gap,smallest_dual_gap,iterations
1,90000,3602.533056008,3602.372382701,0.3276032540449023,2.9044621798965387e-7,2.9033439035309333e-7,10262
