seed,dimension,time,fw_time,primal,dual_gap,smallest_dual_gap,iterations
4,40000,1852.51468576,1852.448380737,0.32474095643809275,9.665291169323742e-8,9.665291169323742e-8,20440
