seed,dimension,time,fw_time,primal,dual_gap,smallest_dual_gap,iterations
5,40000,1726.438313904,1726.376741477,0.32527021152050634,9.702058053479012e-8,9.702058053479012e-8,19337
