seed,dimension,time,fw_time,primal,dual_gap,smallest_dual_gap,iterations,average_iter,std_iter
2,360000,3607.368140414,3607.03613168,0.3304484937616834,5.792299464500196e-7,5.802852540729916e-7,1641,NaN,NaN
