seed,dimension,time,fw_time,primal,dual_gap,smallest_dual_gap,iterations
3,810000,3619.440412285,3618.896111035,0.3313875750160484,7.109446848022928e-7,7.517179140634905e-7,600
