seed,dimension,time,fw_time,primal,dual_gap,smallest_dual_gap,iterations
4,160000,3601.538543076,3601.486797433,0.3285383904671633,2.226563986954498e-6,2.2264805457986037e-6,8644
