seed,dimension,time,fw_time,primal,dual_gap,smallest_dual_gap,iterations
3,10000,186.074339447,186.062785059,0.31836327671520875,9.510166198295478e-8,9.510166197948533e-8,17329
