seed,dimension,time,fw_time,primal,dual_gap,iterations
5,1000000,3623.057993801,3622.058945177,0.331103075900997,7.833606588971385e-7,546
