seed,dimension,time,fw_time,primal,dual_gap,smallest_dual_gap,iterations
4,250000,3603.949324093,3603.855191561,0.32961126893991155,3.8864393124907193e-7,3.87863229568252e-7,2680
