seed,dimension,time,fw_time,primal,dual_gap,smallest_dual_gap,iterations
5,90000,3601.253564186,3601.109223605,0.3279262816881118,2.615081287123816e-7,2.623812427812733e-7,10466
