seed,dimension,time,fw_time,primal,dual_gap,smallest_dual_gap,iterations
4,10000,121.830212627,121.817878118,0.3156908609437609,1.0351902820712744e-7,9.71519815914923e-8,12750
