seed,dimension,time,fw_time,primal,dual_gap,smallest_dual_gap,iterations
5,1000000,3631.269904556,3630.09623481,0.33110307440619946,8.613354034853714e-7,8.587487810261807e-7,439
