seed,dimension,time,fw_time,primal,dual_gap,smallest_dual_gap,iterations
2,250000,3605.552528931,3605.453278023,0.32949053849766774,5.471807889814891e-7,5.461122931111478e-7,2324
