seed,dimension,time,fw_time,primal,dual_gap,smallest_dual_gap,iterations
5,90000,3338.468151573,3338.320617564,0.3279262790945658,9.923012771282519e-8,9.92301277102231e-8,11279
