seed,dimension,time,fw_time,primal,dual_gap,smallest_dual_gap,iterations
5,810000,3627.543378808,3626.579211974,0.3309421366342608,6.857493898004829e-7,7.195835493526564e-7,554
