seed,dimension,time,fw_time,primal,dual_gap,smallest_dual_gap,iterations,average_iter,std_iter
2,10000,210.558803928,210.544804422,0.32098593176690626,1.012983137302359e-7,9.665601765490583e-8,19267,NaN,NaN
