seed,dimension,time,fw_time,primal,dual_gap,smallest_dual_gap,iterations,average_iter,std_iter
1,10000,214.080611162,214.036283323,0.31826945980178434,9.621337044782297e-8,9.621337045476186e-8,18595,0.15203829192212542,0.3590676588699219
