seed,dimension,time,fw_time,primal,dual_gap,smallest_dual_gap,iterations
5,250000,3604.534666986,3604.188044251,0.32979967758759837,5.53062872805845e-7,5.546121413005888e-7,2375
