seed,dimension,time,fw_time,primal,dual_gap,smallest_dual_gap,iterations
2,810000,3622.097773074,3621.605040938,0.33086157114187487,8.452278708044429e-7,8.391647997848042e-7,671
