seed,dimension,time,fw_time,primal,dual_gap,smallest_dual_gap,iterations
2,10000,133.656832035,133.653550587,0.32098593166886313,9.849557808944143e-8,9.849557808944143e-8,13841
