seed,dimension,time,fw_time,primal,dual_gap,smallest_dual_gap,iterations
5,640000,3612.871075523,3612.236512947,0.33077951217191365,5.119572949164285e-7,5.38399300793399e-7,865
