seed,dimension,time,fw_time,primal,dual_gap,smallest_dual_gap,iterations
3,90000,3601.117457926,3600.973811319,0.32782377512199107,2.576378648798741e-7,2.5760274108537623e-7,10167
