seed,dimension,time,fw_time,primal,dual_gap,smallest_dual_gap,iterations
5,90000,3600.822258163,3600.679477591,0.3279262801848556,2.254617072223325e-7,2.2555538976842815e-7,12681
