seed,dimension,time,fw_time,primal,dual_gap,smallest_dual_gap,iterations
1,160000,3603.176894032,3603.105034201,0.3286832543007758,3.221296601503207e-7,3.1977549761526974e-7,5014
