seed,dimension,time,fw_time,primal,dual_gap,smallest_dual_gap,iterations
3,10000,181.265349701,181.254057984,0.31836327669809494,1.051733393570009e-7,9.772020261727965e-8,17314
