seed,dimension,time,fw_time,primal,dual_gap,smallest_dual_gap,iterations
1,490000,3614.647333477,3614.327177318,0.3304231526824362,6.153251437112511e-7,6.201160950916607e-7,1003
