seed,dimension,time,fw_time,primal,dual_gap,smallest_dual_gap,iterations
5,1000000,3626.103917083,3624.993073296,0.33110307193819455,7.421213812826028e-7,7.393156743740453e-7,508
