seed,dimension,time,fw_time,primal,dual_gap,smallest_dual_gap,iterations,average_iter,std_iter
5,490000,3611.976355928,3611.549987562,0.33061544606057186,6.635203202492654e-7,6.622117820244411e-7,1165,NaN,NaN
