seed,dimension,time,fw_time,primal,dual_gap,smallest_dual_gap,iterations
4,160000,3602.579174766,3602.342878688,0.3285383525665935,3.802724703304977e-7,3.762391495047354e-7,5180
