seed,dimension,time,fw_time,primal,dual_gap,smallest_dual_gap,iterations,average_iter,std_iter
4,250000,3604.326345314,3603.9970905,0.3296112735875183,4.898021012198633e-7,4.846238683010179e-7,2470,0.1522267206477733,0.3593132558236987
