seed,dimension,time,fw_time,primal,dual_gap,smallest_dual_gap,iterations
3,40000,3600.277090485,3600.255904146,0.32555355374954015,8.769141427115296e-7,8.879587433240771e-7,42776
