seed,dimension,time,fw_time,primal,dual_gap,smallest_dual_gap,iterations
2,490000,3610.590107862,3610.338797922,0.3306004246829304,5.612109431410439e-7,5.612037955980698e-7,1082
