seed,dimension,time,fw_time,primal,dual_gap,smallest_dual_gap,iterations
1,10000,162.011434976,161.975451454,0.318269459741185,1.0361345879894568e-7,9.726669675594324e-8,14645
