seed,dimension,time,fw_time,primal,dual_gap,iterations
4,250000,3605.334744332,3605.020241471,0.32961127204953355,4.206109997951374e-7,2768
