seed,dimension,time,fw_time,primal,dual_gap,smallest_dual_gap,iterations
3,810000,3624.343539588,3623.779478797,0.33138757338281655,6.642390896044979e-7,6.617141865522362e-7,602
