seed,dimension,time,fw_time,primal,dual_gap,smallest_dual_gap,iterations
4,640000,3616.094914441,3615.549969433,0.33097018609132584,7.397563240485634e-7,7.345942238225558e-7,913
