seed,dimension,time,fw_time,primal,dual_gap,smallest_dual_gap,iterations,average_iter,std_iter
2,360000,3609.65972721,3609.321824505,0.3304484950984606,6.142847078006476e-7,6.113419732190276e-7,1472,0.15217391304347827,0.3593114529813226
