seed,dimension,time,fw_time,primal,dual_gap,smallest_dual_gap,iterations
5,490000,3611.684752443,3611.230280464,0.3306154460512424,6.653356237041295e-7,6.635203202496991e-7,1165
