seed,dimension,time,fw_time,primal,dual_gap,smallest_dual_gap,iterations
3,810000,3625.418192197,3624.490246334,0.33138757432140975,6.403118237392411e-7,6.329478373667298e-7,606
