seed,dimension,time,fw_time,primal,dual_gap,smallest_dual_gap,iterations
3,90000,3438.978640946,3438.843036926,0.3278237725185442,9.924661893701003e-8,9.92466189378774e-8,11252
