seed,dimension,time,fw_time,primal,dual_gap,smallest_dual_gap,iterations
3,40000,3600.258732215,3600.234888195,0.32555355048345486,7.31321073187477e-7,7.509072564929054e-7,48875
