seed,dimension,time,fw_time,primal,dual_gap,smallest_dual_gap,iterations,average_iter,std_iter
4,810000,3618.031394205,3617.248308818,0.3313745896682972,7.480085510826531e-7,7.412675529327832e-7,666,NaN,NaN
