seed,dimension,time,fw_time,primal,dual_gap,smallest_dual_gap,iterations
1,40000,1625.988991947,1625.899242278,0.32588735074588415,9.931058052130293e-8,9.931058052130293e-8,19356
