seed,dimension,time,fw_time,primal,dual_gap,smallest_dual_gap,iterations
2,810000,3619.919772177,3619.035972262,0.3308615662079763,6.962874158616267e-7,6.958411418352128e-7,616
