seed,dimension,time,fw_time,primal,dual_gap,smallest_dual_gap,iterations
2,640000,3614.043522231,3613.687250249,0.3306902646054038,6.115675492014e-7,6.140723100541215e-7,887
