seed,dimension,time,fw_time,primal,dual_gap,smallest_dual_gap,iterations
1,640000,3618.537127509,3617.862169276,0.33102972043756895,6.588686335853682e-7,6.577587581572605e-7,801
