seed,dimension,time,fw_time,primal,dual_gap,smallest_dual_gap,iterations
1,40000,3600.224677261,3600.198403117,0.3258873623879114,8.44775246885629e-7,8.520688203964011e-7,44098
