seed,dimension,time,fw_time,primal,dual_gap,smallest_dual_gap,iterations
5,360000,3608.349886054,3608.021692446,0.3301402718606675,5.142927967452526e-7,5.123069955225747e-7,1798
