seed,dimension,time,fw_time,primal,dual_gap,smallest_dual_gap,iterations
2,810000,3607.603677672,3607.064450733,0.33086167079245843,5.3275576490682645e-6,5.316123219106794e-6,1651
