seed,dimension,time,fw_time,primal,dual_gap,smallest_dual_gap,iterations
2,40000,1776.851487524,1776.784009033,0.32409598818344426,1.0386808562377892e-7,9.895203948763476e-8,18611
