seed,dimension,time,fw_time,primal,dual_gap,smallest_dual_gap,iterations
4,360000,3608.580811816,3608.197012104,0.33037964934051767,4.881489125232487e-7,4.829452399700632e-7,1536
