seed,dimension,time,fw_time,primal,dual_gap,smallest_dual_gap,iterations
1,640000,3620.217997701,3619.556834009,0.33102972065848635,6.018427319534787e-7,5.996827402861803e-7,790
