seed,dimension,time,fw_time,primal,dual_gap,smallest_dual_gap,iterations
3,810000,3622.768996469,3621.988214179,0.331387577558086,7.573696989430015e-7,7.506793135328253e-7,684
