seed,dimension,time,fw_time,primal,dual_gap,smallest_dual_gap,iterations
1,160000,3604.406083645,3604.116317975,0.32868325972829415,4.2575220645518774e-7,4.2442085590455036e-7,4387
