seed,dimension,time,fw_time,primal,dual_gap,smallest_dual_gap,iterations,average_iter,std_iter
2,10000,220.494368275,220.482821859,0.3209859317530591,9.85781246631845e-8,9.797912566000821e-8,19566,0.1520494735766125,0.35907801521744653
