seed,dimension,time,fw_time,primal,dual_gap,smallest_dual_gap,iterations
4,490000,3604.303275111,3604.025488793,0.33030962078589604,3.957810783459647e-6,3.962666805712358e-6,2845
