seed,dimension,time,fw_time,primal,dual_gap,smallest_dual_gap,iterations
2,640000,3614.835591269,3614.228606582,0.3306902689856402,6.837197729994693e-7,6.826798170144269e-7,869
