seed,dimension,time,fw_time,primal,dual_gap,smallest_dual_gap,iterations
5,810000,3616.543225039,3615.753851446,0.3309421400921188,8.50695796544669e-7,8.543479018620521e-7,644
