seed,dimension,time,fw_time,primal,dual_gap,smallest_dual_gap,iterations
1,360000,3608.73362326,3608.286408418,0.3297990262547045,5.706233537697281e-7,5.72136957118722e-7,1385
