seed,dimension,time,fw_time,primal,dual_gap,smallest_dual_gap,iterations
4,90000,3148.721781106,3148.575410161,0.32731901841985445,9.883289799148681e-8,9.883289799235417e-8,10487
