seed,dimension,time,fw_time,primal,dual_gap,smallest_dual_gap,iterations
1,490000,3612.312531309,3611.998506757,0.3304231575297878,7.459537893356183e-7,7.366352743135018e-7,1072
