seed,dimension,time,fw_time,primal,dual_gap,smallest_dual_gap,iterations
4,10000,120.055180042,120.050727528,0.31569086084964,9.802355030105736e-8,9.802355030105736e-8,12210
