seed,dimension,time,fw_time,primal,dual_gap,smallest_dual_gap,iterations,average_iter,std_iter
2,810000,3617.343455942,3616.488128222,0.330861571243909,8.389519024140646e-7,8.386523886417738e-7,650,NaN,NaN
