seed,dimension,time,fw_time,primal,dual_gap,smallest_dual_gap,iterations,average_iter,std_iter
2,90000,3600.909183895,3600.883482483,0.3264948147553763,2.401656799900023e-7,2.3894196884369917e-7,11023,0.15204572258005988,0.3590814923405529
