seed,dimension,time,fw_time,primal,dual_gap,smallest_dual_gap,iterations
4,810000,3608.78003304,3608.214521523,0.3313746821090862,4.936322945932239e-6,4.9549013649684975e-6,1750
