seed,dimension,time,fw_time,primal,dual_gap,smallest_dual_gap,iterations
1,90000,3602.126740948,3602.076350817,0.3276032510150163,1.8536690984082005e-7,1.8609880629485293e-7,10813
