seed,dimension,time,fw_time,primal,dual_gap,smallest_dual_gap,iterations
1,22500,3600.144155634,3600.11719507,0.3224433224618486,4.4585909734357054e-7,4.409275101129734e-7,109081
