seed,dimension,time,fw_time,primal,dual_gap,smallest_dual_gap,iterations,average_iter,std_iter
1,90000,3602.233091448,3602.05774343,0.32760325296049875,2.437570003838499e-7,2.4430529170851867e-7,11693,NaN,NaN
