seed,dimension,time,fw_time,primal,dual_gap,smallest_dual_gap,iterations
5,62500,2134.624923931,2134.60728691,0.3270616290030456,9.984029916958875e-8,9.984029916958875e-8,11479
