seed,dimension,time,fw_time,primal,dual_gap,smallest_dual_gap,iterations
2,640000,3613.681254149,3613.040895157,0.3306902693941371,7.222653758270914e-7,7.209821837354455e-7,857
