seed,dimension,time,fw_time,primal,dual_gap,smallest_dual_gap,iterations
4,160000,3602.962196713,3602.72999305,0.3285383548567242,4.5436712430794307e-7,4.5580154690340324e-7,4320
