seed,dimension,time,fw_time,primal,dual_gap,smallest_dual_gap,iterations
1,250000,3604.683221548,3604.335787927,0.3293069008263227,4.66801596335064e-7,4.6392026117544893e-7,2771
