seed,dimension,time,fw_time,primal,dual_gap,smallest_dual_gap,iterations
1,810000,3624.092148132,3623.548131625,0.33121948957543607,7.372031535913919e-7,7.29285876112807e-7,716
