seed,dimension,time,fw_time,primal,dual_gap,smallest_dual_gap,iterations
5,360000,3607.886719891,3607.725130297,0.33014027400697754,6.481168427522818e-7,6.461779323038534e-7,1602
