seed,dimension,time,fw_time,primal,dual_gap,smallest_dual_gap,iterations
4,90000,3600.954804199,3600.927984874,0.32731902098145355,2.6844248377823343e-7,2.684364347697171e-7,10441
