seed,dimension,time,fw_time,primal,dual_gap,smallest_dual_gap,iterations
1,90000,3557.708916328,3557.533082965,0.32760325106923327,9.937120037419034e-8,9.937120037419034e-8,11548
