seed,dimension,time,fw_time,primal,dual_gap,smallest_dual_gap,iterations
1,810000,3617.47770188,3616.718497132,0.3312194896607706,7.640157763146027e-7,7.58976699772717e-7,708
