seed,dimension,time,fw_time,primal,dual_gap,smallest_dual_gap,iterations
5,160000,3602.752241518,3602.460644835,0.3291380303400476,3.281102712261383e-7,3.303667316578371e-7,4452
