seed,dimension,time,fw_time,primal,dual_gap,smallest_dual_gap,iterations
4,250000,3604.957938912,3604.633351355,0.32961127236880716,4.7196245338233453e-7,4.709342352540724e-7,2761
