seed,dimension,time,fw_time,primal,dual_gap,smallest_dual_gap,iterations
3,640000,3613.584548507,3612.945612913,0.33119398495288727,7.329519474360592e-7,7.349869359926306e-7,837
