seed,dimension,time,fw_time,primal,dual_gap,smallest_dual_gap,iterations
4,490000,3610.410054463,3610.162168534,0.33030953994765105,5.34605167626899e-7,5.270286528931585e-7,1218
