seed,dimension,time,fw_time,primal,dual_gap,smallest_dual_gap,iterations
2,490000,3605.419998737,3605.133889708,0.3306005121140572,4.20814098054962e-6,4.228669464329676e-6,2673
