seed,dimension,time,fw_time,primal,dual_gap,smallest_dual_gap,iterations
2,10000,145.564516081,145.553155472,0.3209859316417541,9.887739731498368e-8,9.887739731845313e-8,15021
