seed,dimension,time,fw_time,primal,dual_gap,smallest_dual_gap,iterations
5,250000,3603.70268129,3603.336205313,0.32979967357893075,4.348548788279949e-7,4.3489073239680667e-7,2443
