seed,dimension,time,fw_time,primal,dual_gap,smallest_dual_gap,iterations
2,90000,3601.02849074,3600.882198431,0.3264948151478594,2.591361337300063e-7,2.590544029811015e-7,10347
