seed,dimension,time,fw_time,primal,dual_gap,smallest_dual_gap,iterations
5,22500,3600.156914692,3600.112521635,0.32220749968675844,4.255077044497402e-7,4.2586832168546584e-7,108216
