seed,dimension,time,fw_time,primal,dual_gap,smallest_dual_gap,iterations
4,810000,3618.307555403,3617.340629337,0.3313745867794666,7.441681524650474e-7,7.441152257373768e-7,575
