seed,dimension,time,fw_time,primal,dual_gap,smallest_dual_gap,iterations
1,490000,3613.192931912,3612.892340534,0.3304231524289709,5.814327921089407e-7,5.803771949883761e-7,1118
