seed,dimension,time,fw_time,primal,dual_gap,smallest_dual_gap,iterations
5,250000,3605.260286185,3604.942714384,0.3297996785471408,5.661476451795239e-7,5.663955137745307e-7,2211
