seed,dimension,time,fw_time,primal,dual_gap,smallest_dual_gap,iterations
5,160000,3602.824726799,3602.55020353,0.3291380335893053,4.2372726925636595e-7,4.232344423269266e-7,4143
