seed,dimension,time,fw_time,primal,dual_gap,smallest_dual_gap,iterations
4,810000,3622.228687343,3621.645395304,0.33137458553779287,6.93823663078675e-7,6.901177372988822e-7,573
