seed,dimension,time,fw_time,primal,dual_gap,iterations
4,1000000,3620.17287026,3619.222686346,0.331739620656331,8.005062942630439e-7,561
