seed,dimension,time,fw_time,primal,dual_gap,smallest_dual_gap,iterations
3,360000,3603.459778619,3603.310494671,0.3304393772674441,3.245903040334161e-6,3.2185248415995786e-6,3887
