seed,dimension,time,fw_time,primal,dual_gap,smallest_dual_gap,iterations
4,10000,180.091641127,180.078636135,0.31569086099799226,1.0658575994026975e-7,9.972983334299856e-8,17176
