seed,dimension,time,fw_time,primal,dual_gap,smallest_dual_gap,iterations
3,640000,3614.995761243,3614.312863519,0.33119398030538905,5.774466409333087e-7,6.040592742356625e-7,801
