seed,dimension,time,fw_time,primal,dual_gap,smallest_dual_gap,iterations
2,810000,3624.160297676,3623.178197889,0.33086157262823335,9.08539639924745e-7,9.069892967328123e-7,589
