seed,dimension,time,fw_time,primal,dual_gap,smallest_dual_gap,iterations
4,40000,1450.419893654,1450.350305456,0.3247409559336351,1.047155254868537e-7,9.586549619237938e-8,15821
