seed,dimension,time,fw_time,primal,dual_gap,smallest_dual_gap,iterations
4,1000000,3609.629520334,3608.798263604,0.3317397319781766,5.5448849728965185e-6,5.6015974726827e-6,1415
