seed,dimension,time,fw_time,primal,dual_gap,smallest_dual_gap,iterations
5,360000,3606.747325529,3606.304608973,0.3301402690227038,4.521462499173026e-7,4.475054089193506e-7,1702
