seed,dimension,time,fw_time,primal,dual_gap,smallest_dual_gap,iterations
1,360000,3606.934604017,3606.59310858,0.3297990273164452,5.752889506503538e-7,5.754687903672569e-7,1689
