seed,dimension,time,fw_time,primal,dual_gap,smallest_dual_gap,iterations
2,810000,3620.734120311,3619.748490178,0.3308615681514628,7.773992806766467e-7,7.756094051606169e-7,539
