seed,dimension,time,fw_time,primal,dual_gap,smallest_dual_gap,iterations
3,1000000,3624.837336967,3623.861591053,0.3313192450064253,7.44198334633444e-7,7.392546518289553e-7,569
