seed,dimension,time,fw_time,primal,dual_gap,smallest_dual_gap,iterations
2,90000,3601.076560079,3600.933332133,0.3264948153309804,2.579127149748145e-7,2.588956212355373e-7,10513
