seed,dimension,time,fw_time,primal,dual_gap,smallest_dual_gap,iterations,average_iter,std_iter
4,160000,3602.66723208,3602.436307818,0.3285383526670572,3.8555574009661864e-7,3.870492604118522e-7,5141,NaN,NaN
