seed,dimension,time,fw_time,primal,dual_gap,smallest_dual_gap,iterations
5,640000,3605.692886403,3605.275274365,0.33077959639988863,4.38128727654058e-6,4.375604962400092e-6,2199
