seed,dimension,time,fw_time,primal,dual_gap,smallest_dual_gap,iterations
1,640000,3608.306718532,3607.866590423,0.33102980960136585,4.548665522479192e-6,4.548381774884761e-6,2168
