seed,dimension,time,fw_time,primal,dual_gap,smallest_dual_gap,iterations
4,1000000,3628.281183114,3627.475546191,0.331739623405329,8.853924014378973e-7,9.338858541552749e-7,508
