seed,dimension,time,fw_time,primal,dual_gap,smallest_dual_gap,iterations
2,160000,3601.555576349,3601.500176775,0.3286442536243492,2.1851848571452503e-6,2.1967305707474433e-6,8970
