seed,dimension,time,fw_time,primal,dual_gap,smallest_dual_gap,iterations
3,1000000,3628.509519252,3627.740456545,0.33131924731522744,8.232432211626676e-7,8.096032844797166e-7,519
