seed,dimension,time,fw_time,primal,dual_gap,smallest_dual_gap,iterations
4,360000,3607.881149536,3607.553783788,0.33037965197146923,6.039893695533594e-7,6.049714274631787e-7,1653
