seed,dimension,time,fw_time,primal,dual_gap,smallest_dual_gap,iterations
2,640000,3617.874877312,3617.461649451,0.3306902649030165,6.472389637367064e-7,6.504532899711396e-7,763
