seed,dimension,time,fw_time,primal,dual_gap,smallest_dual_gap,iterations
2,1000000,3634.222039312,3633.411132473,0.3308509378696898,6.870101600438966e-7,6.833738971133776e-7,470
