seed,dimension,time,fw_time,primal,dual_gap,smallest_dual_gap,iterations
3,360000,3607.888877509,3607.507462506,0.3304393230189015,5.115003540580136e-7,5.078003084812294e-7,1515
