seed,dimension,time,fw_time,primal,dual_gap,smallest_dual_gap,iterations,average_iter,std_iter
4,90000,3600.862568363,3600.836221153,0.32731902076240277,2.5905274071875983e-7,2.5879270495673956e-7,10718,0.15208061205448778,0.3591157640269742
