seed,dimension,time,fw_time,primal,dual_gap,smallest_dual_gap,iterations
1,90000,3583.239357196,3583.079453947,0.3276032510444323,9.978039367149194e-8,9.978039367149194e-8,11592
