seed,dimension,time,fw_time,primal,dual_gap,smallest_dual_gap,iterations
4,360000,3608.508605474,3608.153795408,0.33037964864991654,4.802597573880935e-7,4.793617076480523e-7,1610
