seed,dimension,time,fw_time,primal,dual_gap,smallest_dual_gap,iterations,average_iter,std_iter
1,360000,3609.613347133,3609.22741429,0.32979902744690837,5.510906023738042e-7,5.507073466979109e-7,1693,NaN,NaN
