seed,dimension,time,fw_time,primal,dual_gap,smallest_dual_gap,iterations
1,22500,591.874554051,591.852861027,0.3224433202260785,9.948221869893192e-8,9.948221870240137e-8,17330
