seed,dimension,time,fw_time,primal,dual_gap,smallest_dual_gap,iterations
4,810000,3619.957307177,3619.028466779,0.3313745878744584,8.023916887992845e-7,8.05487278011767e-7,543
