seed,dimension,time,fw_time,primal,dual_gap,smallest_dual_gap,iterations
4,640000,3614.729332224,3614.143625811,0.3309701861302035,6.736819970734782e-7,6.702635928657746e-7,891
