seed,dimension,time,fw_time,primal,dual_gap,smallest_dual_gap,iterations
4,640000,3614.688138077,3614.022018825,0.3309701828365946,5.970912042726172e-7,5.956044101954397e-7,834
