seed,dimension,time,fw_time,primal,dual_gap,smallest_dual_gap,iterations
5,490000,3613.461068209,3613.193211538,0.3306154483601223,7.480026647426266e-7,7.418079245764819e-7,1051
