seed,dimension,time,fw_time,primal,dual_gap,smallest_dual_gap,iterations
2,40000,1417.096655654,1417.031498912,0.32409598786001037,9.890944228062304e-8,9.890944228062304e-8,15159
