seed,dimension,time,fw_time,primal,dual_gap,smallest_dual_gap,iterations
3,360000,3607.25781178,3606.939383193,0.33043932513426316,5.419220664177465e-7,5.386581960042242e-7,1646
