seed,dimension,time,fw_time,primal,dual_gap,smallest_dual_gap,iterations
3,10000,3600.032498883,3600.028255111,0.3183632764385557,1.8834766942615877e-7,1.8019176272615622e-7,375729
