seed,dimension,time,fw_time,primal,dual_gap,smallest_dual_gap,iterations
4,250000,3604.205625607,3603.901202607,0.3296112694333467,4.047760291388085e-7,4.044383435622585e-7,2700
