seed,dimension,time,fw_time,primal,dual_gap,smallest_dual_gap,iterations
5,810000,3618.522970722,3617.669556351,0.33094213516295257,7.04817001919919e-7,7.043120760640183e-7,628
