seed,dimension,time,fw_time,primal,dual_gap,smallest_dual_gap,iterations
2,90000,3600.838990481,3600.717887078,0.32649481399107666,2.067917883414802e-7,2.062840314545969e-7,12207
