seed,dimension,time,fw_time,primal,dual_gap,smallest_dual_gap,iterations
2,1000000,3633.152886021,3632.365676585,0.33085094442456536,8.937575850795961e-7,8.879182124268623e-7,504
