seed,dimension,time,fw_time,primal,dual_gap,smallest_dual_gap,iterations
2,10000,3600.042744499,3600.039485109,0.3209859313667442,2.060449959921662e-7,2.0092438974064764e-7,353038
