seed,dimension,time,fw_time,primal,dual_gap,smallest_dual_gap,iterations
1,40000,1897.483199182,1897.393221779,0.3258873507458842,9.931058051783348e-8,9.931058051783348e-8,19378
