seed,dimension,time,fw_time,primal,dual_gap,smallest_dual_gap,iterations
1,250000,3605.246168922,3605.105503297,0.32930690247633104,5.017385947075036e-7,5.00757103121148e-7,2462
