seed,dimension,time,fw_time,primal,dual_gap,smallest_dual_gap,iterations
3,640000,3616.865734034,3616.206958164,0.3311939841963909,7.195980920018594e-7,7.212895959066851e-7,873
