seed,dimension,time,fw_time,primal,dual_gap,smallest_dual_gap,iterations
2,40000,1890.32666303,1890.309078692,0.3240959881834443,1.0386810271080515e-7,9.895204216431308e-8,18824
