seed,dimension,time,fw_time,primal,dual_gap,iterations
4,640000,3614.601527343,3614.00579769,0.3309701856633211,7.164766553787935e-7,927
