seed,dimension,time,fw_time,primal,dual_gap,smallest_dual_gap,iterations,average_iter,std_iter
2,40000,1803.106240601,1803.095282095,0.32409598818344426,1.0386808571224981e-7,9.89520399785615e-8,18824,0.15203994900127496,0.35906914679296786
