seed,dimension,time,fw_time,primal,dual_gap,smallest_dual_gap,iterations
5,160000,3602.177048984,3602.132894957,0.3291380288293977,3.0811245907338275e-7,3.079849592206932e-7,4842
