seed,dimension,time,fw_time,primal,dual_gap,smallest_dual_gap,iterations
1,10000,139.493653877,139.490354922,0.31826945973492404,9.725150109177183e-8,9.725150109177183e-8,14342
