seed,dimension,time,fw_time,primal,dual_gap,smallest_dual_gap,iterations
3,360000,3605.817017595,3605.493657462,0.33043932438266693,5.531294778710581e-7,5.547301203875921e-7,1751
