seed,dimension,time,fw_time,primal,dual_gap,smallest_dual_gap,iterations
5,640000,3612.993814772,3612.55035065,0.33077951211633944,6.211944080102179e-7,6.213581626498405e-7,821
