seed,dimension,time,fw_time,primal,dual_gap,smallest_dual_gap,iterations
1,490000,3613.815168545,3613.361091762,0.3304231565577335,7.099933884051682e-7,7.093875692941454e-7,1079
