seed,dimension,time,fw_time,primal,dual_gap,iterations
4,360000,3607.711439479,3607.395006606,0.33037965103607553,5.457250844072455e-7,1759
