seed,dimension,time,fw_time,primal,dual_gap,smallest_dual_gap,iterations
2,640000,3607.230249739,3606.826436896,0.33069035534520563,4.5168400974082874e-6,4.542521153284764e-6,2143
