seed,dimension,time,fw_time,primal,dual_gap,smallest_dual_gap,iterations
3,90000,3601.013217361,3600.883219884,0.32782377412303154,2.421085404562609e-7,2.4244589628269475e-7,11680
