seed,dimension,time,fw_time,primal,dual_gap,smallest_dual_gap,iterations
3,90000,3601.006230711,3600.977142214,0.3278237750711685,2.77585310222081e-7,2.781467802557419e-7,10134
