seed,dimension,time,fw_time,primal,dual_gap,smallest_dual_gap,iterations
1,360000,3608.011897228,3607.655315029,0.32979902841975933,5.667713399788894e-7,5.664047163086647e-7,1574
