seed,dimension,time,fw_time,primal,dual_gap,smallest_dual_gap,iterations
2,90000,3601.150613148,3601.010961037,0.32649481459909263,2.2646461224525016e-7,2.2480757881637725e-7,11147
