seed,dimension,time,fw_time,primal,dual_gap,smallest_dual_gap,iterations
5,490000,3610.285274886,3610.061118728,0.3306154427351389,5.643445534315658e-7,5.649093876118616e-7,1103
