seed,dimension,time,fw_time,primal,dual_gap,smallest_dual_gap,iterations
4,40000,1252.049549295,1251.982811141,0.3247409560336225,9.716413666011059e-8,9.716413666011059e-8,15284
