seed,dimension,time,fw_time,primal,dual_gap,smallest_dual_gap,iterations
2,490000,3615.161210354,3614.67256949,0.33060042941437845,6.778515813546208e-7,6.68614093323177e-7,1061
