seed,dimension,time,fw_time,primal,dual_gap,smallest_dual_gap,iterations
4,90000,3600.97195491,3600.832758445,0.3273190201366242,2.2642401999346806e-7,2.2595358660764536e-7,11904
