seed,dimension,time,fw_time,primal,dual_gap,smallest_dual_gap,iterations
3,40000,1339.389596964,1339.357387962,0.325553539854489,9.663338403943789e-8,9.663338403943789e-8,14420
