seed,dimension,time,fw_time,primal,dual_gap,smallest_dual_gap,iterations
1,90000,3602.098042467,3601.920950395,0.3276032531015043,2.509336416885166e-7,2.5135614824950414e-7,11653
