seed,dimension,time,fw_time,primal,dual_gap,smallest_dual_gap,iterations
2,360000,3607.087280421,3606.698913812,0.3304484907888535,4.569686533418063e-7,4.490544842990392e-7,1488
