seed,dimension,time,fw_time,primal,dual_gap,smallest_dual_gap,iterations
5,360000,3605.991330038,3605.654856815,0.3301402726949012,5.301214577126991e-7,5.584542386704444e-7,1697
