seed,dimension,time,fw_time,primal,dual_gap,smallest_dual_gap,iterations
2,490000,3615.176210883,3614.871531391,0.3306004305791487,7.350718495228309e-7,7.318082534215654e-7,1017
