seed,dimension,time,fw_time,primal,dual_gap,smallest_dual_gap,iterations
3,2500,5.999286662,5.996480618,0.30375131827686924,1.1333833786070224e-7,9.561090014154061e-8,4007
