seed,dimension,time,fw_time,primal,dual_gap,smallest_dual_gap,iterations
2,490000,3613.610886576,3613.094787927,0.33060042220978964,4.896805940665661e-7,4.900487771946488e-7,1031
