seed,dimension,time,fw_time,primal,dual_gap,smallest_dual_gap,iterations
2,360000,3607.817089523,3607.369009197,0.3304484881479707,3.661674956999435e-7,3.86482794796552e-7,1521
