seed,dimension,time,fw_time,primal,dual_gap,smallest_dual_gap,iterations
4,360000,3608.643509648,3608.150448428,0.3303796463124766,3.570191812892441e-7,3.5252485122662033e-7,1632
