seed,dimension,time,fw_time,primal,dual_gap,smallest_dual_gap,iterations
5,90000,2200.510575209,2200.487582453,0.32792627768227756,9.970446202944155e-8,9.970446202857419e-8,7848
