seed,dimension,time,fw_time,primal,dual_gap,smallest_dual_gap,iterations
1,40000,703.404714562,703.389698079,0.32588734974591504,9.949339783120459e-8,9.949339783120459e-8,8175
