seed,dimension,time,fw_time,primal,dual_gap,smallest_dual_gap,iterations
3,40000,919.271864557,919.207854439,0.325553540090139,9.977352958580321e-8,9.977352958580321e-8,11429
