seed,dimension,time,fw_time,primal,dual_gap,smallest_dual_gap,iterations
3,360000,3606.798060351,3606.666141748,0.330439319819903,4.208614354747099e-7,4.1898547473769726e-7,1637
