seed,dimension,time,fw_time,primal,dual_gap,iterations
2,10000,139.681673858,139.670288007,0.32098593133608666,9.798595567572788e-8,14469
