seed,dimension,time,fw_time,primal,dual_gap,smallest_dual_gap,iterations
2,250000,3605.590874264,3605.184581268,0.32949053241819626,3.476505579949954e-7,3.4607716782554185e-7,2480
