seed,dimension,time,fw_time,primal,dual_gap,smallest_dual_gap,iterations
1,1000000,3623.418195662,3622.660369931,0.33125751006705534,5.671013520727134e-7,6.017947993791194e-7,536
