seed,dimension,time,fw_time,primal,dual_gap,iterations
3,10000,133.087396698,133.075100961,0.31836327638034484,9.912636140391173e-8,13449
