seed,dimension,time,fw_time,primal,dual_gap,smallest_dual_gap,iterations
3,160000,3602.381601116,3602.060835631,0.32952965776819093,2.6368942633407666e-7,2.649756433818762e-7,4746
