seed,dimension,time,fw_time,primal,dual_gap,smallest_dual_gap,iterations
5,160000,3602.133497292,3601.873261912,0.32913802785418167,2.578288887432681e-7,2.5705692685996234e-7,4791
