seed,dimension,time,fw_time,primal,dual_gap,smallest_dual_gap,iterations
2,90000,3210.540680571,3210.513038811,0.32649481230606303,9.925183269698934e-8,9.925183269698934e-8,9406
