seed,dimension,time,fw_time,primal,dual_gap,smallest_dual_gap,iterations
5,360000,3605.981322889,3605.836217349,0.33014026664503004,3.790340149518838e-7,3.753966284201528e-7,1648
