seed,dimension,time,fw_time,primal,dual_gap,smallest_dual_gap,iterations
1,62500,1111.043845682,1111.01676329,0.32728646965051444,9.911262813071253e-8,9.911262813071253e-8,6825
