seed,dimension,time,fw_time,primal,dual_gap,smallest_dual_gap,iterations
4,1000000,3627.378483107,3626.258394536,0.3317396130137784,5.749572637389101e-7,5.689482477113077e-7,499
