seed,dimension,time,fw_time,primal,dual_gap,smallest_dual_gap,iterations
5,1000000,3623.657960014,3622.995835022,0.3311030682366193,5.851522340487129e-7,5.78553695088687e-7,489
