seed,dimension,time,fw_time,primal,dual_gap,smallest_dual_gap,iterations
4,10000,96.328601006,96.31636535,0.31569086083223236,9.78736566584204e-8,9.78736566584204e-8,9626
