seed,dimension,time,fw_time,primal,dual_gap,smallest_dual_gap,iterations
3,1000000,3622.313913924,3621.631466991,0.3313192378741445,5.811663350884302e-7,5.802105963682771e-7,518
