seed,dimension,time,fw_time,primal,dual_gap,smallest_dual_gap,iterations
2,810000,3621.748828686,3621.273262012,0.3308615631613824,5.504496575180207e-7,5.476275343183935e-7,602
