seed,dimension,time,fw_time,primal,dual_gap,iterations
3,640000,3619.600147704,3618.918272077,0.3311939773156819,5.369004953672749e-7,773
