seed,dimension,time,fw_time,primal,dual_gap,smallest_dual_gap,iterations
5,40000,1002.74715913,1002.690685681,0.3252702108406463,9.917641450099546e-8,9.917641450099546e-8,12037
