seed,dimension,time,fw_time,primal,dual_gap,smallest_dual_gap,iterations
4,40000,1000.704171872,1000.638054326,0.3247409560921796,9.977243910566647e-8,9.977243910566647e-8,12320
