seed,dimension,time,fw_time,primal,dual_gap,smallest_dual_gap,iterations
5,490000,3611.180480584,3610.953650305,0.3306154402914404,5.118189808912647e-7,5.123345487231812e-7,1034
