seed,dimension,time,fw_time,primal,dual_gap,smallest_dual_gap,iterations
5,40000,670.892754434,670.87863407,0.3252702103982732,9.968986213609865e-8,9.968986213609865e-8,8612
