seed,dimension,time,fw_time,primal,dual_gap,smallest_dual_gap,iterations
3,360000,3608.098234459,3607.632851021,0.330439319655175,3.934956963607024e-7,3.9313222287545163e-7,1613
