seed,dimension,time,fw_time,primal,dual_gap,smallest_dual_gap,iterations
2,90000,2574.010232511,2573.871094077,0.32649481264809116,9.979599032480108e-8,9.979599032480108e-8,8706
