seed,dimension,time,fw_time,primal,dual_gap,iterations
3,160000,3602.647506789,3602.161031586,0.3295296577737563,2.630825677411852e-7,4741
