seed,dimension,time,fw_time,primal,dual_gap,smallest_dual_gap,iterations
3,1000000,3632.318004483,3631.090887015,0.3313192385430921,5.893475924282059e-7,5.847034953096204e-7,474
