seed,dimension,time,fw_time,primal,dual_gap,smallest_dual_gap,iterations
2,360000,3607.562421072,3607.122820857,0.3304484880656445,3.7096042461697704e-7,3.668252089444879e-7,1536
