seed,dimension,time,fw_time,primal,dual_gap,iterations
1,160000,3603.655446592,3603.369118515,0.3286832529000708,2.9269819788822066e-7,4941
