seed,dimension,time,fw_time,primal,dual_gap,smallest_dual_gap,iterations
2,490000,3611.605196125,3611.350856613,0.33060042238270837,5.252270807568939e-7,5.24863129615534e-7,1046
