seed,dimension,time,fw_time,primal,dual_gap,smallest_dual_gap,iterations
2,90000,2571.676486177,2571.535108713,0.32649481264809116,9.979599032480108e-8,9.979599032480108e-8,8706
