seed,dimension,time,fw_time,primal,dual_gap,smallest_dual_gap,iterations
1,160000,3603.593759648,3603.305510285,0.3286832528537966,2.570718784294587e-7,2.729249629499289e-7,4967
