seed,dimension,time,fw_time,primal,dual_gap,smallest_dual_gap,iterations
2,90000,2597.811190819,2597.783423773,0.32649481128071384,9.838629452200293e-8,9.960787887130368e-8,7789
