seed,dimension,time,fw_time,primal,dual_gap,iterations
2,490000,3609.991262142,3609.466724779,0.3306004222969024,4.8073790250968e-7,1018
