seed,dimension,time,fw_time,primal,dual_gap,smallest_dual_gap,iterations
4,490000,3611.898529168,3611.393501777,0.3303095374028036,3.908543519501491e-7,3.865724688585648e-7,1114
