seed,dimension,time,fw_time,primal,dual_gap,smallest_dual_gap,iterations
3,250000,3604.499270381,3604.403581494,0.3301611375550877,3.560322531302555e-7,3.53277548118848e-7,2467
