seed,dimension,time,fw_time,primal,dual_gap,smallest_dual_gap,iterations
3,40000,1079.644816543,1079.61906319,0.32555353999219394,1.0466597511263331e-7,9.838049512718439e-8,11873
