seed,dimension,time,fw_time,primal,dual_gap,smallest_dual_gap,iterations
5,640000,3612.278368662,3611.653227906,0.3307795097472014,4.823168293817404e-7,4.82516183164354e-7,829
