seed,dimension,time,fw_time,primal,dual_gap,smallest_dual_gap,iterations
2,160000,3602.112668479,3601.865613643,0.3286442151865709,2.4386446751626517e-7,2.4315759230859185e-7,4873
