seed,dimension,time,fw_time,primal,dual_gap,smallest_dual_gap,iterations
4,40000,1248.022166199,1248.003888786,0.32474095576776335,9.845241523247228e-8,9.845241523247228e-8,13395
