seed,dimension,time,fw_time,primal,dual_gap,smallest_dual_gap,iterations
2,40000,917.93470705,917.875337361,0.32409598779476745,9.905852128670734e-8,9.90585212919115e-8,10942
