seed,dimension,time,fw_time,primal,dual_gap,iterations
2,90000,3601.027853543,3600.887292915,0.32649481130688257,1.5571293189055313e-7,11997
