seed,dimension,time,fw_time,primal,dual_gap,smallest_dual_gap,iterations
4,640000,3614.296091853,3613.56206992,0.3309701799808025,5.077954447203596e-7,5.319792063095824e-7,797
