seed,dimension,time,fw_time,primal,dual_gap,smallest_dual_gap,iterations
3,90000,3388.546324507,3388.516435642,0.32782377231327475,9.96483032495582e-8,9.964830325129292e-8,9856
