seed,dimension,time,fw_time,primal,dual_gap,smallest_dual_gap,iterations
4,62500,1361.013192022,1360.995344511,0.3268898705810703,9.971010304227201e-8,9.971010304140465e-8,7525
