seed,dimension,time,fw_time,primal,dual_gap,smallest_dual_gap,iterations
4,40000,793.649120324,793.621324325,0.32474095531038466,9.983085656924129e-8,9.983085656924129e-8,8642
