seed,dimension,time,fw_time,primal,dual_gap,smallest_dual_gap,iterations
1,250000,3606.189700504,3605.817825992,0.32930689642372296,3.5005383533038073e-7,3.510092512833303e-7,2611
