seed,dimension,time,fw_time,primal,dual_gap,smallest_dual_gap,iterations
2,640000,3613.692599585,3613.00975532,0.3306902620584067,5.271045801988339e-7,5.267969285854476e-7,823
