seed,dimension,time,fw_time,primal,dual_gap,smallest_dual_gap,iterations
4,40000,717.885303112,717.861770892,0.32474095531038466,9.983085656924129e-8,9.983085656924129e-8,8642
