seed,dimension,time,fw_time,primal,dual_gap,smallest_dual_gap,iterations
3,360000,3606.030074923,3605.622276854,0.3304393197828369,4.2310394501431786e-7,4.238351201009405e-7,1602
