seed,dimension,time,fw_time,primal,dual_gap,smallest_dual_gap,iterations
4,640000,3619.081570007,3618.36094142,0.3309701797721814,4.814429072070962e-7,4.7438188595025355e-7,807
