seed,dimension,time,fw_time,primal,dual_gap,smallest_dual_gap,iterations
2,62500,1162.330821486,1162.303684383,0.32466588760208576,9.990384342017933e-8,9.990384342017933e-8,7277
