seed,dimension,time,fw_time,primal,dual_gap,smallest_dual_gap,iterations
4,10000,63.339931754,63.336728185,0.3156908606942171,9.653643031834469e-8,9.653643031834469e-8,6844
