seed,dimension,time,fw_time,primal,dual_gap,iterations
2,160000,3602.342404317,3602.101163522,0.3286442152419082,2.8168779574958697e-7,4840
