seed,dimension,time,fw_time,primal,dual_gap,smallest_dual_gap,iterations
4,810000,3620.934993664,3620.091395349,0.3313745815002341,5.165616599822967e-7,5.104666979415841e-7,619
