seed,dimension,time,fw_time,primal,dual_gap,smallest_dual_gap,iterations
4,22500,274.406023577,274.377861643,0.3210216011612229,9.922380963742206e-8,9.922380963742206e-8,9087
