seed,dimension,time,fw_time,primal,dual_gap,iterations
4,40000,1599.279579324,1599.213840464,0.3247409544566522,9.856078351209996e-8,19474
