seed,dimension,time,fw_time,primal,dual_gap,smallest_dual_gap,iterations
5,490000,3613.88255472,3613.384740161,0.33061544024434614,5.095313879476329e-7,5.090081746823849e-7,1013
