seed,dimension,time,fw_time,primal,dual_gap,smallest_dual_gap,iterations
5,640000,3613.26169418,3612.888691483,0.33077950971621606,4.793768126221815e-7,4.822065746814055e-7,853
