seed,dimension,time,fw_time,primal,dual_gap,smallest_dual_gap,iterations
1,10000,85.967825388,85.964822592,0.31826945952589136,9.621276806509593e-8,9.621276806509593e-8,7962
