seed,dimension,time,fw_time,primal,dual_gap,smallest_dual_gap,iterations
3,640000,3615.768692834,3615.412589438,0.3311939772659239,4.864293647105153e-7,4.844217888996284e-7,787
