seed,dimension,time,fw_time,primal,dual_gap,smallest_dual_gap,iterations
3,490000,3611.368986094,3610.850715516,0.3308165158535497,4.045189154451914e-7,4.0036846595198697e-7,1147
