seed,dimension,time,fw_time,primal,dual_gap,iterations
4,1000000,3626.28164091,3625.089672051,0.33173961305722643,5.536871171317806e-7,495
