seed,dimension,time,fw_time,primal,dual_gap,iterations
2,810000,3620.855328437,3619.984997517,0.33086156315039317,5.526380298112935e-7,588
