seed,dimension,time,fw_time,primal,dual_gap,smallest_dual_gap,iterations
2,1000000,3628.337961201,3627.239566402,0.33085093447353864,6.073875247120976e-7,6.064005134169201e-7,502
