seed,dimension,time,fw_time,primal,dual_gap,iterations
5,1000000,3632.388588953,3631.291633956,0.33110306813827944,5.669800607348459e-7,478
