seed,dimension,time,fw_time,primal,dual_gap,iterations
1,250000,3605.746892455,3605.078524737,0.32930689643988326,3.44678133294956e-7,2604
