seed,dimension,time,fw_time,primal,dual_gap,smallest_dual_gap,iterations
2,160000,3602.572370507,3602.330577857,0.3286442152430952,2.779801107181956e-7,2.782239485491986e-7,4839
