seed,dimension,time,fw_time,primal,dual_gap,smallest_dual_gap,iterations
2,250000,3603.971836527,3603.885914752,0.3294905324358801,3.1589292076540307e-7,3.1302439809990923e-7,2512
