seed,dimension,time,fw_time,primal,dual_gap,smallest_dual_gap,iterations
3,90000,2896.609116738,2896.451405701,0.32782377247465877,9.948422939869833e-8,9.948422939869833e-8,9444
