seed,dimension,time,fw_time,primal,dual_gap,smallest_dual_gap,iterations
2,2500,5.799653809,5.796664825,0.2995418587258798,1.0975257480616563e-7,9.458259399297564e-8,3929
