seed,dimension,time,fw_time,primal,dual_gap,smallest_dual_gap,iterations
2,640000,3613.80013128,3613.135083225,0.33069026208837926,4.949243329814383e-7,4.956638545348079e-7,815
