seed,dimension,time,fw_time,primal,dual_gap,smallest_dual_gap,iterations
2,160000,3602.442748681,3602.194298023,0.32864421524438064,2.306560925157547e-7,2.2783270748564372e-7,4831
