seed,dimension,time,fw_time,primal,dual_gap,smallest_dual_gap,iterations
1,250000,3605.51122712,3605.399366864,0.3293068964637956,3.3624202798411204e-7,3.3415526723076794e-7,2624
