seed,dimension,time,fw_time,primal,dual_gap,iterations
3,1000000,3631.299625157,3630.13371056,0.3313192378398133,5.890907280577205e-7,509
