seed,dimension,time,fw_time,primal,dual_gap,smallest_dual_gap,iterations
3,810000,3619.835683551,3618.951555768,0.33138757023095006,5.543338455257091e-7,5.480643325119286e-7,629
