seed,dimension,time,fw_time,primal,dual_gap,smallest_dual_gap,iterations
3,160000,3602.627206899,3602.56589178,0.32952965847628624,2.73529461462807e-7,2.9913145929531815e-7,4243
