seed,dimension,time,fw_time,primal,dual_gap,smallest_dual_gap,iterations
1,10000,110.742565756,110.713368155,0.31826945971813886,9.612267057659829e-8,9.612267057659829e-8,11392
