seed,dimension,time,fw_time,primal,dual_gap,smallest_dual_gap,iterations
3,90000,2820.634134732,2820.605621574,0.3278237711026757,9.972682755380463e-8,9.972682755640672e-8,8098
