seed,dimension,time,fw_time,primal,dual_gap,smallest_dual_gap,iterations
3,10000,121.893707501,121.8894232,0.31836327661539193,9.536429845108385e-8,9.536429845108385e-8,12484
