seed,dimension,time,fw_time,primal,dual_gap,smallest_dual_gap,iterations
2,40000,1015.049331109,1015.034103187,0.32409598762349107,9.953328368970948e-8,9.953328368970948e-8,11557
