seed,dimension,time,fw_time,primal,dual_gap,iterations
1,40000,1539.936770263,1539.853109334,0.3258873487732601,9.871980341177866e-8,18336
