seed,dimension,time,fw_time,primal,dual_gap,smallest_dual_gap,iterations
1,810000,3621.89641179,3621.000020227,0.3312194824171896,5.405625457342161e-7,5.383324440983057e-7,627
