seed,dimension,time,fw_time,primal,dual_gap,smallest_dual_gap,iterations
4,90000,2380.733491796,2380.707384669,0.3273190171017118,9.923443782412084e-8,9.933685959830768e-8,6887
