seed,dimension,time,fw_time,primal,dual_gap,smallest_dual_gap,iterations
4,1000000,3632.743541022,3631.592888095,0.3317396130355704,5.651989122238289e-7,5.577583588639752e-7,497
