seed,dimension,time,fw_time,primal,dual_gap,smallest_dual_gap,iterations
2,40000,611.155182274,611.139409379,0.32409598728319955,1.188350210873379e-7,9.97729228593286e-8,7699
