seed,dimension,time,fw_time,primal,dual_gap,smallest_dual_gap,iterations
4,360000,3607.390472917,3606.950951063,0.33037964642791584,4.1638833503431297e-7,4.168332589198076e-7,1614
