seed,dimension,time,fw_time,primal,dual_gap,smallest_dual_gap,iterations
2,22500,295.796487663,295.775540277,0.3229820210408752,9.904957953138505e-8,9.904957953138505e-8,8939
