seed,dimension,time,fw_time,primal,dual_gap,smallest_dual_gap,iterations
3,10000,108.218665055,108.205864161,0.31836327664560826,9.959420519539686e-8,9.95942051988663e-8,11072
