seed,dimension,time,fw_time,primal,dual_gap,smallest_dual_gap,iterations
4,490000,3612.922557926,3612.404770728,0.3303095371603874,4.090571458026729e-7,4.08060708764757e-7,1157
