seed,dimension,time,fw_time,primal,dual_gap,iterations
5,90000,3600.922674798,3600.778868392,0.3279262782902261,1.2963051903083778e-7,12488
