seed,dimension,time,fw_time,primal,dual_gap,smallest_dual_gap,iterations
4,810000,3621.726050907,3620.87860812,0.331374581422002,5.026493652758417e-7,4.975010094890146e-7,622
