seed,dimension,time,fw_time,primal,dual_gap,smallest_dual_gap,iterations
2,250000,3604.353639504,3603.984114309,0.32949053241057674,3.48562539632339e-7,3.4853063815261723e-7,2483
