seed,dimension,time,fw_time,primal,dual_gap,smallest_dual_gap,iterations
4,360000,3608.267995135,3607.825990328,0.3303796466033567,4.1475977941886344e-7,4.156082118512462e-7,1573
