seed,dimension,time,fw_time,primal,dual_gap,smallest_dual_gap,iterations
3,22500,300.614790259,300.555434363,0.32286053554973165,9.821322403957833e-8,9.82132240447825e-8,9208
