seed,dimension,time,fw_time,primal,dual_gap,smallest_dual_gap,iterations
5,22500,292.380339623,292.331816678,0.3222074975515113,9.934280890619429e-8,9.934280890792901e-8,8922
