seed,dimension,time,fw_time,primal,dual_gap,smallest_dual_gap,iterations
1,90000,3020.329052594,3020.157385081,0.32760325040717936,9.911780970896927e-8,9.911780970983664e-8,9775
