seed,dimension,time,fw_time,primal,dual_gap,iterations
1,90000,3602.152023564,3601.991747115,0.3276032496978903,1.4938993999572686e-7,11544
