seed,dimension,time,fw_time,primal,dual_gap,smallest_dual_gap,iterations
5,360000,3607.706543267,3607.206777507,0.33014026649436257,3.706905419144195e-7,3.6817263613904763e-7,1640
