seed,dimension,time,fw_time,primal,dual_gap,iterations
4,360000,3606.11010194,3605.443791274,0.3303796464036249,4.1751533430816473e-7,1620
