seed,dimension,time,fw_time,primal,dual_gap,smallest_dual_gap,iterations
5,810000,3620.933690476,3620.066482404,0.3309421314066928,5.533721951491918e-7,5.5301612058049e-7,600
