seed,dimension,time,fw_time,primal,dual_gap,smallest_dual_gap,iterations
4,490000,3611.532299345,3611.281512422,0.33030953738264457,4.7339900547836364e-7,4.738475522891687e-7,1176
