seed,dimension,time,fw_time,primal,dual_gap,smallest_dual_gap,iterations
1,360000,3608.23676088,3607.778203439,0.32979902256918464,4.046525252602434e-7,4.028478160738973e-7,1566
