seed,dimension,time,fw_time,primal,dual_gap,smallest_dual_gap,iterations
3,40000,689.131240245,689.102741414,0.3255535392600385,9.90810926845831e-8,9.90810926845831e-8,8834
