seed,dimension,time,fw_time,primal,dual_gap,smallest_dual_gap,iterations
4,90000,2531.391053515,2531.244572925,0.32731901809548714,9.968513091547504e-8,9.968513091547504e-8,8380
