seed,dimension,time,fw_time,primal,dual_gap,smallest_dual_gap,iterations
5,160000,3601.997471655,3601.948789797,0.3291380284910752,2.573327814820933e-7,2.5388100390565105e-7,4377
