seed,dimension,time,fw_time,primal,dual_gap,iterations
3,360000,3607.564096606,3607.090775635,0.33043931979092567,4.247470531855424e-7,1600
