seed,dimension,time,fw_time,primal,dual_gap,smallest_dual_gap,iterations
4,2500,6.45930294,6.438819543,0.2949817663345997,9.67708476962148e-8,9.67708476962148e-8,4097
