seed,dimension,time,fw_time,primal,dual_gap,smallest_dual_gap,iterations
4,360000,3607.991086501,3607.562630295,0.33037964630146943,3.682248734000054e-7,3.656914457006097e-7,1636
