seed,dimension,time,fw_time,primal,dual_gap,smallest_dual_gap,iterations
3,1000000,3627.162086759,3625.997892865,0.3313192378279524,5.869815704420168e-7,5.890907280581541e-7,510
