seed,dimension,time,fw_time,primal,dual_gap,smallest_dual_gap,iterations
2,1000000,3632.191843361,3630.994383131,0.3308509352983618,6.056151781216445e-7,5.975790011425713e-7,466
