seed,dimension,time,fw_time,primal,dual_gap,iterations
4,640000,3614.71497186,3613.987595905,0.3309701798871972,5.06750678929118e-7,803
