seed,dimension,time,fw_time,primal,dual_gap,smallest_dual_gap,iterations
1,490000,3611.075471066,3610.5349304,0.3304231502409475,5.162540728208265e-7,5.15270297692192e-7,1040
