seed,dimension,time,fw_time,primal,dual_gap,smallest_dual_gap,iterations
2,1000000,3622.194555025,3621.500306026,0.3308509345229533,6.016540315503024e-7,5.977079868639806e-7,510
