seed,dimension,time,fw_time,primal,dual_gap,iterations
4,490000,3611.493653874,3610.682643568,0.3303095371884337,3.908678531962771e-7,1150
