seed,dimension,time,fw_time,primal,dual_gap,smallest_dual_gap,iterations
3,490000,3609.358682618,3608.850361515,0.3308165158290196,4.194838141005283e-7,4.166283029149488e-7,1153
