seed,dimension,time,fw_time,primal,dual_gap,smallest_dual_gap,iterations
1,90000,2848.963409534,2848.912499528,0.3276032493331982,9.902233240582231e-8,9.902233240582231e-8,7988
