seed,dimension,time,fw_time,primal,dual_gap,smallest_dual_gap,iterations
3,160000,3601.962186528,3601.719771458,0.32952965780143195,2.491841180566473e-7,2.46575708823249e-7,4714
