seed,dimension,time,fw_time,primal,dual_gap,iterations
1,640000,3617.074342101,3616.115575613,0.3310297171184598,5.06520997580525e-7,777
