seed,dimension,time,fw_time,primal,dual_gap,smallest_dual_gap,iterations
1,490000,3613.728045236,3613.189715531,0.33042315028706076,5.170659898180024e-7,5.18604446814782e-7,1034
