seed,dimension,time,fw_time,primal,dual_gap,smallest_dual_gap,iterations
1,22500,306.55486889,306.522535592,0.32244331977536705,9.938212044459382e-8,9.938212045153272e-8,9461
