seed,dimension,time,fw_time,primal,dual_gap,iterations
5,10000,116.296217744,116.284175392,0.31698352307830463,1.0111409918731051e-7,12338
