seed,dimension,time,fw_time,primal,dual_gap,smallest_dual_gap,iterations
4,90000,2686.911499267,2686.759033227,0.3273190179476269,9.957663521086707e-8,9.957663521086707e-8,8640
