seed,dimension,time,fw_time,primal,dual_gap,smallest_dual_gap,iterations
5,62500,1035.898034199,1035.877829552,0.32706162851046605,9.883061952414146e-8,9.883061952414146e-8,6547
