seed,dimension,time,fw_time,primal,dual_gap,smallest_dual_gap,iterations
2,2500,6.100202966,6.09715865,0.2995418587258798,1.0975257480616563e-7,9.458259399297564e-8,3929
