seed,dimension,time,fw_time,primal,dual_gap,smallest_dual_gap,iterations
3,62500,1253.913482578,1253.896289151,0.3278074341834995,9.902263557737268e-8,9.902263557737268e-8,6797
