seed,dimension,time,fw_time,primal,dual_gap,smallest_dual_gap,iterations
4,160000,3601.957740916,3601.90523326,0.32853834866531967,2.658674178694642e-7,2.7877387192860176e-7,4469
