seed,dimension,time,fw_time,primal,dual_gap,iterations
3,90000,3601.00886826,3600.853029014,0.3278237714953727,1.6162884598942828e-7,11659
