seed,dimension,time,fw_time,primal,dual_gap,smallest_dual_gap,iterations
1,490000,3612.992225029,3612.448882705,0.33042315021917196,5.172123157936442e-7,5.164387946567442e-7,1043
