seed,dimension,time,fw_time,primal,dual_gap,smallest_dual_gap,iterations
3,250000,3604.834417434,3604.483063693,0.33016113765606614,3.741242415363638e-7,3.730460366854413e-7,2422
