seed,dimension,time,fw_time,primal,dual_gap,smallest_dual_gap,iterations
1,40000,979.565998017,979.476224188,0.3258873502914569,9.842564019021949e-8,9.842564019021949e-8,11668
