seed,dimension,time,fw_time,primal,dual_gap,smallest_dual_gap,iterations
1,640000,3617.947377317,3617.280464322,0.33102971711173845,5.1007372460889e-7,5.065209975796577e-7,778
