seed,dimension,time,fw_time,primal,dual_gap,smallest_dual_gap,iterations
5,810000,3624.457847865,3623.499087913,0.3309421325291328,6.538673544519147e-7,6.485494638214587e-7,554
