seed,dimension,time,fw_time,primal,dual_gap,smallest_dual_gap,iterations
4,490000,3610.1151649,3609.599577499,0.33030953713684985,4.134642500779398e-7,4.145967116833335e-7,1162
