seed,dimension,time,fw_time,primal,dual_gap,smallest_dual_gap,iterations
2,360000,3609.172174547,3608.726048921,0.33044848818028605,3.7431935613358586e-7,3.674386845368624e-7,1517
