seed,dimension,time,fw_time,primal,dual_gap,smallest_dual_gap,iterations
5,160000,3602.513034035,3602.255214268,0.3291380283427348,2.5702298713306537e-7,2.5666748887983454e-7,4387
