seed,dimension,time,fw_time,primal,dual_gap,iterations
4,160000,3602.472161628,3601.992127626,0.3285383475907786,2.8687942716688897e-7,4927
