seed,dimension,time,fw_time,primal,dual_gap,smallest_dual_gap,iterations
1,40000,773.296239858,773.256392856,0.32588734974591504,9.949339783120459e-8,9.949339783120459e-8,8175
