seed,dimension,time,fw_time,primal,dual_gap,iterations
5,640000,3614.76754942,3614.084039178,0.33077950964194636,4.868346620543786e-7,842
