seed,dimension,time,fw_time,primal,dual_gap,smallest_dual_gap,iterations
4,640000,3617.011970097,3616.212415316,0.3309701801688098,5.78216906623949e-7,5.775795685063374e-7,788
