seed,dimension,time,fw_time,primal,dual_gap,smallest_dual_gap,iterations
3,40000,932.2086235,932.145765515,0.32555354014762766,9.885210213757267e-8,9.885210213757267e-8,11313
