seed,dimension,time,fw_time,primal,dual_gap,smallest_dual_gap,iterations
1,360000,3609.568113096,3609.075492782,0.3297990226511771,3.689031930435155e-7,3.6452006405961884e-7,1546
