seed,dimension,time,fw_time,primal,dual_gap,smallest_dual_gap,iterations
5,160000,3602.507591881,3602.240130253,0.329138027853481,2.5491203933629414e-7,2.5487695224073875e-7,4819
