seed,dimension,time,fw_time,primal,dual_gap,smallest_dual_gap,iterations
4,250000,3604.543174127,3604.138836884,0.32961126729874857,3.4063973209817397e-7,3.415989148431234e-7,2629
