seed,dimension,time,fw_time,primal,dual_gap,smallest_dual_gap,iterations
4,22500,284.807337511,284.787524498,0.3210216011612229,9.922380963742206e-8,9.922380963742206e-8,9087
