seed,dimension,time,fw_time,primal,dual_gap,smallest_dual_gap,iterations
1,40000,996.118422307,996.080513579,0.3258873504056966,9.912674974778268e-8,9.912674974778268e-8,11512
