seed,dimension,time,fw_time,primal,dual_gap,smallest_dual_gap,iterations
3,810000,3624.603298148,3623.773544718,0.33138757036307964,5.497130376747733e-7,5.855671473173861e-7,622
