seed,dimension,time,fw_time,primal,dual_gap,smallest_dual_gap,iterations
1,90000,3105.196170081,3105.142357816,0.3276032506797454,9.969148843935738e-8,9.969148843935738e-8,9403
