seed,dimension,time,fw_time,primal,dual_gap,iterations
4,10000,111.186317719,111.174126175,0.3156908606049721,1.001606762876528e-7,11627
