seed,dimension,time,fw_time,primal,dual_gap,smallest_dual_gap,iterations
1,810000,3621.470245943,3620.50594896,0.33121948229227416,5.483140282287226e-7,5.479794667876715e-7,638
