seed,dimension,time,fw_time,primal,dual_gap,smallest_dual_gap,iterations
1,160000,3603.579375167,3603.507366562,0.32868325363024653,3.211293690703193e-7,3.173660289533531e-7,4588
