seed,dimension,time,fw_time,primal,dual_gap,smallest_dual_gap,iterations
4,10000,93.952954596,93.942058102,0.31569086083329334,1.0893543937393058e-7,9.886341549927846e-8,9560
