seed,dimension,time,fw_time,primal,dual_gap,smallest_dual_gap,iterations
1,1000000,3622.894722502,3621.773588843,0.33125751002193154,5.818547469959873e-7,5.781099152403144e-7,527
