seed,dimension,time,fw_time,primal,dual_gap,iterations
3,810000,3622.426428861,3621.53920257,0.3313875703349202,5.666396725198357e-7,625
