seed,dimension,time,fw_time,primal,dual_gap,smallest_dual_gap,iterations
4,160000,3602.331490066,3602.08301758,0.32853834762414796,3.0271385279261737e-7,3.0538790667371946e-7,4906
