seed,dimension,time,fw_time,primal,dual_gap,smallest_dual_gap,iterations
2,250000,3604.378855281,3603.966346044,0.32949053247321924,3.5272378970515814e-7,3.53889909511778e-7,2460
