seed,dimension,time,fw_time,primal,dual_gap,smallest_dual_gap,iterations
5,1000000,3632.600271974,3631.510450703,0.3311030680225733,5.648272955233093e-7,5.581188785898101e-7,482
