seed,dimension,time,fw_time,primal,dual_gap,smallest_dual_gap,iterations
5,90000,2674.367903138,2674.22073273,0.32792627956941944,9.970082726941387e-8,9.970082726941387e-8,9454
