seed,dimension,time,fw_time,primal,dual_gap,smallest_dual_gap,iterations
5,810000,3621.395875402,3620.521039198,0.3309421314175023,5.530161205809236e-7,5.529537160362842e-7,599
