seed,dimension,time,fw_time,primal,dual_gap,smallest_dual_gap,iterations
5,40000,1096.426812225,1096.393392036,0.32527021102615933,9.904753560906199e-8,9.904753560906199e-8,11755
