seed,dimension,time,fw_time,primal,dual_gap,smallest_dual_gap,iterations
2,490000,3612.525570896,3612.006376681,0.3306004222507845,4.859977404507443e-7,4.844645145048003e-7,1025
