seed,dimension,time,fw_time,primal,dual_gap,smallest_dual_gap,iterations
1,90000,2812.963208922,2812.939413253,0.3276032493331982,9.902233240582231e-8,9.902233240582231e-8,7988
