seed,dimension,time,fw_time,primal,dual_gap,smallest_dual_gap,iterations
3,160000,3602.410681719,3602.16730536,0.32952965778616816,2.5907635594398654e-7,2.593540426960514e-7,4729
