seed,dimension,time,fw_time,primal,dual_gap,smallest_dual_gap,iterations
3,640000,3616.057645817,3615.430717814,0.3311939773156819,5.369004953672749e-7,5.373140728442277e-7,773
