seed,dimension,time,fw_time,primal,dual_gap,smallest_dual_gap,iterations
5,640000,3617.915005151,3617.198791336,0.33077951007113404,4.4111193466152276e-7,4.640123671944413e-7,795
