seed,dimension,time,fw_time,primal,dual_gap,smallest_dual_gap,iterations
3,160000,3602.370801386,3602.131631592,0.32952965777485904,2.6399042222721714e-7,2.6393924565382143e-7,4740
