seed,dimension,time,fw_time,primal,dual_gap,smallest_dual_gap,iterations
3,490000,3612.364625077,3611.849974295,0.33081651585777583,4.003684659511196e-7,3.984119094704863e-7,1146
