seed,dimension,time,fw_time,primal,dual_gap,smallest_dual_gap,iterations
2,10000,123.430408874,123.427097681,0.32098593159959093,9.694950843519567e-8,9.694950843519567e-8,13023
