seed,dimension,time,fw_time,primal,dual_gap,smallest_dual_gap,iterations
5,2500,6.366618647,6.363747602,0.3080737013510055,9.997906776776366e-8,9.997906776776366e-8,4054
