seed,dimension,time,fw_time,primal,dual_gap,smallest_dual_gap,iterations
5,640000,3615.270393379,3614.646849271,0.33077950969964237,4.819564346403467e-7,4.808870476104635e-7,835
