seed,dimension,time,fw_time,primal,dual_gap,smallest_dual_gap,iterations
1,360000,3609.458167149,3608.999108145,0.3297990225865623,3.960566790860674e-7,3.9277752602500174e-7,1561
