seed,dimension,time,fw_time,primal,dual_gap,smallest_dual_gap,iterations
5,490000,3615.80466623,3615.30446127,0.3306154409121378,4.800421688527963e-7,4.742146409685011e-7,938
