seed,dimension,time,fw_time,primal,dual_gap,smallest_dual_gap,iterations
2,10000,109.276805476,109.265277389,0.3209859316554486,9.966803971722671e-8,9.966803972069616e-8,11510
