seed,dimension,time,fw_time,primal,dual_gap,smallest_dual_gap,iterations
2,40000,902.295743528,902.238536366,0.3240959877764747,9.873674263957688e-8,9.873674263957688e-8,10944
