seed,dimension,time,fw_time,primal,dual_gap,iterations
2,40000,1504.478392887,1504.420063406,0.32409598617100904,9.883197084337159e-8,18032
