seed,dimension,time,fw_time,primal,dual_gap,smallest_dual_gap,iterations
4,810000,3621.080868942,3620.181676959,0.3313745813472538,4.978082564868237e-7,4.89524667169304e-7,625
