seed,dimension,time,fw_time,primal,dual_gap,smallest_dual_gap,iterations
2,360000,3607.584055725,3607.436249299,0.33044848818323047,4.247487933304629e-7,4.257357684718348e-7,1558
