seed,dimension,time,fw_time,primal,dual_gap,smallest_dual_gap,iterations
1,1000000,3630.079397798,3628.88198567,0.331257510055234,5.722249898320025e-7,5.671013520766165e-7,524
