seed,dimension,time,fw_time,primal,dual_gap,smallest_dual_gap,iterations
3,640000,3614.579914992,3613.958505669,0.33119397735241146,5.404710252312345e-7,5.412649844143552e-7,769
