seed,dimension,time,fw_time,primal,dual_gap,smallest_dual_gap,iterations
1,810000,3622.558305546,3622.019117545,0.3312194823776273,5.613549667821474e-7,5.592474609933396e-7,654
