seed,dimension,time,fw_time,primal,dual_gap,iterations
1,490000,3612.992941547,3612.145328499,0.33042315031723163,5.167225224618835e-7,1030
