seed,dimension,time,fw_time,primal,dual_gap,iterations
1,1000000,3625.726002923,3624.596321936,0.331257510044146,5.747712720303305e-7,526
