seed,dimension,time,fw_time,primal,dual_gap,smallest_dual_gap,iterations
5,490000,3613.334218596,3612.81347725,0.3306154409206223,5.648413579383872e-7,5.633015397244791e-7,957
