seed,dimension,time,fw_time,primal,dual_gap,smallest_dual_gap,iterations
4,360000,3608.310451441,3608.164660264,0.33037964645570883,4.2326434872112795e-7,4.1989768003640807e-7,1653
