seed,dimension,time,fw_time,primal,dual_gap,smallest_dual_gap,iterations
1,90000,3053.664868401,3053.513289492,0.32760325051834044,9.920279976476098e-8,9.920279976476098e-8,9630
