seed,dimension,time,fw_time,primal,dual_gap,smallest_dual_gap,iterations
5,10000,104.16447985,104.152819306,0.3169835232798517,9.43131030946287e-8,9.43131030946287e-8,10629
