seed,dimension,time,fw_time,primal,dual_gap,smallest_dual_gap,iterations
2,810000,3623.7453254,3622.873306253,0.33086156311412684,5.552257006324023e-7,5.525395880413668e-7,591
