seed,dimension,time,fw_time,primal,dual_gap,smallest_dual_gap,iterations
5,160000,3602.091490202,3601.822944815,0.3291380278739811,2.549357075581904e-7,2.5266854240119097e-7,4800
