seed,dimension,time,fw_time,primal,dual_gap,smallest_dual_gap,iterations
1,10000,120.204653749,120.162350845,0.31826945973306153,9.820242962560455e-8,9.820242962560455e-8,11507
