seed,dimension,time,fw_time,primal,dual_gap,smallest_dual_gap,iterations
3,10000,75.871689607,75.867035731,0.31836327646074136,9.566766473456667e-8,9.566766473456667e-8,7652
