seed,dimension,time,fw_time,primal,dual_gap,smallest_dual_gap,iterations
2,90000,2248.627829407,2248.599542067,0.32649481128071384,9.838629452200293e-8,9.960787887130368e-8,7789
