seed,dimension,time,fw_time,primal,dual_gap,iterations
5,160000,3602.667776455,3602.172366526,0.329138027853481,2.5491203933629414e-7,4819
