seed,dimension,time,fw_time,primal,dual_gap,smallest_dual_gap,iterations
2,160000,3603.018701645,3602.963101153,0.32864421607915406,2.4709290956641955e-7,2.4168499700421425e-7,4319
