seed,dimension,time,fw_time,primal,dual_gap,smallest_dual_gap,iterations
5,490000,3609.979065474,3609.476665055,0.3306154402675023,5.122911545859393e-7,5.088212804041196e-7,1010
