seed,dimension,time,fw_time,primal,dual_gap,smallest_dual_gap,iterations
1,810000,3622.862711702,3621.969082217,0.33121948237371723,5.457502751031289e-7,5.421367627665534e-7,631
