seed,dimension,time,fw_time,primal,dual_gap,smallest_dual_gap,iterations
1,10000,124.526965786,124.501902666,0.31826945972936194,9.894731055684614e-8,9.894731055684614e-8,12535
