seed,dimension,time,fw_time,primal,dual_gap,smallest_dual_gap,iterations
5,360000,3606.661072493,3606.183857222,0.33014026643706,3.7605158593112184e-7,3.7458323147356726e-7,1653
