seed,dimension,time,fw_time,primal,dual_gap,iterations
5,250000,3605.430242578,3605.040998228,0.32979967168569957,3.7961557055503706e-7,2386
