seed,dimension,time,fw_time,primal,dual_gap,smallest_dual_gap,iterations
4,160000,3602.553216047,3602.304573292,0.32853834761990247,2.98964973354833e-7,3.0098117750898545e-7,4909
