seed,dimension,time,fw_time,primal,dual_gap,smallest_dual_gap,iterations
2,40000,903.107753247,903.050071509,0.3240959877764747,9.873674263957688e-8,9.873674263957688e-8,10944
