seed,dimension,time,fw_time,primal,dual_gap,smallest_dual_gap,iterations
4,62500,1226.169222632,1226.148267138,0.3268898705810703,9.971010304227201e-8,9.971010304140465e-8,7525
