seed,dimension,time,fw_time,primal,dual_gap,iterations
2,640000,3612.829941199,3612.14341336,0.3306902620950026,5.217895273001635e-7,819
