seed,dimension,time,fw_time,primal,dual_gap,smallest_dual_gap,iterations
5,250000,3604.293536056,3603.696183199,0.3297996716017886,3.345777402907757e-7,3.601320888004314e-7,2404
