seed,dimension,time,fw_time,primal,dual_gap,smallest_dual_gap,iterations
1,360000,3608.594357876,3608.129256331,0.3297990226071122,3.818707695166408e-7,3.76902840594235e-7,1555
