seed,dimension,time,fw_time,primal,dual_gap,smallest_dual_gap,iterations
2,640000,3613.093972699,3612.73881377,0.3306902622520301,5.482178540541956e-7,5.4660276442315e-7,832
