seed,dimension,time,fw_time,primal,dual_gap,smallest_dual_gap,iterations
1,810000,3620.308636916,3619.22127501,0.3312194834021627,5.927446530681543e-7,5.870579967955439e-7,582
