seed,dimension,time,fw_time,primal,dual_gap,smallest_dual_gap,iterations
1,490000,3611.667154147,3611.387598142,0.33042315010666035,4.291673823550793e-7,4.460429462401806e-7,1061
