seed,dimension,time,fw_time,primal,dual_gap,smallest_dual_gap,iterations
4,40000,1071.21796619,1071.152925111,0.3247409559168444,9.823642089720752e-8,9.823642089720752e-8,12827
