seed,dimension,time,fw_time,primal,dual_gap,iterations
5,810000,3624.778887536,3623.90455653,0.33094213143968854,5.526859861424739e-7,597
