seed,dimension,time,fw_time,primal,dual_gap,smallest_dual_gap,iterations
5,10000,113.897612055,113.890603576,0.316983523282787,9.611154684618928e-8,9.611154684618928e-8,11732
