seed,dimension,time,fw_time,primal,dual_gap,smallest_dual_gap,iterations
5,250000,3603.92994915,3603.84365788,0.32979967165974555,3.833118607122349e-7,3.813243506863191e-7,2432
