seed,dimension,time,fw_time,primal,dual_gap,smallest_dual_gap,iterations
4,1000000,3630.386250418,3629.12801183,0.33173961401521784,6.497098597750463e-7,6.469150324675283e-7,463
