seed,dimension,time,fw_time,primal,dual_gap,smallest_dual_gap,iterations
5,250000,3604.707715388,3604.325359498,0.3297996724701851,4.2073443176464387e-7,4.203059588837703e-7,2190
