seed,dimension,time,fw_time,primal,dual_gap,smallest_dual_gap,iterations
4,1000000,3624.184895503,3623.050306381,0.33173961302480437,5.689482477123919e-7,5.651989122231783e-7,498
