seed,dimension,time,fw_time,primal,dual_gap,smallest_dual_gap,iterations
1,160000,3604.037836215,3603.743077504,0.32868325294393547,2.892658772912088e-7,2.8865951162693193e-7,4909
