seed,dimension,time,fw_time,primal,dual_gap,smallest_dual_gap,iterations
5,90000,2664.238087794,2664.093907331,0.32792627956941944,9.970082726941387e-8,9.970082726941387e-8,9454
