seed,dimension,time,fw_time,primal,dual_gap,iterations
4,250000,3604.054523467,3603.507480434,0.32961126726272083,3.162565722237415e-7,2594
