seed,dimension,time,fw_time,primal,dual_gap,smallest_dual_gap,iterations
4,160000,3602.164874711,3601.91742202,0.32853834756030276,2.730774104776207e-7,2.7234176318367137e-7,4942
