seed,dimension,time,fw_time,primal,dual_gap,smallest_dual_gap,iterations
5,40000,902.840026162,902.78143293,0.3252702111793008,9.956477274239428e-8,9.9564772744129e-8,11158
