seed,dimension,time,fw_time,primal,dual_gap,iterations
4,90000,3601.029496658,3600.877741856,0.32731901678661474,1.4253805179827855e-7,11741
