seed,dimension,time,fw_time,primal,dual_gap,smallest_dual_gap,iterations
4,10000,62.265792741,62.261170151,0.3156908606942171,9.653643031834469e-8,9.653643031834469e-8,6844
