seed,dimension,time,fw_time,primal,dual_gap,smallest_dual_gap,iterations
3,810000,3618.382237584,3617.565100874,0.3313875711124251,6.018660058653563e-7,6.021832397243299e-7,576
