seed,dimension,time,fw_time,primal,dual_gap,smallest_dual_gap,iterations
5,250000,3605.318630474,3604.951941558,0.3297996722648012,4.3067319995373013e-7,4.2903949923952384e-7,2243
