seed,dimension,time,fw_time,primal,dual_gap,smallest_dual_gap,iterations
2,810000,3619.378788642,3618.505739252,0.3308615631731118,5.476271158016098e-7,5.450139783334806e-7,586
