seed,dimension,time,fw_time,primal,dual_gap,smallest_dual_gap,iterations
4,640000,3612.540360688,3612.178236218,0.3309701800576908,5.695305341315605e-7,5.707967634677874e-7,814
