seed,dimension,time,fw_time,primal,dual_gap,smallest_dual_gap,iterations
4,810000,3619.584788832,3619.08279979,0.3313745815002341,5.165616599783936e-7,5.10466697937681e-7,635
