seed,dimension,time,fw_time,primal,dual_gap,iterations
2,250000,3603.865531008,3603.50019593,0.3294905324128041,3.4853063815391827e-7,2482
