seed,dimension,time,fw_time,primal,dual_gap,smallest_dual_gap,iterations
1,10000,3600.027645051,3600.024513665,0.3182703784573768,2.4479147663760553e-5,2.728738037662687e-5,442469
