seed,dimension,time,fw_time,primal,dual_gap,smallest_dual_gap,iterations
4,90000,3601.544375516,3601.493590581,0.32731959202743793,1.8505445501634105e-5,1.7194068692841236e-5,29377
