seed,dimension,time,fw_time,primal,dual_gap,smallest_dual_gap,iterations
1,22500,3600.060679863,3600.053338867,0.32244420772805504,2.570668696699578e-5,2.5815063373884478e-5,181563
