seed,dimension,time,fw_time,primal,dual_gap,smallest_dual_gap,iterations
4,40000,3600.137864364,3600.123635961,0.3247417472854884,2.2384408112431295e-5,2.3448682280569413e-5,76945
