seed,dimension,time,fw_time,primal,dual_gap,smallest_dual_gap,iterations
4,62500,3600.237333266,3600.2138826,0.32689048280660765,1.953511153593955e-5,2.0913679498078472e-5,49607
