seed,dimension,time,fw_time,primal,dual_gap,smallest_dual_gap,iterations
4,22500,3600.075917027,3600.048880054,0.32102247608865797,2.5475791457682875e-5,2.3064012061004696e-5,189617
