seed,dimension,time,fw_time,primal,dual_gap,smallest_dual_gap,iterations
3,10000,3600.02664652,3600.023609128,0.3183640484645243,2.2510083680350734e-5,2.543163180191224e-5,429977
