seed,dimension,time,fw_time,primal,dual_gap,smallest_dual_gap,iterations
5,22500,3600.093286349,3600.052890344,0.3222081273977994,1.7499399073292454e-5,2.1637472039060315e-5,162156
