seed,dimension,time,fw_time,primal,dual_gap,smallest_dual_gap,iterations
3,90000,3601.608929013,3601.551937443,0.32782430958461006,1.6486603934727333e-5,1.7830651948673795e-5,26722
