seed,dimension,time,fw_time,primal,dual_gap,smallest_dual_gap,iterations
3,10000,3601.180556606,3601.15897672,0.3183640484645244,2.2510083680350734e-5,2.543163180191224e-5,421337
