seed,dimension,time,fw_time,primal,dual_gap,smallest_dual_gap,iterations
5,90000,3601.533692676,3601.48214803,0.3279267643966436,1.6234098524290676e-5,1.4727331315903501e-5,30493
