seed,dimension,time,fw_time,primal,dual_gap,smallest_dual_gap,iterations
2,10000,3600.022786677,3600.01966143,0.32098695806512173,3.111915052516137e-5,3.380707468969915e-5,398525
