seed,dimension,time,fw_time,primal,dual_gap,smallest_dual_gap,iterations
3,22500,3600.075605908,3600.046249823,0.32286126620231603,2.454333630129077e-5,2.1039031273161618e-5,172560
