seed,dimension,time,fw_time,primal,dual_gap,smallest_dual_gap,iterations
3,40000,3601.355684115,3601.301105223,0.32555420197249946,2.162297417419856e-5,2.019263560664418e-5,64231
