seed,dimension,time,fw_time,primal,dual_gap,smallest_dual_gap,iterations
1,62500,3600.252644633,3600.234096892,0.3272870140123031,1.8011171123738512e-5,1.980395744413145e-5,47841
