seed,dimension,time,fw_time,primal,dual_gap,smallest_dual_gap,iterations
5,40000,3601.1795056,3601.118308523,0.3252709235459618,1.9014336261754042e-5,2.1055749972645477e-5,85138
