seed,dimension,time,fw_time,primal,dual_gap,smallest_dual_gap,iterations
2,22500,3600.075464365,3600.051870413,0.32298292817496405,2.669806417622371e-5,2.7780933955869058e-5,171694
