seed,dimension,time,fw_time,primal,dual_gap,smallest_dual_gap,iterations
2,2500,3600.00676634,3600.004845665,0.2995428269171058,4.059324569610778e-5,4.3666856964753864e-5,2245403
