seed,dimension,time,fw_time,primal,dual_gap,smallest_dual_gap,iterations
2,10000,3601.184319031,3601.155200636,0.32098695996571563,3.380707468969915e-5,3.111915052516137e-5,426126
