seed,dimension,time,fw_time,primal,dual_gap,smallest_dual_gap,iterations
1,2500,3600.006349263,3600.004540674,0.31080318438487814,2.9236312420265198e-5,3.5301406873598784e-5,2507670
