seed,dimension,time,fw_time,primal,dual_gap,smallest_dual_gap,iterations
3,62500,3600.198874493,3600.174080669,0.32780812598182885,1.964324728485206e-5,2.1430875819594165e-5,47250
