seed,dimension,time,fw_time,primal,dual_gap,smallest_dual_gap,iterations
4,10000,3600.026006511,3600.022775132,0.31569162844494014,2.8660688766314613e-5,2.73715682762056e-5,468995
