seed,dimension,time,fw_time,primal,dual_gap,smallest_dual_gap,iterations
2,90000,3601.406429673,3601.30137065,0.32649535099175503,1.5927799161266458e-5,1.7447189996744328e-5,33172
