seed,dimension,time,fw_time,primal,dual_gap,smallest_dual_gap,iterations
5,62500,3600.239698735,3600.218943039,0.3270622529761227,1.9438083778727105e-5,2.0600016232320134e-5,45840
