seed,dimension,time,fw_time,primal,dual_gap,smallest_dual_gap,iterations
2,40000,3601.272772458,3601.241201105,0.32409670136637236,2.132754066136444e-5,2.2408183992374958e-5,69759
