seed,dimension,time,fw_time,primal,dual_gap,smallest_dual_gap,iterations
3,90000,3600.360881635,3600.333127773,0.3278243092635081,1.7830651948671193e-5,1.6486603934729935e-5,30443
