seed,dimension,time,fw_time,primal,dual_gap,smallest_dual_gap,iterations
2,40000,3600.156360444,3600.145365359,0.3240967007746544,2.2408183992374958e-5,2.132754066136444e-5,72898
