seed,dimension,time,fw_time,primal,dual_gap,smallest_dual_gap,iterations
4,2500,3600.007270071,3600.005316044,0.2949825195450504,3.694882899455548e-5,4.051484207786421e-5,2039895
