seed,dimension,time,fw_time,primal,dual_gap,smallest_dual_gap,iterations
5,40000,3600.137287214,3600.117041985,0.32527092717791295,2.1055749972645477e-5,1.9014336261754042e-5,86909
