seed,dimension,time,fw_time,primal,dual_gap,smallest_dual_gap,iterations
1,90000,3601.464277356,3601.410859,0.3276038373762956,1.6009956280582487e-5,1.7000203219018524e-5,31786
