seed,dimension,time,fw_time,primal,dual_gap,smallest_dual_gap,iterations
2,62500,3600.200998527,3600.173886222,0.3246665503406378,2.0913448127568048e-5,1.9502269574249442e-5,47267
