seed,dimension,time,fw_time,primal,dual_gap,smallest_dual_gap,iterations
1,10000,3601.202287666,3601.176102589,0.31827038074778874,2.728738037662687e-5,2.4479147663760553e-5,447670
