seed,dimension,time,fw_time,primal,dual_gap,smallest_dual_gap,iterations
5,90000,3600.360151425,3600.336507022,0.32792676039555635,1.4727331315903501e-5,1.6234098524290676e-5,32054
