seed,dimension,time,fw_time,primal,dual_gap,smallest_dual_gap,iterations
5,810000,3618.074223173,3617.562194435,0.3309421330070794,6.549991462987889e-7,6.494140329829472e-7,655
