seed,dimension,time,fw_time,primal,dual_gap,smallest_dual_gap,iterations
5,22500,660.578829744,660.553829048,0.32220749817559285,9.992877204358097e-8,9.992877204184625e-8,18758
