seed,dimension,time,fw_time,primal,dual_gap,smallest_dual_gap,iterations
4,640000,3618.344545612,3617.94092915,0.33097018311632465,6.279651864884647e-7,6.761645202782787e-7,875
