seed,dimension,time,fw_time,primal,dual_gap,smallest_dual_gap,iterations
2,1000000,3634.328379588,3633.550802476,0.33085093600519383,6.035886610444505e-7,5.911561453283108e-7,591
