seed,dimension,time,fw_time,primal,dual_gap,smallest_dual_gap,iterations
5,10000,82.781416222,82.777163295,0.31698352324938067,9.682599906926659e-8,9.682599906926659e-8,8968
