seed,dimension,time,fw_time,primal,dual_gap,smallest_dual_gap,iterations
5,62500,3294.721135864,3294.694500403,0.3270616295238425,1.0661964109596328e-7,9.900092593287391e-8,16202
