seed,dimension,time,fw_time,primal,dual_gap,smallest_dual_gap,iterations
3,10000,87.962713565,87.958558898,0.31836327652793817,9.544010634923716e-8,9.544010633882882e-8,8761
