seed,dimension,time,fw_time,primal,dual_gap,smallest_dual_gap,iterations
2,160000,3602.29790187,3602.247787848,0.32864421827693896,3.184954121332115e-7,3.201607954557775e-7,4875
