seed,dimension,time,fw_time,primal,dual_gap,smallest_dual_gap,iterations
5,160000,3601.871686889,3601.828031285,0.3291380316270324,3.318432777133992e-7,3.292803641185074e-7,4771
