seed,dimension,time,fw_time,primal,dual_gap,smallest_dual_gap,iterations
1,640000,3617.579150198,3617.142699356,0.33102971981181534,6.178156411371614e-7,6.112826328062357e-7,846
