seed,dimension,time,fw_time,primal,dual_gap,smallest_dual_gap,iterations
1,22500,441.86089893,441.853069373,0.32244332022436895,9.667459400022893e-8,9.667459399675948e-8,13148
