seed,dimension,time,fw_time,primal,dual_gap,smallest_dual_gap,iterations
1,250000,3604.826579815,3604.708317288,0.32930689947069314,4.165342811939844e-7,4.173256992427016e-7,2733
