seed,dimension,time,fw_time,primal,dual_gap,smallest_dual_gap,iterations
4,160000,3602.520939167,3602.4719581,0.3285383527744346,3.623364898258652e-7,3.6066069063027395e-7,4981
