seed,dimension,time,fw_time,primal,dual_gap,smallest_dual_gap,iterations
1,160000,3603.694907016,3603.625691321,0.32868325624032313,3.4825015377427243e-7,3.485821234647246e-7,4845
