seed,dimension,time,fw_time,primal,dual_gap,smallest_dual_gap,iterations
1,40000,2004.612045312,2004.593629704,0.32588735059388557,1.0576711593004995e-7,9.870151562729745e-8,20811
