seed,dimension,time,fw_time,primal,dual_gap,smallest_dual_gap,iterations
1,90000,3601.112202121,3601.085876528,0.32760325632337933,3.0674290216886613e-7,3.075643263154501e-7,9932
