seed,dimension,time,fw_time,primal,dual_gap,smallest_dual_gap,iterations
1,360000,3610.069131872,3609.880574602,0.32979902386237114,4.588283021599894e-7,4.546081186192555e-7,1684
