seed,dimension,time,fw_time,primal,dual_gap,smallest_dual_gap,iterations
2,90000,3601.008218523,3600.981694221,0.3264948161873173,2.6359268403327446e-7,2.625158599996874e-7,10670
