seed,dimension,time,fw_time,primal,dual_gap,smallest_dual_gap,iterations
5,90000,3600.758498778,3600.732996219,0.32792628242871574,2.46960417622788e-7,2.4734676454165466e-7,11353
