seed,dimension,time,fw_time,primal,dual_gap,smallest_dual_gap,iterations
4,490000,3611.712156659,3611.458824741,0.3303095394869812,5.200476141361057e-7,5.191876622638071e-7,1274
