seed,dimension,time,fw_time,primal,dual_gap,smallest_dual_gap,iterations
2,640000,3612.801069349,3612.407731618,0.3306902662716217,6.626521169565865e-7,6.568728704442472e-7,894
