seed,dimension,time,fw_time,primal,dual_gap,smallest_dual_gap,iterations
4,40000,1392.589392189,1392.564320172,0.32474095622320265,1.0540198694571068e-7,9.956365672539325e-8,15194
