seed,dimension,time,fw_time,primal,dual_gap,smallest_dual_gap,iterations
1,2500,6.871215494,6.869089417,0.31080243465309226,1.1499858715291467e-7,9.035649446015315e-8,4419
