seed,dimension,time,fw_time,primal,dual_gap,smallest_dual_gap,iterations
3,810000,3617.224668176,3616.662172675,0.33138757212468484,6.8728231302417e-7,6.849561281010996e-7,695
