seed,dimension,time,fw_time,primal,dual_gap,smallest_dual_gap,iterations
4,1000000,3630.898102262,3630.183929618,0.33173961692269244,7.862382640747186e-7,7.796467337789579e-7,565
