seed,dimension,time,fw_time,primal,dual_gap,smallest_dual_gap,iterations
4,10000,76.654310122,76.649747143,0.31569086070530866,1.2143182716306544e-7,9.489456406427954e-8,7966
