seed,dimension,time,fw_time,primal,dual_gap,smallest_dual_gap,iterations
5,2500,6.881513849,6.879420809,0.3080737013640593,9.044771614313829e-8,9.044771614313829e-8,4492
