seed,dimension,time,fw_time,primal,dual_gap,smallest_dual_gap,iterations
5,490000,3609.68781898,3609.458541504,0.3306154415425822,5.849575270629355e-7,5.890365389203851e-7,1126
