seed,dimension,time,fw_time,primal,dual_gap,smallest_dual_gap,iterations
3,90000,3600.904151064,3600.871581437,0.3278237769217392,2.714879671602069e-7,2.718653374818303e-7,10487
