seed,dimension,time,fw_time,primal,dual_gap,smallest_dual_gap,iterations
3,1000000,3622.21238687,3621.450596235,0.3313192410749378,6.644729781549522e-7,6.523541716348027e-7,580
