seed,dimension,time,fw_time,primal,dual_gap,smallest_dual_gap,iterations
2,10000,145.397245829,145.394204214,0.32098593140958903,9.372979697941375e-8,9.372979697941375e-8,13316
