seed,dimension,time,fw_time,primal,dual_gap,smallest_dual_gap,iterations
3,160000,3602.661935078,3602.605266909,0.3295296621172878,3.5174004056528346e-7,3.485434614701119e-7,4802
