seed,dimension,time,fw_time,primal,dual_gap,smallest_dual_gap,iterations
5,360000,3606.109818753,3605.968469572,0.3301402706490313,5.380816554645222e-7,5.375552672238007e-7,1778
