seed,dimension,time,fw_time,primal,dual_gap,smallest_dual_gap,iterations
3,40000,1003.139768579,1003.124271941,0.3255535396765299,1.077838757690408e-7,9.679352167522859e-8,11361
