seed,dimension,time,fw_time,primal,dual_gap,smallest_dual_gap,iterations
4,360000,3606.908503444,3606.76001362,0.3303796482058286,4.5665742916863733e-7,4.53387344610031e-7,1723
