seed,dimension,time,fw_time,primal,dual_gap,smallest_dual_gap,iterations
5,90000,3600.818943981,3600.795098119,0.32792628181709266,2.3074416777898316e-7,2.3078778638857544e-7,12541
