seed,dimension,time,fw_time,primal,dual_gap,smallest_dual_gap,iterations
5,40000,1319.588085845,1319.540655605,0.3252702114614321,1.077664221471597e-7,9.8638932050088e-8,14476
