seed,dimension,time,fw_time,primal,dual_gap,smallest_dual_gap,iterations
4,90000,3601.132072617,3601.106459716,0.32731902047339967,2.336729967786222e-7,2.3352293581496708e-7,10423
