seed,dimension,time,fw_time,primal,dual_gap,smallest_dual_gap,iterations
5,1000000,3625.453150039,3624.717379821,0.3311030702544276,7.300490616620695e-7,7.274046005993975e-7,566
