seed,dimension,time,fw_time,primal,dual_gap,smallest_dual_gap,iterations
2,40000,1487.394890738,1487.378105466,0.32409598803115225,1.0749898613285347e-7,9.933459747292483e-8,16054
