seed,dimension,time,fw_time,primal,dual_gap,smallest_dual_gap,iterations
3,640000,3619.924570195,3619.575387806,0.33119397975628184,5.580666205371072e-7,5.44797424879926e-7,827
