seed,dimension,time,fw_time,primal,dual_gap,smallest_dual_gap,iterations
4,40000,1389.618088895,1389.569990514,0.32474095622320265,1.0540198694571068e-7,9.956365672539325e-8,15194
