seed,dimension,time,fw_time,primal,dual_gap,smallest_dual_gap,iterations
2,810000,3620.980883506,3620.424205004,0.330861566697786,7.62625077581347e-7,7.602131354405434e-7,670
