seed,dimension,time,fw_time,primal,dual_gap,smallest_dual_gap,iterations
1,10000,91.052770985,91.028211383,0.31826945962396697,1.171235095367984e-7,9.70909930474162e-8,9209
