seed,dimension,time,fw_time,primal,dual_gap,smallest_dual_gap,iterations
4,22500,522.63759163,522.601580295,0.32102160163758314,9.984759211968675e-8,9.984759211968675e-8,15588
