seed,dimension,time,fw_time,primal,dual_gap,smallest_dual_gap,iterations
2,2500,10.940239978,10.938091822,0.29954185872672134,9.51982714880728e-8,9.519827150195059e-8,6794
