seed,dimension,time,fw_time,primal,dual_gap,smallest_dual_gap,iterations
4,810000,3626.559877165,3626.004360151,0.33137458331775277,6.896226891262881e-7,6.842644560234139e-7,660
