seed,dimension,time,fw_time,primal,dual_gap,smallest_dual_gap,iterations
2,40000,1414.163787906,1414.135654266,0.32409598803115225,1.0749898613285347e-7,9.933459747292483e-8,16054
