seed,dimension,time,fw_time,primal,dual_gap,smallest_dual_gap,iterations
5,250000,3603.684813548,3603.597857735,0.3297996742004143,4.4823457976848544e-7,4.4959048384586933e-7,2425
