seed,dimension,time,fw_time,primal,dual_gap,smallest_dual_gap,iterations
5,360000,3608.418181587,3607.934070807,0.3301402664616617,3.9530733352563865e-7,3.918358757255998e-7,1651
