seed,dimension,time,fw_time,primal,dual_gap,iterations
2,810000,3625.758490902,3624.891036946,0.33086156312683124,5.525376833284343e-7,590
