seed,dimension,time,fw_time,primal,dual_gap,iterations
2,1000000,3628.700924613,3627.603218622,0.33085093448646574,6.064005134188716e-7,501
