seed,dimension,time,fw_time,primal,dual_gap,iterations
1,10000,139.234105619,139.200349356,0.31826945943688745,9.759962219663132e-8,14125
