seed,dimension,time,fw_time,primal,dual_gap,smallest_dual_gap,iterations,iter_not_converging,fallback_helped,average_iter,std_iter,average_gap,std_gap
1,490000,3611.70771937,3611.165896673,0.33042315009115003,4.454514834378344e-7,4.435172577528339e-7,1039,0,0,2.616939364773821,0.48636699986213583,Inf,Inf
