seed,dimension,time,fw_time,primal,dual_gap,smallest_dual_gap,iterations,iter_not_converging,fallback_helped,average_iter,std_iter,average_gap,std_gap
2,1000000,3627.827728632,3626.754289475,0.3308509359728447,6.937892443391151e-7,6.896904641013734e-7,445,0,0,2.757303370786517,0.42919567568785294,Inf,Inf
