seed,dimension,time,fw_time,primal,dual_gap,smallest_dual_gap,iterations,iter_not_converging,fallback_helped,average_iter,std_iter,average_gap,std_gap
5,640000,3613.488073347,3612.861520631,0.3307795096676318,4.85357401180421e-7,4.842362293280139e-7,839,0,0,2.6483909415971394,0.4777574500844177,Inf,Inf
