seed,dimension,time,fw_time,primal,dual_gap,iterations
3,160000,3602.720968338,3602.479286289,0.3295296577310443,2.766183437499098e-7,4736
