seed,dimension,time,fw_time,primal,dual_gap,smallest_dual_gap,iterations
1,640000,3621.324786891,3620.268728466,0.3310297180730477,6.038470313474674e-7,6.006847394052738e-7,722
