seed,dimension,time,fw_time,primal,dual_gap,smallest_dual_gap,iterations,iter_not_converging,fallback_helped,average_iter,std_iter,average_gap,std_gap
5,250000,3605.523200413,3605.112582407,0.3297996731392879,4.5139458821220196e-7,4.5169620126227564e-7,2017,0,0,2.600892414476946,0.48983638022490333,Inf,Inf
