seed,dimension,time,fw_time,primal,dual_gap,smallest_dual_gap,iterations
2,250000,3604.558786414,3604.155670143,0.3294905323344303,3.335375272006322e-7,3.3084496437732133e-7,2498
