seed,dimension,time,fw_time,primal,dual_gap,smallest_dual_gap,iterations
3,160000,3602.704490874,3602.466381767,0.32952965770644915,2.739943147003071e-7,2.756952551027231e-7,4754
