seed,dimension,time,fw_time,primal,dual_gap,smallest_dual_gap,iterations
5,490000,3610.628225552,3610.123392744,0.3306154401035564,4.610462763249973e-7,4.5694874578790234e-7,1018
