seed,dimension,time,fw_time,primal,dual_gap,smallest_dual_gap,iterations
3,810000,3625.438225342,3624.506666917,0.33138757126887297,5.511684261685218e-7,5.430907759752628e-7,561
