seed,dimension,time,fw_time,primal,dual_gap,smallest_dual_gap,iterations
2,90000,2702.057520914,2701.918658696,0.32649481241128214,9.989749425159261e-8,9.989749425159261e-8,9141
