seed,dimension,time,fw_time,primal,dual_gap,smallest_dual_gap,iterations,iter_not_converging,fallback_helped,average_iter,std_iter,average_gap,std_gap
2,40000,905.929247566,905.864991812,0.32409598778132315,9.827328147429815e-8,9.827328147429815e-8,11078,0,0,2.4621287352171164,0.49858621033779243,Inf,Inf
