seed,dimension,time,fw_time,primal,dual_gap,iterations
4,250000,3604.208341001,3603.787421882,0.32961126736278956,2.837740221417473e-7,2520
