seed,dimension,time,fw_time,primal,dual_gap,smallest_dual_gap,iterations
2,360000,3608.426996776,3607.937168185,0.3304484881272403,4.3614723799646066e-7,4.401654912274816e-7,1531
