seed,dimension,time,fw_time,primal,dual_gap,smallest_dual_gap,iterations,iter_not_converging,fallback_helped,average_iter,std_iter,average_gap,std_gap
5,360000,3607.747412568,3607.26229824,0.3301402678319868,4.1930147981787333e-7,4.17308864976082e-7,1406,0,0,2.611664295874822,0.48754501976459763,Inf,Inf
