seed,dimension,time,fw_time,primal,dual_gap,smallest_dual_gap,iterations,iter_not_converging,fallback_helped,average_iter,std_iter,average_gap,std_gap
4,160000,3602.322422945,3602.054110249,0.32853834867017,3.3666456873953504e-7,3.375996032034534e-7,4307,0,0,2.50801021592756,0.49999388002536505,Inf,Inf
