seed,dimension,time,fw_time,primal,dual_gap,smallest_dual_gap,iterations
4,40000,1054.104596088,1054.045000142,0.32474095583744345,9.994796711619569e-8,9.994796711619569e-8,13042
