seed,dimension,time,fw_time,primal,dual_gap,smallest_dual_gap,iterations,iter_not_converging,fallback_helped,average_iter,std_iter,average_gap,std_gap
4,360000,3610.305349616,3609.823164798,0.33037964771186834,4.1967468563611915e-7,4.4048657213023243e-7,1395,0,0,2.6164874551971327,0.4864157467807348,Inf,Inf
