seed,dimension,time,fw_time,primal,dual_gap,smallest_dual_gap,iterations,iter_not_converging,fallback_helped,average_iter,std_iter,average_gap,std_gap
1,1000000,3628.52992936,3627.407064572,0.3312575099072793,5.328705695703453e-7,5.616228787111172e-7,526,0,0,2.7198515769944343,0.4494887391565549,Inf,Inf
