seed,dimension,time,fw_time,primal,dual_gap,smallest_dual_gap,iterations,iter_not_converging,fallback_helped,average_iter,std_iter,average_gap,std_gap
3,160000,3602.665505216,3602.424834174,0.3295296577104638,2.787250283579207e-7,2.803580309131484e-7,4751,0,0,2.464923204649232,0.4988198698183347,Inf,Inf
