seed,dimension,time,fw_time,primal,dual_gap,iterations
3,810000,3621.846004886,3621.021188987,0.3313875702497136,5.403931012085313e-7,627
