seed,dimension,time,fw_time,primal,dual_gap,smallest_dual_gap,iterations,iter_not_converging,fallback_helped,average_iter,std_iter,average_gap,std_gap
4,1000000,3636.606153559,3635.177563395,0.3317396144807035,6.031963574390509e-7,6.295089441290657e-7,440,0,0,2.8068181818181817,0.39524377718622156,Inf,Inf
