seed,dimension,time,fw_time,primal,dual_gap,iterations
5,40000,1491.301967697,1491.241883746,0.32527020956750513,9.901640828959002e-8,18102
