seed,dimension,time,fw_time,primal,dual_gap,smallest_dual_gap,iterations,iter_not_converging,fallback_helped,average_iter,std_iter,average_gap,std_gap
5,250000,3603.901628723,3603.522630613,0.32979967157935497,3.505277191501524e-7,3.4806938016855235e-7,2393,0,0,2.549365014338386,0.49765907571785956,Inf,Inf
