seed,dimension,time,fw_time,primal,dual_gap,smallest_dual_gap,iterations,iter_not_converging,fallback_helped,average_iter,std_iter,average_gap,std_gap
4,10000,116.721872513,116.71868303,0.3156908608401712,9.795090781528071e-8,9.795090781528071e-8,10748,0,0,2.667535126081697,0.4711184925779708,Inf,Inf
