seed,dimension,time,fw_time,primal,dual_gap,smallest_dual_gap,iterations
5,810000,3627.151405212,3626.181045619,0.33094213282845686,6.285024328929467e-7,6.27669029480693e-7,532
