seed,dimension,time,fw_time,primal,dual_gap,iterations
3,640000,3618.548917375,3617.867136703,0.33119397730781597,5.392906144217717e-7,774
