seed,dimension,time,fw_time,primal,dual_gap,iterations
2,640000,3616.404914622,3615.500613269,0.33069026211933955,5.119681370326958e-7,818
