seed,dimension,time,fw_time,primal,dual_gap,iterations
1,90000,3602.233141185,3602.071682617,0.3276032496999257,1.5667404267265955e-7,11557
