seed,dimension,time,fw_time,primal,dual_gap,smallest_dual_gap,iterations
4,360000,3607.576447758,3607.135584832,0.33037964639851425,4.184089486027054e-7,4.17092353008873e-7,1634
