seed,dimension,time,fw_time,primal,dual_gap,iterations
5,10000,118.70434862,118.691814825,0.3169835230672716,9.894255889597581e-8,12619
