seed,dimension,time,fw_time,primal,dual_gap,smallest_dual_gap,iterations,iter_not_converging,fallback_helped,average_iter,std_iter,average_gap,std_gap
4,160000,3602.289564958,3602.040856774,0.32853834760757183,2.9297958871812857e-7,2.9211284328228837e-7,4913,0,0,2.4766205097330927,0.4995032235833053,Inf,Inf
