seed,dimension,time,fw_time,primal,dual_gap,smallest_dual_gap,iterations,iter_not_converging,fallback_helped,average_iter,std_iter,average_gap,std_gap
4,1000000,3632.304406953,3631.096144296,0.3317396130678927,5.82288417706224e-7,5.778426391850767e-7,499,0,0,2.771037181996086,0.42057698531371485,Inf,Inf
