seed,dimension,time,fw_time,primal,dual_gap,smallest_dual_gap,iterations
4,490000,3610.419130534,3609.899249486,0.33030953709713584,3.902270379022195e-7,4.0862215125014173e-7,1157
