seed,dimension,time,fw_time,primal,dual_gap,iterations
4,490000,3611.643476882,3611.12135019,0.3303095371765194,3.9769108867290445e-7,1150
