seed,dimension,time,fw_time,primal,dual_gap,iterations
2,160000,3602.736643637,3602.488106177,0.3286442152279697,2.7816780877668035e-7,4850
