seed,dimension,time,fw_time,primal,dual_gap,smallest_dual_gap,iterations
4,810000,3624.57683993,3623.720131736,0.33137458282058196,6.045465154049488e-7,5.956079501424211e-7,557
