seed,dimension,time,fw_time,primal,dual_gap,iterations
2,360000,3607.262595826,3606.591649376,0.33044848813162364,4.401654912274816e-7,1530
