seed,dimension,time,fw_time,primal,dual_gap,smallest_dual_gap,iterations,iter_not_converging,fallback_helped,average_iter,std_iter,average_gap,std_gap
1,810000,3617.858449881,3616.976235702,0.33121948233143295,5.634502028058902e-7,5.637220639957002e-7,642,0,0,2.717325227963526,0.45064218071536777,Inf,Inf
