seed,dimension,time,fw_time,primal,dual_gap,smallest_dual_gap,iterations,iter_not_converging,fallback_helped,average_iter,std_iter,average_gap,std_gap
1,250000,3605.631179486,3605.184080768,0.3293068976487151,3.879006997024523e-7,3.8778705447424164e-7,2210,0,0,2.56289592760181,0.4961405898164795,Inf,Inf
