seed,dimension,time,fw_time,primal,dual_gap,smallest_dual_gap,iterations,iter_not_converging,fallback_helped,average_iter,std_iter,average_gap,std_gap
4,360000,3607.232312643,3606.798469494,0.33037964642276935,4.2229873929277434e-7,4.215789227222759e-7,1635,0,0,2.5684399282725643,0.4954419202081271,Inf,Inf
