seed,dimension,time,fw_time,primal,dual_gap,iterations
3,10000,135.171157506,135.158087638,0.3183632763773448,1.0329187863714062e-7,13667
