seed,dimension,time,fw_time,primal,dual_gap,iterations
1,250000,3606.797023123,3606.396576345,0.32930689668451124,3.317837538137011e-7,2520
