seed,dimension,time,fw_time,primal,dual_gap,smallest_dual_gap,iterations,iter_not_converging,fallback_helped,average_iter,std_iter,average_gap,std_gap
5,1000000,3639.324013172,3638.035818141,0.33110306953390883,6.25502981513185e-7,6.210770756337643e-7,423,0,0,2.806146572104019,0.3957835198431763,Inf,Inf
