seed,dimension,time,fw_time,primal,dual_gap,smallest_dual_gap,iterations
5,10000,96.165959897,96.15356335,0.31698352329259627,9.80255996825552e-8,9.802559968602464e-8,10369
