seed,dimension,time,fw_time,primal,dual_gap,smallest_dual_gap,iterations,iter_not_converging,fallback_helped,average_iter,std_iter,average_gap,std_gap
5,160000,3602.43937335,3602.18167334,0.32913802873051656,2.873080575983844e-7,2.883465223917081e-7,4153,0,0,2.4875993257885867,0.49990638942543014,Inf,Inf
