seed,dimension,time,fw_time,primal,dual_gap,smallest_dual_gap,iterations
2,160000,3601.946923873,3601.700412892,0.3286442152023075,2.7408895146227574e-7,2.7251179313125817e-7,4871
