seed,dimension,time,fw_time,primal,dual_gap,smallest_dual_gap,iterations,iter_not_converging,fallback_helped,average_iter,std_iter,average_gap,std_gap
4,250000,3605.122265113,3604.809780916,0.3296112672646426,3.377280029482829e-7,3.3794158479840547e-7,2588,0,0,2.5348484848484847,0.49887859823448777,Inf,Inf
