seed,dimension,time,fw_time,primal,dual_gap,smallest_dual_gap,iterations,iter_not_converging,fallback_helped,average_iter,std_iter,average_gap,std_gap
2,640000,3612.720586757,3612.030120865,0.3306902621519198,5.085842073250697e-7,5.080631993816843e-7,814,0,0,2.645508982035928,0.4786454942980161,Inf,Inf
