seed,dimension,time,fw_time,primal,dual_gap,smallest_dual_gap,iterations
4,640000,3617.747966983,3616.962445802,0.3309701805599341,5.304712177569768e-7,5.280271105924904e-7,742
