seed,dimension,time,fw_time,primal,dual_gap,smallest_dual_gap,iterations
1,40000,951.827436809,951.743705137,0.3258873503451981,9.942358704211063e-8,9.942358704211063e-8,11430
