seed,dimension,time,fw_time,primal,dual_gap,iterations
1,640000,3615.689414307,3615.031709166,0.3310297171052776,5.235632846750833e-7,780
