seed,dimension,time,fw_time,primal,dual_gap,smallest_dual_gap,iterations,iter_not_converging,fallback_helped,average_iter,std_iter,average_gap,std_gap
2,360000,3607.911612632,3607.383458113,0.33044848945823685,4.7274199254168647e-7,4.716873878494836e-7,1321,0,0,2.639666919000757,0.4802788437573313,Inf,Inf
