seed,dimension,time,fw_time,primal,dual_gap,iterations
5,360000,3608.118194686,3607.633050379,0.33014026647404354,3.9530685676074373e-7,1648
