seed,dimension,time,fw_time,primal,dual_gap,iterations
4,810000,3621.371734145,3620.532313534,0.33137458143833154,5.258351586301044e-7,621
