seed,dimension,time,fw_time,primal,dual_gap,iterations
2,90000,3600.788900585,3600.649497558,0.32649481129584385,1.4221796645289692e-7,11997
