seed,dimension,time,fw_time,primal,dual_gap,smallest_dual_gap,iterations,iter_not_converging,fallback_helped,average_iter,std_iter,average_gap,std_gap
1,490000,3618.63721246,3618.092110949,0.33042315009115003,4.454514834378344e-7,4.435172577528339e-7,1039,0,0,2.626054358013121,0.4840763519227518,Inf,Inf
