seed,dimension,time,fw_time,primal,dual_gap,smallest_dual_gap,iterations,iter_not_converging,fallback_helped,average_iter,std_iter,average_gap,std_gap
3,160000,3602.706287546,3602.646592261,0.32952965845223975,3.0538991157950945e-7,3.057383396549637e-7,4313,0,0,2.4933920704845813,0.5000143026731725,Inf,Inf
