seed,dimension,time,fw_time,primal,dual_gap,smallest_dual_gap,iterations,iter_not_converging,fallback_helped,average_iter,std_iter,average_gap,std_gap
2,490000,3612.164565677,3611.645734596,0.33060042231927333,5.149395119396702e-7,5.153820861287725e-7,1024,0,0,2.6376953125,0.48090107763314427,Inf,Inf
