seed,dimension,time,fw_time,primal,dual_gap,smallest_dual_gap,iterations,iter_not_converging,fallback_helped,average_iter,std_iter,average_gap,std_gap
3,10000,122.002828295,121.988689459,0.3183632766484768,9.762669903740084e-8,9.76266990339314e-8,11173,0,0,2.6866791744840524,0.4638625202461619,Inf,Inf
