seed,dimension,time,fw_time,primal,dual_gap,smallest_dual_gap,iterations
4,250000,3605.032814817,3604.661884445,0.32961126724253786,3.368582080671978e-7,3.3878956930046694e-7,2597
