seed,dimension,time,fw_time,primal,dual_gap,smallest_dual_gap,iterations
2,490000,3612.33005273,3611.758760743,0.33060042227492675,5.167126150662331e-7,5.187931163227501e-7,1030
