seed,dimension,time,fw_time,primal,dual_gap,smallest_dual_gap,iterations,iter_not_converging,fallback_helped,average_iter,std_iter,average_gap,std_gap
4,490000,3611.725581022,3611.209437656,0.33030953713083666,4.042222541160087e-7,3.9934113783357886e-7,1155,0,0,2.6138528138528137,0.48707590981521354,Inf,Inf
