seed,dimension,time,fw_time,primal,dual_gap,smallest_dual_gap,iterations,iter_not_converging,fallback_helped,average_iter,std_iter,average_gap,std_gap
2,90000,2925.923129972,2925.774756902,0.32649481254223406,9.99627566651215e-8,9.99627566651215e-8,8891,0,0,2.3910011248593928,0.48800208329301054,Inf,Inf
