seed,dimension,time,fw_time,primal,dual_gap,smallest_dual_gap,iterations,iter_not_converging,fallback_helped,average_iter,std_iter,average_gap,std_gap
3,160000,3603.116974371,3602.832460396,0.3295296587761698,3.0592909496841847e-7,3.044188403161785e-7,4092,0,0,2.4997556207233624,0.5000610462906379,Inf,Inf
