seed,dimension,time,fw_time,primal,dual_gap,iterations
5,1000000,3627.02378341,3625.924050622,0.33110306813827944,5.669800607337617e-7,478
