seed,dimension,time,fw_time,primal,dual_gap,iterations
4,160000,3602.449183599,3602.202787192,0.3285383474984799,2.501091917479076e-7,4970
