seed,dimension,time,fw_time,primal,dual_gap,iterations
4,360000,3606.144351784,3605.703834561,0.3303796464197403,4.2043686984119186e-7,1629
