seed,dimension,time,fw_time,primal,dual_gap,smallest_dual_gap,iterations,iter_not_converging,fallback_helped,average_iter,std_iter,average_gap,std_gap
5,90000,3119.731820451,3119.572139225,0.32792627955474724,9.961141219424346e-8,9.961141219597819e-8,9501,0,0,2.4303157894736844,0.4951463603452324,Inf,Inf
