seed,dimension,time,fw_time,primal,dual_gap,smallest_dual_gap,iterations
1,90000,2942.111069876,2941.953791229,0.32760325053113104,9.943110809620265e-8,9.943110809707001e-8,9579
