seed,dimension,time,fw_time,primal,dual_gap,smallest_dual_gap,iterations
5,40000,913.031206831,912.968408343,0.32527021110687854,9.925708106817144e-8,9.925708106817144e-8,11367
