seed,dimension,time,fw_time,primal,dual_gap,smallest_dual_gap,iterations,iter_not_converging,fallback_helped,average_iter,std_iter,average_gap,std_gap
3,490000,3612.990987342,3612.479546318,0.33081651579573773,3.784602275050744e-7,3.740544084426291e-7,1147,0,0,2.6155187445510024,0.4866846260764312,Inf,Inf
