seed,dimension,time,fw_time,primal,dual_gap,smallest_dual_gap,iterations,iter_not_converging,fallback_helped,average_iter,std_iter,average_gap,std_gap
3,360000,3608.168542372,3607.70115495,0.3304393196469204,3.640733524669891e-7,3.6061377912347675e-7,1610,0,0,2.5813106796116503,0.4934940225500983,Inf,Inf
