seed,dimension,time,fw_time,primal,dual_gap,smallest_dual_gap,iterations,iter_not_converging,fallback_helped,average_iter,std_iter,average_gap,std_gap
2,90000,3268.873525347,3268.845089209,0.3264948124289731,9.949251877135884e-8,9.949251877135884e-8,9154,0,0,2.392767398667104,0.4883924950454881,Inf,Inf
