seed,dimension,time,fw_time,primal,dual_gap,iterations
1,40000,1594.369181458,1594.287659458,0.32588734870374503,9.970896831627829e-8,18894
