seed,dimension,time,fw_time,primal,dual_gap,smallest_dual_gap,iterations,iter_not_converging,fallback_helped,average_iter,std_iter,average_gap,std_gap
2,810000,3626.10540374,3625.239717382,0.33086156460011357,6.43907745691806e-7,6.905896049718557e-7,526,0,0,2.711026615969582,0.453717020320305,Inf,Inf
