seed,dimension,time,fw_time,primal,dual_gap,smallest_dual_gap,iterations,iter_not_converging,fallback_helped,average_iter,std_iter,average_gap,std_gap
3,1000000,3632.392553041,3631.084710309,0.3313192391741367,6.147224683031912e-7,6.112488933822206e-7,450,0,0,2.7844444444444445,0.4116648557708833,Inf,Inf
