seed,dimension,time,fw_time,primal,dual_gap,iterations
1,810000,3621.376590651,3620.507152118,0.33121948233143295,5.634502028015534e-7,641
