seed,dimension,time,fw_time,primal,dual_gap,iterations
4,40000,1538.688570604,1538.621076247,0.3247409545594389,1.0021312703625829e-7,18683
