seed,dimension,time,fw_time,primal,dual_gap,smallest_dual_gap,iterations,iter_not_converging,fallback_helped,average_iter,std_iter,average_gap,std_gap
3,40000,937.816795271,937.747888632,0.3255535400210152,9.941321028883454e-8,9.941321029403871e-8,11595,0,0,2.479213386234259,0.499589275459795,Inf,Inf
