seed,dimension,time,fw_time,primal,dual_gap,smallest_dual_gap,iterations
1,360000,3609.337809127,3608.596179095,0.3297990226415519,3.8120983018819984e-7,3.775557719000455e-7,1564
