seed,dimension,time,fw_time,primal,dual_gap,smallest_dual_gap,iterations
1,1000000,3629.869590442,3628.264065747,0.3312575120326637,5.865534313290958e-7,6.121182102858391e-7,434
