seed,dimension,time,fw_time,primal,dual_gap,smallest_dual_gap,iterations
5,250000,3604.098698655,3603.719281907,0.32979967150794326,3.2265430649014784e-7,3.186403671165579e-7,2404
