seed,dimension,time,fw_time,primal,dual_gap,smallest_dual_gap,iterations
2,810000,3626.924554107,3626.024927169,0.3308615644523967,6.300541774847089e-7,6.229990388382373e-7,531
