seed,dimension,time,fw_time,primal,dual_gap,smallest_dual_gap,iterations,iter_not_converging,fallback_helped,average_iter,std_iter,average_gap,std_gap
2,160000,3602.630601699,3602.383207222,0.3286442161503151,2.8805065062538493e-7,2.879334126517155e-7,4225,0,0,2.483550295857988,0.4997884840399121,Inf,Inf
