seed,dimension,time,fw_time,primal,dual_gap,smallest_dual_gap,iterations
1,160000,3603.305419432,3603.017730608,0.3286832528447931,2.438706078761871e-7,2.568181513441098e-7,4975
