seed,dimension,time,fw_time,primal,dual_gap,iterations
5,160000,3602.20526753,3601.931988791,0.3291380278144351,2.572482008722163e-7,4818
