seed,dimension,time,fw_time,primal,dual_gap,smallest_dual_gap,iterations,iter_not_converging,fallback_helped,average_iter,std_iter,average_gap,std_gap
1,250000,3606.04805452,3605.665701364,0.32930689637873733,3.1571191187393377e-7,3.156203361924341e-7,2594,0,0,2.5175936435868334,0.49978492557236687,Inf,Inf
