seed,dimension,time,fw_time,primal,dual_gap,smallest_dual_gap,iterations,iter_not_converging,fallback_helped,average_iter,std_iter,average_gap,std_gap
4,640000,3620.109896023,3619.381192345,0.33097017988723876,5.067462353555707e-7,5.010039445633996e-7,803,0,0,2.6650062266500623,0.472282454595538,Inf,Inf
