seed,dimension,time,fw_time,primal,dual_gap,iterations
1,360000,3610.927824413,3610.174559844,0.32979902259830357,3.5007761607121213e-7,1566
