seed,dimension,time,fw_time,primal,dual_gap,iterations
3,1000000,3628.151630881,3626.98827144,0.3313192378398133,5.890907280577205e-7,509
