seed,dimension,time,fw_time,primal,dual_gap,iterations
3,490000,3610.997739847,3610.419235945,0.33081651580542376,3.655755988576405e-7,1144
