seed,dimension,time,fw_time,primal,dual_gap,iterations
4,90000,3600.828674056,3600.665894938,0.32731901676901964,1.4539133896818157e-7,11784
