seed,dimension,time,fw_time,primal,dual_gap,smallest_dual_gap,iterations
1,490000,3612.421271546,3611.78881317,0.3304231500956495,4.4351725775153283e-7,4.4014933760216923e-7,1038
