seed,dimension,time,fw_time,primal,dual_gap,iterations
3,250000,3604.486085101,3604.11328755,0.3301611378344232,4.037827519599857e-7,2364
