seed,dimension,time,fw_time,primal,dual_gap,iterations
2,490000,3612.568997523,3611.987534692,0.33060042232664183,5.153820861292062e-7,1023
