seed,dimension,time,fw_time,primal,dual_gap,smallest_dual_gap,iterations,iter_not_converging,fallback_helped,average_iter,std_iter,average_gap,std_gap
4,810000,3623.616970168,3622.582680326,0.331374583129994,6.405523044141111e-7,6.365065523851465e-7,546,0,0,2.7435897435897436,0.4370513460536114,Inf,Inf
