seed,dimension,time,fw_time,primal,dual_gap,smallest_dual_gap,iterations,iter_not_converging,fallback_helped,average_iter,std_iter,average_gap,std_gap
2,1000000,3620.893352976,3619.813965498,0.33085093448646574,6.064005134195222e-7,6.063048590624742e-7,500,0,0,2.732943469785575,0.442853970712941,Inf,Inf
