seed,dimension,time,fw_time,primal,dual_gap,smallest_dual_gap,iterations,iter_not_converging,fallback_helped,average_iter,std_iter,average_gap,std_gap
2,22500,553.128888398,553.102729853,0.32298202163217266,9.923313395998612e-8,9.923313395998612e-8,14422,0,0,2.525899729561057,0.49934606689361033,Inf,Inf
