seed,dimension,time,fw_time,primal,dual_gap,smallest_dual_gap,iterations
2,640000,3616.901407747,3615.9842086,0.3306902630206902,5.309504656860788e-7,5.618517879141249e-7,752
