seed,dimension,time,fw_time,primal,dual_gap,smallest_dual_gap,iterations
5,160000,3602.541150262,3602.276409934,0.329138027772307,2.10434037515618e-7,2.215888544512129e-7,4840
