seed,dimension,time,fw_time,primal,dual_gap,smallest_dual_gap,iterations,iter_not_converging,fallback_helped,average_iter,std_iter,average_gap,std_gap
2,160000,3602.182971325,3601.866650698,0.328644215216983,2.802015323126114e-7,2.79209338965164e-7,4859,0,0,2.4506185357939567,0.49760595484920106,Inf,Inf
