seed,dimension,time,fw_time,primal,dual_gap,smallest_dual_gap,iterations
2,10000,109.655851559,109.644034718,0.3209859316324012,9.791786636376143e-8,9.791786636376143e-8,11664
