seed,dimension,time,fw_time,primal,dual_gap,smallest_dual_gap,iterations,iter_not_converging,fallback_helped,average_iter,std_iter,average_gap,std_gap
3,810000,3615.961752535,3615.054132241,0.3313875702309649,5.543331956757436e-7,5.480644372341491e-7,629,0,0,2.6992248062015505,0.4589510258232285,Inf,Inf
