seed,dimension,time,fw_time,primal,dual_gap,smallest_dual_gap,iterations,iter_not_converging,fallback_helped,average_iter,std_iter,average_gap,std_gap
2,1000000,3626.874934549,3626.087892381,0.33085093602500654,6.946710290967398e-7,6.973974400533312e-7,455,0,0,2.764835164835165,0.42456861402111673,Inf,Inf
