seed,dimension,time,fw_time,primal,dual_gap,smallest_dual_gap,iterations
1,250000,3605.28943229,3604.910619733,0.3293068963511258,3.2435789032924864e-7,3.26547384183265e-7,2608
