seed,dimension,time,fw_time,primal,dual_gap,iterations
3,40000,1521.447252973,1521.383121404,0.32555353840771034,9.911304245553698e-8,18636
