seed,dimension,time,fw_time,primal,dual_gap,smallest_dual_gap,iterations,iter_not_converging,fallback_helped,average_iter,std_iter,average_gap,std_gap
1,360000,3610.302554808,3609.786329553,0.32979902404542033,4.579985180977811e-7,4.5464392158878555e-7,1344,0,0,2.607142857142857,0.4885673043193837,Inf,Inf
