seed,dimension,time,fw_time,primal,dual_gap,iterations
3,90000,3600.892377685,3600.737853942,0.3278237715316967,1.6234637480357084e-7,11640
