seed,dimension,time,fw_time,primal,dual_gap,smallest_dual_gap,iterations
1,10000,109.484512321,109.4523719,0.31826945973546,1.036141505407484e-7,9.570482762885635e-8,11319
