seed,dimension,time,fw_time,primal,dual_gap,iterations
1,490000,3611.811486181,3610.963579226,0.33042315014995166,4.441154385767185e-7,1033
