seed,dimension,time,fw_time,primal,dual_gap,smallest_dual_gap,iterations,iter_not_converging,fallback_helped,average_iter,std_iter,average_gap,std_gap
5,640000,3615.598061612,3615.000698468,0.33077950959840763,4.919437137504076e-7,4.907851456478415e-7,846,0,0,2.6505190311418687,0.4770812752861104,Inf,Inf
