seed,dimension,time,fw_time,primal,dual_gap,smallest_dual_gap,iterations
4,90000,2616.261254926,2616.099548354,0.3273190179181212,9.949501420490614e-8,9.949501420490614e-8,8734
