seed,dimension,time,fw_time,primal,dual_gap,smallest_dual_gap,iterations
4,10000,88.102914566,88.090733721,0.3156908608625132,9.6608235845147e-8,9.660823584861644e-8,9373
