seed,dimension,time,fw_time,primal,dual_gap,iterations
5,90000,3601.026044849,3600.882151459,0.32792627829309146,1.4556483043763613e-7,12482
