seed,dimension,time,fw_time,primal,dual_gap,iterations
5,490000,3612.672419043,3612.17025887,0.3306154402592525,5.140572220665648e-7,1011
