seed,dimension,time,fw_time,primal,dual_gap,smallest_dual_gap,iterations
1,160000,3603.36191275,3602.987921651,0.3286832528525924,2.525196389699391e-7,2.6492279794811807e-7,4973
