seed,dimension,time,fw_time,primal,dual_gap,smallest_dual_gap,iterations,iter_not_converging,fallback_helped,average_iter,std_iter,average_gap,std_gap
5,160000,3602.121264344,3602.07042127,0.32913802863694874,2.5562459880171945e-7,2.5334153007892934e-7,4231,0,0,2.4984637201607187,0.5000567377219763,Inf,Inf
