seed,dimension,time,fw_time,primal,dual_gap,smallest_dual_gap,iterations,iter_not_converging,fallback_helped,average_iter,std_iter,average_gap,std_gap
3,40000,986.268549312,986.203360013,0.32555354006250753,9.872397708013403e-8,9.872397708013403e-8,11634,0,0,2.479154130490845,0.49958673401212,Inf,Inf
