seed,dimension,time,fw_time,primal,dual_gap,smallest_dual_gap,iterations,iter_not_converging,fallback_helped,average_iter,std_iter,average_gap,std_gap
3,250000,3604.667402752,3604.317036495,0.33016113766167465,3.3137108441418095e-7,3.290036732993794e-7,2402,0,0,2.542880932556203,0.49826156089767193,Inf,Inf
