seed,dimension,time,fw_time,primal,dual_gap,smallest_dual_gap,iterations,iter_not_converging,fallback_helped,average_iter,std_iter,average_gap,std_gap
2,160000,3602.642246167,3602.394053665,0.3286442151968339,2.73732567996135e-7,2.7272912976085417e-7,4875,1,1,2.4493632504548213,0.49747959463299546,0.0006503614781867654,1.0
