seed,dimension,time,fw_time,primal,dual_gap,smallest_dual_gap,iterations,iter_not_converging,fallback_helped,average_iter,std_iter,average_gap,std_gap
2,490000,3610.273213563,3609.748155685,0.330600422579805,5.194833803791668e-7,5.187439380449806e-7,991,0,0,2.644803229061554,0.47881454691038455,Inf,Inf
