seed,dimension,time,fw_time,primal,dual_gap,smallest_dual_gap,iterations,iter_not_converging,fallback_helped,average_iter,std_iter,average_gap,std_gap
5,250000,3604.495531041,3604.115325266,0.3297996716501502,3.760377684639861e-7,3.7468433926714576e-7,2381,1,1,2.5487855084396873,0.49771674608016075,0.0005217851046220955,1.0
