seed,dimension,time,fw_time,primal,dual_gap,smallest_dual_gap,iterations,iter_not_converging,fallback_helped,average_iter,std_iter,average_gap,std_gap
2,360000,3606.854751508,3606.413692223,0.3304484880842874,4.355144941061914e-7,4.347000227347686e-7,1541,0,0,2.5775470473718363,0.49411019844482584,Inf,Inf
