seed,dimension,time,fw_time,primal,dual_gap,smallest_dual_gap,iterations
4,1000000,3630.482763934,3629.366911902,0.33173961295583093,5.58591435860685e-7,5.94026941763302e-7,502
