seed,dimension,time,fw_time,primal,dual_gap,smallest_dual_gap,iterations,iter_not_converging,fallback_helped,average_iter,std_iter,average_gap,std_gap
5,640000,3614.818292937,3614.069626234,0.3307795105606431,4.918729765300729e-7,5.14186177736492e-7,769,0,0,2.6671001300390116,0.471557748333122,Inf,Inf
