seed,dimension,time,fw_time,primal,dual_gap,smallest_dual_gap,iterations,iter_not_converging,fallback_helped,average_iter,std_iter,average_gap,std_gap
3,90000,3059.031179295,3058.861212368,0.3278237723287264,9.91939539196976e-8,9.91939539196976e-8,9660,0,0,2.431643625192012,0.4953307296447539,Inf,Inf
