seed,dimension,time,fw_time,primal,dual_gap,smallest_dual_gap,iterations,iter_not_converging,fallback_helped,average_iter,std_iter,average_gap,std_gap
3,640000,3622.252978706,3621.470263875,0.3311939785002428,6.054908933458142e-7,6.037487024542626e-7,692,0,0,2.695086705202312,0.4607036944319245,Inf,Inf
