seed,dimension,time,fw_time,primal,dual_gap,smallest_dual_gap,iterations,iter_not_converging,fallback_helped,average_iter,std_iter,average_gap,std_gap
1,810000,3623.803009143,3622.939065989,0.3312194823089226,5.613907462509449e-7,5.611790925442312e-7,643,0,0,2.7091757387247277,0.4544961661201887,Inf,Inf
