seed,dimension,time,fw_time,primal,dual_gap,smallest_dual_gap,iterations,iter_not_converging,fallback_helped,average_iter,std_iter,average_gap,std_gap
2,90000,3155.421242089,3155.267367113,0.32649481243948614,9.950148979059881e-8,9.950148979059881e-8,9061,0,0,2.3902869757174394,0.48784149110104197,Inf,Inf
