seed,dimension,time,fw_time,primal,dual_gap,smallest_dual_gap,iterations
3,40000,937.536006183,937.471537368,0.32555354001615344,1.0886919243370541e-7,9.863858257443125e-8,11679
