seed,dimension,time,fw_time,primal,dual_gap,smallest_dual_gap,iterations,iter_not_converging,fallback_helped,average_iter,std_iter,average_gap,std_gap
1,490000,3612.785336188,3612.215542128,0.3304231504784919,4.594581678014041e-7,4.850650478773963e-7,1005,0,0,2.6398009950248755,0.4802970115685896,Inf,Inf
