seed,dimension,time,fw_time,primal,dual_gap,smallest_dual_gap,iterations,iter_not_converging,fallback_helped,average_iter,std_iter,average_gap,std_gap
5,1000000,3627.040698155,3625.820291534,0.3311030692728913,6.682985153768067e-7,6.654566172532937e-7,439,0,0,2.785876993166287,0.41068057268390407,Inf,Inf
