seed,dimension,time,fw_time,primal,dual_gap,smallest_dual_gap,iterations,iter_not_converging,fallback_helped,average_iter,std_iter,average_gap,std_gap
3,160000,3602.148294813,3601.906398256,0.3295296577185452,2.7994335951436744e-7,2.7936436530762165e-7,4745,0,0,2.4655029093931837,0.498860368869085,Inf,Inf
