seed,dimension,time,fw_time,primal,dual_gap,smallest_dual_gap,iterations,iter_not_converging,fallback_helped,average_iter,std_iter,average_gap,std_gap
3,490000,3610.728901343,3610.12170737,0.3308165157991704,3.740544084426291e-7,3.703951701071115e-7,1146,0,0,2.6243611584327087,0.484493804155412,Inf,Inf
