seed,dimension,time,fw_time,primal,dual_gap,smallest_dual_gap,iterations,iter_not_converging,fallback_helped,average_iter,std_iter,average_gap,std_gap
2,160000,3602.208919912,3601.962868684,0.3286442155636103,2.6876599138175167e-7,2.698875770194842e-7,4597,0,0,2.4688370100663954,0.49908137226804744,Inf,Inf
