seed,dimension,time,fw_time,primal,dual_gap,smallest_dual_gap,iterations,iter_not_converging,fallback_helped,average_iter,std_iter,average_gap,std_gap
2,90000,2942.023111744,2941.878446019,0.32649481231636224,9.923624184112606e-8,9.923624184112606e-8,9306,0,0,2.3789954337899544,0.48516274638998197,Inf,Inf
