seed,dimension,time,fw_time,primal,dual_gap,smallest_dual_gap,iterations,iter_not_converging,fallback_helped,average_iter,std_iter,average_gap,std_gap
2,160000,3603.271404914,3603.018920857,0.328644216214702,3.1501893059653757e-7,3.162303989891549e-7,4217,0,0,2.4811477353568887,0.4997037179477025,Inf,Inf
