seed,dimension,time,fw_time,primal,dual_gap,smallest_dual_gap,iterations,iter_not_converging,fallback_helped,average_iter,std_iter,average_gap,std_gap
5,10000,96.559735905,96.546517497,0.31698352326485546,9.952003751992344e-8,9.952003751298455e-8,10541,0,0,2.662428842504744,0.4729038899793419,Inf,Inf
