seed,dimension,time,fw_time,primal,dual_gap,smallest_dual_gap,iterations,iter_not_converging,fallback_helped,average_iter,std_iter,average_gap,std_gap
3,160000,3602.756305582,3602.472441988,0.3295296588037064,2.95773031173778e-7,2.9487885455647955e-7,4074,0,0,2.501227295041728,0.5000598696110113,Inf,Inf
