seed,dimension,time,fw_time,primal,dual_gap,iterations
4,810000,3624.690561887,3623.847036017,0.33137458145417514,5.136153167170122e-7,619
