seed,dimension,time,fw_time,primal,dual_gap,smallest_dual_gap,iterations,iter_not_converging,fallback_helped,average_iter,std_iter,average_gap,std_gap
5,360000,3607.703238754,3607.225257416,0.3301402664384161,4.0313784706660916e-7,4.0335901358443463e-7,1657,0,0,2.5588412794206397,0.4966755271413763,Inf,Inf
