seed,dimension,time,fw_time,primal,dual_gap,smallest_dual_gap,iterations,iter_not_converging,fallback_helped,average_iter,std_iter,average_gap,std_gap
4,90000,2645.906647751,2645.882092242,0.3273190180137521,9.951957201988909e-8,9.951957201988909e-8,8611,0,0,2.399883855981417,0.4899026768750948,Inf,Inf
