seed,dimension,time,fw_time,primal,dual_gap,smallest_dual_gap,iterations,iter_not_converging,fallback_helped,average_iter,std_iter,average_gap,std_gap
2,640000,3617.798111954,3617.103537874,0.33069026246462985,4.845601688746419e-7,4.773448565803876e-7,782,0,0,2.6645885286783044,0.47242873180490014,Inf,Inf
