seed,dimension,time,fw_time,primal,dual_gap,smallest_dual_gap,iterations,iter_not_converging,fallback_helped,average_iter,std_iter,average_gap,std_gap
4,1000000,3625.566112382,3624.30557651,0.3317396137004203,6.787586569155513e-7,6.797385227752268e-7,482,0,0,2.767634854771784,0.422779398039119,Inf,Inf
