seed,dimension,time,fw_time,primal,dual_gap,smallest_dual_gap,iterations
1,90000,2938.308101478,2938.148848378,0.327603250591658,9.941978835418391e-8,9.941978835418391e-8,9551
