seed,dimension,time,fw_time,primal,dual_gap,smallest_dual_gap,iterations,iter_not_converging,fallback_helped,average_iter,std_iter,average_gap,std_gap
5,90000,2691.894790184,2691.74746508,0.32792627959583165,1.0907363006806142e-7,9.897883762079174e-8,9493,0,0,2.425366059201517,0.4944244391371066,Inf,Inf
