seed,dimension,time,fw_time,primal,dual_gap,smallest_dual_gap,iterations,iter_not_converging,fallback_helped,average_iter,std_iter,average_gap,std_gap
3,40000,916.260036532,916.19624184,0.32555354003083403,9.87543624566406e-8,9.87543624566406e-8,11576,0,0,2.4826781857451405,0.49972145137574964,Inf,Inf
