seed,dimension,time,fw_time,primal,dual_gap,smallest_dual_gap,iterations,iter_not_converging,fallback_helped,average_iter,std_iter,average_gap,std_gap
2,1000000,3624.599545666,3623.528003794,0.3308509344471075,6.096545441677207e-7,6.080798929657561e-7,503,1,1,2.7306201550387597,0.44406813425963165,0.00025416711272464426,1.0
