seed,dimension,time,fw_time,primal,dual_gap,smallest_dual_gap,iterations,iter_not_converging,fallback_helped,average_iter,std_iter,average_gap,std_gap
1,90000,3602.550407017,3602.381998402,0.3276032505381553,2.028828749549294e-7,2.0191721675569263e-7,9612,0,0,2.386079900124844,0.4868745961744478,Inf,Inf
