seed,dimension,time,fw_time,primal,dual_gap,smallest_dual_gap,iterations,iter_not_converging,fallback_helped,average_iter,std_iter,average_gap,std_gap
5,490000,3613.070820302,3612.419543801,0.3306154415519737,5.658597244584049e-7,5.650976552798101e-7,894,0,0,2.651006711409396,0.476918644018052,Inf,Inf
