seed,dimension,time,fw_time,primal,dual_gap,smallest_dual_gap,iterations,iter_not_converging,fallback_helped,average_iter,std_iter,average_gap,std_gap
1,40000,955.180624242,955.090182121,0.32588735036010036,9.917512227251846e-8,9.917512227251846e-8,11414,0,0,2.4564093577499344,0.4981180544499435,Inf,Inf
