seed,dimension,time,fw_time,primal,dual_gap,smallest_dual_gap,iterations,iter_not_converging,fallback_helped,average_iter,std_iter,average_gap,std_gap
2,1000000,3631.522108599,3630.259198319,0.33085093592067105,6.907666497276647e-7,6.936802814255533e-7,450,0,0,2.7533333333333334,0.4315507851669067,Inf,Inf
