seed,dimension,time,fw_time,primal,dual_gap,smallest_dual_gap,iterations
3,10000,106.12521185,106.113330601,0.3183632766640756,1.0384627512419198e-7,9.76691819851161e-8,10921
