seed,dimension,time,fw_time,primal,dual_gap,smallest_dual_gap,iterations,iter_not_converging,fallback_helped,average_iter,std_iter,average_gap,std_gap
1,160000,3609.495166272,3609.191436867,0.3286832535794566,3.119458735437869e-7,3.125417912938286e-7,4620,0,0,2.5082177161152615,0.49998582770895866,Inf,Inf
