seed,dimension,time,fw_time,primal,dual_gap,smallest_dual_gap,iterations,iter_not_converging,fallback_helped,average_iter,std_iter,average_gap,std_gap
1,250000,3606.112836462,3605.73167081,0.3293068963992425,2.939456687140775e-7,2.916759323195843e-7,2582,1,1,2.5199543899657924,0.49969663592719604,0.0005343643703902933,1.0
