seed,dimension,time,fw_time,primal,dual_gap,smallest_dual_gap,iterations,iter_not_converging,fallback_helped,average_iter,std_iter,average_gap,std_gap
2,160000,3602.047224199,3601.995243254,0.3286442155424909,2.8918544445893923e-7,2.933521230869332e-7,4731,0,0,2.4546607482561824,0.49799274269420796,Inf,Inf
