seed,dimension,time,fw_time,primal,dual_gap,smallest_dual_gap,iterations,iter_not_converging,fallback_helped,average_iter,std_iter,average_gap,std_gap
4,360000,3608.186927959,3607.75537051,0.33037964643380313,4.20844969643841e-7,4.203562557910344e-7,1632,1,1,2.568862275449102,0.49538362516689566,0.0005957378741910118,1.0
