seed,dimension,time,fw_time,primal,dual_gap,smallest_dual_gap,iterations,iter_not_converging,fallback_helped,average_iter,std_iter,average_gap,std_gap
1,40000,1140.097871679,1140.006978415,0.32588735047154965,9.9255185600014e-8,9.9255185600014e-8,11195,0,0,2.472773581591428,0.49928009748858143,Inf,Inf
