seed,dimension,time,fw_time,primal,dual_gap,smallest_dual_gap,iterations,iter_not_converging,fallback_helped,average_iter,std_iter,average_gap,std_gap
5,160000,3602.175833897,3601.917377147,0.32913802781585766,2.202239169270953e-7,2.1906894950504685e-7,4817,0,0,2.448240589198036,0.49736462612993915,Inf,Inf
