seed,dimension,time,fw_time,primal,dual_gap,smallest_dual_gap,iterations,iter_not_converging,fallback_helped,average_iter,std_iter,average_gap,std_gap
2,810000,3620.693980385,3619.788280025,0.3308615632932504,5.181801451688804e-7,5.132509709321331e-7,573,0,0,2.7155322862129143,0.4515547397152138,Inf,Inf
