seed,dimension,time,fw_time,primal,dual_gap,smallest_dual_gap,iterations,iter_not_converging,fallback_helped,average_iter,std_iter,average_gap,std_gap
4,10000,106.231279769,106.218107575,0.3156908608246862,9.676907096120568e-8,9.676907096120568e-8,9724,0,0,2.6360176900133703,0.48116836958880643,Inf,Inf
