seed,dimension,time,fw_time,primal,dual_gap,smallest_dual_gap,iterations,iter_not_converging,fallback_helped,average_iter,std_iter,average_gap,std_gap
5,490000,3610.03237999,3609.532745271,0.3306154400935422,4.6665857317100545e-7,4.651531430397565e-7,1020,0,0,2.6307251908396947,0.4828388758117847,Inf,Inf
