seed,dimension,time,fw_time,primal,dual_gap,smallest_dual_gap,iterations,iter_not_converging,fallback_helped,average_iter,std_iter,average_gap,std_gap
3,490000,3613.299114117,3612.78887714,0.33081651579573773,3.784602275050744e-7,3.740544084426291e-7,1147,1,1,2.6238297872340426,0.48462982761116924,0.0005423014587785741,1.0
