seed,dimension,time,fw_time,primal,dual_gap,smallest_dual_gap,iterations,iter_not_converging,fallback_helped,average_iter,std_iter,average_gap,std_gap
4,360000,3607.56613767,3607.417817594,0.3303796474421257,4.420556828942969e-7,4.423474203275532e-7,1470,0,0,2.603401360544218,0.4893578078700728,Inf,Inf
