seed,dimension,time,fw_time,primal,dual_gap,smallest_dual_gap,iterations,iter_not_converging,fallback_helped,average_iter,std_iter,average_gap,std_gap
3,810000,3619.766624477,3618.873893487,0.3313875701519716,5.350893727057091e-7,5.290832131884908e-7,631,0,0,2.6941362916006337,0.4611378340908881,Inf,Inf
