seed,dimension,time,fw_time,primal,dual_gap,smallest_dual_gap,iterations,iter_not_converging,fallback_helped,average_iter,std_iter,average_gap,std_gap
4,360000,3609.647942174,3609.216890957,0.33037964754807736,4.655422330994072e-7,4.6414258177314427e-7,1430,0,0,2.5965034965034963,0.49077031856672676,Inf,Inf
