seed,dimension,time,fw_time,primal,dual_gap,smallest_dual_gap,iterations,iter_not_converging,fallback_helped,average_iter,std_iter,average_gap,std_gap
1,250000,3606.813441599,3606.423160377,0.3293068966863823,3.292190098257673e-7,3.512590608096937e-7,2519,0,0,2.522010128554733,0.4996126433050083,Inf,Inf
