seed,dimension,time,fw_time,primal,dual_gap,iterations
3,160000,3602.363305843,3602.121167628,0.3295296577397942,2.755097689441724e-7,4729
