seed,dimension,time,fw_time,primal,dual_gap,smallest_dual_gap,iterations,iter_not_converging,fallback_helped,average_iter,std_iter,average_gap,std_gap
4,40000,1022.250555521,1022.18571142,0.3247409559477013,9.857752272801612e-8,9.857752273148557e-8,12649,0,0,2.497864077669903,0.5000148562447203,Inf,Inf
