seed,dimension,time,fw_time,primal,dual_gap,smallest_dual_gap,iterations,iter_not_converging,fallback_helped,average_iter,std_iter,average_gap,std_gap
4,810000,3621.350990965,3620.515092671,0.33137458137458176,5.016190149542861e-7,5.258351586301044e-7,622,1,1,2.719435736677116,0.44962743493213136,0.0002606102216343229,1.0
