seed,dimension,time,fw_time,primal,dual_gap,smallest_dual_gap,iterations,iter_not_converging,fallback_helped,average_iter,std_iter,average_gap,std_gap
1,640000,3615.577501601,3614.877153884,0.3310297175661211,5.641184654004566e-7,5.665113038872717e-7,745,0,0,2.6941176470588237,0.4610816008967999,Inf,Inf
