seed,dimension,time,fw_time,primal,dual_gap,smallest_dual_gap,iterations,iter_not_converging,fallback_helped,average_iter,std_iter,average_gap,std_gap
2,490000,3610.279138248,3609.764269275,0.3306004222600899,5.160034388120537e-7,5.153815519107034e-7,1032,0,0,2.632751937984496,0.48228861981115045,Inf,Inf
