seed,dimension,time,fw_time,primal,dual_gap,iterations
1,250000,3605.920927521,3605.260777263,0.3293068963511258,3.2435789032924864e-7,2608
