seed,dimension,time,fw_time,primal,dual_gap,smallest_dual_gap,iterations,iter_not_converging,fallback_helped,average_iter,std_iter,average_gap,std_gap
5,160000,3602.687318741,3602.42850475,0.32913802781585766,2.202239169270953e-7,2.1906894950504685e-7,4817,0,0,2.440523147187046,0.4965014398252689,Inf,Inf
