seed,dimension,time,fw_time,primal,dual_gap,smallest_dual_gap,iterations,iter_not_converging,fallback_helped,average_iter,std_iter,average_gap,std_gap
1,250000,3605.943680067,3605.549101939,0.32930689674437597,3.7616345117648733e-7,3.767509837919285e-7,2507,0,0,2.5137614678899083,0.4999102989600276,Inf,Inf
