seed,dimension,time,fw_time,primal,dual_gap,smallest_dual_gap,iterations,iter_not_converging,fallback_helped,average_iter,std_iter,average_gap,std_gap
4,360000,3607.718144102,3607.280835413,0.3303796464027396,4.17092353008873e-7,4.175191657624158e-7,1633,0,0,2.5622754491017963,0.4962552116068728,Inf,Inf
