seed,dimension,time,fw_time,primal,dual_gap,smallest_dual_gap,iterations
4,640000,3618.87011156,3618.085564779,0.3309701797722015,4.815003516673091e-7,4.744524585696165e-7,807
