seed,dimension,time,fw_time,primal,dual_gap,smallest_dual_gap,iterations,iter_not_converging,fallback_helped,average_iter,std_iter,average_gap,std_gap
4,810000,3622.131189128,3621.580777492,0.3313745823412282,5.887388532812253e-7,5.855388174329408e-7,592,0,0,2.7347972972972974,0.44181439410921286,Inf,Inf
