seed,dimension,time,fw_time,primal,dual_gap,smallest_dual_gap,iterations,iter_not_converging,fallback_helped,average_iter,std_iter,average_gap,std_gap
3,90000,2960.198010473,2960.045750133,0.3278237724594213,9.986095488110497e-8,9.986095488023761e-8,9442,0,0,2.440058632603916,0.4964200179869792,Inf,Inf
