seed,dimension,time,fw_time,primal,dual_gap,smallest_dual_gap,iterations,iter_not_converging,fallback_helped,average_iter,std_iter,average_gap,std_gap
5,640000,3618.322091161,3617.722487568,0.33077950983841303,4.511279969154208e-7,4.471117664686837e-7,814,1,1,2.6646706586826348,0.4723884213873544,0.0004502335068571268,1.0
