seed,dimension,time,fw_time,primal,dual_gap,smallest_dual_gap,iterations,iter_not_converging,fallback_helped,average_iter,std_iter,average_gap,std_gap
4,360000,3608.856456354,3608.371241322,0.33037964744565457,3.9284856670354987e-7,3.8515036801306177e-7,1422,0,0,2.6160337552742616,0.48652094012413577,Inf,Inf
