seed,dimension,time,fw_time,primal,dual_gap,smallest_dual_gap,iterations,iter_not_converging,fallback_helped,average_iter,std_iter,average_gap,std_gap
3,810000,3620.92771931,3620.030998576,0.3313875701601474,5.290832131897918e-7,5.543331956753099e-7,630,0,0,2.6996904024767803,0.45874776991705246,Inf,Inf
