seed,dimension,time,fw_time,primal,dual_gap,smallest_dual_gap,iterations,iter_not_converging,fallback_helped,average_iter,std_iter,average_gap,std_gap
1,10000,107.515396805,107.483498637,0.31826945972324716,9.850779022352318e-8,9.850779022352318e-8,11318,0,0,2.6501723071485377,0.47693645055933104,Inf,Inf
