seed,dimension,time,fw_time,primal,dual_gap,smallest_dual_gap,iterations,iter_not_converging,fallback_helped,average_iter,std_iter,average_gap,std_gap
1,810000,3620.186351266,3619.285417437,0.3312194825382002,5.337528523078824e-7,5.286686077499679e-7,622,0,0,2.72508038585209,0.4468330967979586,Inf,Inf
