seed,dimension,time,fw_time,primal,dual_gap,smallest_dual_gap,iterations,iter_not_converging,fallback_helped,average_iter,std_iter,average_gap,std_gap
1,90000,2947.311326252,2947.14977866,0.32760325053113104,9.943110809620265e-8,9.943110809707001e-8,9579,0,0,2.388912090206724,0.4875287601233072,Inf,Inf
