seed,dimension,time,fw_time,primal,dual_gap,smallest_dual_gap,iterations,iter_not_converging,fallback_helped,average_iter,std_iter,average_gap,std_gap
2,360000,3608.425779879,3607.915424832,0.33044848842771557,4.5422953997295915e-7,4.541517234176763e-7,1483,0,0,2.597437626432906,0.4905794468218425,Inf,Inf
