seed,dimension,time,fw_time,primal,dual_gap,smallest_dual_gap,iterations
2,160000,3601.990065609,3601.742388474,0.32864421519948367,2.741423684865518e-7,2.725766396986101e-7,4873
