seed,dimension,time,fw_time,primal,dual_gap,smallest_dual_gap,iterations,iter_not_converging,fallback_helped,average_iter,std_iter,average_gap,std_gap
5,40000,913.663438145,913.600361761,0.32527021110687854,9.925708106817144e-8,9.925708106817144e-8,11367,1,1,2.508522727272727,0.49994887814419675,0.0012645953720502286,1.0
