seed,dimension,time,fw_time,primal,dual_gap,smallest_dual_gap,iterations,iter_not_converging,fallback_helped,average_iter,std_iter,average_gap,std_gap
3,490000,3610.273165382,3609.762788079,0.33081651578887344,3.8501158922078435e-7,3.8248456387746446e-7,1149,0,0,2.6144473455178416,0.48693753763837877,Inf,Inf
