seed,dimension,time,fw_time,primal,dual_gap,smallest_dual_gap,iterations,iter_not_converging,fallback_helped,average_iter,std_iter,average_gap,std_gap
4,160000,3602.086213907,3601.815677742,0.32853834843666363,3.2409082040274484e-7,3.224252443975034e-7,4459,0,0,2.488226059654631,0.4999174153717639,Inf,Inf
