seed,dimension,time,fw_time,primal,dual_gap,iterations
1,90000,3602.021928524,3601.855610169,0.3276032497576315,1.6284843651608732e-7,11439
