seed,dimension,time,fw_time,primal,dual_gap,smallest_dual_gap,iterations,iter_not_converging,fallback_helped,average_iter,std_iter,average_gap,std_gap
4,490000,3613.06297427,3612.546563258,0.33030953709353505,3.9662307103807e-7,3.9022703790308685e-7,1158,1,1,2.6222596964586846,0.48502672423087756,0.00038607388441649253,1.0
