seed,dimension,time,fw_time,primal,dual_gap,smallest_dual_gap,iterations,iter_not_converging,fallback_helped,average_iter,std_iter,average_gap,std_gap
4,490000,3613.431506734,3613.128996794,0.33030953873556934,5.507577222575374e-7,5.487296092336613e-7,1020,0,0,2.6509803921568627,0.4768940025870291,Inf,Inf
