seed,dimension,time,fw_time,primal,dual_gap,smallest_dual_gap,iterations,iter_not_converging,fallback_helped,average_iter,std_iter,average_gap,std_gap
2,490000,3609.556719356,3609.02991003,0.3306004225945794,5.180903882265504e-7,5.183832606477437e-7,989,0,0,2.6541871921182265,0.47586701152350236,Inf,Inf
