seed,dimension,time,fw_time,primal,dual_gap,smallest_dual_gap,iterations,iter_not_converging,fallback_helped,average_iter,std_iter,average_gap,std_gap
3,10000,108.72847177,108.714648296,0.3183632766585858,9.927347446175849e-8,9.927347445828905e-8,11083,0,0,2.6586356253383867,0.4741888110090303,Inf,Inf
