seed,dimension,time,fw_time,primal,dual_gap,smallest_dual_gap,iterations,iter_not_converging,fallback_helped,average_iter,std_iter,average_gap,std_gap
3,360000,3609.507875917,3609.268200729,0.33043932063202264,4.4386626810903954e-7,4.4380687664116736e-7,1477,0,0,2.6066350710900474,0.488662086059315,Inf,Inf
