seed,dimension,time,fw_time,primal,dual_gap,smallest_dual_gap,iterations,iter_not_converging,fallback_helped,average_iter,std_iter,average_gap,std_gap
3,40000,933.867744803,933.799002926,0.3255535400210152,9.941321028883454e-8,9.941321029403871e-8,11595,0,0,2.488663282571912,0.49989260881273223,Inf,Inf
