seed,dimension,time,fw_time,primal,dual_gap,smallest_dual_gap,iterations,iter_not_converging,fallback_helped,average_iter,std_iter,average_gap,std_gap
5,1000000,3637.865782208,3636.708823988,0.33110306813827944,5.669800607378817e-7,5.588843456025023e-7,479,0,0,2.7640918580375784,0.42500893408834206,Inf,Inf
