seed,dimension,time,fw_time,primal,dual_gap,smallest_dual_gap,iterations,iter_not_converging,fallback_helped,average_iter,std_iter,average_gap,std_gap
5,810000,3619.092791317,3618.11574339,0.33094213261382993,6.464057283406613e-7,6.466003217731747e-7,548,0,0,2.7262773722627736,0.4462756828253129,Inf,Inf
