seed,dimension,time,fw_time,primal,dual_gap,smallest_dual_gap,iterations,iter_not_converging,fallback_helped,average_iter,std_iter,average_gap,std_gap
4,640000,3623.164235962,3622.387760315,0.33097018095761394,4.983834849012041e-7,5.116558345736287e-7,715,0,0,2.716083916083916,0.4512122404649803,Inf,Inf
