seed,dimension,time,fw_time,primal,dual_gap,smallest_dual_gap,iterations,iter_not_converging,fallback_helped,average_iter,std_iter,average_gap,std_gap
5,90000,2776.128845242,2775.983825322,0.32792627938793706,9.969278913241758e-8,9.969278913241758e-8,9873,0,0,2.4137965964343597,0.4925378636352122,Inf,Inf
