seed,dimension,time,fw_time,primal,dual_gap,smallest_dual_gap,iterations,iter_not_converging,fallback_helped,average_iter,std_iter,average_gap,std_gap
1,250000,3605.907287366,3605.510280593,0.3293068968212511,3.556236453194743e-7,3.5498423385602745e-7,2476,0,0,2.5193861066235863,0.4997249614778792,Inf,Inf
