seed,dimension,time,fw_time,primal,dual_gap,smallest_dual_gap,iterations,iter_not_converging,fallback_helped,average_iter,std_iter,average_gap,std_gap
3,40000,1129.744073296,1129.668351277,0.3255535400251551,9.955867909770821e-8,9.955867909770821e-8,11635,0,0,2.479284854736118,0.49959217013069074,Inf,Inf
