seed,dimension,time,fw_time,primal,dual_gap,iterations
2,640000,3616.050086081,3615.142952843,0.3306902621519198,5.085842073250697e-7,814
