seed,dimension,time,fw_time,primal,dual_gap,smallest_dual_gap,iterations,iter_not_converging,fallback_helped,average_iter,std_iter,average_gap,std_gap
5,640000,3614.170755205,3613.750908001,0.3307795103700658,4.6918613198863174e-7,4.894139129909061e-7,796,0,0,2.6733668341708543,0.46927667729668715,Inf,Inf
