seed,dimension,time,fw_time,primal,dual_gap,smallest_dual_gap,iterations,iter_not_converging,fallback_helped,average_iter,std_iter,average_gap,std_gap
1,10000,108.495653742,108.465182235,0.3182694597404359,9.931352334263677e-8,9.931352334263677e-8,11285,2,2,2.6859127934834692,0.46416983877427465,1.2094810282836485e-5,823050.5515241578
