seed,dimension,time,fw_time,primal,dual_gap,smallest_dual_gap,iterations,iter_not_converging,fallback_helped,average_iter,std_iter,average_gap,std_gap
1,10000,110.260963605,110.22940442,0.31826945973087695,1.058954394589362e-7,9.896376257714778e-8,11334,0,0,2.678847225539368,0.4669379270236437,Inf,Inf
