seed,dimension,time,fw_time,primal,dual_gap,smallest_dual_gap,iterations,iter_not_converging,fallback_helped,average_iter,std_iter,average_gap,std_gap
5,490000,3613.555206614,3612.977778092,0.33061544010855903,4.5694874578790234e-7,4.532376531498489e-7,1017,0,0,2.623402163225172,0.484771060215116,Inf,Inf
