seed,dimension,time,fw_time,primal,dual_gap,smallest_dual_gap,iterations
5,1000000,3634.107853107,3633.023684931,0.33110306801218553,5.70989026694611e-7,5.648272955239599e-7,483
