seed,dimension,time,fw_time,primal,dual_gap,smallest_dual_gap,iterations,iter_not_converging,fallback_helped,average_iter,std_iter,average_gap,std_gap
3,360000,3609.28426167,3608.837772988,0.33043932008024857,3.812999466077348e-7,3.7596099762343335e-7,1533,0,0,2.5864318330071754,0.49263358324528544,Inf,Inf
