seed,dimension,time,fw_time,primal,dual_gap,smallest_dual_gap,iterations,iter_not_converging,fallback_helped,average_iter,std_iter,average_gap,std_gap
4,250000,3604.229449477,3604.134208125,0.3296112673869366,3.4746340570003184e-7,3.47189907139861e-7,2580,0,0,2.531395348837209,0.4991100947472708,Inf,Inf
