seed,dimension,time,fw_time,primal,dual_gap,smallest_dual_gap,iterations,iter_not_converging,fallback_helped,average_iter,std_iter,average_gap,std_gap
5,360000,3607.858263783,3607.290050727,0.33014026656738354,3.8666489181500563e-7,3.8817246139546263e-7,1624,0,0,2.5765060240963855,0.49426105787649105,Inf,Inf
