seed,dimension,time,fw_time,primal,dual_gap,smallest_dual_gap,iterations
5,360000,3607.247475887,3606.7652277,0.33014026647404354,3.9530685676074373e-7,3.952034712153933e-7,1648
