seed,dimension,time,fw_time,primal,dual_gap,smallest_dual_gap,iterations,iter_not_converging,fallback_helped,average_iter,std_iter,average_gap,std_gap
1,640000,3622.952069585,3622.272126455,0.33102971725997515,4.57370372206143e-7,4.5181413023745454e-7,758,0,0,2.6754617414248023,0.46851121520421335,Inf,Inf
