seed,dimension,time,fw_time,primal,dual_gap,smallest_dual_gap,iterations,iter_not_converging,fallback_helped,average_iter,std_iter,average_gap,std_gap
1,250000,3606.652725238,3606.262351368,0.329306896685024,3.6437792258091004e-7,3.6245852461916014e-7,2502,0,0,2.5171862509992007,0.4998044364478335,Inf,Inf
