seed,dimension,time,fw_time,primal,dual_gap,smallest_dual_gap,iterations,iter_not_converging,fallback_helped,average_iter,std_iter,average_gap,std_gap
3,810000,3619.674701618,3618.703818325,0.3313875702497136,5.403931012089649e-7,5.708564452724246e-7,628,0,0,2.698289269051322,0.45935773630172355,Inf,Inf
