seed,dimension,time,fw_time,primal,dual_gap,smallest_dual_gap,iterations,iter_not_converging,fallback_helped,average_iter,std_iter,average_gap,std_gap
5,640000,3616.989844901,3616.161149878,0.3307795109527701,5.786776949567862e-7,5.796825345572021e-7,747,0,0,2.673360107095047,0.4692985269681397,Inf,Inf
