seed,dimension,time,fw_time,primal,dual_gap,smallest_dual_gap,iterations,iter_not_converging,fallback_helped,average_iter,std_iter,average_gap,std_gap
5,160000,3602.569859718,3602.312861596,0.3291380281942168,2.561288390944688e-7,2.53654705272173e-7,4500,0,0,2.4748248686514884,0.4994204786711058,Inf,Inf
