seed,dimension,time,fw_time,primal,dual_gap,smallest_dual_gap,iterations,iter_not_converging,fallback_helped,average_iter,std_iter,average_gap,std_gap
3,360000,3609.918258818,3609.46481972,0.33043932090780054,4.6424308538552117e-7,4.638198792920878e-7,1406,0,0,2.6066856330014225,0.4886594015381182,Inf,Inf
