seed,dimension,time,fw_time,primal,dual_gap,iterations
5,1000000,3629.349350609,3628.254773262,0.3311030680432274,5.503846666633089e-7,480
