seed,dimension,time,fw_time,primal,dual_gap,smallest_dual_gap,iterations,iter_not_converging,fallback_helped,average_iter,std_iter,average_gap,std_gap
4,90000,2666.845706173,2666.678665803,0.32731901811809133,9.995331910154365e-8,9.995331910154365e-8,8342,0,0,2.407319673101978,0.4913643794095768,Inf,Inf
