seed,dimension,time,fw_time,primal,dual_gap,smallest_dual_gap,iterations,iter_not_converging,fallback_helped,average_iter,std_iter,average_gap,std_gap
2,640000,3614.203032071,3613.434033463,0.330690263469439,6.1402967142625e-7,6.135971345956788e-7,730,0,0,2.6684931506849314,0.47107754141076363,Inf,Inf
