seed,dimension,time,fw_time,primal,dual_gap,smallest_dual_gap,iterations,iter_not_converging,fallback_helped,average_iter,std_iter,average_gap,std_gap
4,360000,3607.035909588,3606.579400772,0.33037964677120163,4.023223343866539e-7,4.0061836148940974e-7,1554,0,0,2.5675675675675675,0.4955730650969491,Inf,Inf
