seed,dimension,time,fw_time,primal,dual_gap,smallest_dual_gap,iterations,iter_not_converging,fallback_helped,average_iter,std_iter,average_gap,std_gap
4,40000,1083.102567364,1083.037504599,0.3247409557415104,9.87314831488173e-8,9.87314831488173e-8,13207,0,0,2.473345449038316,0.4993079343781162,Inf,Inf
