seed,dimension,time,fw_time,primal,dual_gap,smallest_dual_gap,iterations,iter_not_converging,fallback_helped,average_iter,std_iter,average_gap,std_gap
1,810000,3621.533543989,3620.556394512,0.33121948363760345,6.570300194242741e-7,6.554292206911207e-7,572,0,0,2.734265734265734,0.44211003299590695,Inf,Inf
