seed,dimension,time,fw_time,primal,dual_gap,smallest_dual_gap,iterations,iter_not_converging,fallback_helped,average_iter,std_iter,average_gap,std_gap
2,810000,3623.664174253,3623.108077291,0.33086156446426745,6.22993053875278e-7,6.162742797388363e-7,545,0,0,2.7174311926605506,0.45066210210669955,Inf,Inf
