seed,dimension,time,fw_time,primal,dual_gap,smallest_dual_gap,iterations,iter_not_converging,fallback_helped,average_iter,std_iter,average_gap,std_gap
1,90000,2972.649883014,2972.600855069,0.327603250631805,9.953186645185463e-8,9.953186645185463e-8,9436,0,0,2.401165871754107,0.49016046307756855,Inf,Inf
