seed,dimension,time,fw_time,primal,dual_gap,smallest_dual_gap,iterations,iter_not_converging,fallback_helped,average_iter,std_iter,average_gap,std_gap
4,160000,3602.365046466,3602.115375947,0.32853834771121804,2.614901504051706e-7,2.5801135098216244e-7,4840,0,0,2.465158924205379,0.49883544349004255,Inf,Inf
