seed,dimension,time,fw_time,primal,dual_gap,iterations
1,1000000,3632.937111927,3631.528760901,0.3312575098973345,5.391536278933143e-7,527
