seed,dimension,time,fw_time,primal,dual_gap,smallest_dual_gap,iterations,iter_not_converging,fallback_helped,average_iter,std_iter,average_gap,std_gap
4,250000,3605.258961991,3605.149226358,0.32961126799095014,3.421348467864786e-7,3.4080874301975136e-7,2376,0,0,2.5597643097643097,0.49651987526380703,Inf,Inf
