seed,dimension,time,fw_time,primal,dual_gap,smallest_dual_gap,iterations,iter_not_converging,fallback_helped,average_iter,std_iter,average_gap,std_gap
2,360000,3609.437522296,3609.000176734,0.330448489157557,3.9590538246326787e-7,4.174241450549676e-7,1356,0,0,2.637905604719764,0.4807832262466637,Inf,Inf
