seed,dimension,time,fw_time,primal,dual_gap,iterations
5,40000,1481.674170578,1481.611491235,0.3252702095590361,9.757809506759363e-8,18124
