seed,dimension,time,fw_time,primal,dual_gap,smallest_dual_gap,iterations,iter_not_converging,fallback_helped,average_iter,std_iter,average_gap,std_gap
4,160000,3602.255046168,3601.983804499,0.3285383484962697,3.1096963277847667e-7,3.100023074145697e-7,4422,0,0,2.491406603346902,0.49998268482282254,Inf,Inf
