seed,dimension,time,fw_time,primal,dual_gap,iterations
3,360000,3607.50396208,3607.092377609,0.3304393196299937,3.599735419078029e-7,1607
