seed,dimension,time,fw_time,primal,dual_gap,smallest_dual_gap,iterations,iter_not_converging,fallback_helped,average_iter,std_iter,average_gap,std_gap
4,360000,3607.217212325,3607.053279131,0.33037964729207475,4.5075448554037986e-7,4.4848526388691426e-7,1501,0,0,2.5956029313790805,0.49093854289316885,Inf,Inf
