seed,dimension,time,fw_time,primal,dual_gap,smallest_dual_gap,iterations,iter_not_converging,fallback_helped,average_iter,std_iter,average_gap,std_gap
4,810000,3623.473338195,3622.613619738,0.33137458185756774,5.645143722403205e-7,5.599163667431399e-7,607,0,0,2.7100494233937398,0.45411339382469995,Inf,Inf
