seed,dimension,time,fw_time,primal,dual_gap,smallest_dual_gap,iterations,iter_not_converging,fallback_helped,average_iter,std_iter,average_gap,std_gap
5,1000000,3634.946869542,3633.861733376,0.3311030680225733,5.648272955246104e-7,5.581188785906775e-7,482,0,0,2.7614107883817427,0.42666389627238127,Inf,Inf
