seed,dimension,time,fw_time,primal,dual_gap,smallest_dual_gap,iterations,iter_not_converging,fallback_helped,average_iter,std_iter,average_gap,std_gap
5,1000000,3631.175239618,3629.998041455,0.33110306824743435,5.785536950889038e-7,5.691258803857194e-7,475,0,0,2.7663934426229506,0.4235589228275209,Inf,Inf
