seed,dimension,time,fw_time,primal,dual_gap,smallest_dual_gap,iterations,iter_not_converging,fallback_helped,average_iter,std_iter,average_gap,std_gap
3,10000,128.611246304,128.597120349,0.318363276625228,9.974562720227453e-8,9.974562720227453e-8,11276,0,0,2.6521507760532153,0.47630899936646176,Inf,Inf
