seed,dimension,time,fw_time,primal,dual_gap,smallest_dual_gap,iterations,iter_not_converging,fallback_helped,average_iter,std_iter,average_gap,std_gap
5,360000,3607.665324274,3607.085664179,0.33014026697394183,4.2612337642668197e-7,4.2468242128718484e-7,1559,0,0,2.5777917189460475,0.4940663783555806,Inf,Inf
