seed,dimension,time,fw_time,primal,dual_gap,smallest_dual_gap,iterations,iter_not_converging,fallback_helped,average_iter,std_iter,average_gap,std_gap
3,160000,3602.50897839,3602.452539788,0.3295296578982733,2.6088450714566863e-7,2.6021794495480893e-7,4666,0,0,2.4697813973424774,0.4991394903968111,Inf,Inf
