seed,dimension,time,fw_time,primal,dual_gap,smallest_dual_gap,iterations,iter_not_converging,fallback_helped,average_iter,std_iter,average_gap,std_gap
1,360000,3608.2207601,3607.69674651,0.3297990229895259,4.2981101488212894e-7,4.291549561565543e-7,1506,0,0,2.5803452855245683,0.49366634356798034,Inf,Inf
