seed,dimension,time,fw_time,primal,dual_gap,smallest_dual_gap,iterations
3,250000,3604.105947812,3603.747592811,0.33016113750640397,3.2037559420531117e-7,3.1932899017227123e-7,2441
