seed,dimension,time,fw_time,primal,dual_gap,smallest_dual_gap,iterations,iter_not_converging,fallback_helped,average_iter,std_iter,average_gap,std_gap
5,40000,937.355505007,937.295901368,0.32527021103832066,9.982006580165625e-8,9.982006580165625e-8,11483,0,0,2.495471172269639,0.5000012630380373,Inf,Inf
