seed,dimension,time,fw_time,primal,dual_gap,smallest_dual_gap,iterations
5,160000,3602.109843726,3601.845555972,0.32913802777171425,2.1430352897117144e-7,2.10434037515618e-7,4841
