seed,dimension,time,fw_time,primal,dual_gap,smallest_dual_gap,iterations
1,40000,978.432762184,978.3479353,0.3258873502388181,9.794600186810443e-8,9.794600186810443e-8,11723
