seed,dimension,time,fw_time,primal,dual_gap,smallest_dual_gap,iterations,iter_not_converging,fallback_helped,average_iter,std_iter,average_gap,std_gap
5,40000,911.887018732,911.822416033,0.32527021110687854,9.925708106817144e-8,9.925708106817144e-8,11367,0,0,2.508522727272727,0.49994887814419675,Inf,Inf
