seed,dimension,time,fw_time,primal,dual_gap,smallest_dual_gap,iterations,iter_not_converging,fallback_helped,average_iter,std_iter,average_gap,std_gap
1,250000,3606.418686259,3606.044414736,0.329306896344775,3.2795879463098226e-7,3.291726153563379e-7,2611,0,0,2.5142857142857142,0.4998898497913927,Inf,Inf
