seed,dimension,time,fw_time,primal,dual_gap,smallest_dual_gap,iterations,iter_not_converging,fallback_helped,average_iter,std_iter,average_gap,std_gap
5,10000,97.246692693,97.234918119,0.31698352326504464,9.570681485868149e-8,9.570681486215094e-8,10560,0,0,2.654986267638981,0.4753952675909686,Inf,Inf
