seed,dimension,time,fw_time,primal,dual_gap,iterations
5,490000,3611.58785131,3611.024382137,0.33061544024434614,5.095313879463319e-7,1013
