seed,dimension,time,fw_time,primal,dual_gap,smallest_dual_gap,iterations,iter_not_converging,fallback_helped,average_iter,std_iter,average_gap,std_gap
5,10000,99.289179768,99.277028356,0.31698352328181445,9.561244786182588e-8,9.561244785488698e-8,10482,0,0,2.704427194404163,0.4563192790958198,Inf,Inf
