seed,dimension,time,fw_time,primal,dual_gap,smallest_dual_gap,iterations,iter_not_converging,fallback_helped,average_iter,std_iter,average_gap,std_gap
4,490000,3614.355370251,3614.064001589,0.330309538269367,4.613079872509314e-7,4.551762929254702e-7,1058,0,0,2.6408317580340266,0.4799835104910986,Inf,Inf
