seed,dimension,time,fw_time,primal,dual_gap,smallest_dual_gap,iterations,iter_not_converging,fallback_helped,average_iter,std_iter,average_gap,std_gap
5,490000,3613.733551234,3613.234748342,0.3306154402230761,5.108187984851839e-7,5.11219743723132e-7,1016,0,0,2.62607861936721,0.48407525226882697,Inf,Inf
