seed,dimension,time,fw_time,primal,dual_gap,iterations
5,640000,3616.596965742,3615.971778659,0.3307795096419582,4.868434189965985e-7,842
