seed,dimension,time,fw_time,primal,dual_gap,smallest_dual_gap,iterations,iter_not_converging,fallback_helped,average_iter,std_iter,average_gap,std_gap
3,640000,3617.077228781,3616.445411126,0.33119397730781597,5.392906144217717e-7,5.402402327193967e-7,774,0,0,2.6712846347607053,0.470042376443487,Inf,Inf
