seed,dimension,time,fw_time,primal,dual_gap,smallest_dual_gap,iterations,iter_not_converging,fallback_helped,average_iter,std_iter,average_gap,std_gap
4,10000,87.123894011,87.111774451,0.3156908608309169,1.0568610900665854e-7,9.785245298418732e-8,9496,0,0,2.6330033698399324,0.48201096479590844,Inf,Inf
