seed,dimension,time,fw_time,primal,dual_gap,smallest_dual_gap,iterations,iter_not_converging,fallback_helped,average_iter,std_iter,average_gap,std_gap
1,1000000,3629.195212727,3628.08626481,0.3312575098141559,5.186253390467369e-7,5.139529265839413e-7,529,0,0,2.716446124763705,0.45114945516843974,Inf,Inf
