seed,dimension,time,fw_time,primal,dual_gap,iterations
2,160000,3602.90025767,3602.653355394,0.3286442152146509,2.7903602153184215e-7,4861
