seed,dimension,time,fw_time,primal,dual_gap,smallest_dual_gap,iterations,iter_not_converging,fallback_helped,average_iter,std_iter,average_gap,std_gap
1,360000,3615.294262778,3614.786274918,0.32979902315136844,3.7933828624494084e-7,3.962783302041001e-7,1468,1,1,2.600798403193613,0.4898972975307593,0.0006026233639697428,1.0
