seed,dimension,time,fw_time,primal,dual_gap,smallest_dual_gap,iterations,iter_not_converging,fallback_helped,average_iter,std_iter,average_gap,std_gap
3,40000,934.685344466,934.614362944,0.3255535400210152,9.941321028883454e-8,9.941321029403871e-8,11595,1,1,2.488663282571912,0.49989260881273223,0.0010631759656450608,1.0
