seed,dimension,time,fw_time,primal,dual_gap,smallest_dual_gap,iterations,iter_not_converging,fallback_helped,average_iter,std_iter,average_gap,std_gap
3,640000,3615.025427206,3614.375327637,0.3311939772669686,5.274300517409125e-7,5.317359534498869e-7,777,0,0,2.667953667953668,0.4712508666240032,Inf,Inf
