seed,dimension,time,fw_time,primal,dual_gap,smallest_dual_gap,iterations,iter_not_converging,fallback_helped,average_iter,std_iter,average_gap,std_gap
4,160000,3602.380046864,3602.325942337,0.3285383486440799,3.188021688747475e-7,3.1778839520383434e-7,4360,0,0,2.503211009174312,0.5000470374460151,Inf,Inf
