seed,dimension,time,fw_time,primal,dual_gap,iterations
3,1000000,3621.57852012,3620.417724717,0.3313192378279524,5.869815704418e-7,510
