seed,dimension,time,fw_time,primal,dual_gap,smallest_dual_gap,iterations,iter_not_converging,fallback_helped,average_iter,std_iter,average_gap,std_gap
4,1000000,3629.436968068,3628.167403387,0.33173961374669697,6.786347909800306e-7,6.784543435914454e-7,479,0,0,2.7739307535641546,0.41871112648226,Inf,Inf
