seed,dimension,time,fw_time,primal,dual_gap,smallest_dual_gap,iterations,iter_not_converging,fallback_helped,average_iter,std_iter,average_gap,std_gap
4,810000,3625.879259623,3624.877098641,0.3313745827914218,5.84143272341995e-7,6.098812810836386e-7,555,0,0,2.7405405405405405,0.4387334861957252,Inf,Inf
