seed,dimension,time,fw_time,primal,dual_gap,smallest_dual_gap,iterations,iter_not_converging,fallback_helped,average_iter,std_iter,average_gap,std_gap
3,490000,3612.125385296,3611.594644932,0.33081651632909015,4.864971444194441e-7,4.856752302035035e-7,1099,0,0,2.625222024866785,0.48428062984071374,Inf,Inf
