seed,dimension,time,fw_time,primal,dual_gap,smallest_dual_gap,iterations,iter_not_converging,fallback_helped,average_iter,std_iter,average_gap,std_gap
1,810000,3624.993106964,3624.118264922,0.3312194823202647,5.611790925437975e-7,5.634502028024208e-7,642,0,0,2.716236722306525,0.4511657764715196,Inf,Inf
