seed,dimension,time,fw_time,primal,dual_gap,smallest_dual_gap,iterations,iter_not_converging,fallback_helped,average_iter,std_iter,average_gap,std_gap
3,640000,3613.532754382,3612.802980197,0.3311939773063367,5.374485044832254e-7,5.369113715006021e-7,773,0,0,2.6701164294954722,0.470475023869115,Inf,Inf
