seed,dimension,time,fw_time,primal,dual_gap,smallest_dual_gap,iterations,iter_not_converging,fallback_helped,average_iter,std_iter,average_gap,std_gap
3,1000000,3629.262964885,3628.075953424,0.3313192378279524,5.869815704418e-7,5.89090728058371e-7,510,0,0,2.739463601532567,0.43934834357573616,Inf,Inf
