seed,dimension,time,fw_time,primal,dual_gap,smallest_dual_gap,iterations,iter_not_converging,fallback_helped,average_iter,std_iter,average_gap,std_gap
4,250000,3605.259446022,3604.920623343,0.3296112673031368,3.2531190939915494e-7,3.2373013722324095e-7,2547,0,0,2.533487297921478,0.49897338004485675,Inf,Inf
