seed,dimension,time,fw_time,primal,dual_gap,smallest_dual_gap,iterations,iter_not_converging,fallback_helped,average_iter,std_iter,average_gap,std_gap
1,250000,3605.617056637,3605.230366963,0.3293068964934853,3.2081675123765696e-7,3.1779152848436173e-7,2561,0,0,2.5107379929714955,0.4999823064030634,Inf,Inf
