seed,dimension,time,fw_time,primal,dual_gap,smallest_dual_gap,iterations,iter_not_converging,fallback_helped,average_iter,std_iter,average_gap,std_gap
1,160000,3605.24543073,3604.94601444,0.3286832532494856,2.778003917024846e-7,2.746586439646495e-7,4750,0,0,2.5039451827242525,0.5000363520592628,Inf,Inf
