seed,dimension,time,fw_time,primal,dual_gap,smallest_dual_gap,iterations,iter_not_converging,fallback_helped,average_iter,std_iter,average_gap,std_gap
2,490000,3612.085580303,3611.493716041,0.33060042302674575,4.814473448335778e-7,4.995782376224396e-7,948,1,1,2.6649537512846866,0.47224937059086136,0.00037171596934193333,1.0
