seed,dimension,time,fw_time,primal,dual_gap,smallest_dual_gap,iterations,iter_not_converging,fallback_helped,average_iter,std_iter,average_gap,std_gap
1,1000000,3627.517418898,3626.269600206,0.33125751019006544,5.74363361565593e-7,5.717277016953348e-7,515,0,0,2.724857685009488,0.44701027183946446,Inf,Inf
