seed,dimension,time,fw_time,primal,dual_gap,smallest_dual_gap,iterations,iter_not_converging,fallback_helped,average_iter,std_iter,average_gap,std_gap
3,160000,3602.534782232,3602.294306235,0.3295296577028901,2.7577399626475124e-7,2.756245800154128e-7,4757,0,0,2.4572209375656926,0.49821896010771344,Inf,Inf
