seed,dimension,time,fw_time,primal,dual_gap,smallest_dual_gap,iterations,iter_not_converging,fallback_helped,average_iter,std_iter,average_gap,std_gap
3,250000,3604.881780639,3604.503611372,0.330161138288152,4.083725256387276e-7,4.0694516974162237e-7,2238,0,0,2.559874888293119,0.4965129927557681,Inf,Inf
