seed,dimension,time,fw_time,primal,dual_gap,smallest_dual_gap,iterations,iter_not_converging,fallback_helped,average_iter,std_iter,average_gap,std_gap
1,490000,3612.487167013,3611.941933081,0.3304231500956495,4.4351725775153283e-7,4.4014933760216923e-7,1038,0,0,2.617533718689788,0.48622380003669835,Inf,Inf
