seed,dimension,time,fw_time,primal,dual_gap,smallest_dual_gap,iterations,iter_not_converging,fallback_helped,average_iter,std_iter,average_gap,std_gap
3,640000,3616.552830684,3615.925879028,0.33119397731769457,5.402402327206977e-7,5.39080332582955e-7,773,0,0,2.670870113493064,0.4701937861052958,Inf,Inf
