seed,dimension,time,fw_time,primal,dual_gap,smallest_dual_gap,iterations
4,40000,1034.404217464,1034.342740253,0.3247409558845597,9.926949938975083e-8,9.926949938975083e-8,12816
