seed,dimension,time,fw_time,primal,dual_gap,smallest_dual_gap,iterations,iter_not_converging,fallback_helped,average_iter,std_iter,average_gap,std_gap
4,810000,3617.902766566,3617.0694211,0.33137458143833154,5.258351586301044e-7,5.197672619115974e-7,621,0,0,2.713365539452496,0.4525538036495242,Inf,Inf
