seed,dimension,time,fw_time,primal,dual_gap,smallest_dual_gap,iterations,iter_not_converging,fallback_helped,average_iter,std_iter,average_gap,std_gap
2,1000000,3633.217484288,3632.074077171,0.33085093464029675,5.786428867520736e-7,5.747105966812539e-7,488,0,0,2.7397540983606556,0.43921895044591086,Inf,Inf
