seed,dimension,time,fw_time,primal,dual_gap,smallest_dual_gap,iterations,iter_not_converging,fallback_helped,average_iter,std_iter,average_gap,std_gap
5,250000,3605.72721853,3605.323156053,0.3297996719696172,3.5682327288559523e-7,3.5459155549788166e-7,2302,0,0,2.5403996524761077,0.49847347690661176,Inf,Inf
