seed,dimension,time,fw_time,primal,dual_gap,smallest_dual_gap,iterations,iter_not_converging,fallback_helped,average_iter,std_iter,average_gap,std_gap
2,40000,892.290478396,892.230026011,0.3240959878297652,9.968977744863328e-8,9.968977745210272e-8,10934,0,0,2.4713253452849173,0.499199917473771,Inf,Inf
