seed,dimension,time,fw_time,primal,dual_gap,smallest_dual_gap,iterations,iter_not_converging,fallback_helped,average_iter,std_iter,average_gap,std_gap
5,360000,3606.710141614,3606.551894676,0.3301402673105076,4.241025455768016e-7,4.5290183368559833e-7,1533,0,0,2.598825831702544,0.49029609965561605,Inf,Inf
