seed,dimension,time,fw_time,primal,dual_gap,iterations
4,90000,3600.881718052,3600.720678245,0.32731901676794267,1.4683935615177057e-7,11789
