seed,dimension,time,fw_time,primal,dual_gap,smallest_dual_gap,iterations,iter_not_converging,fallback_helped,average_iter,std_iter,average_gap,std_gap
2,640000,3613.728034288,3613.047125957,0.3306902620835589,5.161433089882587e-7,5.136592889061833e-7,822,0,0,2.6338199513381997,0.4820528136707032,Inf,Inf
