seed,dimension,time,fw_time,primal,dual_gap,smallest_dual_gap,iterations,iter_not_converging,fallback_helped,average_iter,std_iter,average_gap,std_gap
2,810000,3628.157811029,3627.166070716,0.3308615639435996,5.524520821360672e-7,5.45974248907042e-7,546,0,0,2.7161172161172162,0.4512940994704261,Inf,Inf
