seed,dimension,time,fw_time,primal,dual_gap,smallest_dual_gap,iterations,iter_not_converging,fallback_helped,average_iter,std_iter,average_gap,std_gap
2,810000,3633.116819439,3632.54195323,0.3308615652434532,6.09661471473455e-7,6.034203536894184e-7,502,0,0,2.747011952191235,0.43515780038292495,Inf,Inf
