seed,dimension,time,fw_time,primal,dual_gap,smallest_dual_gap,iterations,iter_not_converging,fallback_helped,average_iter,std_iter,average_gap,std_gap
2,1000000,3628.350382596,3627.068470741,0.33085093607934,6.951837411817673e-7,6.90806601593482e-7,441,0,0,2.764172335600907,0.42499712005038753,Inf,Inf
