seed,dimension,time,fw_time,primal,dual_gap,iterations
2,40000,1518.479290226,1518.417300281,0.3240959861823791,9.749486928542495e-8,18212
