seed,dimension,time,fw_time,primal,dual_gap,smallest_dual_gap,iterations,iter_not_converging,fallback_helped,average_iter,std_iter,average_gap,std_gap
5,490000,3613.463789153,3613.208978157,0.33061544106491364,5.117510239629856e-7,5.063713969647755e-7,959,0,0,2.650677789363921,0.47700468023433795,Inf,Inf
