seed,dimension,time,fw_time,primal,dual_gap,smallest_dual_gap,iterations,iter_not_converging,fallback_helped,average_iter,std_iter,average_gap,std_gap
1,1000000,3636.791735117,3635.602672022,0.33125751026315403,5.462622727258129e-7,5.774887535836982e-7,508,0,0,2.7326923076923078,0.4429804267853103,Inf,Inf
