seed,dimension,time,fw_time,primal,dual_gap,smallest_dual_gap,iterations,iter_not_converging,fallback_helped,average_iter,std_iter,average_gap,std_gap
3,160000,3602.2373463,3601.959402682,0.329529658363597,3.0040300385680146e-7,3.006640981505562e-7,4315,0,0,2.4899188876013905,0.4999562965625781,Inf,Inf
