seed,dimension,time,fw_time,primal,dual_gap,smallest_dual_gap,iterations,iter_not_converging,fallback_helped,average_iter,std_iter,average_gap,std_gap
3,360000,3609.024963294,3608.56313177,0.33043931964147005,3.719106761858153e-7,3.683138088683702e-7,1612,0,0,2.5713399503722085,0.49503801414466203,Inf,Inf
