seed,dimension,time,fw_time,primal,dual_gap,smallest_dual_gap,iterations,iter_not_converging,fallback_helped,average_iter,std_iter,average_gap,std_gap
2,160000,3602.516124761,3602.192239468,0.3286442156319269,2.901410091540185e-7,2.908678262206199e-7,4518,0,0,2.4715500327011117,0.49924436562102364,Inf,Inf
