seed,dimension,time,fw_time,primal,dual_gap,smallest_dual_gap,iterations,iter_not_converging,fallback_helped,average_iter,std_iter,average_gap,std_gap
3,250000,3604.532914755,3604.170800073,0.3301611379048839,3.9358385455412134e-7,3.954450177555413e-7,2349,0,0,2.5461898680289483,0.4979679317372718,Inf,Inf
