seed,dimension,time,fw_time,primal,dual_gap,smallest_dual_gap,iterations
2,90000,2611.72166775,2611.577858914,0.32649481254223406,9.99627566651215e-8,9.99627566651215e-8,8891
