seed,dimension,time,fw_time,primal,dual_gap,iterations
4,250000,3605.48809561,3604.958527106,0.32961126725038925,3.380454475601126e-7,2594
