seed,dimension,time,fw_time,primal,dual_gap,smallest_dual_gap,iterations,iter_not_converging,fallback_helped,average_iter,std_iter,average_gap,std_gap
4,160000,3602.24727043,3602.200900098,0.32853834779073793,3.163000406366384e-7,3.1619832945636167e-7,4846,0,0,2.4729673957903424,0.49932022497475587,Inf,Inf
