seed,dimension,time,fw_time,primal,dual_gap,smallest_dual_gap,iterations,iter_not_converging,fallback_helped,average_iter,std_iter,average_gap,std_gap
2,360000,3607.209383773,3606.758127947,0.33044848862640375,4.351134451981327e-7,4.6803488064264126e-7,1454,0,0,2.595573440643863,0.4909453862573878,Inf,Inf
