seed,dimension,time,fw_time,primal,dual_gap,smallest_dual_gap,iterations
4,160000,3602.697905653,3602.451076015,0.32853834756460426,2.533620862789007e-7,2.6627094770487886e-7,4931
