seed,dimension,time,fw_time,primal,dual_gap,smallest_dual_gap,iterations,iter_not_converging,fallback_helped,average_iter,std_iter,average_gap,std_gap
3,490000,3615.59189114,3615.064475296,0.3308165168776708,4.394524008035326e-7,4.326527659982357e-7,1019,0,0,2.6526005888125614,0.47637775417780365,Inf,Inf
