seed,dimension,time,fw_time,primal,dual_gap,smallest_dual_gap,iterations,iter_not_converging,fallback_helped,average_iter,std_iter,average_gap,std_gap
1,10000,134.972046456,134.93451424,0.31826945972282444,9.478060097531382e-8,9.478060097531382e-8,11504,0,0,2.682148272284734,0.4656600811043242,Inf,Inf
