seed,dimension,time,fw_time,primal,dual_gap,smallest_dual_gap,iterations,iter_not_converging,fallback_helped,average_iter,std_iter,average_gap,std_gap
2,10000,108.705051888,108.693186906,0.320985931656195,9.842154590627983e-8,9.842154590627983e-8,11557,2,2,2.66447779862414,0.4721911517106143,5.604826008491502e-6,4.342288022917344e7
