seed,dimension,time,fw_time,primal,dual_gap,smallest_dual_gap,iterations,iter_not_converging,fallback_helped,average_iter,std_iter,average_gap,std_gap
5,90000,2916.996793342,2916.85002608,0.3279262794603726,9.973552112137185e-8,9.973552112137185e-8,9696,0,0,2.4256577605547625,0.49446755703603584,Inf,Inf
