seed,dimension,time,fw_time,primal,dual_gap,smallest_dual_gap,iterations
2,40000,932.925050024,932.866713686,0.3240959876663707,9.875631418188036e-8,9.875631418188036e-8,11332
