seed,dimension,time,fw_time,primal,dual_gap,smallest_dual_gap,iterations,iter_not_converging,fallback_helped,average_iter,std_iter,average_gap,std_gap
4,810000,3628.971026036,3627.763468863,0.33137458367932654,6.381644431525252e-7,6.356089655630039e-7,529,0,0,2.7580340264650283,0.4286791627751256,Inf,Inf
