seed,dimension,time,fw_time,primal,dual_gap,smallest_dual_gap,iterations,iter_not_converging,fallback_helped,average_iter,std_iter,average_gap,std_gap
1,90000,2962.286002597,2962.128009828,0.32760325053113104,9.943110809620265e-8,9.943110809707001e-8,9579,0,0,2.395809681081639,0.48904914072193867,Inf,Inf
