seed,dimension,time,fw_time,primal,dual_gap,smallest_dual_gap,iterations,iter_not_converging,fallback_helped,average_iter,std_iter,average_gap,std_gap
1,640000,3619.791215414,3619.124787983,0.3310297170700497,5.231557487456011e-7,5.232819598063009e-7,784,0,0,2.6619897959183674,0.4733340023717241,Inf,Inf
