seed,dimension,time,fw_time,primal,dual_gap,smallest_dual_gap,iterations,iter_not_converging,fallback_helped,average_iter,std_iter,average_gap,std_gap
1,160000,3604.181669203,3603.851603925,0.32868325430143436,3.5346380632562263e-7,3.5251758472455014e-7,4200,0,0,2.5295238095238095,0.4991870141239933,Inf,Inf
