seed,dimension,time,fw_time,primal,dual_gap,smallest_dual_gap,iterations,iter_not_converging,fallback_helped,average_iter,std_iter,average_gap,std_gap
1,1000000,3632.5631065,3631.41782335,0.33125751020091054,5.717277016959853e-7,5.680620838866956e-7,514,0,0,2.726235741444867,0.44631389075629335,Inf,Inf
