seed,dimension,time,fw_time,primal,dual_gap,smallest_dual_gap,iterations,iter_not_converging,fallback_helped,average_iter,std_iter,average_gap,std_gap
5,10000,98.296305256,98.283621067,0.3169835232823044,1.0359433354201197e-7,9.5389880914315e-8,10426,0,0,2.6674659505083445,0.47114376370989686,Inf,Inf
