seed,dimension,time,fw_time,primal,dual_gap,smallest_dual_gap,iterations,iter_not_converging,fallback_helped,average_iter,std_iter,average_gap,std_gap
2,40000,1042.033914149,1041.964241136,0.32409598770070686,9.99232721999449e-8,9.99232721999449e-8,11267,0,0,2.474253796474079,0.499358484325655,Inf,Inf
