seed,dimension,time,fw_time,primal,dual_gap,smallest_dual_gap,iterations,iter_not_converging,fallback_helped,average_iter,std_iter,average_gap,std_gap
1,40000,1144.382518982,1144.293321394,0.32588735034675775,9.928839202200113e-8,9.928839202200113e-8,11440,0,0,2.4615788093364803,0.4985434183860345,Inf,Inf
