seed,dimension,time,fw_time,primal,dual_gap,smallest_dual_gap,iterations,iter_not_converging,fallback_helped,average_iter,std_iter,average_gap,std_gap
4,640000,3618.708322609,3617.989351342,0.3309701797182615,4.717468356260461e-7,4.6386018012290267e-7,809,0,0,2.6674907292954266,0.47140379962677603,Inf,Inf
