seed,dimension,time,fw_time,primal,dual_gap,smallest_dual_gap,iterations,iter_not_converging,fallback_helped,average_iter,std_iter,average_gap,std_gap
4,640000,3618.692587143,3618.28423597,0.3309701809507872,5.050747533198903e-7,4.983834849012041e-7,734,0,0,2.7220708446866486,0.4482837551420432,Inf,Inf
