seed,dimension,time,fw_time,primal,dual_gap,smallest_dual_gap,iterations
1,810000,3619.140133677,3618.278571522,0.3312194823202647,5.611790925437975e-7,5.634502028024208e-7,642
