seed,dimension,time,fw_time,primal,dual_gap,smallest_dual_gap,iterations,iter_not_converging,fallback_helped,average_iter,std_iter,average_gap,std_gap
2,10000,111.85718287,111.845969087,0.3209859316267412,9.768302582438548e-8,9.768302582438548e-8,11657,0,0,2.627402196293754,0.48351705011546564,Inf,Inf
