seed,dimension,time,fw_time,primal,dual_gap,smallest_dual_gap,iterations,iter_not_converging,fallback_helped,average_iter,std_iter,average_gap,std_gap
5,490000,3611.187040425,3610.685335227,0.3306154406936083,5.561595323275333e-7,5.548493693416194e-7,979,1,1,2.634558093346574,0.48179314084794794,0.0005572234264695901,1.0
