seed,dimension,time,fw_time,primal,dual_gap,smallest_dual_gap,iterations,iter_not_converging,fallback_helped,average_iter,std_iter,average_gap,std_gap
2,1000000,3626.251602012,3625.435030072,0.33085093584127434,7.018910796450541e-7,7.007888552614579e-7,466,0,0,2.7510729613733904,0.43285613969994996,Inf,Inf
