seed,dimension,time,fw_time,primal,dual_gap,iterations
2,250000,3605.034399244,3604.633076452,0.3294905323365145,3.3084496437732133e-7,2497
