seed,dimension,time,fw_time,primal,dual_gap,smallest_dual_gap,iterations,iter_not_converging,fallback_helped,average_iter,std_iter,average_gap,std_gap
1,490000,3615.05171405,3614.485016013,0.33042315047340876,4.633920102545784e-7,4.594581678014041e-7,1006,0,0,2.640159045725646,0.48019230657748263,Inf,Inf
