seed,dimension,time,fw_time,primal,dual_gap,smallest_dual_gap,iterations,iter_not_converging,fallback_helped,average_iter,std_iter,average_gap,std_gap
2,640000,3614.520659647,3613.844874093,0.3306902622743844,4.6215390255618244e-7,4.557812269250644e-7,793,0,0,2.6582597730138713,0.4745923270315496,Inf,Inf
