seed,dimension,time,fw_time,primal,dual_gap,smallest_dual_gap,iterations,iter_not_converging,fallback_helped,average_iter,std_iter,average_gap,std_gap
3,90000,2799.944033228,2799.791782771,0.3278237726412306,9.87489141447001e-8,9.874891414816955e-8,9202,0,0,2.4453863710466255,0.4970354124654159,Inf,Inf
