seed,dimension,time,fw_time,primal,dual_gap,smallest_dual_gap,iterations,iter_not_converging,fallback_helped,average_iter,std_iter,average_gap,std_gap
4,160000,3602.510211105,3602.262637502,0.328538347562807,2.5969843276459764e-7,2.56833995758432e-7,4933,0,0,2.469085749037097,0.4990939838240965,Inf,Inf
