seed,dimension,time,fw_time,primal,dual_gap,smallest_dual_gap,iterations,iter_not_converging,fallback_helped,average_iter,std_iter,average_gap,std_gap
2,640000,3615.368460399,3614.684126795,0.3306902622803691,4.557812269250644e-7,4.492987449216182e-7,792,0,0,2.657828282828283,0.47473655565740036,Inf,Inf
