seed,dimension,time,fw_time,primal,dual_gap,smallest_dual_gap,iterations
3,490000,3611.603989453,3611.092758829,0.3308165157852873,3.8888277506098773e-7,3.8501158922078435e-7,1150
