seed,dimension,time,fw_time,primal,dual_gap,iterations
3,90000,3600.8413749,3600.688808174,0.32782377150637937,1.5268094113399938e-7,11642
