seed,dimension,time,fw_time,primal,dual_gap,smallest_dual_gap,iterations
5,250000,3605.09659587,3604.716568992,0.32979967150967926,3.1864036711915997e-7,3.1475146668354104e-7,2403
