seed,dimension,time,fw_time,primal,dual_gap,smallest_dual_gap,iterations,iter_not_converging,fallback_helped,average_iter,std_iter,average_gap,std_gap
3,250000,3604.703855031,3604.31975071,0.3301611379818686,3.848661512774118e-7,3.856652589220508e-7,2315,0,0,2.5520518358531317,0.49739066491392525,Inf,Inf
