seed,dimension,time,fw_time,primal,dual_gap,smallest_dual_gap,iterations,iter_not_converging,fallback_helped,average_iter,std_iter,average_gap,std_gap
5,1000000,3628.827160339,3627.528424252,0.3311030694763476,6.429881718465671e-7,6.413074620373934e-7,427,0,0,2.800936768149883,0.3997640891554206,Inf,Inf
