seed,dimension,time,fw_time,primal,dual_gap,smallest_dual_gap,iterations
2,250000,3605.227175513,3604.824002863,0.3294905323406756,3.300914914817002e-7,3.313855840981865e-7,2495
