seed,dimension,time,fw_time,primal,dual_gap,smallest_dual_gap,iterations,iter_not_converging,fallback_helped,average_iter,std_iter,average_gap,std_gap
4,160000,3602.73856641,3602.468262742,0.32853834875579524,3.1278578876883095e-7,3.1309602915689794e-7,4257,0,0,2.5123326286116985,0.49990660241361207,Inf,Inf
