seed,dimension,time,fw_time,primal,dual_gap,iterations
5,250000,3605.688266106,3605.310020146,0.32979967150614564,3.2710510826285816e-7,2405
