seed,dimension,time,fw_time,primal,dual_gap,smallest_dual_gap,iterations,iter_not_converging,fallback_helped,average_iter,std_iter,average_gap,std_gap
1,40000,965.667897063,965.587096755,0.32588735052857726,9.872774620056646e-8,9.872774620056646e-8,10994,0,0,2.488133476088508,0.4998814664815951,Inf,Inf
