seed,dimension,time,fw_time,primal,dual_gap,smallest_dual_gap,iterations,iter_not_converging,fallback_helped,average_iter,std_iter,average_gap,std_gap
1,1000000,3623.950080771,3622.833786632,0.3312575098973345,5.391536278933143e-7,5.328705695699116e-7,527,0,0,2.7203703703703703,0.4492333728021491,Inf,Inf
