seed,dimension,time,fw_time,primal,dual_gap,smallest_dual_gap,iterations,iter_not_converging,fallback_helped,average_iter,std_iter,average_gap,std_gap
2,250000,3604.744871744,3604.372895302,0.32949053244771936,2.897302685588368e-7,3.074529500361571e-7,2443,0,0,2.5178059762586984,0.4997851463164969,Inf,Inf
