seed,dimension,time,fw_time,primal,dual_gap,smallest_dual_gap,iterations,iter_not_converging,fallback_helped,average_iter,std_iter,average_gap,std_gap
5,360000,3609.51927729,3609.033793783,0.33014026769707816,4.4626778838118e-7,4.461246227932883e-7,1436,0,0,2.6002785515320332,0.4900116535479674,Inf,Inf
