seed,dimension,time,fw_time,primal,dual_gap,smallest_dual_gap,iterations,iter_not_converging,fallback_helped,average_iter,std_iter,average_gap,std_gap
4,1000000,3633.108551094,3631.676118607,0.3317396145820066,6.295089441284152e-7,6.236589060444695e-7,439,0,0,2.806378132118451,0.39558678809834413,Inf,Inf
