seed,dimension,time,fw_time,primal,dual_gap,smallest_dual_gap,iterations,iter_not_converging,fallback_helped,average_iter,std_iter,average_gap,std_gap
2,90000,2768.249840254,2768.105540056,0.32649481254223406,9.99627566651215e-8,9.99627566651215e-8,8891,0,0,2.3986899078494504,0.48965588411132094,Inf,Inf
