seed,dimension,time,fw_time,primal,dual_gap,smallest_dual_gap,iterations,iter_not_converging,fallback_helped,average_iter,std_iter,average_gap,std_gap
4,250000,3605.746584389,3605.379011973,0.3296112675536667,3.5685437600263895e-7,3.559292371130979e-7,2477,0,0,2.540169559951554,0.4984844271037478,Inf,Inf
