seed,dimension,time,fw_time,primal,dual_gap,smallest_dual_gap,iterations,iter_not_converging,fallback_helped,average_iter,std_iter,average_gap,std_gap
5,90000,2751.503563893,2751.366942919,0.32792627954016407,9.863921704694051e-8,9.863921704607315e-8,9555,0,0,2.432398882797145,0.4954346374887217,Inf,Inf
