seed,dimension,time,fw_time,primal,dual_gap,smallest_dual_gap,iterations
5,90000,2798.340925088,2798.197221038,0.32792627932981017,9.968214715553453e-8,9.968214715553453e-8,9907
