seed,dimension,time,fw_time,primal,dual_gap,smallest_dual_gap,iterations
1,10000,109.638979403,109.60774035,0.3182694597316955,9.80436911310334e-8,9.80436911310334e-8,11363
