seed,dimension,time,fw_time,primal,dual_gap,smallest_dual_gap,iterations,iter_not_converging,fallback_helped,average_iter,std_iter,average_gap,std_gap
3,40000,956.118501625,956.052021273,0.325553540129831,9.993987225634382e-8,9.993987225634382e-8,11391,0,0,2.5004307374224672,0.5000213527199799,Inf,Inf
