seed,dimension,time,fw_time,primal,dual_gap,smallest_dual_gap,iterations,iter_not_converging,fallback_helped,average_iter,std_iter,average_gap,std_gap
5,1000000,3627.189757191,3625.942205505,0.3311030694465239,6.489119716971727e-7,6.474004543980446e-7,429,0,0,2.797202797202797,0.4025521483506081,Inf,Inf
