seed,dimension,time,fw_time,primal,dual_gap,smallest_dual_gap,iterations,iter_not_converging,fallback_helped,average_iter,std_iter,average_gap,std_gap
3,360000,3609.628069854,3609.470038197,0.330439320916433,4.2337785013989507e-7,4.18072380453053e-7,1432,0,0,2.613826815642458,0.48704117367727623,Inf,Inf
