seed,dimension,time,fw_time,primal,dual_gap,smallest_dual_gap,iterations,iter_not_converging,fallback_helped,average_iter,std_iter,average_gap,std_gap
5,640000,3619.162160039,3618.508098736,0.33077950985931365,4.369426952945815e-7,4.302200344833036e-7,811,0,0,2.659679408138101,0.47410932302623005,Inf,Inf
