seed,dimension,time,fw_time,primal,dual_gap,smallest_dual_gap,iterations
1,640000,3616.411879843,3615.752528405,0.33102971708775547,5.236941290993544e-7,5.238930264900993e-7,782
