seed,dimension,time,fw_time,primal,dual_gap,smallest_dual_gap,iterations,iter_not_converging,fallback_helped,average_iter,std_iter,average_gap,std_gap
5,810000,3626.848799144,3625.978731626,0.33094213170603676,5.430615156796874e-7,5.380022104501531e-7,580,1,1,2.728187919463087,0.4452672560752778,0.0004058674671099544,1.0
