seed,dimension,time,fw_time,primal,dual_gap,smallest_dual_gap,iterations,iter_not_converging,fallback_helped,average_iter,std_iter,average_gap,std_gap
3,160000,3602.965438942,3602.680241855,0.329529658742416,3.143481686071828e-7,3.1457110043122544e-7,4109,0,0,2.501581893404721,0.5000583504639841,Inf,Inf
