seed,dimension,time,fw_time,primal,dual_gap,smallest_dual_gap,iterations,iter_not_converging,fallback_helped,average_iter,std_iter,average_gap,std_gap
1,160000,3604.123949184,3603.817120059,0.3286832539042487,2.947468651778515e-7,2.9550767212567497e-7,4380,0,0,2.5207762557077626,0.4996251988094281,Inf,Inf
