seed,dimension,time,fw_time,primal,dual_gap,smallest_dual_gap,iterations,iter_not_converging,fallback_helped,average_iter,std_iter,average_gap,std_gap
3,10000,111.748495517,111.735347834,0.31836327665206876,9.723609971021285e-8,9.723609971715175e-8,10961,0,0,2.693614915030523,0.4610106260476874,Inf,Inf
