seed,dimension,time,fw_time,primal,dual_gap,smallest_dual_gap,iterations,iter_not_converging,fallback_helped,average_iter,std_iter,average_gap,std_gap
5,810000,3628.735756801,3627.835174443,0.33094213150627916,5.57590011565634e-7,5.580412727637478e-7,595,0,0,2.7142857142857144,0.45213405581221644,Inf,Inf
