seed,dimension,time,fw_time,primal,dual_gap,iterations
4,1000000,3630.112587105,3628.985561193,0.3317396130678927,5.82288417706224e-7,499
