seed,dimension,time,fw_time,primal,dual_gap,smallest_dual_gap,iterations,iter_not_converging,fallback_helped,average_iter,std_iter,average_gap,std_gap
2,490000,3613.044704763,3612.529063648,0.3306004222533698,5.174255967702913e-7,5.160034388120537e-7,1033,0,0,2.640566037735849,0.48006104071407535,Inf,Inf
