seed,dimension,time,fw_time,primal,dual_gap,smallest_dual_gap,iterations,iter_not_converging,fallback_helped,average_iter,std_iter,average_gap,std_gap
5,250000,3604.836851826,3604.430771405,0.3297996727817419,4.41505621093935e-7,4.468238224307128e-7,2103,0,0,2.57584403233476,0.49433175147368014,Inf,Inf
