seed,dimension,time,fw_time,primal,dual_gap,smallest_dual_gap,iterations,iter_not_converging,fallback_helped,average_iter,std_iter,average_gap,std_gap
4,160000,3602.322091041,3602.272676649,0.32853834809814314,3.249616171013825e-7,3.2573344288001904e-7,4665,0,0,2.482958199356913,0.4997630606798433,Inf,Inf
