seed,dimension,time,fw_time,primal,dual_gap,smallest_dual_gap,iterations,iter_not_converging,fallback_helped,average_iter,std_iter,average_gap,std_gap
2,490000,3615.449181129,3615.141666531,0.3306004238866413,5.081185329306251e-7,5.004464909631919e-7,895,0,0,2.6983240223463687,0.4592420148738716,Inf,Inf
