seed,dimension,time,fw_time,primal,dual_gap,smallest_dual_gap,iterations,iter_not_converging,fallback_helped,average_iter,std_iter,average_gap,std_gap
1,810000,3621.893361436,3621.031395243,0.3312194822972386,5.603597851787899e-7,5.613907462518122e-7,644,0,0,2.7080745341614905,0.4550016020725478,Inf,Inf
