seed,dimension,time,fw_time,primal,dual_gap,smallest_dual_gap,iterations,iter_not_converging,fallback_helped,average_iter,std_iter,average_gap,std_gap
3,640000,3619.401577231,3618.747624944,0.33119397760694724,5.216658504566575e-7,5.206068229807008e-7,741,0,0,2.6761133603238867,0.46827343374752,Inf,Inf
