seed,dimension,time,fw_time,primal,dual_gap,smallest_dual_gap,iterations,iter_not_converging,fallback_helped,average_iter,std_iter,average_gap,std_gap
3,490000,3612.681906772,3612.089057599,0.33081651577762095,3.956139453011043e-7,3.920235743279203e-7,1152,0,0,2.6137152777777777,0.4871086155172484,Inf,Inf
