seed,dimension,time,fw_time,primal,dual_gap,iterations
5,10000,115.939351323,115.927789427,0.31698352307769523,9.649968870165115e-8,12515
