seed,dimension,time,fw_time,primal,dual_gap,smallest_dual_gap,iterations,iter_not_converging,fallback_helped,average_iter,std_iter,average_gap,std_gap
2,490000,3612.503092049,3611.987079886,0.330600422282215,5.187931163227501e-7,5.16139654357841e-7,1029,0,0,2.6345966958211857,0.48177722788052885,Inf,Inf
