seed,dimension,time,fw_time,primal,dual_gap,smallest_dual_gap,iterations,iter_not_converging,fallback_helped,average_iter,std_iter,average_gap,std_gap
3,810000,3623.206215233,3622.211072995,0.33138757076030584,6.091714615883564e-7,6.065417736973028e-7,601,0,0,2.7054908485856903,0.4562014909366021,Inf,Inf
