seed,dimension,time,fw_time,primal,dual_gap,smallest_dual_gap,iterations,iter_not_converging,fallback_helped,average_iter,std_iter,average_gap,std_gap
3,810000,3617.726143389,3617.230322379,0.3313875708326498,6.100144781173364e-7,6.101706472006439e-7,610,0,0,2.7147540983606557,0.45190204322892047,Inf,Inf
