seed,dimension,time,fw_time,primal,dual_gap,smallest_dual_gap,iterations,iter_not_converging,fallback_helped,average_iter,std_iter,average_gap,std_gap
2,160000,3602.412500708,3602.153842456,0.32864421520610454,2.733693618582264e-7,2.73476425915499e-7,4868,0,0,2.4497975708502024,0.49752369125414697,Inf,Inf
