seed,dimension,time,fw_time,primal,dual_gap,smallest_dual_gap,iterations
2,490000,3610.923059538,3610.350429369,0.330600422282215,5.187931163227501e-7,5.16139654357841e-7,1029
