seed,dimension,time,fw_time,primal,dual_gap,smallest_dual_gap,iterations,iter_not_converging,fallback_helped,average_iter,std_iter,average_gap,std_gap
4,1000000,3632.086873504,3630.855036701,0.3317396129905549,5.844304843930122e-7,5.805426119285043e-7,500,1,1,2.769980506822612,0.42125579513138306,0.00024939006713412676,1.0
