seed,dimension,time,fw_time,primal,dual_gap,smallest_dual_gap,iterations,iter_not_converging,fallback_helped,average_iter,std_iter,average_gap,std_gap
2,250000,3604.844080606,3604.465060993,0.3294905326779615,3.875152879339802e-7,3.8989374113052727e-7,2397,0,0,2.517730496453901,0.4997897946704428,Inf,Inf
