seed,dimension,time,fw_time,primal,dual_gap,iterations
3,250000,3605.585148229,3605.22498631,0.33016113749722636,3.279392282590221e-7,2446
