seed,dimension,time,fw_time,primal,dual_gap,smallest_dual_gap,iterations,iter_not_converging,fallback_helped,average_iter,std_iter,average_gap,std_gap
5,160000,3602.603941642,3602.333247588,0.32913802877434145,2.874003093072605e-7,2.8636259480959575e-7,4158,0,0,2.477873977873978,0.49957027623823586,Inf,Inf
