seed,dimension,time,fw_time,primal,dual_gap,smallest_dual_gap,iterations,iter_not_converging,fallback_helped,average_iter,std_iter,average_gap,std_gap
1,810000,3623.311941949,3622.391845377,0.3312194827790083,5.064019236201978e-7,4.964899358102411e-7,607,1,1,2.7363344051446945,0.4409746971020752,0.0004353444946467296,1.0
