seed,dimension,time,fw_time,primal,dual_gap,smallest_dual_gap,iterations,iter_not_converging,fallback_helped,average_iter,std_iter,average_gap,std_gap
4,490000,3610.02854984,3609.506196235,0.33030953765942395,4.7664997335824383e-7,4.7554702250736727e-7,1106,0,0,2.616063548102383,0.48655750010154786,Inf,Inf
