seed,dimension,time,fw_time,primal,dual_gap,smallest_dual_gap,iterations
4,90000,2611.865671806,2611.704462915,0.3273190179181212,9.949501420490614e-8,9.949501420490614e-8,8734
