seed,dimension,time,fw_time,primal,dual_gap,smallest_dual_gap,iterations,iter_not_converging,fallback_helped,average_iter,std_iter,average_gap,std_gap
5,810000,3624.923635213,3624.063407695,0.33094213141710804,5.691745618347822e-7,5.66745885258093e-7,603,0,0,2.7081260364842454,0.4550020671363856,Inf,Inf
