seed,dimension,time,fw_time,primal,dual_gap,smallest_dual_gap,iterations
3,640000,3615.252554013,3614.53983787,0.33119397728676114,5.362070791391921e-7,5.341837519957753e-7,775
