seed,dimension,time,fw_time,primal,dual_gap,smallest_dual_gap,iterations,iter_not_converging,fallback_helped,average_iter,std_iter,average_gap,std_gap
4,490000,3609.457574092,3608.944338694,0.33030953706145627,3.8680958892173267e-7,3.802332752215337e-7,1160,0,0,2.614655172413793,0.48688659075772145,Inf,Inf
