seed,dimension,time,fw_time,primal,dual_gap,smallest_dual_gap,iterations
3,160000,3602.711653794,3602.473223308,0.3295296577052139,2.737414834729987e-7,2.73994314697705e-7,4755
