seed,dimension,time,fw_time,primal,dual_gap,smallest_dual_gap,iterations,iter_not_converging,fallback_helped,average_iter,std_iter,average_gap,std_gap
2,250000,3604.559771495,3604.191221285,0.329490532768749,3.5922373485585204e-7,3.576509273843509e-7,2354,0,0,2.540781648258284,0.498439963978732,Inf,Inf
