seed,dimension,time,fw_time,primal,dual_gap,smallest_dual_gap,iterations
2,640000,3612.746499242,3611.846940031,0.33069026211086655,5.127798224616349e-7,5.119681370300937e-7,819
