seed,dimension,time,fw_time,primal,dual_gap,smallest_dual_gap,iterations,iter_not_converging,fallback_helped,average_iter,std_iter,average_gap,std_gap
1,1000000,3625.522585496,3624.318301076,0.3312575115805535,6.722340014418769e-7,6.7158502987095e-7,466,0,0,2.736051502145923,0.4412453899090825,Inf,Inf
