seed,dimension,time,fw_time,primal,dual_gap,smallest_dual_gap,iterations,iter_not_converging,fallback_helped,average_iter,std_iter,average_gap,std_gap
5,10000,95.907750661,95.895242087,0.31698352329193874,9.480815741508275e-8,9.480815741508275e-8,10375,1,1,2.7128143506995106,0.45246836775032195,0.0013956403404695621,1.0
