seed,dimension,time,fw_time,primal,dual_gap,smallest_dual_gap,iterations,iter_not_converging,fallback_helped,average_iter,std_iter,average_gap,std_gap
5,10000,118.363976675,118.350624088,0.3169835233056504,9.461858509196563e-8,9.461858509543508e-8,10537,0,0,2.7082218962988525,0.4546003424756842,Inf,Inf
