seed,dimension,time,fw_time,primal,dual_gap,iterations
2,810000,3626.572370812,3625.695760058,0.3308615631730875,5.476275343179599e-7,586
