seed,dimension,time,fw_time,primal,dual_gap,smallest_dual_gap,iterations,iter_not_converging,fallback_helped,average_iter,std_iter,average_gap,std_gap
2,640000,3616.946744622,3616.187399561,0.330690262883653,5.458760415954014e-7,5.410626683238252e-7,763,1,1,2.662404092071611,0.4731926060183143,0.00033179544309324836,1.0
