seed,dimension,time,fw_time,primal,dual_gap,smallest_dual_gap,iterations,iter_not_converging,fallback_helped,average_iter,std_iter,average_gap,std_gap
4,490000,3612.767195981,3612.242716691,0.3303095376343581,4.7524488505819307e-7,4.7477283505277176e-7,1110,0,0,2.6054054054054054,0.48898375281884404,Inf,Inf
