seed,dimension,time,fw_time,primal,dual_gap,smallest_dual_gap,iterations,iter_not_converging,fallback_helped,average_iter,std_iter,average_gap,std_gap
4,250000,3604.984998179,3604.644232257,0.3296112672638942,3.366237347549039e-7,3.3621056790868187e-7,2565,0,0,2.520857699805068,0.4996621764604468,Inf,Inf
