seed,dimension,time,fw_time,primal,dual_gap,smallest_dual_gap,iterations,iter_not_converging,fallback_helped,average_iter,std_iter,average_gap,std_gap
2,160000,3602.891156651,3602.618363735,0.3286442158294956,2.5412442499796184e-7,2.6909005240455947e-7,4393,0,0,2.4673343956294103,0.4989886141142596,Inf,Inf
