seed,dimension,time,fw_time,primal,dual_gap,smallest_dual_gap,iterations,iter_not_converging,fallback_helped,average_iter,std_iter,average_gap,std_gap
4,640000,3620.388883188,3619.660598003,0.3309701797722015,4.815003516673091e-7,4.744524585696165e-7,807,1,1,2.6739130434782608,0.46906287203224895,0.0003022997341629767,1.0
