seed,dimension,time,fw_time,primal,dual_gap,iterations
4,160000,3602.336010171,3602.088224066,0.3285383475277425,2.536954781251488e-7,4956
