seed,dimension,time,fw_time,primal,dual_gap,smallest_dual_gap,iterations,iter_not_converging,fallback_helped,average_iter,std_iter,average_gap,std_gap
1,160000,3608.03671975,3607.745131015,0.3286832528899728,3.0206570060184457e-7,3.029788974992856e-7,4960,0,0,2.4929381340759895,0.4999998614722645,Inf,Inf
