seed,dimension,time,fw_time,primal,dual_gap,smallest_dual_gap,iterations,iter_not_converging,fallback_helped,average_iter,std_iter,average_gap,std_gap
5,810000,3623.193393469,3622.329306282,0.33094213145006945,5.645917034923995e-7,5.633487654543162e-7,600,0,0,2.7116666666666664,0.4533649617432402,Inf,Inf
