seed,dimension,time,fw_time,primal,dual_gap,smallest_dual_gap,iterations,iter_not_converging,fallback_helped,average_iter,std_iter,average_gap,std_gap
2,160000,3602.607964452,3602.352420602,0.32864421618366735,3.057557461461427e-7,3.051264681665916e-7,4271,0,0,2.4689768204167644,0.49909506603719794,Inf,Inf
