seed,dimension,time,fw_time,primal,dual_gap,smallest_dual_gap,iterations,iter_not_converging,fallback_helped,average_iter,std_iter,average_gap,std_gap
3,490000,3611.407245933,3610.879668936,0.33081651629711706,4.662327892823899e-7,4.6658660969286017e-7,1104,0,0,2.6259057971014492,0.48410743939399237,Inf,Inf
