seed,dimension,time,fw_time,primal,dual_gap,smallest_dual_gap,iterations,iter_not_converging,fallback_helped,average_iter,std_iter,average_gap,std_gap
1,490000,3612.463686227,3611.864504684,0.3304231515465044,5.754230761761438e-7,5.709401138757203e-7,916,0,0,2.658296943231441,0.4745396886456765,Inf,Inf
