seed,dimension,time,fw_time,primal,dual_gap,smallest_dual_gap,iterations
3,810000,3620.051646404,3619.230476062,0.3313875702400196,5.480644372337154e-7,5.403931012089649e-7,628
