seed,dimension,time,fw_time,primal,dual_gap,smallest_dual_gap,iterations
3,1000000,3625.809870705,3624.658538366,0.33131923779094097,5.921825980265399e-7,5.930475600430477e-7,513
