seed,dimension,time,fw_time,primal,dual_gap,smallest_dual_gap,iterations,iter_not_converging,fallback_helped,average_iter,std_iter,average_gap,std_gap
2,810000,3625.644531384,3624.819569848,0.33086156310118664,5.569251747810505e-7,5.552272050652653e-7,591,0,0,2.7021996615905244,0.45767863131154307,Inf,Inf
