seed,dimension,time,fw_time,primal,dual_gap,smallest_dual_gap,iterations,iter_not_converging,fallback_helped,average_iter,std_iter,average_gap,std_gap
1,160000,3603.383391668,3603.312414481,0.32868325330548137,3.048738482121227e-7,3.03837407154145e-7,4771,0,0,2.513728778033955,0.499863873511251,Inf,Inf
