seed,dimension,time,fw_time,primal,dual_gap,smallest_dual_gap,iterations
5,640000,3613.119741765,3612.460327296,0.33077950959840763,4.919437137504076e-7,4.907851456478415e-7,846
