seed,dimension,time,fw_time,primal,dual_gap,smallest_dual_gap,iterations,iter_not_converging,fallback_helped,average_iter,std_iter,average_gap,std_gap
5,90000,3338.6538186,3338.486788678,0.32792627941150343,9.957119735497233e-8,9.957119735497233e-8,9834,0,0,2.4156412081765484,0.4928572791571925,Inf,Inf
