seed,dimension,time,fw_time,primal,dual_gap,iterations
4,10000,110.62816888,110.616418983,0.31569086059836576,9.841766028181875e-8,11769
