seed,dimension,time,fw_time,primal,dual_gap,smallest_dual_gap,iterations,iter_not_converging,fallback_helped,average_iter,std_iter,average_gap,std_gap
1,640000,3623.431047667,3622.660502344,0.3310297172649125,4.545494892149726e-7,4.7119680140822115e-7,761,0,0,2.6875800256081948,0.463777032868055,Inf,Inf
