seed,dimension,time,fw_time,primal,dual_gap,smallest_dual_gap,iterations,iter_not_converging,fallback_helped,average_iter,std_iter,average_gap,std_gap
2,10000,131.766188108,131.752802847,0.3209859316571328,9.840162141713793e-8,9.840162141713793e-8,11825,0,0,2.6419993234100136,0.47943261455960434,Inf,Inf
