seed,dimension,time,fw_time,primal,dual_gap,smallest_dual_gap,iterations,iter_not_converging,fallback_helped,average_iter,std_iter,average_gap,std_gap
2,40000,1014.268773167,1014.205781952,0.3240959875482197,9.769305755157054e-8,9.769305755157054e-8,11690,0,0,2.453965053763441,0.4978971869703021,Inf,Inf
