seed,dimension,time,fw_time,primal,dual_gap,smallest_dual_gap,iterations,iter_not_converging,fallback_helped,average_iter,std_iter,average_gap,std_gap
2,810000,3623.250244585,3622.331564762,0.3308615634017682,5.033071808443514e-7,5.269250329459005e-7,566,0,0,2.7228915662650603,0.4479561673613003,Inf,Inf
