seed,dimension,time,fw_time,primal,dual_gap,smallest_dual_gap,iterations,iter_not_converging,fallback_helped,average_iter,std_iter,average_gap,std_gap
4,360000,3608.622132277,3608.455654488,0.3303796474690054,4.374771836066979e-7,4.385117466838319e-7,1464,0,0,2.6045081967213113,0.4891231471839869,Inf,Inf
