seed,dimension,time,fw_time,primal,dual_gap,iterations
2,490000,3610.608258521,3609.852091664,0.33060042231171,5.150764771687591e-7,1025
