seed,dimension,time,fw_time,primal,dual_gap,smallest_dual_gap,iterations,iter_not_converging,fallback_helped,average_iter,std_iter,average_gap,std_gap
1,360000,3609.272882305,3608.774493246,0.32979902393173827,4.311468326688092e-7,4.2891094194147036e-7,1368,0,0,2.6016081871345027,0.4897459607420299,Inf,Inf
