seed,dimension,time,fw_time,primal,dual_gap,smallest_dual_gap,iterations,iter_not_converging,fallback_helped,average_iter,std_iter,average_gap,std_gap
1,640000,3624.466403392,3623.99468319,0.3310297185770467,5.593590391866389e-7,5.565291487153769e-7,693,0,0,2.70995670995671,0.4541098430648149,Inf,Inf
