seed,dimension,time,fw_time,primal,dual_gap,smallest_dual_gap,iterations,iter_not_converging,fallback_helped,average_iter,std_iter,average_gap,std_gap
2,160000,3602.515235215,3602.462544177,0.3286442155988544,2.861308263562082e-7,2.87448611946059e-7,4689,0,0,2.4585199402857754,0.49832957495011504,Inf,Inf
