seed,dimension,time,fw_time,primal,dual_gap,smallest_dual_gap,iterations,iter_not_converging,fallback_helped,average_iter,std_iter,average_gap,std_gap
4,90000,2610.186865848,2610.025487162,0.3273190179181212,9.949501420490614e-8,9.949501420490614e-8,8734,1,1,2.388914027149321,0.4875313264624441,0.0007189688328418993,1.0
