seed,dimension,time,fw_time,primal,dual_gap,iterations
4,360000,3606.832409527,3606.390361115,0.3303796464111701,4.1756331920503667e-7,1631
