seed,dimension,time,fw_time,primal,dual_gap,smallest_dual_gap,iterations,iter_not_converging,fallback_helped,average_iter,std_iter,average_gap,std_gap
1,160000,3604.042754353,3603.968351102,0.32868325396855014,2.923688169299485e-7,2.9054855906103516e-7,4403,0,0,2.53713377242789,0.4986758085816128,Inf,Inf
