seed,dimension,time,fw_time,primal,dual_gap,smallest_dual_gap,iterations,iter_not_converging,fallback_helped,average_iter,std_iter,average_gap,std_gap
2,40000,927.936202808,927.874472264,0.3240959878455713,9.889339471283454e-8,9.889339471283454e-8,10917,0,0,2.4835638584515896,0.49975222335447844,Inf,Inf
