seed,dimension,time,fw_time,primal,dual_gap,smallest_dual_gap,iterations,iter_not_converging,fallback_helped,average_iter,std_iter,average_gap,std_gap
5,160000,3602.906194884,3602.630242986,0.3291380286568086,2.8699172788162336e-7,2.8756966694628433e-7,4186,0,0,2.4854276158623985,0.4998473087206434,Inf,Inf
