seed,dimension,time,fw_time,primal,dual_gap,smallest_dual_gap,iterations,iter_not_converging,fallback_helped,average_iter,std_iter,average_gap,std_gap
1,1000000,3636.423807925,3635.256969136,0.3312575112402697,6.23279864464879e-7,6.160065532392293e-7,476,0,0,2.73109243697479,0.44385827973582814,Inf,Inf
