seed,dimension,time,fw_time,primal,dual_gap,smallest_dual_gap,iterations,iter_not_converging,fallback_helped,average_iter,std_iter,average_gap,std_gap
3,1000000,3620.860350458,3619.707274871,0.3313192378034248,5.930475600423972e-7,5.910262762371353e-7,512,1,1,2.736641221374046,0.44087625364922406,0.0002749252975408589,1.0
