seed,dimension,time,fw_time,primal,dual_gap,smallest_dual_gap,iterations,iter_not_converging,fallback_helped,average_iter,std_iter,average_gap,std_gap
3,160000,3602.707153666,3602.467455969,0.3295296577143704,2.782860424087666e-7,2.7969419554973313e-7,4748,1,1,2.4652128764278296,0.4988401913627578,0.0006167761441470763,1.0
