seed,dimension,time,fw_time,primal,dual_gap,smallest_dual_gap,iterations,iter_not_converging,fallback_helped,average_iter,std_iter,average_gap,std_gap
2,1000000,3627.551275953,3626.326481863,0.33085093531088017,5.975790011434386e-7,6.240862903768209e-7,464,0,0,2.7456896551724137,0.4359428582008145,Inf,Inf
