seed,dimension,time,fw_time,primal,dual_gap,iterations
3,490000,3610.802273464,3610.22430711,0.3308165157991704,3.740544084426291e-7,1146
