seed,dimension,time,fw_time,primal,dual_gap,smallest_dual_gap,iterations,iter_not_converging,fallback_helped,average_iter,std_iter,average_gap,std_gap
3,1000000,3636.928095957,3635.711298404,0.33131923811110303,5.642215780811768e-7,5.576450813722048e-7,491,0,0,2.75152749490835,0.43256792407246825,Inf,Inf
