seed,dimension,time,fw_time,primal,dual_gap,smallest_dual_gap,iterations,iter_not_converging,fallback_helped,average_iter,std_iter,average_gap,std_gap
3,1000000,3630.992037259,3629.675015128,0.33131923895744275,6.088310499242217e-7,6.038391933587458e-7,459,0,0,2.775599128540305,0.41764234881968465,Inf,Inf
