seed,dimension,time,fw_time,primal,dual_gap,iterations
1,40000,1576.178070629,1576.094363361,0.32588734872085107,1.0022615302973659e-7,18840
