seed,dimension,time,fw_time,primal,dual_gap,smallest_dual_gap,iterations,iter_not_converging,fallback_helped,average_iter,std_iter,average_gap,std_gap
3,640000,3619.77655736,3619.285779177,0.3311939779513515,5.136214056224338e-7,5.102154377492445e-7,736,0,0,2.7105978260869565,0.45379328950603715,Inf,Inf
