seed,dimension,time,fw_time,primal,dual_gap,smallest_dual_gap,iterations,iter_not_converging,fallback_helped,average_iter,std_iter,average_gap,std_gap
4,90000,3073.557931965,3073.388818214,0.3273190180314985,9.967271912166009e-8,9.967271912166009e-8,8514,0,0,2.392223657934923,0.4882747850961845,Inf,Inf
