seed,dimension,time,fw_time,primal,dual_gap,smallest_dual_gap,iterations,iter_not_converging,fallback_helped,average_iter,std_iter,average_gap,std_gap
1,90000,2934.074052529,2933.909825339,0.327603250591658,9.941978835418391e-8,9.941978835418391e-8,9551,1,1,2.39536327882426,0.4889538838343008,0.0011427521326751032,1.0
