seed,dimension,time,fw_time,primal,dual_gap,smallest_dual_gap,iterations,iter_not_converging,fallback_helped,average_iter,std_iter,average_gap,std_gap
3,360000,3610.029246732,3609.551454575,0.33043932081715877,4.666191420954133e-7,4.659266634706241e-7,1423,0,0,2.599437807449051,0.49018463630498554,Inf,Inf
