seed,dimension,time,fw_time,primal,dual_gap,smallest_dual_gap,iterations,iter_not_converging,fallback_helped,average_iter,std_iter,average_gap,std_gap
4,640000,3621.221148685,3620.428760148,0.33097018106986004,5.323199885063148e-7,5.610266851402597e-7,712,0,0,2.7148876404494384,0.4517853177039705,Inf,Inf
