seed,dimension,time,fw_time,primal,dual_gap,smallest_dual_gap,iterations,iter_not_converging,fallback_helped,average_iter,std_iter,average_gap,std_gap
4,40000,1259.170588593,1259.094680345,0.3247409559032948,9.996861487573949e-8,9.996861487920894e-8,12852,0,0,2.4887557388530075,0.49989300055611996,Inf,Inf
