seed,dimension,time,fw_time,primal,dual_gap,smallest_dual_gap,iterations,iter_not_converging,fallback_helped,average_iter,std_iter,average_gap,std_gap
5,160000,3602.851658179,3602.57677445,0.3291380279358589,2.1172955624350343e-7,2.0981372962376038e-7,4690,0,0,2.45181236673774,0.49772560016633266,Inf,Inf
