seed,dimension,time,fw_time,primal,dual_gap,smallest_dual_gap,iterations,iter_not_converging,fallback_helped,average_iter,std_iter,average_gap,std_gap
4,160000,3602.091390596,3601.820717762,0.3285383484450525,3.266396994862364e-7,3.252215983505849e-7,4423,0,0,2.5001130454442686,0.5000565195276775,Inf,Inf
