seed,dimension,time,fw_time,primal,dual_gap,smallest_dual_gap,iterations,iter_not_converging,fallback_helped,average_iter,std_iter,average_gap,std_gap
2,250000,3605.093436283,3604.720064361,0.329490532431074,3.1590414971459715e-7,3.1317499652946945e-7,2453,0,0,2.516510395434162,0.4998292240920804,Inf,Inf
