seed,dimension,time,fw_time,primal,dual_gap,smallest_dual_gap,iterations,iter_not_converging,fallback_helped,average_iter,std_iter,average_gap,std_gap
1,640000,3616.912953979,3616.25419507,0.3310297171052776,5.235632846750833e-7,5.23060210019799e-7,780,0,0,2.6628205128205127,0.47305007492998485,Inf,Inf
