seed,dimension,time,fw_time,primal,dual_gap,smallest_dual_gap,iterations
3,360000,3608.157211315,3607.684082133,0.330439319609856,3.4404576470560555e-7,3.599735419078029e-7,1608
