seed,dimension,time,fw_time,primal,dual_gap,iterations
4,490000,3612.433586073,3611.850466078,0.3303095371384584,3.916013971341087e-7,1153
