seed,dimension,time,fw_time,primal,dual_gap,smallest_dual_gap,iterations,iter_not_converging,fallback_helped,average_iter,std_iter,average_gap,std_gap
1,1000000,3632.064739861,3630.799424555,0.33125751066974496,5.536985325765419e-7,5.77587033972083e-7,490,0,0,2.7285714285714286,0.44515110827948523,Inf,Inf
