seed,dimension,time,fw_time,primal,dual_gap,iterations
2,1000000,3622.532379199,3621.438612123,0.33085093447353864,6.073875247127481e-7,502
