seed,dimension,time,fw_time,primal,dual_gap,smallest_dual_gap,iterations,iter_not_converging,fallback_helped,average_iter,std_iter,average_gap,std_gap
5,10000,103.574777772,103.562332953,0.316983523269724,9.931847589142451e-8,9.931847589142451e-8,10593,0,0,2.6984677897231863,0.4589426616261709,Inf,Inf
