seed,dimension,time,fw_time,primal,dual_gap,smallest_dual_gap,iterations,iter_not_converging,fallback_helped,average_iter,std_iter,average_gap,std_gap
4,640000,3616.457179846,3615.734994075,0.3309701797782914,4.744524585704839e-7,4.930303721326079e-7,806,0,0,2.666253101736973,0.4718433316777429,Inf,Inf
