seed,dimension,time,fw_time,primal,dual_gap,smallest_dual_gap,iterations,iter_not_converging,fallback_helped,average_iter,std_iter,average_gap,std_gap
2,250000,3603.912150473,3603.547972422,0.32949053271933004,3.649011212345822e-7,3.683654022654595e-7,2373,0,0,2.538558786346397,0.49861607423062193,Inf,Inf
