seed,dimension,time,fw_time,primal,dual_gap,smallest_dual_gap,iterations,iter_not_converging,fallback_helped,average_iter,std_iter,average_gap,std_gap
3,810000,3618.903546056,3617.996677335,0.3313875702497136,5.403931012085313e-7,5.708564452715573e-7,627,1,1,2.698289269051322,0.45935773630172355,0.0002776138833652224,1.0
