seed,dimension,time,fw_time,primal,dual_gap,smallest_dual_gap,iterations,iter_not_converging,fallback_helped,average_iter,std_iter,average_gap,std_gap
2,40000,1098.571685986,1098.502769676,0.3240959877964259,9.842164928018649e-8,9.842164928018649e-8,11047,0,0,2.466232120224516,0.4988810095937206,Inf,Inf
