seed,dimension,time,fw_time,primal,dual_gap,smallest_dual_gap,iterations,iter_not_converging,fallback_helped,average_iter,std_iter,average_gap,std_gap
5,810000,3619.782795382,3618.920180817,0.33094213146160756,5.633487654538825e-7,5.626417938155333e-7,599,0,0,2.71869918699187,0.44999992643791215,Inf,Inf
