seed,dimension,time,fw_time,primal,dual_gap,smallest_dual_gap,iterations,iter_not_converging,fallback_helped,average_iter,std_iter,average_gap,std_gap
4,250000,3604.942110244,3604.634024428,0.32961126723516815,3.360260027568916e-7,3.362947002638443e-7,2600,1,1,2.5335595776772246,0.4989665659585282,0.0006956240696995498,1.0
