seed,dimension,time,fw_time,primal,dual_gap,smallest_dual_gap,iterations,iter_not_converging,fallback_helped,average_iter,std_iter,average_gap,std_gap
5,160000,3602.515523685,3602.465495597,0.32913802840777096,2.4883306241202385e-7,2.4496052234822957e-7,4397,0,0,2.4830566295201275,0.49976967372397596,Inf,Inf
