seed,dimension,time,fw_time,primal,dual_gap,smallest_dual_gap,iterations,iter_not_converging,fallback_helped,average_iter,std_iter,average_gap,std_gap
1,10000,107.900113812,107.867685735,0.3182694597190174,9.799043202210478e-8,9.799043202210478e-8,11337,0,0,2.649788285109386,0.47705717248699314,Inf,Inf
