seed,dimension,time,fw_time,primal,dual_gap,smallest_dual_gap,iterations,iter_not_converging,fallback_helped,average_iter,std_iter,average_gap,std_gap
4,40000,1011.057478308,1010.994967379,0.32474095598813535,9.846446150790777e-8,9.846446150790777e-8,12599,0,0,2.4923003651373232,0.4999605553559497,Inf,Inf
