seed,dimension,time,fw_time,primal,dual_gap,smallest_dual_gap,iterations,iter_not_converging,fallback_helped,average_iter,std_iter,average_gap,std_gap
4,40000,1049.02609187,1048.964659891,0.32474095585237245,9.864474708777549e-8,9.864474709297966e-8,12951,1,1,2.4864926392472304,0.49983648307370493,0.0011176885638530683,1.0
