seed,dimension,time,fw_time,primal,dual_gap,smallest_dual_gap,iterations,iter_not_converging,fallback_helped,average_iter,std_iter,average_gap,std_gap
4,160000,3602.069800427,3601.823284056,0.328538347557083,2.706445701335103e-7,2.681885137179735e-7,4939,1,1,2.475743661409463,0.49946114231235467,0.00043967433584996327,1.0
