seed,dimension,time,fw_time,primal,dual_gap,smallest_dual_gap,iterations
4,360000,3607.445225894,3607.00615968,0.3303796464067164,4.1751916576154846e-7,4.1756331920590403e-7,1632
