seed,dimension,time,fw_time,primal,dual_gap,smallest_dual_gap,iterations,iter_not_converging,fallback_helped,average_iter,std_iter,average_gap,std_gap
3,360000,3607.307165675,3606.841002017,0.33043931966254375,3.4261412783405387e-7,3.363777843577026e-7,1604,1,1,2.5822168087697928,0.4933443252823391,0.0005962798254736408,1.0
