seed,dimension,time,fw_time,primal,dual_gap,smallest_dual_gap,iterations
4,10000,87.480966004,87.467820589,0.3156908608461203,9.958088337605475e-8,9.95808833725853e-8,9472
