seed,dimension,time,fw_time,primal,dual_gap,smallest_dual_gap,iterations,iter_not_converging,fallback_helped,average_iter,std_iter,average_gap,std_gap
1,490000,3616.460074536,3615.842685216,0.33042315088752683,5.100402737565589e-7,5.041310511019574e-7,976,1,1,2.6387225548902196,0.4806106306481033,0.000371062543939237,1.0
