seed,dimension,time,fw_time,primal,dual_gap,smallest_dual_gap,iterations,iter_not_converging,fallback_helped,average_iter,std_iter,average_gap,std_gap
1,360000,3609.33477958,3608.81534502,0.329799022971767,4.3025323903005466e-7,4.280347134775521e-7,1509,0,0,2.5805168986083498,0.4936380379179662,Inf,Inf
