seed,dimension,time,fw_time,primal,dual_gap,iterations
3,640000,3618.52018529,3617.837865886,0.33119397731769457,5.402402327206977e-7,773
