seed,dimension,time,fw_time,primal,dual_gap,smallest_dual_gap,iterations,iter_not_converging,fallback_helped,average_iter,std_iter,average_gap,std_gap
3,250000,3605.674132435,3605.312953024,0.33016113749098486,3.3238263773922513e-7,3.31655905814153e-7,2449,0,0,2.542834267413931,0.4982615888142985,Inf,Inf
