seed,dimension,time,fw_time,primal,dual_gap,smallest_dual_gap,iterations,iter_not_converging,fallback_helped,average_iter,std_iter,average_gap,std_gap
3,90000,2971.366135469,2971.330544404,0.3278237725338361,1.0778636496105304e-7,9.937169056801337e-8,9494,0,0,2.4340636191278704,0.4956594303466941,Inf,Inf
