seed,dimension,time,fw_time,primal,dual_gap,smallest_dual_gap,iterations,iter_not_converging,fallback_helped,average_iter,std_iter,average_gap,std_gap
1,160000,3603.374612085,3603.08091989,0.3286832538028392,3.189975751934776e-7,3.203909014889636e-7,4443,0,0,2.5057393652937203,0.5000233326804873,Inf,Inf
