seed,dimension,time,fw_time,primal,dual_gap,smallest_dual_gap,iterations,iter_not_converging,fallback_helped,average_iter,std_iter,average_gap,std_gap
3,160000,3602.425489278,3602.184610704,0.3295296577016968,2.740821690942058e-7,2.7577399626214916e-7,4758,0,0,2.4644559585492227,0.498786711365846,Inf,Inf
