seed,dimension,time,fw_time,primal,dual_gap,smallest_dual_gap,iterations,iter_not_converging,fallback_helped,average_iter,std_iter,average_gap,std_gap
2,90000,3187.066332306,3186.909614595,0.3264948125361072,9.92239120867211e-8,9.92239120867211e-8,8927,0,0,2.3925610575845844,0.4883478181682078,Inf,Inf
