seed,dimension,time,fw_time,primal,dual_gap,smallest_dual_gap,iterations,iter_not_converging,fallback_helped,average_iter,std_iter,average_gap,std_gap
4,1000000,3626.543905585,3625.790805132,0.3317396141902654,5.999140384284948e-7,5.971346468604689e-7,461,0,0,2.804772234273319,0.39680654876202837,Inf,Inf
