seed,dimension,time,fw_time,primal,dual_gap,smallest_dual_gap,iterations
2,1000000,3623.592726937,3622.526686914,0.3308509344327067,6.110328388943351e-7,6.096545441685881e-7,504
