seed,dimension,time,fw_time,primal,dual_gap,iterations
1,490000,3613.319977132,3612.475190109,0.3304231501093034,4.2793988475411937e-7,1035
