seed,dimension,time,fw_time,primal,dual_gap,smallest_dual_gap,iterations,iter_not_converging,fallback_helped,average_iter,std_iter,average_gap,std_gap
5,90000,2768.632932661,2768.487033963,0.32792627938793706,9.969278913241758e-8,9.969278913241758e-8,9873,1,1,2.420504605526632,0.4936647465896747,0.0007682673921634829,1.0
