seed,dimension,time,fw_time,primal,dual_gap,smallest_dual_gap,iterations,iter_not_converging,fallback_helped,average_iter,std_iter,average_gap,std_gap
4,1000000,3627.551829842,3626.382535357,0.3317396134380848,6.053269790242451e-7,6.005132120428646e-7,487,0,0,2.7715430861723447,0.4202597968336171,Inf,Inf
