seed,dimension,time,fw_time,primal,dual_gap,smallest_dual_gap,iterations,iter_not_converging,fallback_helped,average_iter,std_iter,average_gap,std_gap
4,1000000,3635.646295267,3634.233764328,0.3317396142387334,5.746284718504465e-7,5.98822677182545e-7,446,0,0,2.807174887892377,0.3949599335638666,Inf,Inf
