seed,dimension,time,fw_time,primal,dual_gap,iterations
1,10000,135.819944412,135.788624083,0.31826945944286106,1.0019013685011458e-7,14084
