seed,dimension,time,fw_time,primal,dual_gap,smallest_dual_gap,iterations,iter_not_converging,fallback_helped,average_iter,std_iter,average_gap,std_gap
3,160000,3602.535707368,3602.480442401,0.3295296579320189,2.3569491421505245e-7,2.3424237654157826e-7,4639,0,0,2.4716533735718906,0.4992496350172275,Inf,Inf
