seed,dimension,time,fw_time,primal,dual_gap,iterations
3,810000,3620.630201649,3619.801248419,0.331387570344348,5.615963248467581e-7,624
