seed,dimension,time,fw_time,primal,dual_gap,smallest_dual_gap,iterations,iter_not_converging,fallback_helped,average_iter,std_iter,average_gap,std_gap
2,160000,3602.382655648,3602.331422427,0.3286442155282737,2.859447702447185e-7,2.865057623811437e-7,4742,0,0,2.454027836355968,0.49793457992169743,Inf,Inf
