seed,dimension,time,fw_time,primal,dual_gap,smallest_dual_gap,iterations,iter_not_converging,fallback_helped,average_iter,std_iter,average_gap,std_gap
2,360000,3608.388772059,3607.939763874,0.33044848883643946,4.4632180400605223e-7,4.4364400280652236e-7,1415,1,1,2.6027586206896554,0.48949556824352286,0.00041583475176065374,1.0
