seed,dimension,time,fw_time,primal,dual_gap,smallest_dual_gap,iterations,iter_not_converging,fallback_helped,average_iter,std_iter,average_gap,std_gap
5,490000,3612.051899803,3611.487359855,0.33061544127547177,5.809796328215024e-7,5.812709638402733e-7,925,0,0,2.6421621621621623,0.4796234043899548,Inf,Inf
