seed,dimension,time,fw_time,primal,dual_gap,smallest_dual_gap,iterations,iter_not_converging,fallback_helped,average_iter,std_iter,average_gap,std_gap
4,250000,3603.987925233,3603.679426143,0.3296112672301897,3.349949246576889e-7,3.350744351474609e-7,2602,0,0,2.533157498116051,0.4989933855837259,Inf,Inf
